file_id,split,transcript,corpus,match_ratio,template
clip_05923,train,say the word choice,TESS,1.0,say the word
clip_08140,train,its 11 oclock,CREMA-D,1.0,its 11 oclock
clip_05930,train,say the word well,TESS,1.0,say the word
clip_02000,train,say the word shirt,TESS,1.0,say the word
clip_01726,train,say the word get,TESS,1.0,say the word
clip_10190,train,say the word bye,TESS,1.0,say the word
clip_08546,train,say the word death,TESS,1.0,say the word
clip_07399,train,say the word time,TESS,1.0,say the word
clip_00019,train,say the word boat,TESS,1.0,say the word
clip_03131,train,say the word both,TESS,1.0,say the word
clip_03824,train,say the word chalk,TESS,1.0,say the word
clip_09384,train,11 oclock,CREMA-D,0.8182,its 11 oclock
clip_10414,train,im on my way to the meeting,CREMA-D,1.0,im on my way to the meeting
clip_10382,train,its 11 oclock,CREMA-D,1.0,its 11 oclock
clip_01648,train,say the word tip,TESS,1.0,say the word
clip_04547,train,say the word hit,TESS,1.0,say the word
clip_08784,train,say the word fall,TESS,1.0,say the word
clip_06629,train,say the word wheat,TESS,1.0,say the word
clip_02256,train,dont forget to check it,CREMA-D,0.7442,dont forget a jacket
clip_03147,train,well stop in a couple of minutes,CREMA-D,1.0,well stop in a couple of minutes
clip_00316,train,dont give a jacket,CREMA-D,0.8421,dont forget a jacket
clip_03548,train,say the word rot,TESS,1.0,say the word
clip_02896,train,say the word sub,TESS,1.0,say the word
clip_03057,train,say the word pool,TESS,1.0,say the word
clip_03804,train,say the word third,TESS,1.0,say the word
clip_03278,train,say the word hurl,TESS,1.0,say the word
clip_02562,train,say the word bone,TESS,1.0,say the word
clip_07610,train,say the word mood,TESS,1.0,say the word
clip_06922,train,say the word mop,TESS,1.0,say the word
clip_08885,train,say the word hall,TESS,1.0,say the word
clip_01181,train,say the word hurl,TESS,1.0,say the word
clip_09097,train,say the word youre in,TESS,1.0,say the word
clip_01788,train,say the word being,TESS,1.0,say the word
clip_01051,train,say the word chalk,TESS,1.0,say the word
clip_00003,train,say the word dip,TESS,1.0,say the word
clip_06535,train,say the word shout,TESS,1.0,say the word
clip_04507,train,say the word home,TESS,1.0,say the word
clip_03630,test,its 11 oclock,CREMA-D,1.0,its 11 oclock
clip_06301,train,its 11 oclock,CREMA-D,1.0,its 11 oclock
clip_08652,train,say the word bot,TESS,1.0,say the word
clip_06452,train,say the word near,TESS,1.0,say the word
clip_04552,train,say the word lid,TESS,1.0,say the word
clip_09173,train,say the word cell,TESS,1.0,say the word
clip_00738,train,say the word pool,TESS,1.0,say the word
clip_06402,train,say the word judge,TESS,1.0,say the word
clip_10786,train,say the word chain,TESS,1.0,say the word
clip_03866,train,say the word met,TESS,1.0,say the word
clip_00245,train,say the word which,TESS,1.0,say the word
clip_03421,train,say the word kick,TESS,1.0,say the word
clip_04060,train,say the word note,TESS,1.0,say the word
clip_07833,train,say the word fall,TESS,1.0,say the word
clip_01902,train,say the word sure,TESS,1.0,say the word
clip_10336,train,say the word limb,TESS,1.0,say the word
clip_07987,train,say the word bite,TESS,1.0,say the word
clip_08963,train,say the word dip,TESS,1.0,say the word
clip_02539,train,say the word door,TESS,1.0,say the word
clip_06884,train,say the word but,TESS,1.0,say the word
clip_01933,test,its 11 oclock,CREMA-D,1.0,its 11 oclock
clip_08404,train,say the word king,TESS,1.0,say the word
clip_00109,train,say the word mop,TESS,1.0,say the word
clip_01879,train,say the word home,TESS,1.0,say the word
clip_05807,train,say the word chill,TESS,1.0,say the word
clip_07652,train,say the word whole,TESS,1.0,say the word
clip_06570,train,say the word lose,TESS,1.0,say the word
clip_05802,train,say the word chat,TESS,1.0,say the word
clip_08071,train,say the word book,TESS,1.0,say the word
clip_10775,train,say the word check,TESS,1.0,say the word
clip_00946,train,say the word burn,TESS,1.0,say the word
clip_07768,train,say the word red,TESS,1.0,say the word
clip_09676,train,say the word death,TESS,1.0,say the word
clip_03755,train,say the word date,TESS,1.0,say the word
clip_09135,train,say the word cab,TESS,1.0,say the word
clip_10054,train,say the word calm,TESS,1.0,say the word
clip_07974,train,say the word take,TESS,1.0,say the word
clip_01583,train,say the word nag,TESS,1.0,say the word
clip_00841,train,say the word kite,TESS,1.0,say the word
clip_06750,train,say the word thumb,TESS,1.0,say the word
clip_06331,train,say the word limb,TESS,1.0,say the word
clip_04168,train,say the word tough,TESS,1.0,say the word
clip_01461,train,say the word said,TESS,1.0,say the word
clip_10888,train,dont forget to jack it,CREMA-D,0.8571,dont forget a jacket
clip_08468,train,its 11 oclock,CREMA-D,1.0,its 11 oclock
clip_02870,train,the surface is slick,CREMA-D,1.0,the surface is slick
clip_09103,train,its 11 oclock,CREMA-D,1.0,its 11 oclock
clip_01691,train,the airplane is almost full,CREMA-D,1.0,the airplane is almost full
clip_02358,train,say the words such,TESS,1.0,say the word
clip_10733,train,say the word lot,TESS,1.0,say the word
clip_03029,train,say the word jail,TESS,1.0,say the word
clip_04216,train,say the word note,TESS,1.0,say the word
clip_03979,train,say the word mode,TESS,1.0,say the word
clip_02728,train,say the word white,TESS,1.0,say the word
clip_07198,train,say the word fat,TESS,1.0,say the word
clip_03498,train,say the word ghosts,TESS,1.0,say the word
clip_02825,train,say the word dog,TESS,1.0,say the word
clip_10142,train,say the word good,TESS,1.0,say the word
clip_09538,train,say the word puff,TESS,1.0,say the word
clip_08282,train,say the word germ,TESS,1.0,say the word
clip_06237,train,say the word dead,TESS,1.0,say the word
clip_06070,train,say the word met,TESS,1.0,say the word
clip_07192,train,say the word hate,TESS,1.0,say the word
clip_08988,train,say the word cool,TESS,1.0,say the word
clip_10426,train,see the word gap,UNKNOWN,0.4091,kids are talking by the door
clip_06587,train,say the word lean,TESS,1.0,say the word
clip_02048,train,say the words should,TESS,1.0,say the word
clip_01233,train,say the word being,TESS,1.0,say the word
clip_05038,train,say the word fine,TESS,1.0,say the word
clip_00191,train,say the word shaq,TESS,1.0,say the word
clip_09694,train,say the word calm,TESS,1.0,say the word
clip_06684,train,say the word king,TESS,1.0,say the word
clip_02968,train,say the word kite,TESS,1.0,say the word
clip_07735,train,say the word have,TESS,1.0,say the word
clip_02005,train,say the word love,TESS,1.0,say the word
clip_09042,train,say the word good,TESS,1.0,say the word
clip_01950,train,say the word purl,TESS,1.0,say the word
clip_07041,train,say the word long,TESS,1.0,say the word
clip_00227,train,say the word dab,TESS,1.0,say the word
clip_08610,train,say the word hate,TESS,1.0,say the word
clip_02608,train,say the word ton,TESS,1.0,say the word
clip_05426,train,say the word nil,TESS,1.0,say the word
clip_09353,train,say the word door,TESS,1.0,say the word
clip_02133,train,say the word neat,TESS,1.0,say the word
clip_09981,train,say the word kill,TESS,1.0,say the word
clip_05798,train,say the word turn,TESS,1.0,say the word
clip_00052,train,the surface is slick,CREMA-D,1.0,the surface is slick
clip_09742,train,dont forget to jack it,CREMA-D,0.8571,dont forget a jacket
clip_00671,train,this is 11 oclock,CREMA-D,0.8,its 11 oclock
clip_06784,train,its 11 oclock,CREMA-D,1.0,its 11 oclock
clip_03583,train,i think ive seen this before,CREMA-D,1.0,i think ive seen this before
clip_10265,train,its 11 oclock,CREMA-D,1.0,its 11 oclock
clip_03591,train,until 11 oclock,CREMA-D,0.7857,its 11 oclock
clip_08927,train,its 11 oclock,CREMA-D,1.0,its 11 oclock
clip_06036,train,say the word dead,TESS,1.0,say the word
clip_03034,train,say the word hall,TESS,1.0,say the word
clip_07098,train,say the word pan,TESS,1.0,say the word
clip_10553,train,say the word rain,TESS,1.0,say the word
clip_08258,train,say the word page,TESS,1.0,say the word
clip_04952,train,say the word kill,TESS,1.0,say the word
clip_09015,train,say the word moon,TESS,1.0,say the word
clip_00256,train,say the word thought,TESS,1.0,say the word
clip_10318,train,say the word higher,TESS,1.0,say the word
clip_03652,train,say the word met,TESS,1.0,say the word
clip_03247,train,say the word tool,TESS,1.0,say the word
clip_06956,train,say the word far,TESS,1.0,say the word
clip_03191,train,say the word whip,TESS,1.0,say the word
clip_10872,train,say the word peg,TESS,1.0,say the word
clip_01989,train,say the word food,TESS,1.0,say the word
clip_09435,train,say the word which,TESS,1.0,say the word
clip_08530,train,say the word lod,TESS,1.0,say the word
clip_01623,train,say the word time,TESS,1.0,say the word
clip_10794,train,say the word bolt,TESS,1.0,say the word
clip_07126,train,say the word join,TESS,1.0,say the word
clip_08958,train,say the word learn,TESS,1.0,say the word
clip_03052,train,say the word char,TESS,1.0,say the word
clip_05087,train,say the word pool,TESS,1.0,say the word
clip_08849,train,say the word south,TESS,1.0,say the word
clip_05965,train,say the word bite,TESS,1.0,say the word
clip_06613,train,say the word goal,TESS,1.0,say the word
clip_03042,train,say the word near,TESS,1.0,say the word
clip_10560,train,say the word talk,TESS,1.0,say the word
clip_01514,train,say the word mill,TESS,1.0,say the word
clip_06792,train,say the word choice,TESS,1.0,say the word
clip_04405,train,say the word read,TESS,1.0,say the word
clip_07827,train,say the word shawl,TESS,1.0,say the word
clip_01769,train,say the word pass,TESS,1.0,say the word
clip_00941,train,say the word ring,TESS,1.0,say the word
clip_09543,train,say the word lord,TESS,1.0,say the word
clip_03407,train,say the word book,TESS,1.0,say the word
clip_09839,train,say the word mob,TESS,1.0,say the word
clip_01443,train,say the word goose,TESS,1.0,say the word
clip_06596,train,say the word wife,TESS,1.0,say the word
clip_02255,train,say the word name,TESS,1.0,say the word
clip_07208,train,say the word jab,TESS,1.0,say the word
clip_03680,train,say the word wheat,TESS,1.0,say the word
clip_02288,train,say the word food,TESS,1.0,say the word
clip_09578,train,its 11 oclock,CREMA-D,1.0,its 11 oclock
clip_06855,train,its 11 oclock,CREMA-D,1.0,its 11 oclock
clip_03289,train,its 11 oclock,CREMA-D,1.0,its 11 oclock
clip_10203,train,its 11 oclock,CREMA-D,1.0,its 11 oclock
clip_07252,train,dont forget to jack it,CREMA-D,0.8571,dont forget a jacket
clip_03711,train,its 11 oclock,CREMA-D,1.0,its 11 oclock
clip_00098,train,its 11 oclock,CREMA-D,1.0,its 11 oclock
clip_07222,train,its 11 oclock,CREMA-D,1.0,its 11 oclock
clip_07808,train,its 11 oclock,CREMA-D,1.0,its 11 oclock
clip_10797,train,its 11 oclock,CREMA-D,1.0,its 11 oclock
clip_10412,train,its 11 oclock,CREMA-D,1.0,its 11 oclock
clip_07567,train,say the word milk,TESS,1.0,say the word
clip_10219,train,say the word rat,TESS,1.0,say the word
clip_02953,train,say the word young,TESS,1.0,say the word
clip_09235,train,say the word moon,TESS,1.0,say the word
clip_10388,train,say the word keen,TESS,1.0,say the word
clip_06813,train,say the word knock,TESS,1.0,say the word
clip_07853,train,say the word back,TESS,1.0,say the word
clip_00101,train,say the word door,TESS,1.0,say the word
clip_05699,train,say the word tape,TESS,1.0,say the word
clip_01067,train,say the word room,TESS,1.0,say the word
clip_09031,train,say the word sure,TESS,1.0,say the word
clip_03311,train,say the word love,TESS,1.0,say the word
clip_03813,train,say the word wash,TESS,1.0,say the word
clip_08594,train,say the word moon,TESS,1.0,say the word
clip_06525,train,say the word pick,TESS,1.0,say the word
clip_03847,train,say the word gun,TESS,1.0,say the word
clip_09085,train,say the word base,TESS,1.0,say the word
clip_05183,train,say the word puff,TESS,1.0,say the word
clip_09787,train,say the word name,TESS,1.0,say the word
clip_09385,train,say the word hush,TESS,1.0,say the word
clip_00420,train,say the word sheep,TESS,1.0,say the word
clip_06591,train,say the word void,TESS,1.0,say the word
clip_04219,train,say the word mouse,TESS,1.0,say the word
clip_00754,train,say the word lot,TESS,1.0,say the word
clip_03488,train,say the word beg,TESS,1.0,say the word
clip_01055,train,say the word pain,TESS,1.0,say the word
clip_06968,train,say the word ditch,TESS,1.0,say the word
clip_05895,train,say the word hush,TESS,1.0,say the word
clip_09861,train,say the word yes,TESS,1.0,say the word
clip_09773,train,say the word vote,TESS,1.0,say the word
clip_05855,train,say the word tyre,TESS,1.0,say the word
clip_10145,train,say the word pad,TESS,1.0,say the word
clip_07196,train,say the word purl,TESS,1.0,say the word
clip_00075,train,say the word jug,TESS,1.0,say the word
clip_04613,train,say the word fail,TESS,1.0,say the word
clip_06571,train,say the word keep,TESS,1.0,say the word
clip_07251,train,say the word fail,TESS,1.0,say the word
clip_07601,train,say the word ripe,TESS,1.0,say the word
clip_08744,train,say the word pig,TESS,1.0,say the word
clip_08987,train,say the word sail,TESS,1.0,say the word
clip_08914,train,say the word gas,TESS,1.0,say the word
clip_07316,train,say the word young,TESS,1.0,say the word
clip_00345,train,say the word sure,TESS,1.0,say the word
clip_01017,train,say the word jar,TESS,1.0,say the word
clip_04599,train,say the word phone,TESS,1.0,say the word
clip_08137,train,say the word raid,TESS,1.0,say the word
clip_02667,train,say the word make,TESS,1.0,say the word
clip_01711,train,say the word weak,TESS,1.0,say the word
clip_06565,train,say the word pike,TESS,1.0,say the word
clip_08118,train,say the word home,TESS,1.0,say the word
clip_07993,train,say the word numb,TESS,1.0,say the word
clip_06848,train,say the word haze,TESS,1.0,say the word
clip_01956,train,say the word love,TESS,1.0,say the word
clip_00133,train,say the word jint,TESS,1.0,say the word
clip_10555,train,say the word cell,TESS,1.0,say the word
clip_02603,train,say the word fat,TESS,1.0,say the word
clip_03006,train,say the word mode,TESS,1.0,say the word
clip_03399,train,say the word mood,TESS,1.0,say the word
clip_06675,train,say the word thin,TESS,1.0,say the word
clip_04816,train,say the words sour,TESS,1.0,say the word
clip_07938,train,say the word dab,TESS,1.0,say the word
clip_04085,train,say the word rage,TESS,1.0,say the word
clip_07260,train,i think ive seen this before,CREMA-D,1.0,i think ive seen this before
clip_04165,train,is 11 oclock,CREMA-D,0.96,its 11 oclock
clip_00688,train,its 11 oclock,CREMA-D,1.0,its 11 oclock
clip_07209,train,its 11 oclock,CREMA-D,1.0,its 11 oclock
clip_07044,train,its 11 oclock,CREMA-D,1.0,its 11 oclock
clip_01658,test,im on my way to the meeting,CREMA-D,1.0,im on my way to the meeting
clip_01279,train,airplane is almost full,CREMA-D,0.92,the airplane is almost full
clip_10064,train,just a load of clock,UNKNOWN,0.5455,its 11 oclock
clip_06140,train,its 11 oclock,CREMA-D,1.0,its 11 oclock
clip_07180,train,its 11 oclock,CREMA-D,1.0,its 11 oclock
clip_09991,train,dont forget a jacket,CREMA-D,1.0,dont forget a jacket
clip_07923,train,its 11 oclock,CREMA-D,1.0,its 11 oclock
clip_03448,train,its 11 oclock,CREMA-D,1.0,its 11 oclock
clip_02694,train,the surface is slick,CREMA-D,1.0,the surface is slick
clip_03108,train,the surface is slick,CREMA-D,1.0,the surface is slick
clip_06785,train,its 11 oclock,CREMA-D,1.0,its 11 oclock
clip_05738,train,well stop in a couple of minutes,CREMA-D,1.0,well stop in a couple of minutes
clip_09959,train,dont forget to check it,CREMA-D,0.7442,dont forget a jacket
clip_04385,train,its 11 oclock,CREMA-D,1.0,its 11 oclock
clip_07894,train,its 11 oclock,CREMA-D,1.0,its 11 oclock
clip_01211,train,say the word mop,TESS,1.0,say the word
clip_00039,train,say the word road,TESS,1.0,say the word
clip_01472,train,say the word rose,TESS,1.0,say the word
clip_04987,train,say the word rag,TESS,1.0,say the word
clip_04889,train,say the word came,TESS,1.0,say the word
clip_05349,train,say the word whip,TESS,1.0,say the word
clip_02681,train,say the word jinn,TESS,1.0,say the word
clip_10781,train,say the word no,TESS,1.0,say the word
clip_04566,train,say the word wag,TESS,1.0,say the word
clip_04798,train,say the word mop,TESS,1.0,say the word
clip_08296,train,say the word phone,TESS,1.0,say the word
clip_09139,train,say the word paul,TESS,1.0,say the word
clip_09208,train,say the word peg,TESS,1.0,say the word
clip_10604,train,say the word date,TESS,1.0,say the word
clip_04783,train,say the word hit,TESS,1.0,say the word
clip_10528,train,say the word chalk,TESS,1.0,say the word
clip_06435,train,say the word puff,TESS,1.0,say the word
clip_07456,train,say the word perch,TESS,1.0,say the word
clip_10258,train,say the word hash,TESS,1.0,say the word
clip_03002,train,say the word lid,TESS,1.0,say the word
clip_01978,train,say the word youth,TESS,1.0,say the word
clip_06183,train,say the word raise,TESS,1.0,say the word
clip_08754,train,say the word fit,TESS,1.0,say the word
clip_02435,train,say the word weak,TESS,1.0,say the word
clip_05389,train,say the word haze,TESS,1.0,say the word
clip_03573,train,say the word fall,TESS,1.0,say the word
clip_02114,train,say the word room,TESS,1.0,say the word
clip_00457,train,say the word walk,TESS,1.0,say the word
clip_01024,train,say the word size,TESS,1.0,say the word
clip_04453,train,say the word vote,TESS,1.0,say the word
clip_10643,train,say the words said,TESS,1.0,say the word
clip_09825,train,say the word yes,TESS,1.0,say the word
clip_06730,train,say the word voice,TESS,1.0,say the word
clip_07002,train,say the word soup,TESS,1.0,say the word
clip_05020,train,say the word gap,TESS,1.0,say the word
clip_04809,train,say the word five,TESS,1.0,say the word
clip_04050,train,say the word thumb,TESS,1.0,say the word
clip_00767,train,say the word soup,TESS,1.0,say the word
clip_07986,train,say the word goal,TESS,1.0,say the word
clip_09911,train,say the word least,TESS,1.0,say the word
clip_09600,train,say the word most,TESS,1.0,say the word
clip_10623,train,say the word hit,TESS,1.0,say the word
clip_04469,train,say the word wire,TESS,1.0,say the word
clip_08848,train,say the word far,TESS,1.0,say the word
clip_04314,train,say the word bag,TESS,1.0,say the word
clip_10155,train,say the word goose,TESS,1.0,say the word
clip_03259,train,say the word live,TESS,1.0,say the word
clip_09835,train,say the word nag,TESS,1.0,say the word
clip_06491,train,say the word should,TESS,1.0,say the word
clip_07176,train,say the word key,TESS,1.0,say the word
clip_01893,train,say the word fat,TESS,1.0,say the word
clip_04467,train,say the word chain,TESS,1.0,say the word
clip_02995,train,say the word dime,TESS,1.0,say the word
clip_10209,train,say the word juice,TESS,1.0,say the word
clip_02468,test,its 11 oclock,CREMA-D,1.0,its 11 oclock
clip_06500,train,dont forget a jacket,CREMA-D,1.0,dont forget a jacket
clip_02479,train,its 11 oclock,CREMA-D,1.0,its 11 oclock
clip_08025,train,dont forget a jacket,CREMA-D,1.0,dont forget a jacket
clip_08982,train,im on my way to the meeting,CREMA-D,1.0,im on my way to the meeting
clip_08511,test,its 11 oclock,CREMA-D,1.0,its 11 oclock
clip_08186,train,the surface is slick,CREMA-D,1.0,the surface is slick
clip_07106,train,i wonder what this is about,CREMA-D,1.0,i wonder what this is about
clip_05860,train,its 11 oclock,CREMA-D,1.0,its 11 oclock
clip_06017,train,dont forget a jacket,CREMA-D,1.0,dont forget a jacket
clip_06543,train,just 11 oclock,CREMA-D,0.8148,its 11 oclock
clip_06177,train,dont forget a jacket,CREMA-D,1.0,dont forget a jacket
clip_06873,train,kiss 11 oclock,CREMA-D,0.8889,its 11 oclock
clip_03238,train,its 11 oclock,CREMA-D,1.0,its 11 oclock
clip_02872,train,its 11 oclock,CREMA-D,1.0,its 11 oclock
clip_04036,train,its 11 oclock,CREMA-D,1.0,its 11 oclock
clip_06751,train,the surface is slick,CREMA-D,1.0,the surface is slick
clip_10707,train,its 11 oclock,CREMA-D,1.0,its 11 oclock
clip_01985,train,the surface is slick,CREMA-D,1.0,the surface is slick
clip_01783,train,thats 11 oclock,CREMA-D,0.8571,its 11 oclock
clip_07416,train,say the word fit,TESS,1.0,say the word
clip_04763,train,say the word white,TESS,1.0,say the word
clip_09439,train,say the word hurl,TESS,1.0,say the word
clip_00303,train,say the word rag,TESS,1.0,say the word
clip_02085,train,say the word purl,TESS,1.0,say the word
clip_09752,train,say the word cool,TESS,1.0,say the word
clip_08887,train,say the word take,TESS,1.0,say the word
clip_09771,train,say the word being,TESS,1.0,say the word
clip_02523,train,say the word team,TESS,1.0,say the word
clip_10841,train,say the word bath,TESS,1.0,say the word
clip_00123,train,say the word third,TESS,1.0,say the word
clip_09343,train,say the word sub,TESS,1.0,say the word
clip_04998,train,say the word king,TESS,1.0,say the word
clip_06554,train,say the word reach,TESS,1.0,say the word
clip_09471,train,say the word mode,TESS,1.0,say the word
clip_06727,train,say the word thin,TESS,1.0,say the word
clip_03971,train,say the word tip,TESS,1.0,say the word
clip_08846,train,say the word deep,TESS,1.0,say the word
clip_01503,train,say the word pike,TESS,1.0,say the word
clip_10866,train,say the word lot,TESS,1.0,say the word
clip_09110,train,say the word join,TESS,1.0,say the word
clip_09143,train,say the word pick,TESS,1.0,say the word
clip_07426,train,say the word luck,TESS,1.0,say the word
clip_03327,train,say the word chair,TESS,1.0,say the word
clip_01581,train,say the word rain,TESS,1.0,say the word
clip_05843,train,say the word deep,TESS,1.0,say the word
clip_01296,train,say the word thin,TESS,1.0,say the word
clip_09798,train,say the word bar,TESS,1.0,say the word
clip_07743,train,say the word rough,TESS,1.0,say the word
clip_08561,train,say the word luck,TESS,1.0,say the word
clip_03872,train,say the word live,TESS,1.0,say the word
clip_01128,train,say the word live,TESS,1.0,say the word
clip_05890,train,say the word nice,TESS,1.0,say the word
clip_06218,train,say the word shawl,TESS,1.0,say the word
clip_08441,train,say the word lean,TESS,1.0,say the word
clip_08107,train,say the word merge,TESS,1.0,say the word
clip_08497,train,say the word chief,TESS,1.0,say the word
clip_04822,train,say the word ring,TESS,1.0,say the word
clip_01151,train,say the word life,TESS,1.0,say the word
clip_02682,train,say the word yearn,TESS,1.0,say the word
clip_03227,train,say the word yes,TESS,1.0,say the word
clip_05139,train,say the word knock,TESS,1.0,say the word
clip_07908,train,say the word third,TESS,1.0,say the word
clip_00573,train,say the word pass,TESS,1.0,say the word
clip_09232,train,say the word tell,TESS,1.0,say the word
clip_04707,train,say the word boat,TESS,1.0,say the word
clip_04954,train,say the word raise,TESS,1.0,say the word
clip_05373,train,say the word time,TESS,1.0,say the word
clip_05235,train,say the word king,TESS,1.0,say the word
clip_02907,train,say the word dull,TESS,1.0,say the word
clip_04147,train,say the word make,TESS,1.0,say the word
clip_06581,train,say the word rush,TESS,1.0,say the word
clip_05865,train,say the word burn,TESS,1.0,say the word
clip_09378,train,say the words shall,TESS,1.0,say the word
clip_05975,train,say the word juice,TESS,1.0,say the word
clip_10131,train,say the word came,TESS,1.0,say the word
clip_08925,train,its 11 oclock,CREMA-D,1.0,its 11 oclock
clip_00255,train,its 11 oclock,CREMA-D,1.0,its 11 oclock
clip_09821,train,its 11 oclock,CREMA-D,1.0,its 11 oclock
clip_10490,train,11 oclock,CREMA-D,0.8182,its 11 oclock
clip_00168,train,until 11 oclock,CREMA-D,0.7857,its 11 oclock
clip_03860,train,its 11 oclock,CREMA-D,1.0,its 11 oclock
clip_03293,test,its 11 oclock,CREMA-D,1.0,its 11 oclock
clip_03374,train,i wonder what this is about,CREMA-D,1.0,i wonder what this is about
clip_07494,train,the surface is slick,CREMA-D,1.0,the surface is slick
clip_06820,train,so 11 oclock,CREMA-D,0.88,its 11 oclock
clip_03120,train,flug a clock,UNKNOWN,0.56,its 11 oclock
clip_00091,train,its 11 oclock,CREMA-D,1.0,its 11 oclock
clip_02934,train,im on my way to the meeting,CREMA-D,1.0,im on my way to the meeting
clip_02793,train,dont forget to check it,CREMA-D,0.7442,dont forget a jacket
clip_01847,train,i wonder what this is about,CREMA-D,1.0,i wonder what this is about
clip_02006,train,dont forget to jack it,CREMA-D,0.8571,dont forget a jacket
clip_04920,train,and maybe tomorrow it will be cold,CREMA-D,0.9375,maybe tomorrow it will be cold
clip_08199,train,the surface is slick,CREMA-D,1.0,the surface is slick
clip_00231,train,the surface is slick,CREMA-D,1.0,the surface is slick
clip_00792,train,i wonder what this is about,CREMA-D,1.0,i wonder what this is about
clip_02366,train,11 oclock,CREMA-D,0.8182,its 11 oclock
clip_08814,train,its 11 oclock,CREMA-D,1.0,its 11 oclock
clip_06652,train,its 11 oclock,CREMA-D,1.0,its 11 oclock
clip_01467,train,dont forget a jacket,CREMA-D,1.0,dont forget a jacket
clip_07499,test,its 11 oclock,CREMA-D,1.0,its 11 oclock
clip_01720,train,this is opening clock,UNKNOWN,0.5882,its 11 oclock
clip_02195,train,its 11 oclock,CREMA-D,1.0,its 11 oclock
clip_07451,train,i wonder what this is about,CREMA-D,1.0,i wonder what this is about
clip_04063,train,dont forget a jacket,CREMA-D,1.0,dont forget a jacket
clip_05625,train,its 11 oclock,CREMA-D,1.0,its 11 oclock
clip_10755,train,say the word book,TESS,1.0,say the word
clip_06246,train,say the word pain,TESS,1.0,say the word
clip_03773,train,say the word burn,TESS,1.0,say the word
clip_01628,train,say the word when,TESS,1.0,say the word
clip_02905,train,say the words shout,TESS,1.0,say the word
clip_02680,train,say the word tough,TESS,1.0,say the word
clip_02304,train,say the word when,TESS,1.0,say the word
clip_08114,train,say the word red,TESS,1.0,say the word
clip_05357,train,say the word match,TESS,1.0,say the word
clip_06413,train,say the word near,TESS,1.0,say the word
clip_04882,train,say the word neat,TESS,1.0,say the word
clip_01765,train,say the word get,TESS,1.0,say the word
clip_03262,train,say the word dodge,TESS,1.0,say the word
clip_10867,train,say the word check,TESS,1.0,say the word
clip_10836,train,say the word death,TESS,1.0,say the word
clip_09264,train,say the word team,TESS,1.0,say the word
clip_04571,train,say the word mouse,TESS,1.0,say the word
clip_04758,train,say the word gas,TESS,1.0,say the word
clip_07028,train,say the word dead,TESS,1.0,say the word
clip_01504,train,say the word rat,TESS,1.0,say the word
clip_01969,train,say the word thought,TESS,1.0,say the word
clip_09564,train,say the word back,TESS,1.0,say the word
clip_10143,train,say the word kick,TESS,1.0,say the word
clip_10423,train,say the word have,TESS,1.0,say the word
clip_00685,train,say the word rush,TESS,1.0,say the word
clip_03555,train,say the word hush,TESS,1.0,say the word
clip_10266,train,say the word tire,TESS,1.0,say the word
clip_06128,train,say the word choice,TESS,1.0,say the word
clip_07806,train,say the word half,TESS,1.0,say the word
clip_03003,train,say the word germ,TESS,1.0,say the word
clip_09720,train,say the word jar,TESS,1.0,say the word
clip_07304,train,say the word lodge,TESS,1.0,say the word
clip_08645,train,say the word shirk,TESS,1.0,say the word
clip_03416,train,say the word cab,TESS,1.0,say the word
clip_10045,train,say the word ripe,TESS,1.0,say the word
clip_09601,train,say the word half,TESS,1.0,say the word
clip_02615,train,say the word shaq,TESS,1.0,say the word
clip_03506,train,say the word higher,TESS,1.0,say the word
clip_07683,train,say the word name,TESS,1.0,say the word
clip_07485,train,say the word pass,TESS,1.0,say the word
clip_00661,train,say the word king,TESS,1.0,say the word
clip_10089,train,say the word big,TESS,1.0,say the word
clip_01297,train,say the word tough,TESS,1.0,say the word
clip_08579,train,say the word said,TESS,1.0,say the word
clip_04270,train,say the word bar,TESS,1.0,say the word
clip_03171,train,say the word bone,TESS,1.0,say the word
clip_07658,train,say the word far,TESS,1.0,say the word
clip_02216,train,say the word jug,TESS,1.0,say the word
clip_06311,train,say the word ton,TESS,1.0,say the word
clip_07091,train,say the word sail,TESS,1.0,say the word
clip_00891,train,its 11 oclock,CREMA-D,1.0,its 11 oclock
clip_08204,train,its 11 oclock,CREMA-D,1.0,its 11 oclock
clip_01871,train,dont forget to jack it,CREMA-D,0.8571,dont forget a jacket
clip_07956,train,im on my way to the meeting,CREMA-D,1.0,im on my way to the meeting
clip_00865,test,its 11 oclock,CREMA-D,1.0,its 11 oclock
clip_00502,train,ill have a clock,UNKNOWN,0.5517,its 11 oclock
clip_09919,train,the surface is slick,CREMA-D,1.0,the surface is slick
clip_01716,test,its 11 oclock,CREMA-D,1.0,its 11 oclock
clip_00895,train,its 11 oclock,CREMA-D,1.0,its 11 oclock
clip_10289,train,i think ive seen this before,CREMA-D,1.0,i think ive seen this before
clip_07924,train,im on my way to the meeting,CREMA-D,1.0,im on my way to the meeting
clip_06753,train,its 11 oclock,CREMA-D,1.0,its 11 oclock
clip_04073,test,its 11 oclock,CREMA-D,1.0,its 11 oclock
clip_02043,train,its 11 oclock,CREMA-D,1.0,its 11 oclock
clip_06635,train,its 11 oclock,CREMA-D,1.0,its 11 oclock
clip_10161,train,its 11 oclock,CREMA-D,1.0,its 11 oclock
clip_01396,train,the airplane is almost full,CREMA-D,1.0,the airplane is almost full
clip_01018,train,dont forget to check it,CREMA-D,0.7442,dont forget a jacket
clip_10647,train,its 11 oclock,CREMA-D,1.0,its 11 oclock
clip_00437,train,i wonder what this is about,CREMA-D,1.0,i wonder what this is about
clip_08587,test,dont forget to check it,CREMA-D,0.7442,dont forget a jacket
clip_01302,train,i wonder what this is about,CREMA-D,1.0,i wonder what this is about
clip_09219,train,its 11 oclock,CREMA-D,1.0,its 11 oclock
clip_00074,train,its 11 oclock,CREMA-D,1.0,its 11 oclock
clip_02512,train,dont forget a jacket,CREMA-D,1.0,dont forget a jacket
clip_01371,train,the surface is slick,CREMA-D,1.0,the surface is slick
clip_02532,train,im on my way to the meeting,CREMA-D,1.0,im on my way to the meeting
clip_05783,train,dont forget to check it,CREMA-D,0.7442,dont forget a jacket
clip_03857,train,dont forget a jacket,CREMA-D,1.0,dont forget a jacket
clip_02676,test,its about a clock,CREMA-D,0.6667,its 11 oclock
clip_05628,train,i think ive seen this before,CREMA-D,1.0,i think ive seen this before
clip_04776,test,its 11 oclock,CREMA-D,1.0,its 11 oclock
clip_05093,train,say the word perch,TESS,1.0,say the word
clip_05623,train,say the word pike,TESS,1.0,say the word
clip_08936,train,say the word whole,TESS,1.0,say the word
clip_03851,train,say the word road,TESS,1.0,say the word
clip_02851,train,say the word bath,TESS,1.0,say the word
clip_00237,train,say the word wag,TESS,1.0,say the word
clip_00186,train,say the word note,TESS,1.0,say the word
clip_06942,train,say the word such,TESS,1.0,say the word
clip_00974,train,say the word life,TESS,1.0,say the word
clip_04503,train,say the word hall,TESS,1.0,say the word
clip_00223,train,say the word late,TESS,1.0,say the word
clip_08806,train,say the word mob,TESS,1.0,say the word
clip_10774,train,say the word more,TESS,1.0,say the word
clip_05863,train,say the word dull,TESS,1.0,say the word
clip_04793,train,say the word sheep,TESS,1.0,say the word
clip_01862,train,say the word lose,TESS,1.0,say the word
clip_05793,train,say the word dime,TESS,1.0,say the word
clip_05639,train,say the word keep,TESS,1.0,say the word
clip_00690,train,say the word take,TESS,1.0,say the word
clip_08526,train,say the word higher,TESS,1.0,say the word
clip_01292,train,say the word need,TESS,1.0,say the word
clip_07941,train,say the word wife,TESS,1.0,say the word
clip_08649,train,say the word get,TESS,1.0,say the word
clip_05872,train,say the word shall,TESS,1.0,say the word
clip_02389,train,say the words hope,TESS,1.0,say the word
clip_09532,train,say the word loaf,TESS,1.0,say the word
clip_03322,train,say the word perch,TESS,1.0,say the word
clip_04448,train,say the word fine,TESS,1.0,say the word
clip_01360,train,say the word raid,TESS,1.0,say the word
clip_00531,train,say the word gun,TESS,1.0,say the word
clip_04483,train,say the word least,TESS,1.0,say the word
clip_06772,train,say the word mood,TESS,1.0,say the word
clip_08886,train,say the word cheat,TESS,1.0,say the word
clip_06118,train,say the word fine,TESS,1.0,say the word
clip_04701,train,say the word chat,TESS,1.0,say the word
clip_09882,train,say the word gays,TESS,1.0,say the word
clip_04753,train,say the word tape,TESS,1.0,say the word
clip_06279,train,say the word merch,TESS,1.0,say the word
clip_06130,train,say the word match,TESS,1.0,say the word
clip_04557,train,say the word burn,TESS,1.0,say the word
clip_05757,train,say the word chair,TESS,1.0,say the word
clip_06225,train,say the word gap,TESS,1.0,say the word
clip_09267,train,say the word bar,TESS,1.0,say the word
clip_05762,train,say the word red,TESS,1.0,say the word
clip_10587,train,say the word gays,TESS,1.0,say the word
clip_08141,train,say the word dog,TESS,1.0,say the word
clip_10369,train,say the word cell,TESS,1.0,say the word
clip_02702,train,say the word boat,TESS,1.0,say the word
clip_09458,train,say the word page,TESS,1.0,say the word
clip_07642,train,say the word tip,TESS,1.0,say the word
clip_03996,train,say the word weak,TESS,1.0,say the word
clip_04148,train,say the word tool,TESS,1.0,say the word
clip_00536,train,say the word cause,TESS,1.0,say the word
clip_02050,train,say the word talk,TESS,1.0,say the word
clip_05308,train,say the word mess,TESS,1.0,say the word
clip_03255,train,say the word half,TESS,1.0,say the word
clip_06326,train,say the word hash,TESS,1.0,say the word
clip_07772,train,say the word cause,TESS,1.0,say the word
clip_07219,train,say the word so,TESS,1.0,say the word
clip_00331,train,say the word search,TESS,1.0,say the word
clip_09064,train,say the word guess,TESS,1.0,say the word
clip_04741,train,say the word numb,TESS,1.0,say the word
clip_00785,train,say the word learn,TESS,1.0,say the word
clip_06463,train,say the word ring,TESS,1.0,say the word
clip_08146,train,say the word gun,TESS,1.0,say the word
clip_04790,train,say the word thumb,TESS,1.0,say the word
clip_05983,train,the surface is slick,CREMA-D,1.0,the surface is slick
clip_03961,train,its 11 oclock,CREMA-D,1.0,its 11 oclock
clip_06883,train,its 11 oclock,CREMA-D,1.0,its 11 oclock
clip_06697,train,its 11 oclock,CREMA-D,1.0,its 11 oclock
clip_04548,train,the surface is slick,CREMA-D,1.0,the surface is slick
clip_00459,train,its 11 oclock,CREMA-D,1.0,its 11 oclock
clip_00853,train,11 oclock,CREMA-D,0.8182,its 11 oclock
clip_00346,train,dont forget a jacket,CREMA-D,1.0,dont forget a jacket
clip_02276,train,its 11 oclock,CREMA-D,1.0,its 11 oclock
clip_00244,train,im on my way to the meeting,CREMA-D,1.0,im on my way to the meeting
clip_02992,train,its 11 oclock,CREMA-D,1.0,its 11 oclock
clip_00248,train,its 11 oclock,CREMA-D,1.0,its 11 oclock
clip_06184,train,its 11 oclock,CREMA-D,1.0,its 11 oclock
clip_05974,train,on my way to the meeting,CREMA-D,0.9412,im on my way to the meeting
clip_07991,train,i wonder what this is about,CREMA-D,1.0,i wonder what this is about
clip_05370,train,its 11 oclock,CREMA-D,1.0,its 11 oclock
clip_02739,train,dont forget to jack it,CREMA-D,0.8571,dont forget a jacket
clip_02710,train,its 11 oclock,CREMA-D,1.0,its 11 oclock
clip_10760,train,i wonder what this is about,CREMA-D,1.0,i wonder what this is about
clip_04348,test,the airplane is almost full,CREMA-D,1.0,the airplane is almost full
clip_10301,train,its 11 oclock,CREMA-D,1.0,its 11 oclock
clip_04737,train,its 11 oclock,CREMA-D,1.0,its 11 oclock
clip_02894,train,its 11 oclock,CREMA-D,1.0,its 11 oclock
clip_04442,test,the surface is slick,CREMA-D,1.0,the surface is slick
clip_09796,train,im on my way to the meeting,CREMA-D,1.0,im on my way to the meeting
clip_10280,train,its 11 oclock,CREMA-D,1.0,its 11 oclock
clip_08234,train,its 11 oclock,CREMA-D,1.0,its 11 oclock
clip_03714,train,its 11 oclock,CREMA-D,1.0,its 11 oclock
clip_09054,train,i wonder what this is about,CREMA-D,1.0,i wonder what this is about
clip_01863,train,its 11 oclock,CREMA-D,1.0,its 11 oclock
clip_05254,train,its 11 oclock,CREMA-D,1.0,its 11 oclock
clip_07174,train,say the word mess,TESS,1.0,say the word
clip_04115,train,say the word lore,TESS,1.0,say the word
clip_08344,train,say the word fail,TESS,1.0,say the word
clip_02994,train,say the word jin,TESS,1.0,say the word
clip_07413,train,say the word good,TESS,1.0,say the word
clip_05012,train,say the word war,TESS,1.0,say the word
clip_03840,train,say the word wife,TESS,1.0,say the word
clip_05582,train,say the word wire,TESS,1.0,say the word
clip_03085,train,say the word witch,TESS,1.0,say the word
clip_01685,train,say the word should,TESS,1.0,say the word
clip_08369,train,say the word kite,TESS,1.0,say the word
clip_04602,train,say the word reach,TESS,1.0,say the word
clip_10520,train,say the word come,TESS,1.0,say the word
clip_02393,train,say the word being,TESS,1.0,say the word
clip_01452,train,say the word tell,TESS,1.0,say the word
clip_04812,train,say the word cheek,TESS,1.0,say the word
clip_07779,train,say the word loaf,TESS,1.0,say the word
clip_04271,train,say the words so,TESS,1.0,say the word
clip_02674,train,say the word fine,TESS,1.0,say the word
clip_01229,train,say the word which,TESS,1.0,say the word
clip_06928,train,say the word king,TESS,1.0,say the word
clip_02453,train,say the word such,TESS,1.0,say the word
clip_01834,train,say the word nag,TESS,1.0,say the word
clip_03859,train,say the word tip,TESS,1.0,say the word
clip_03933,train,say the word bot,TESS,1.0,say the word
clip_04913,train,say the word reg,TESS,1.0,say the word
clip_06475,train,say the word nice,TESS,1.0,say the word
clip_00903,train,say the word tell,TESS,1.0,say the word
clip_06617,train,say the word rain,TESS,1.0,say the word
clip_00890,train,say the word rough,TESS,1.0,say the word
clip_05416,train,say the word void,TESS,1.0,say the word
clip_01805,train,say the word dip,TESS,1.0,say the word
clip_00422,train,say the word paul,TESS,1.0,say the word
clip_09305,train,say the word vote,TESS,1.0,say the word
clip_05084,train,say the word sour,TESS,1.0,say the word
clip_10768,train,say the word long,TESS,1.0,say the word
clip_10605,train,say the word judge,TESS,1.0,say the word
clip_07702,train,say the word lid,TESS,1.0,say the word
clip_03342,train,say the word back,TESS,1.0,say the word
clip_03535,train,say the word,TESS,1.0,say the word
clip_08521,train,say the word read,TESS,1.0,say the word
clip_00443,train,say the word dog,TESS,1.0,say the word
clip_04221,train,say the word tough,TESS,1.0,say the word
clip_05734,train,say the word jail,TESS,1.0,say the word
clip_00992,train,say the word rot,TESS,1.0,say the word
clip_05015,train,say the word chief,TESS,1.0,say the word
clip_00340,train,say the word cease,TESS,1.0,say the word
clip_08866,train,say the word when,TESS,1.0,say the word
clip_05607,train,say the word book,TESS,1.0,say the word
clip_10096,train,say the word kill,TESS,1.0,say the word
clip_08823,train,its a load of clock,CREMA-D,0.6875,its 11 oclock
clip_01586,train,the surface is slick,CREMA-D,1.0,the surface is slick
clip_01610,train,i think ive seen this before,CREMA-D,1.0,i think ive seen this before
clip_08503,train,its 11 oclock,CREMA-D,1.0,its 11 oclock
clip_06768,test,im on my way to the meeting,CREMA-D,1.0,im on my way to the meeting
clip_01398,test,its 11 oclock,CREMA-D,1.0,its 11 oclock
clip_09672,test,its 11 oclock,CREMA-D,1.0,its 11 oclock
clip_04099,train,say the word chief,TESS,1.0,say the word
clip_05359,train,well stop in a couple of minutes,CREMA-D,1.0,well stop in a couple of minutes
clip_00582,train,its 11 oclock,CREMA-D,1.0,its 11 oclock
clip_02662,test,its 11 oclock,CREMA-D,1.0,its 11 oclock
clip_03700,train,dont forget a jacket,CREMA-D,1.0,dont forget a jacket
clip_09075,train,its 11 oclock,CREMA-D,1.0,its 11 oclock
clip_03044,train,i wonder what this is about,CREMA-D,1.0,i wonder what this is about
clip_00646,test,surround my clock,UNKNOWN,0.4681,i would like a new alarm clock
clip_06889,train,the surface is slick,CREMA-D,1.0,the surface is slick
clip_03771,train,its 11 oclock,CREMA-D,1.0,its 11 oclock
clip_00796,train,its 11 oclock,CREMA-D,1.0,its 11 oclock
clip_08986,train,i think ive seen this before,CREMA-D,1.0,i think ive seen this before
clip_02017,train,i think ive seen this before,CREMA-D,1.0,i think ive seen this before
clip_06893,train,dont forget to jack it,CREMA-D,0.8571,dont forget a jacket
clip_08940,train,im on our way to the meeting,CREMA-D,0.9091,im on my way to the meeting
clip_06377,train,its 11 oclock,CREMA-D,1.0,its 11 oclock
clip_02362,train,its 11 oclock,CREMA-D,1.0,its 11 oclock
clip_02348,train,its 11 oclock,CREMA-D,1.0,its 11 oclock
clip_04568,train,its 11 oclock,CREMA-D,1.0,its 11 oclock
clip_04565,train,i wonder what this is about,CREMA-D,1.0,i wonder what this is about
clip_07981,train,its 11 oclock,CREMA-D,1.0,its 11 oclock
clip_09293,train,dont forget a jacket,CREMA-D,1.0,dont forget a jacket
clip_03113,train,its 11 oclock,CREMA-D,1.0,its 11 oclock
clip_10044,train,its 11 oclock,CREMA-D,1.0,its 11 oclock
clip_07358,train,the surface is slick,CREMA-D,1.0,the surface is slick
clip_09566,train,its 11 oclock,CREMA-D,1.0,its 11 oclock
clip_01160,train,dont forget a jacket,CREMA-D,1.0,dont forget a jacket
clip_05862,test,i wonder what this is about,CREMA-D,1.0,i wonder what this is about
clip_06557,train,11 oclock,CREMA-D,0.8182,its 11 oclock
clip_00236,train,dont forget a junket,CREMA-D,0.9,dont forget a jacket
clip_03370,train,dont forget a jacket,CREMA-D,1.0,dont forget a jacket
clip_07859,train,its 11 oclock,CREMA-D,1.0,its 11 oclock
clip_08747,train,im on my way to the meeting,CREMA-D,1.0,im on my way to the meeting
clip_01059,train,the surface is slick,CREMA-D,1.0,the surface is slick
clip_08651,train,its 11 oclock,CREMA-D,1.0,its 11 oclock
clip_01855,train,i wonder what this is about,CREMA-D,1.0,i wonder what this is about
clip_00525,train,and what about this is about,CREMA-D,0.7636,i wonder what this is about
clip_07039,test,its along the clock,UNKNOWN,0.625,its 11 oclock
clip_08207,train,say the word shirt,TESS,1.0,say the word
clip_06380,train,say the word reach,TESS,1.0,say the word
clip_01006,train,say the word pain,TESS,1.0,say the word
clip_06936,train,say the word ripe,TESS,1.0,say the word
clip_06851,train,say the words south,TESS,1.0,say the word
clip_08773,train,say the words sour,TESS,1.0,say the word
clip_06178,train,say the word size,TESS,1.0,say the word
clip_06368,train,say the word germ,TESS,1.0,say the word
clip_07387,train,say the word go,TESS,1.0,say the word
clip_04410,train,say the word bite,TESS,1.0,say the word
clip_00405,train,say the word white,TESS,1.0,say the word
clip_01470,train,say the word page,TESS,1.0,say the word
clip_09950,train,say the word youth,TESS,1.0,say the word
clip_03249,train,say the word rose,TESS,1.0,say the word
clip_04198,train,say the word chat,TESS,1.0,say the word
clip_10805,train,say the word room,TESS,1.0,say the word
clip_02116,train,say the word rot,TESS,1.0,say the word
clip_06043,train,say the word dime,TESS,1.0,say the word
clip_00290,train,say the word tape,TESS,1.0,say the word
clip_07983,train,say the word read,TESS,1.0,say the word
clip_00539,train,say the word sure,TESS,1.0,say the word
clip_06139,train,say the word pad,TESS,1.0,say the word
clip_02467,train,say the word gap,TESS,1.0,say the word
clip_09266,train,say the word puff,TESS,1.0,say the word
clip_06546,train,say the word youth,TESS,1.0,say the word
clip_04381,train,say the word weak,TESS,1.0,say the word
clip_06746,train,say the word mode,TESS,1.0,say the word
clip_02970,train,say the word lid,TESS,1.0,say the word
clip_03499,train,say the word seize,TESS,1.0,say the word
clip_08892,train,say the word food,TESS,1.0,say the word
clip_03038,train,say the word yearn,TESS,1.0,say the word
clip_05707,train,say the word half,TESS,1.0,say the word
clip_05352,train,say the word size,TESS,1.0,say the word
clip_00730,train,say the word home,TESS,1.0,say the word
clip_10764,train,say the word chair,TESS,1.0,say the word
clip_07753,train,say the word tool,TESS,1.0,say the word
clip_06941,train,and am all my way to the meeting,CREMA-D,0.8136,im on my way to the meeting
clip_02863,train,the surface is slick,CREMA-D,1.0,the surface is slick
clip_00136,train,i wonder what this is about,CREMA-D,1.0,i wonder what this is about
clip_06188,train,i think ive seen this before,CREMA-D,1.0,i think ive seen this before
clip_04894,train,dont forget it jackie,CREMA-D,0.878,dont forget a jacket
clip_06646,train,its 11 oclock,CREMA-D,1.0,its 11 oclock
clip_04717,train,i wonder what this is about,CREMA-D,1.0,i wonder what this is about
clip_07840,train,its 11 oclock,CREMA-D,1.0,its 11 oclock
clip_07034,train,its 11 oclock,CREMA-D,1.0,its 11 oclock
clip_05857,train,i would like a new alarm block,CREMA-D,0.9667,i would like a new alarm clock
clip_10109,train,its 11 oclock,CREMA-D,1.0,its 11 oclock
clip_03411,train,maybe tomorrow it will be cold,CREMA-D,1.0,maybe tomorrow it will be cold
clip_10771,train,i think ive seen this before,CREMA-D,1.0,i think ive seen this before
clip_10826,train,its 11 oclock,CREMA-D,1.0,its 11 oclock
clip_07296,test,its 11 oclock,CREMA-D,1.0,its 11 oclock
clip_03232,train,its a lot of clock,CREMA-D,0.7097,its 11 oclock
clip_02397,train,11 oclock,CREMA-D,0.8182,its 11 oclock
clip_10214,train,to live at a clock,UNKNOWN,0.625,i would like a new alarm clock
clip_05846,train,its 11 oclock,CREMA-D,1.0,its 11 oclock
clip_07927,train,until im in the clock,UNKNOWN,0.4706,its 11 oclock
clip_04259,test,its 11 oclock,CREMA-D,1.0,its 11 oclock
clip_00309,test,its 11 oclock,CREMA-D,1.0,its 11 oclock
clip_06888,train,its 11 oclock,CREMA-D,1.0,its 11 oclock
clip_05957,test,dont forget to check it,CREMA-D,0.7442,dont forget a jacket
clip_09776,train,its 11 oclock,CREMA-D,1.0,its 11 oclock
clip_06469,train,dont forget a jacket,CREMA-D,1.0,dont forget a jacket
clip_01683,train,dont forget to jack it,CREMA-D,0.8571,dont forget a jacket
clip_04327,train,dont forget to check,CREMA-D,0.75,dont forget a jacket
clip_04374,train,the surface is slick,CREMA-D,1.0,the surface is slick
clip_02508,train,im on my way to the meeting,CREMA-D,1.0,im on my way to the meeting
clip_02377,test,to 11 oclock,CREMA-D,0.88,its 11 oclock
clip_04759,train,its 11 oclock,CREMA-D,1.0,its 11 oclock
clip_04794,train,its 11 oclock,CREMA-D,1.0,its 11 oclock
clip_07867,train,im on my way to me,CREMA-D,0.8,im on my way to the meeting
clip_10728,train,its a lot of luck,UNKNOWN,0.6,its 11 oclock
clip_07142,train,its 11 oclock,CREMA-D,1.0,its 11 oclock
clip_04659,train,its 11 oclock,CREMA-D,1.0,its 11 oclock
clip_06674,train,dont forget a jacket,CREMA-D,1.0,dont forget a jacket
clip_06925,train,im on my way to the meeting,CREMA-D,1.0,im on my way to the meeting
clip_05455,test,dont forget it jacket,CREMA-D,0.9268,dont forget a jacket
clip_09047,train,its 11 oclock,CREMA-D,1.0,its 11 oclock
clip_04011,train,im on my way to the meeting,CREMA-D,1.0,im on my way to the meeting
clip_08453,train,i think i have a doctors appointment,CREMA-D,1.0,i think i have a doctors appointment
clip_03839,train,i think ive seen this before,CREMA-D,1.0,i think ive seen this before
clip_02890,train,its 11 oclock,CREMA-D,1.0,its 11 oclock
clip_07308,train,im on my way to the meeting,CREMA-D,1.0,im on my way to the meeting
clip_02047,train,dont forget a jacket,CREMA-D,1.0,dont forget a jacket
clip_05952,train,its 11 oclock,CREMA-D,1.0,its 11 oclock
clip_06592,train,dont forget a jacket,CREMA-D,1.0,dont forget a jacket
clip_03765,train,i wonder what this is about,CREMA-D,1.0,i wonder what this is about
clip_02003,train,its 11 oclock,CREMA-D,1.0,its 11 oclock
clip_04838,train,dont forget to jack it,CREMA-D,0.8571,dont forget a jacket
clip_03725,train,until ive been a clock,UNKNOWN,0.5,i would like a new alarm clock
clip_01318,train,its 11 oclock,CREMA-D,1.0,its 11 oclock
clip_07011,train,the airplane is almost full,CREMA-D,1.0,the airplane is almost full
clip_02729,train,its 11 oclock,CREMA-D,1.0,its 11 oclock
clip_07197,train,its 11 oclock,CREMA-D,1.0,its 11 oclock
clip_00686,test,its 11 oclock,CREMA-D,1.0,its 11 oclock
clip_04161,train,its all in the clock,UNKNOWN,0.6061,its 11 oclock
clip_05163,test,its 11 oclock,CREMA-D,1.0,its 11 oclock
clip_08596,train,its 11 oclock,CREMA-D,1.0,its 11 oclock
clip_00580,train,11 oclock,CREMA-D,0.8182,its 11 oclock
clip_00587,train,im on my way to the meeting,CREMA-D,1.0,im on my way to the meeting
clip_00613,train,dont forget a jacket,CREMA-D,1.0,dont forget a jacket
clip_08522,train,i wonder what this is about,CREMA-D,1.0,i wonder what this is about
clip_03669,train,i wonder what this is about,CREMA-D,1.0,i wonder what this is about
clip_01608,train,that is exactly what happened,CREMA-D,1.0,that is exactly what happened
clip_03987,test,im on my way to the meeting,CREMA-D,1.0,im on my way to the meeting
clip_09183,train,its 11 oclock,CREMA-D,1.0,its 11 oclock
clip_03106,train,its 11 oclock,CREMA-D,1.0,its 11 oclock
clip_06145,train,say the word home,TESS,1.0,say the word
clip_00105,train,say the word cap,TESS,1.0,say the word
clip_04719,train,say the word sheep,TESS,1.0,say the word
clip_07084,train,say the word deep,TESS,1.0,say the word
clip_10020,train,say the word turn,TESS,1.0,say the word
clip_05311,train,say the word nice,TESS,1.0,say the word
clip_06268,train,say the word mill,TESS,1.0,say the word
clip_01816,train,say the word bone,TESS,1.0,say the word
clip_00314,train,say the word cheek,TESS,1.0,say the word
clip_09982,train,say the word pick,TESS,1.0,say the word
clip_02319,train,say the word kite,TESS,1.0,say the word
clip_00843,train,say the word bath,TESS,1.0,say the word
clip_02723,train,say the word sub,TESS,1.0,say the word
clip_08597,train,say the word hate,TESS,1.0,say the word
clip_03768,train,say the word third,TESS,1.0,say the word
clip_06174,train,say the word reg,TESS,1.0,say the word
clip_00056,train,say the word sail,TESS,1.0,say the word
clip_08508,train,say the word voice,TESS,1.0,say the word
clip_01208,train,say the word fall,TESS,1.0,say the word
clip_09920,train,say the word rat,TESS,1.0,say the word
clip_05777,train,say the word lod,TESS,1.0,say the word
clip_07026,train,say the word rush,TESS,1.0,say the word
clip_07785,train,say the word vote,TESS,1.0,say the word
clip_00016,train,say the word which,TESS,1.0,say the word
clip_07492,train,say the word deep,TESS,1.0,say the word
clip_01531,train,say the word moon,TESS,1.0,say the word
clip_05914,train,say the word hate,TESS,1.0,say the word
clip_07731,train,say the word burn,TESS,1.0,say the word
clip_04285,train,say the word five,TESS,1.0,say the word
clip_03722,train,say the word love,TESS,1.0,say the word
clip_07237,train,say the word learn,TESS,1.0,say the word
clip_02488,train,say the word tool,TESS,1.0,say the word
clip_01298,train,say the word mob,TESS,1.0,say the word
clip_04553,train,say the word jail,TESS,1.0,say the word
clip_08423,train,say the word late,TESS,1.0,say the word
clip_05505,train,say the word soup,TESS,1.0,say the word
clip_09011,train,say the word chat,TESS,1.0,say the word
clip_00562,train,say the word chief,TESS,1.0,say the word
clip_03484,train,see the word fall,UNKNOWN,0.4324,the surface is slick
clip_04445,train,say the word but,TESS,1.0,say the word
clip_08912,train,say the word team,TESS,1.0,say the word
clip_09863,train,say the word lease,TESS,1.0,say the word
clip_10467,train,say the word check,TESS,1.0,say the word
clip_07571,train,say the word being,TESS,1.0,say the word
clip_06419,train,say the word good,TESS,1.0,say the word
clip_04614,train,say the word cell,TESS,1.0,say the word
clip_09002,train,say the word mop,TESS,1.0,say the word
clip_02875,train,say the word tyre,TESS,1.0,say the word
clip_10812,test,im on my way to the meeting,CREMA-D,1.0,im on my way to the meeting
clip_03273,test,thats how this is slick,UNKNOWN,0.5581,the surface is slick
clip_01121,train,so i have no clock,UNKNOWN,0.4583,i would like a new alarm clock
clip_00129,train,its 11 oclock,CREMA-D,1.0,its 11 oclock
clip_01223,train,dont forget to jock it,CREMA-D,0.8095,dont forget a jacket
clip_06618,train,its 11 oclock,CREMA-D,1.0,its 11 oclock
clip_02384,test,dont forget a jacket,CREMA-D,1.0,dont forget a jacket
clip_05553,train,its 11 oclock,CREMA-D,1.0,its 11 oclock
clip_09105,train,the surface is slick,CREMA-D,1.0,the surface is slick
clip_00614,train,the surface is slick,CREMA-D,1.0,the surface is slick
clip_06787,train,its 11 oclock,CREMA-D,1.0,its 11 oclock
clip_04166,train,its 11 oclock,CREMA-D,1.0,its 11 oclock
clip_08030,train,i wonder what this is about,CREMA-D,1.0,i wonder what this is about
clip_07604,train,its 11 oclock,CREMA-D,1.0,its 11 oclock
clip_09186,train,its 11 oclock,CREMA-D,1.0,its 11 oclock
clip_10428,train,i wonder what this is about,CREMA-D,1.0,i wonder what this is about
clip_01972,train,i think i have a doctors appointment,CREMA-D,1.0,i think i have a doctors appointment
clip_05041,train,well i wonder what this is about,CREMA-D,0.9153,i wonder what this is about
clip_08723,train,im on my way to the meeting,CREMA-D,1.0,im on my way to the meeting
clip_02502,train,its 11 oclock,CREMA-D,1.0,its 11 oclock
clip_06498,train,i think ive seen this before,CREMA-D,1.0,i think ive seen this before
clip_01971,train,its 11 oclock,CREMA-D,1.0,its 11 oclock
clip_07535,train,i wonder what this is about,CREMA-D,1.0,i wonder what this is about
clip_03633,train,its 11 oclock,CREMA-D,1.0,its 11 oclock
clip_01732,train,the airplane is almost full,CREMA-D,1.0,the airplane is almost full
clip_09024,train,its 11 oclock,CREMA-D,1.0,its 11 oclock
clip_01436,train,its 11 oclock,CREMA-D,1.0,its 11 oclock
clip_06215,test,its 11 oclock,CREMA-D,1.0,its 11 oclock
clip_00321,train,dont forget a jacket,CREMA-D,1.0,dont forget a jacket
clip_09316,train,its 11 oclock,CREMA-D,1.0,its 11 oclock
clip_09306,train,i wonder what this is about,CREMA-D,1.0,i wonder what this is about
clip_10634,train,its 11 oclock,CREMA-D,1.0,its 11 oclock
clip_05109,test,its 11 oclock,CREMA-D,1.0,its 11 oclock
clip_02895,train,dont forget to check it,CREMA-D,0.7442,dont forget a jacket
clip_06705,test,dont forget a jacket,CREMA-D,1.0,dont forget a jacket
clip_05246,train,maybe tomorrow well be cold,CREMA-D,0.9123,maybe tomorrow it will be cold
clip_01274,train,i wonder what this is about,CREMA-D,1.0,i wonder what this is about
clip_09646,test,dont forget a jacket,CREMA-D,1.0,dont forget a jacket
clip_02147,train,its 11 oclock,CREMA-D,1.0,its 11 oclock
clip_04750,train,the surface is slick,CREMA-D,1.0,the surface is slick
clip_05924,test,well stop in a couple of minutes,CREMA-D,1.0,well stop in a couple of minutes
clip_10126,train,its 11 oclock,CREMA-D,1.0,its 11 oclock
clip_00045,train,i wonder what this is about,CREMA-D,1.0,i wonder what this is about
clip_00897,train,its 11 oclock,CREMA-D,1.0,its 11 oclock
clip_03781,train,its 11 oclock,CREMA-D,1.0,its 11 oclock
clip_07992,train,the surface is slick,CREMA-D,1.0,the surface is slick
clip_06064,train,its 11 oclock,CREMA-D,1.0,its 11 oclock
clip_02324,train,i wonder what this is about,CREMA-D,1.0,i wonder what this is about
clip_05095,train,im on my way to the meeting,CREMA-D,1.0,im on my way to the meeting
clip_08917,train,the airplane is almost full,CREMA-D,1.0,the airplane is almost full
clip_04765,test,its 11 oclock,CREMA-D,1.0,its 11 oclock
clip_04296,train,im on my way to the meeting,CREMA-D,1.0,im on my way to the meeting
clip_03689,train,its 11 oclock okay,CREMA-D,0.8387,its 11 oclock
clip_05643,test,dont forget to check it,CREMA-D,0.7442,dont forget a jacket
clip_00907,train,dont forget to jack it,CREMA-D,0.8571,dont forget a jacket
clip_07573,test,the surface is slick,CREMA-D,1.0,the surface is slick
clip_04590,train,the airplane is almost full,CREMA-D,1.0,the airplane is almost full
clip_04668,train,im on my way to the meeting,CREMA-D,1.0,im on my way to the meeting
clip_09274,train,its 11 oclock,CREMA-D,1.0,its 11 oclock
clip_08097,train,until 11 oclock,CREMA-D,0.7857,its 11 oclock
clip_00698,train,its 11 oclock,CREMA-D,1.0,its 11 oclock
clip_07550,train,i wonder what this is about,CREMA-D,1.0,i wonder what this is about
clip_00727,train,the surface is slick,CREMA-D,1.0,the surface is slick
clip_02843,train,i wonder what this is about,CREMA-D,1.0,i wonder what this is about
clip_04933,train,the service is slick,CREMA-D,0.85,the surface is slick
clip_00035,train,the airplane is almost full,CREMA-D,1.0,the airplane is almost full
clip_07094,train,i wonder what this is about,CREMA-D,1.0,i wonder what this is about
clip_05007,train,i think ive seen this before,CREMA-D,1.0,i think ive seen this before
clip_03292,train,its 11 oclock,CREMA-D,1.0,its 11 oclock
clip_04478,test,im on my way to the meeting,CREMA-D,1.0,im on my way to the meeting
clip_01189,train,dont forget to jack it,CREMA-D,0.8571,dont forget a jacket
clip_07397,train,the surface is slick,CREMA-D,1.0,the surface is slick
clip_08700,test,its still on my clock,UNKNOWN,0.6471,its 11 oclock
clip_06456,train,dont forget a jacket,CREMA-D,1.0,dont forget a jacket
clip_07700,test,its 11 oclock,CREMA-D,1.0,its 11 oclock
clip_09094,train,im on my way to the meeting,CREMA-D,1.0,im on my way to the meeting
clip_09902,train,the airplane is almost full,CREMA-D,1.0,the airplane is almost full
clip_03694,test,the surface is slick,CREMA-D,1.0,the surface is slick
clip_04112,train,the surface is slick,CREMA-D,1.0,the surface is slick
clip_02998,train,well stop for a couple of minutes,CREMA-D,0.9231,well stop in a couple of minutes
clip_08052,train,its 11 oclock,CREMA-D,1.0,its 11 oclock
clip_03389,train,im on my way to the meeting,CREMA-D,1.0,im on my way to the meeting
clip_00008,train,the surface is slick,CREMA-D,1.0,the surface is slick
clip_04940,train,i would like a new alarm clock,CREMA-D,1.0,i would like a new alarm clock
clip_03396,train,dont forget to jack it,CREMA-D,0.8571,dont forget a jacket
clip_06923,train,say the word wash,TESS,1.0,say the word
clip_01359,train,say the word ditch,TESS,1.0,say the word
clip_06023,train,say the word voice,TESS,1.0,say the word
clip_01867,train,say the word luck,TESS,1.0,say the word
clip_00535,train,say the word knock,TESS,1.0,say the word
clip_07668,train,say the word mess,TESS,1.0,say the word
clip_07366,train,say the word fit,TESS,1.0,say the word
clip_10362,train,say the word death,TESS,1.0,say the word
clip_02210,train,say the word cause,TESS,1.0,say the word
clip_05447,train,say the word shall,TESS,1.0,say the word
clip_01945,train,say the word life,TESS,1.0,say the word
clip_03465,train,say the word shirt,TESS,1.0,say the word
clip_10197,train,say the word whip,TESS,1.0,say the word
clip_02344,train,say the word lod,TESS,1.0,say the word
clip_02452,train,say the word rag,TESS,1.0,say the word
clip_07414,train,say the word jug,TESS,1.0,say the word
clip_00790,train,say the word door,TESS,1.0,say the word
clip_05749,train,say the word mood,TESS,1.0,say the word
clip_06320,train,say the word nag,TESS,1.0,say the word
clip_02412,train,say the word met,TESS,1.0,say the word
clip_08041,train,say the word south,TESS,1.0,say the word
clip_06075,train,say the word juice,TESS,1.0,say the word
clip_05097,train,say the word sub,TESS,1.0,say the word
clip_03169,train,say the word door,TESS,1.0,say the word
clip_04010,train,say the word raid,TESS,1.0,say the word
clip_01422,train,say the word deb,TESS,1.0,say the word
clip_04904,train,say the word fat,TESS,1.0,say the word
clip_03307,train,say the word tool,TESS,1.0,say the word
clip_07087,train,say the word ton,TESS,1.0,say the word
clip_02899,train,say the word home,TESS,1.0,say the word
clip_07406,train,say the word limb,TESS,1.0,say the word
clip_05967,train,say the word date,TESS,1.0,say the word
clip_06008,train,say the word dip,TESS,1.0,say the word
clip_09198,train,say the word thought,TESS,1.0,say the word
clip_04123,train,say the word late,TESS,1.0,say the word
clip_10511,train,say the word goose,TESS,1.0,say the word
clip_01644,train,say the word tool,TESS,1.0,say the word
clip_04843,train,say the word king,TESS,1.0,say the word
clip_08486,train,say the word phone,TESS,1.0,say the word
clip_00719,train,say the word late,TESS,1.0,say the word
clip_08176,train,say the word tape,TESS,1.0,say the word
clip_09313,train,say the word jug,TESS,1.0,say the word
clip_02541,train,say the word king,TESS,1.0,say the word
clip_09851,train,see the word tip,UNKNOWN,0.4091,kids are talking by the door
clip_01584,train,say the word hash,TESS,1.0,say the word
clip_03734,train,say the word hurl,TESS,1.0,say the word
clip_09457,train,say the word long,TESS,1.0,say the word
clip_07090,train,say the word young,TESS,1.0,say the word
clip_10024,train,say the word chalk,TESS,1.0,say the word
clip_04749,train,say the word read,TESS,1.0,say the word
clip_04353,train,say the word search,TESS,1.0,say the word
clip_05448,train,its 11 oclock,CREMA-D,1.0,its 11 oclock
clip_07076,train,dont forget to jack it,CREMA-D,0.8571,dont forget a jacket
clip_09506,train,its 11 oclock,CREMA-D,1.0,its 11 oclock
clip_04961,train,dont forget to jack it,CREMA-D,0.8571,dont forget a jacket
clip_10740,train,i wonder what this is about,CREMA-D,1.0,i wonder what this is about
clip_10757,train,i will let the new alarm clock,CREMA-D,0.8,i would like a new alarm clock
clip_09519,train,its 11 oclock,CREMA-D,1.0,its 11 oclock
clip_01926,train,its 11 oclock,CREMA-D,1.0,its 11 oclock
clip_05461,train,its 11 oclock,CREMA-D,1.0,its 11 oclock
clip_06860,train,the surface is slick,CREMA-D,1.0,the surface is slick
clip_02019,train,its 11 oclock,CREMA-D,1.0,its 11 oclock
clip_10118,train,the surface is slick,CREMA-D,1.0,the surface is slick
clip_01196,train,its 11 oclock,CREMA-D,1.0,its 11 oclock
clip_08648,train,its 11 oclock,CREMA-D,1.0,its 11 oclock
clip_02073,train,get your love in your car,UNKNOWN,0.4364,i would like a new alarm clock
clip_10671,train,its 11 oclock,CREMA-D,1.0,its 11 oclock
clip_09706,train,the airplane is almost full,CREMA-D,1.0,the airplane is almost full
clip_09401,train,its 11 oclock,CREMA-D,1.0,its 11 oclock
clip_05851,train,dont forget to check it,CREMA-D,0.7442,dont forget a jacket
clip_09719,train,the surface is slick,CREMA-D,1.0,the surface is slick
clip_06375,train,its 11 oclock,CREMA-D,1.0,its 11 oclock
clip_07332,train,its 11 oclock,CREMA-D,1.0,its 11 oclock
clip_02601,train,its 11 oclock,CREMA-D,1.0,its 11 oclock
clip_02766,train,im on my way to the meeting,CREMA-D,1.0,im on my way to the meeting
clip_09203,train,its 11 oclock,CREMA-D,1.0,its 11 oclock
clip_09837,train,im on my way to the meeting,CREMA-D,1.0,im on my way to the meeting
clip_02610,train,i think i have a doctors appointment,CREMA-D,1.0,i think i have a doctors appointment
clip_07972,test,its 11 oclock,CREMA-D,1.0,its 11 oclock
clip_02037,train,its 11 oclock,CREMA-D,1.0,its 11 oclock
clip_03250,train,im on my way to the meeting,CREMA-D,1.0,im on my way to the meeting
clip_00104,train,its 11 oclock,CREMA-D,1.0,its 11 oclock
clip_08182,test,its 11 oclock,CREMA-D,1.0,its 11 oclock
clip_06342,train,its 11 oclock,CREMA-D,1.0,its 11 oclock
clip_01861,train,its 11 oclock,CREMA-D,1.0,its 11 oclock
clip_01864,train,i wonder what this is about,CREMA-D,1.0,i wonder what this is about
clip_09438,train,well i clock,UNKNOWN,0.56,its 11 oclock
clip_04346,train,its 11 oclock,CREMA-D,1.0,its 11 oclock
clip_02542,train,the surface is slick,CREMA-D,1.0,the surface is slick
clip_06996,train,its 11 oclock,CREMA-D,1.0,its 11 oclock
clip_03910,train,its 11 oclock,CREMA-D,1.0,its 11 oclock
clip_07850,train,dont forget to check it,CREMA-D,0.7442,dont forget a jacket
clip_06034,train,i wonder what this is about,CREMA-D,1.0,i wonder what this is about
clip_03645,train,so let it clock,UNKNOWN,0.5714,its 11 oclock
clip_01397,train,the surface is slick,CREMA-D,1.0,the surface is slick
clip_03892,train,its 11 oclock,CREMA-D,1.0,its 11 oclock
clip_00797,train,its 11 oclock,CREMA-D,1.0,its 11 oclock
clip_02784,train,dont forget to check it,CREMA-D,0.7442,dont forget a jacket
clip_04663,train,its 11 oclock,CREMA-D,1.0,its 11 oclock
clip_04520,train,dont forget to check it,CREMA-D,0.7442,dont forget a jacket
clip_08464,train,its 11 oclock,CREMA-D,1.0,its 11 oclock
clip_08447,train,the surface is slick,CREMA-D,1.0,the surface is slick
clip_08435,train,i wonder what this is about,CREMA-D,1.0,i wonder what this is about
clip_01891,train,i move my way to the meeting,CREMA-D,0.9091,im on my way to the meeting
clip_06233,train,its 11 oclock,CREMA-D,1.0,its 11 oclock
clip_00430,train,i would like a new alarm clock,CREMA-D,1.0,i would like a new alarm clock
clip_00317,train,its 11 oclock,CREMA-D,1.0,its 11 oclock
clip_03030,train,dont forget to tack it,CREMA-D,0.8095,dont forget a jacket
clip_01774,train,its 11 oclock,CREMA-D,1.0,its 11 oclock
clip_07015,train,im on my way to the meeting,CREMA-D,1.0,im on my way to the meeting
clip_08342,train,its 11 oclock,CREMA-D,1.0,its 11 oclock
clip_05820,train,its 11 oclock,CREMA-D,1.0,its 11 oclock
clip_06412,train,dont forget to jack it,CREMA-D,0.8571,dont forget a jacket
clip_03532,train,i wonder what this is about,CREMA-D,1.0,i wonder what this is about
clip_09656,test,its 11 oclock,CREMA-D,1.0,its 11 oclock
clip_06508,train,its 11 oclock,CREMA-D,1.0,its 11 oclock
clip_06514,train,i wonder what this is about,CREMA-D,1.0,i wonder what this is about
clip_00528,train,its a lovely clock,CREMA-D,0.7097,its 11 oclock
clip_09939,train,i think ive seen this before,CREMA-D,1.0,i think ive seen this before
clip_08305,train,i think i have a doctors appointment,CREMA-D,1.0,i think i have a doctors appointment
clip_01308,test,its 11 oclock,CREMA-D,1.0,its 11 oclock
clip_08143,train,its 11 oclock,CREMA-D,1.0,its 11 oclock
clip_03954,train,its 11 oclock,CREMA-D,1.0,its 11 oclock
clip_05035,train,maybe tomorrow will be cold,CREMA-D,0.9474,maybe tomorrow it will be cold
clip_10761,train,maybe tomorrow will be cold,CREMA-D,0.9474,maybe tomorrow it will be cold
clip_08196,train,i wonder what this is about,CREMA-D,1.0,i wonder what this is about
clip_07328,test,its 11 oclock,CREMA-D,1.0,its 11 oclock
clip_09336,train,its 11 oclock,CREMA-D,1.0,its 11 oclock
clip_01975,train,i think ive seen this before,CREMA-D,1.0,i think ive seen this before
clip_07622,train,the airplane is almost full,CREMA-D,1.0,the airplane is almost full
clip_09072,train,its 11 oclock,CREMA-D,1.0,its 11 oclock
clip_04005,train,the surface is slick,CREMA-D,1.0,the surface is slick
clip_10626,train,well stop at a couple of minutes,CREMA-D,0.9375,well stop in a couple of minutes
clip_09252,train,i wonder what this is about,CREMA-D,1.0,i wonder what this is about
clip_05190,train,its 11 oclock,CREMA-D,1.0,its 11 oclock
clip_04360,train,its 11 oclock,CREMA-D,1.0,its 11 oclock
clip_02809,train,11 oclock,CREMA-D,0.8182,its 11 oclock
clip_09910,test,its 11 oclock,CREMA-D,1.0,its 11 oclock
clip_09804,test,its 11 oclock,CREMA-D,1.0,its 11 oclock
clip_06930,train,its 11 oclock,CREMA-D,1.0,its 11 oclock
clip_05979,test,i think ive seen this before,CREMA-D,1.0,i think ive seen this before
clip_01735,train,its 11 oclock,CREMA-D,1.0,its 11 oclock
clip_00491,test,its 11 oclock,CREMA-D,1.0,its 11 oclock
clip_05000,train,its a love of the quack,UNKNOWN,0.5,its 11 oclock
clip_00027,train,i think i have a doctors appointment,CREMA-D,1.0,i think i have a doctors appointment
clip_03413,train,say the word walk,TESS,1.0,say the word
clip_00017,train,say the word mob,TESS,1.0,say the word
clip_09869,train,say the word king,TESS,1.0,say the word
clip_03972,train,say the word dodge,TESS,1.0,say the word
clip_01660,train,say the word whole,TESS,1.0,say the word
clip_07643,train,say the word check,TESS,1.0,say the word
clip_03810,train,say the word sheep,TESS,1.0,say the word
clip_04236,train,say the word time,TESS,1.0,say the word
clip_08010,train,say the word jar,TESS,1.0,say the word
clip_09779,train,say the word chain,TESS,1.0,say the word
clip_01147,train,say the word talk,TESS,1.0,say the word
clip_08286,train,say the word go,TESS,1.0,say the word
clip_04284,train,say the word death,TESS,1.0,say the word
clip_03063,train,say the word chalk,TESS,1.0,say the word
clip_09157,train,say the word dead,TESS,1.0,say the word
clip_07677,train,say the word fat,TESS,1.0,say the word
clip_02829,train,say the word hate,TESS,1.0,say the word
clip_08171,train,say the word race,TESS,1.0,say the word
clip_00358,train,say the word road,TESS,1.0,say the word
clip_09081,train,say the word dodge,TESS,1.0,say the word
clip_06282,train,say the word higher,TESS,1.0,say the word
clip_01445,train,say the word hit,TESS,1.0,say the word
clip_10551,train,say the word dull,TESS,1.0,say the word
clip_04926,train,say the word whole,TESS,1.0,say the word
clip_08879,train,say the word met,TESS,1.0,say the word
clip_00971,train,say the word calm,TESS,1.0,say the word
clip_01875,train,say the word ditch,TESS,1.0,say the word
clip_06749,train,say the word keg,TESS,1.0,say the word
clip_09473,train,say the word lean,TESS,1.0,say the word
clip_00866,train,see the word gun,UNKNOWN,0.4091,kids are talking by the door
clip_01990,train,say the word hit,TESS,1.0,say the word
clip_02752,train,say the word cool,TESS,1.0,say the word
clip_09873,train,say the word cell,TESS,1.0,say the word
clip_00546,train,say the word moon,TESS,1.0,say the word
clip_08817,train,say the word fit,TESS,1.0,say the word
clip_03881,train,say the word jail,TESS,1.0,say the word
clip_01823,train,say the word turn,TESS,1.0,say the word
clip_01400,train,say the word third,TESS,1.0,say the word
clip_09703,train,say the word key,TESS,1.0,say the word
clip_00667,train,say the word fine,TESS,1.0,say the word
clip_03114,train,say the word rose,TESS,1.0,say the word
clip_06385,train,say the word fit,TESS,1.0,say the word
clip_01159,train,say the word good,TESS,1.0,say the word
clip_06198,train,say the word door,TESS,1.0,say the word
clip_09760,train,say the word deep,TESS,1.0,say the word
clip_06598,train,say the word limb,TESS,1.0,say the word
clip_06607,train,say the word kite,TESS,1.0,say the word
clip_03209,train,say the word shout,TESS,1.0,say the word
clip_03504,train,say the word deep,TESS,1.0,say the word
clip_04942,train,say the word mob,TESS,1.0,say the word
clip_00560,train,say the word choice,TESS,1.0,say the word
clip_00333,train,say the word keg,TESS,1.0,say the word
clip_08380,test,its 11 oclock,CREMA-D,1.0,its 11 oclock
clip_01651,test,its 11 oclock,CREMA-D,1.0,its 11 oclock
clip_03483,train,i think ive seen this before,CREMA-D,1.0,i think ive seen this before
clip_03324,train,dont forget to jack it,CREMA-D,0.8571,dont forget a jacket
clip_01935,train,well stop in a couple of minutes,CREMA-D,1.0,well stop in a couple of minutes
clip_01942,train,its 11 oclock,CREMA-D,1.0,its 11 oclock
clip_03365,train,im on my way to the meeting,CREMA-D,1.0,im on my way to the meeting
clip_01207,train,dont forget a jacket,CREMA-D,1.0,dont forget a jacket
clip_06849,train,dont forget a jacket,CREMA-D,1.0,dont forget a jacket
clip_04107,train,its 11 oclock,CREMA-D,1.0,its 11 oclock
clip_04951,test,dont forget a jacket,CREMA-D,1.0,dont forget a jacket
clip_09091,train,im all in my way to the meeting,CREMA-D,0.8966,im on my way to the meeting
clip_08407,train,its 11 oclock,CREMA-D,1.0,its 11 oclock
clip_00444,train,its 11 oclock,CREMA-D,1.0,its 11 oclock
clip_00097,train,dont forget to check it,CREMA-D,0.7442,dont forget a jacket
clip_08680,train,i would like a new alarm clock,CREMA-D,1.0,i would like a new alarm clock
clip_04740,train,its 11 oclock,CREMA-D,1.0,its 11 oclock
clip_06558,train,i think i have a doctors appointment,CREMA-D,1.0,i think i have a doctors appointment
clip_04711,train,dont forget a jacket,CREMA-D,1.0,dont forget a jacket
clip_03607,train,its 11 oclock,CREMA-D,1.0,its 11 oclock
clip_08588,train,its 11 oclock,CREMA-D,1.0,its 11 oclock
clip_03557,train,im on my way to the meeting,CREMA-D,1.0,im on my way to the meeting
clip_00835,train,dont forget a jacket,CREMA-D,1.0,dont forget a jacket
clip_04025,train,its 11 oclock,CREMA-D,1.0,its 11 oclock
clip_04020,train,its 11 oclock,CREMA-D,1.0,its 11 oclock
clip_00529,train,im on my way to the meeting,CREMA-D,1.0,im on my way to the meeting
clip_07555,train,dont forget a jacket,CREMA-D,1.0,dont forget a jacket
clip_01481,train,its 11 oclock,CREMA-D,1.0,its 11 oclock
clip_07876,train,dont forget to check it,CREMA-D,0.7442,dont forget a jacket
clip_10255,test,its 11 oclock,CREMA-D,1.0,its 11 oclock
clip_01901,train,its 11 oclock,CREMA-D,1.0,its 11 oclock
clip_00415,test,i would like to do a lot of clock,CREMA-D,0.7302,i would like a new alarm clock
clip_08967,train,the surface is slick,CREMA-D,1.0,the surface is slick
clip_00720,test,dont forget a jacket,CREMA-D,1.0,dont forget a jacket
clip_01050,train,im on my way to the meeting,CREMA-D,1.0,im on my way to the meeting
clip_02954,train,i think i have a doctors appointment,CREMA-D,1.0,i think i have a doctors appointment
clip_08336,train,the airplane is almost full,CREMA-D,1.0,the airplane is almost full
clip_03405,train,its 11 oclock,CREMA-D,1.0,its 11 oclock
clip_06764,train,its a leather lock,UNKNOWN,0.5806,its 11 oclock
clip_00591,test,i wonder what this is about,CREMA-D,1.0,i wonder what this is about
clip_02756,test,dont forget to jack it,CREMA-D,0.8571,dont forget a jacket
clip_06133,train,i wonder what this is about,CREMA-D,1.0,i wonder what this is about
clip_05214,train,its 11 oclock,CREMA-D,1.0,its 11 oclock
clip_03309,test,its 11 oclock,CREMA-D,1.0,its 11 oclock
clip_05288,train,the surface is slick,CREMA-D,1.0,the surface is slick
clip_02496,train,the surface is slick,CREMA-D,1.0,the surface is slick
clip_05541,train,i wonder what this is about,CREMA-D,1.0,i wonder what this is about
clip_07314,test,its 11 oclock,CREMA-D,1.0,its 11 oclock
clip_04153,train,its a lot of my clock,UNKNOWN,0.6471,its 11 oclock
clip_06450,train,its 11 oclock,CREMA-D,1.0,its 11 oclock
clip_10759,train,its 11 oclock,CREMA-D,1.0,its 11 oclock
clip_05929,train,i would like a new alarm clock,CREMA-D,1.0,i would like a new alarm clock
clip_04715,train,the surface is slick,CREMA-D,1.0,the surface is slick
clip_01983,train,its 11 oclock,CREMA-D,1.0,its 11 oclock
clip_01965,train,i think ive seen this before,CREMA-D,1.0,i think ive seen this before
clip_05284,train,im on my way to the meeting,CREMA-D,1.0,im on my way to the meeting
clip_06086,train,im on my way to the meeting,CREMA-D,1.0,im on my way to the meeting
clip_09056,train,i would like a new alarm clock,CREMA-D,1.0,i would like a new alarm clock
clip_02436,train,its 11 oclock,CREMA-D,1.0,its 11 oclock
clip_04434,train,the surface is slick,CREMA-D,1.0,the surface is slick
clip_02337,train,the surface is slick,CREMA-D,1.0,the surface is slick
clip_05618,train,dont forget to jack it,CREMA-D,0.8571,dont forget a jacket
clip_10360,train,airplane is almost full,CREMA-D,0.92,the airplane is almost full
clip_10676,train,the surface is slick,CREMA-D,1.0,the surface is slick
clip_02996,train,dont forget a jacket,CREMA-D,1.0,dont forget a jacket
clip_00803,train,its 11 oclock,CREMA-D,1.0,its 11 oclock
clip_08348,train,dont forget to jack it,CREMA-D,0.8571,dont forget a jacket
clip_09289,train,im on my way to the meeting,CREMA-D,1.0,im on my way to the meeting
clip_09398,train,i wonder what this is about,CREMA-D,1.0,i wonder what this is about
clip_00659,train,the surface is slick,CREMA-D,1.0,the surface is slick
clip_01316,train,i wonder what this is about,CREMA-D,1.0,i wonder what this is about
clip_00870,train,i think ive seen this before,CREMA-D,1.0,i think ive seen this before
clip_08208,train,i wonder what this is about,CREMA-D,1.0,i wonder what this is about
clip_07119,train,the airplane is almost full,CREMA-D,1.0,the airplane is almost full
clip_10864,train,its 11 oclock,CREMA-D,1.0,its 11 oclock
clip_03261,train,i think ive seen this before,CREMA-D,1.0,i think ive seen this before
clip_08824,train,its 11 oclock,CREMA-D,1.0,its 11 oclock
clip_03280,train,its 11 oclock,CREMA-D,1.0,its 11 oclock
clip_02633,train,well stop in a couple of minutes,CREMA-D,1.0,well stop in a couple of minutes
clip_06137,train,i think ive seen this before,CREMA-D,1.0,i think ive seen this before
clip_05613,train,its 11 oclock,CREMA-D,1.0,its 11 oclock
clip_07970,train,dont forget to check it,CREMA-D,0.7442,dont forget a jacket
clip_06842,train,its 11 oclock,CREMA-D,1.0,its 11 oclock
clip_00757,train,say the word wag,TESS,1.0,say the word
clip_08727,train,say the word base,TESS,1.0,say the word
clip_05040,train,say the word half,TESS,1.0,say the word
clip_04515,train,say the word lot,TESS,1.0,say the word
clip_10654,train,say the word wheat,TESS,1.0,say the word
clip_02137,train,say the word boat,TESS,1.0,say the word
clip_01778,train,say the word fail,TESS,1.0,say the word
clip_06041,train,say the word rut,TESS,1.0,say the word
clip_05391,train,say the word lod,TESS,1.0,say the word
clip_04600,train,say the word luck,TESS,1.0,say the word
clip_04854,train,say the word being,TESS,1.0,say the word
clip_05334,train,say the word loaf,TESS,1.0,say the word
clip_04317,train,say the word keg,TESS,1.0,say the word
clip_00449,train,say the word bath,TESS,1.0,say the word
clip_04338,train,say the word fail,TESS,1.0,say the word
clip_07841,train,say the word mill,TESS,1.0,say the word
clip_04773,train,say the word rough,TESS,1.0,say the word
clip_06304,train,say the word purl,TESS,1.0,say the word
clip_06229,train,say the word lean,TESS,1.0,say the word
clip_10875,train,say the word bone,TESS,1.0,say the word
clip_09346,train,say the word live,TESS,1.0,say the word
clip_05773,train,say the word deep,TESS,1.0,say the word
clip_05054,train,say the word pool,TESS,1.0,say the word
clip_08349,train,say the word cool,TESS,1.0,say the word
clip_02557,train,say the word knock,TESS,1.0,say the word
clip_00061,train,say the word cab,TESS,1.0,say the word
clip_07127,train,say the word sure,TESS,1.0,say the word
clip_10212,train,say the word pull,TESS,1.0,say the word
clip_04054,train,say the word tape,TESS,1.0,say the word
clip_03429,train,say the word met,TESS,1.0,say the word
clip_02258,train,say the word base,TESS,1.0,say the word
clip_05394,train,see the word base,UNKNOWN,0.4444,i think ive seen this before
clip_00703,train,say the word shall,TESS,1.0,say the word
clip_06243,train,say the word mode,TESS,1.0,say the word
clip_04871,train,say the word whole,TESS,1.0,say the word
clip_04474,train,say the word merch,TESS,1.0,say the word
clip_05668,train,say the word walk,TESS,1.0,say the word
clip_07388,train,say the word get,TESS,1.0,say the word
clip_00149,train,say the word raid,TESS,1.0,say the word
clip_05445,train,say the word young,TESS,1.0,say the word
clip_03686,train,say the word pad,TESS,1.0,say the word
clip_07266,train,say the word being,TESS,1.0,say the word
clip_06904,train,say the word limb,TESS,1.0,say the word
clip_06780,train,say the words said,TESS,1.0,say the word
clip_05173,train,say the word hurl,TESS,1.0,say the word
clip_08214,train,say the word hush,TESS,1.0,say the word
clip_07050,train,say the word hurl,TESS,1.0,say the word
clip_01703,train,say the word pike,TESS,1.0,say the word
clip_03741,train,say the word pad,TESS,1.0,say the word
clip_03733,train,say the word get,TESS,1.0,say the word
clip_06863,train,say the word dab,TESS,1.0,say the word
clip_06351,train,say the word ton,TESS,1.0,say the word
clip_08764,train,say the word choice,TESS,1.0,say the word
clip_00809,train,say the word pick,TESS,1.0,say the word
clip_01621,train,say the word share,TESS,1.0,say the word
clip_00250,train,say the word dime,TESS,1.0,say the word
clip_00279,train,say the word chat,TESS,1.0,say the word
clip_00634,train,say the word wag,TESS,1.0,say the word
clip_10007,train,say the word death,TESS,1.0,say the word
clip_01789,train,say the word search,TESS,1.0,say the word
clip_04644,train,say the word get,TESS,1.0,say the word
clip_08920,train,say the word near,TESS,1.0,say the word
clip_03698,train,see the word beg,UNKNOWN,0.4091,kids are talking by the door
clip_04460,train,say the word pain,TESS,1.0,say the word
clip_08112,train,say the word king,TESS,1.0,say the word
clip_02233,train,say the word young,TESS,1.0,say the word
clip_03536,train,say the word cab,TESS,1.0,say the word
clip_07476,train,say the word soap,TESS,1.0,say the word
clip_10260,train,say the word book,TESS,1.0,say the word
clip_00144,train,say the word witch,TESS,1.0,say the word
clip_04982,train,say the word rough,TESS,1.0,say the word
clip_09674,train,say the word bite,TESS,1.0,say the word
clip_06306,train,say the word ripe,TESS,1.0,say the word
clip_08857,train,say the word burn,TESS,1.0,say the word
clip_04294,train,say the word yarn,TESS,1.0,say the word
clip_01770,train,say the word make,TESS,1.0,say the word
clip_02572,train,say the word ton,TESS,1.0,say the word
clip_05610,train,say the word soup,TESS,1.0,say the word
clip_03136,train,say the word burn,TESS,1.0,say the word
clip_08110,train,say the word near,TESS,1.0,say the word
clip_10863,train,dont forget to jack it,CREMA-D,0.8571,dont forget a jacket
clip_06567,train,dont forget to check it,CREMA-D,0.7442,dont forget a jacket
clip_01148,train,im on my way to the meeting,CREMA-D,1.0,im on my way to the meeting
clip_10831,train,11 oclock,CREMA-D,0.8182,its 11 oclock
clip_08716,train,its 11 oclock,CREMA-D,1.0,its 11 oclock
clip_02117,train,its 11 oclock,CREMA-D,1.0,its 11 oclock
clip_04850,train,im on my way to the meeting,CREMA-D,1.0,im on my way to the meeting
clip_04813,train,its 11 oclock,CREMA-D,1.0,its 11 oclock
clip_08674,train,its 11 oclock,CREMA-D,1.0,its 11 oclock
clip_05032,train,its 11 oclock,CREMA-D,1.0,its 11 oclock
clip_01917,train,maybe tomorrow it will be cold,CREMA-D,1.0,maybe tomorrow it will be cold
clip_01930,train,i wonder what this is about,CREMA-D,1.0,i wonder what this is about
clip_01916,train,its 11 oclock,CREMA-D,1.0,its 11 oclock
clip_02175,train,its 11 oclock,CREMA-D,1.0,its 11 oclock
clip_09651,train,theres 11 oclock,CREMA-D,0.8276,its 11 oclock
clip_03479,train,the surface is slick,CREMA-D,1.0,the surface is slick
clip_04573,train,its 11 oclock,CREMA-D,1.0,its 11 oclock
clip_01903,train,its 11 oclock,CREMA-D,1.0,its 11 oclock
clip_02684,train,its 11 oclock,CREMA-D,1.0,its 11 oclock
clip_07003,train,dont forget a jacket,CREMA-D,1.0,dont forget a jacket
clip_10718,train,maybe tomorrow it will be cold,CREMA-D,1.0,maybe tomorrow it will be cold
clip_01669,train,i wonder what this is about,CREMA-D,1.0,i wonder what this is about
clip_03703,test,its 11 oclock,CREMA-D,1.0,its 11 oclock
clip_08201,train,its 11 oclock,CREMA-D,1.0,its 11 oclock
clip_01129,train,the surface is slick,CREMA-D,1.0,the surface is slick
clip_00182,train,its 11 oclock,CREMA-D,1.0,its 11 oclock
clip_02081,train,i think ive seen this before,CREMA-D,1.0,i think ive seen this before
clip_07723,train,its 11 oclock,CREMA-D,1.0,its 11 oclock
clip_08850,train,its 11 oclock,CREMA-D,1.0,its 11 oclock
clip_03565,train,its 11 oclock,CREMA-D,1.0,its 11 oclock
clip_06921,train,its 11 oclock,CREMA-D,1.0,its 11 oclock
clip_00385,test,its 11 oclock,CREMA-D,1.0,its 11 oclock
clip_09777,train,i would like a new alarm clock,CREMA-D,1.0,i would like a new alarm clock
clip_00769,train,its 11 oclock,CREMA-D,1.0,its 11 oclock
clip_08266,train,its 11 oclock,CREMA-D,1.0,its 11 oclock
clip_04999,test,its 11 oclock,CREMA-D,1.0,its 11 oclock
clip_07583,train,its 11 oclock,CREMA-D,1.0,its 11 oclock
clip_08838,test,its 11 oclock,CREMA-D,1.0,its 11 oclock
clip_04355,train,its 11 oclock,CREMA-D,1.0,its 11 oclock
clip_05166,train,its 11 oclock,CREMA-D,1.0,its 11 oclock
clip_01686,train,dont forget a jacket,CREMA-D,1.0,dont forget a jacket
clip_01993,test,dont forget to jack it,CREMA-D,0.8571,dont forget a jacket
clip_09355,train,its 11 oclock,CREMA-D,1.0,its 11 oclock
clip_08335,train,its 11 oclock,CREMA-D,1.0,its 11 oclock
clip_09763,test,its 11 oclock,CREMA-D,1.0,its 11 oclock
clip_04500,train,the surface is slick,CREMA-D,1.0,the surface is slick
clip_08316,train,im on my way to the meeting,CREMA-D,1.0,im on my way to the meeting
clip_07270,train,its 11 oclock,CREMA-D,1.0,its 11 oclock
clip_07630,train,its 11 oclock,CREMA-D,1.0,its 11 oclock
clip_05100,train,its 11 oclock,CREMA-D,1.0,its 11 oclock
clip_06526,train,i wonder what this is about,CREMA-D,1.0,i wonder what this is about
clip_00505,train,i wonder what this is about,CREMA-D,1.0,i wonder what this is about
clip_00751,train,its 11 oclock,CREMA-D,1.0,its 11 oclock
clip_04190,test,i think ive seen this before,CREMA-D,1.0,i think ive seen this before
clip_09937,train,im on my way to the meeting,CREMA-D,1.0,im on my way to the meeting
clip_08311,train,i think ive seen this before,CREMA-D,1.0,i think ive seen this before
clip_06234,train,the airplane is almost full,CREMA-D,1.0,the airplane is almost full
clip_03105,train,dont forget a jacket,CREMA-D,1.0,dont forget a jacket
clip_00938,test,its 11 oclock,CREMA-D,1.0,its 11 oclock
clip_05573,test,the surface is slick,CREMA-D,1.0,the surface is slick
clip_06721,train,the airplane is almost full,CREMA-D,1.0,the airplane is almost full
clip_04258,test,its 11 oclock,CREMA-D,1.0,its 11 oclock
clip_05072,train,dont forget to jack it,CREMA-D,0.8571,dont forget a jacket
clip_08955,train,the surface is slick,CREMA-D,1.0,the surface is slick
clip_10346,train,the airplane is almost full,CREMA-D,1.0,the airplane is almost full
clip_03922,train,its a lover of love,UNKNOWN,0.4375,its 11 oclock
clip_10639,train,the airplane is almost full,CREMA-D,1.0,the airplane is almost full
clip_09953,train,its 11 oclock,CREMA-D,1.0,its 11 oclock
clip_06669,train,well stop in a couple of minutes,CREMA-D,1.0,well stop in a couple of minutes
clip_02159,train,dont forget a jacket,CREMA-D,1.0,dont forget a jacket
clip_09983,train,its 11 oclock,CREMA-D,1.0,its 11 oclock
clip_07496,train,its 11 oclock,CREMA-D,1.0,its 11 oclock
clip_10677,train,its 11 oclock,CREMA-D,1.0,its 11 oclock
clip_07267,test,i wonder what this is about,CREMA-D,1.0,i wonder what this is about
clip_01362,train,its 11 oclock,CREMA-D,1.0,its 11 oclock
clip_07354,train,im on my way to the meeting,CREMA-D,1.0,im on my way to the meeting
clip_03148,train,i wonder what this is about,CREMA-D,1.0,i wonder what this is about
clip_09729,train,the airplane is almost full,CREMA-D,1.0,the airplane is almost full
clip_10516,train,its 11 oclock,CREMA-D,1.0,its 11 oclock
clip_05034,train,dont forget to check it,CREMA-D,0.7442,dont forget a jacket
clip_01640,train,dont forget to check it,CREMA-D,0.7442,dont forget a jacket
clip_04002,test,im on my way to the meeting,CREMA-D,1.0,im on my way to the meeting
clip_01526,train,its 11 oclock,CREMA-D,1.0,its 11 oclock
clip_09874,train,the surface is slick,CREMA-D,1.0,the surface is slick
clip_10585,train,the surface is slick,CREMA-D,1.0,the surface is slick
clip_04124,train,im on my way to the meeting,CREMA-D,1.0,im on my way to the meeting
clip_00548,train,dont forget a jacket,CREMA-D,1.0,dont forget a jacket
clip_03838,test,its 11 oclock,CREMA-D,1.0,its 11 oclock
clip_02711,train,i think ive seen this before,CREMA-D,1.0,i think ive seen this before
clip_04209,train,its 11 oclock,CREMA-D,1.0,its 11 oclock
clip_06120,train,its 11 oclock,CREMA-D,1.0,its 11 oclock
clip_01541,train,11 oclock,CREMA-D,0.8182,its 11 oclock
clip_05935,train,its 11 oclock,CREMA-D,1.0,its 11 oclock
clip_06538,test,well stop in a couple of minutes,CREMA-D,1.0,well stop in a couple of minutes
clip_09606,train,its 11 oclock,CREMA-D,1.0,its 11 oclock
clip_00416,train,its 11 oclock,CREMA-D,1.0,its 11 oclock
clip_02093,train,its 11 oclock,CREMA-D,1.0,its 11 oclock
clip_10231,train,its 11 oclock,CREMA-D,1.0,its 11 oclock
clip_01052,train,i think i have a doctors appointment,CREMA-D,1.0,i think i have a doctors appointment
clip_05212,train,i wonder what this is about,CREMA-D,1.0,i wonder what this is about
clip_02661,train,the surface is slick,CREMA-D,1.0,the surface is slick
clip_06763,train,its 11 oclock,CREMA-D,1.0,its 11 oclock
clip_08752,train,dont forget a jacket,CREMA-D,1.0,dont forget a jacket
clip_09778,train,say the word ditch,TESS,1.0,say the word
clip_03636,train,say the word mode,TESS,1.0,say the word
clip_01712,train,say the word lord,TESS,1.0,say the word
clip_03310,train,say the word mill,TESS,1.0,say the word
clip_01515,train,say the word king,TESS,1.0,say the word
clip_01859,train,say the word gap,TESS,1.0,say the word
clip_08559,train,say the word paul,TESS,1.0,say the word
clip_08626,train,say the word keep,TESS,1.0,say the word
clip_07088,train,say the word back,TESS,1.0,say the word
clip_10562,train,say the word cab,TESS,1.0,say the word
clip_09329,train,say the word date,TESS,1.0,say the word
clip_00957,train,say the word thought,TESS,1.0,say the word
clip_06315,train,say the word peg,TESS,1.0,say the word
clip_02239,train,say the word good,TESS,1.0,say the word
clip_04009,train,say the word tough,TESS,1.0,say the word
clip_04064,train,say the word kick,TESS,1.0,say the word
clip_00235,train,say the word vote,TESS,1.0,say the word
clip_09775,train,say the word ring,TESS,1.0,say the word
clip_04204,train,say the word shout,TESS,1.0,say the word
clip_04006,train,say the word thought,TESS,1.0,say the word
clip_10785,train,say the word tell,TESS,1.0,say the word
clip_09515,train,say the word wheat,TESS,1.0,say the word
clip_00042,train,say the word check,TESS,1.0,say the word
clip_08691,train,say the word have,TESS,1.0,say the word
clip_07323,train,say the word take,TESS,1.0,say the word
clip_10194,train,say the word third,TESS,1.0,say the word
clip_01842,train,say the words in,TESS,1.0,say the word
clip_05835,train,say the word red,TESS,1.0,say the word
clip_06866,train,say the word jane,TESS,1.0,say the word
clip_04872,train,say the word sail,TESS,1.0,say the word
clip_01741,train,say the word sub,TESS,1.0,say the word
clip_03579,train,say the word food,TESS,1.0,say the word
clip_09236,train,say the word tool,TESS,1.0,say the word
clip_01607,train,say the word ton,TESS,1.0,say the word
clip_01324,train,say the word puff,TESS,1.0,say the word
clip_03491,train,say the word hate,TESS,1.0,say the word
clip_06951,train,say the word kite,TESS,1.0,say the word
clip_02426,train,say the word jin,TESS,1.0,say the word
clip_00487,train,say the word mode,TESS,1.0,say the word
clip_06327,train,say the word learn,TESS,1.0,say the word
clip_09889,train,say the word jar,TESS,1.0,say the word
clip_06783,train,say the word germ,TESS,1.0,say the word
clip_02660,train,say the word lot,TESS,1.0,say the word
clip_04907,train,say the word join,TESS,1.0,say the word
clip_02212,train,say the word hall,TESS,1.0,say the word
clip_06536,train,say the word time,TESS,1.0,say the word
clip_04742,train,say the word kick,TESS,1.0,say the word
clip_10606,train,say the word wife,TESS,1.0,say the word
clip_07351,train,say the word whip,TESS,1.0,say the word
clip_10706,train,say the word lose,TESS,1.0,say the word
clip_01087,train,say the word gap,TESS,1.0,say the word
clip_09250,train,say the word sure,TESS,1.0,say the word
clip_07581,train,say the word dead,TESS,1.0,say the word
clip_03744,train,say the word thin,TESS,1.0,say the word
clip_05600,train,say the word keep,TESS,1.0,say the word
clip_01242,train,say the word pad,TESS,1.0,say the word
clip_08133,train,say the word love,TESS,1.0,say the word
clip_02273,train,say the word make,TESS,1.0,say the word
clip_04505,train,say the word fine,TESS,1.0,say the word
clip_05886,train,say the word pick,TESS,1.0,say the word
clip_08696,train,say the word when,TESS,1.0,say the word
clip_09966,train,say the word chat,TESS,1.0,say the word
clip_09908,train,say the word numb,TESS,1.0,say the word
clip_04786,train,i wonder what this is about,CREMA-D,1.0,i wonder what this is about
clip_10432,test,dont forget a jacket,CREMA-D,1.0,dont forget a jacket
clip_10436,test,its 11 oclock,CREMA-D,1.0,its 11 oclock
clip_03341,train,its 11 oclock,CREMA-D,1.0,its 11 oclock
clip_09576,train,im on my way to the meeting,CREMA-D,1.0,im on my way to the meeting
clip_02109,train,dont forget a jacket,CREMA-D,1.0,dont forget a jacket
clip_07804,train,i wonder what this is about,CREMA-D,1.0,i wonder what this is about
clip_09163,train,i wonder what this is about,CREMA-D,1.0,i wonder what this is about
clip_09229,train,i wonder what this is about,CREMA-D,1.0,i wonder what this is about
clip_08184,train,its 11 oclock,CREMA-D,1.0,its 11 oclock
clip_08126,train,its 11 oclock,CREMA-D,1.0,its 11 oclock
clip_10513,train,i wonder what this is about,CREMA-D,1.0,i wonder what this is about
clip_10544,train,maybe tomorrow it will be cold,CREMA-D,1.0,maybe tomorrow it will be cold
clip_01604,train,i would like a new alarm clock,CREMA-D,1.0,i would like a new alarm clock
clip_04250,train,i wonder what this is about,CREMA-D,1.0,i wonder what this is about
clip_09166,train,its 11 oclock,CREMA-D,1.0,its 11 oclock
clip_04075,train,its 11 oclock,CREMA-D,1.0,its 11 oclock
clip_04077,train,im all my way to the meeting,CREMA-D,0.9091,im on my way to the meeting
clip_04306,train,i wonder what this is about,CREMA-D,1.0,i wonder what this is about
clip_04282,train,its 11 oclock,CREMA-D,1.0,its 11 oclock
clip_07004,train,dont forget to check it,CREMA-D,0.7442,dont forget a jacket
clip_06789,train,im on my way to the meeting,CREMA-D,1.0,im on my way to the meeting
clip_06439,test,the surface is slick,CREMA-D,1.0,the surface is slick
clip_05953,train,dont forget to jack it,CREMA-D,0.8571,dont forget a jacket
clip_04536,train,its 11 oclock,CREMA-D,1.0,its 11 oclock
clip_02410,train,im on my way to the meeting,CREMA-D,1.0,im on my way to the meeting
clip_06517,test,the surface is slick,CREMA-D,1.0,the surface is slick
clip_04169,train,i think ive seen this before,CREMA-D,1.0,i think ive seen this before
clip_00455,train,its 11 oclock,CREMA-D,1.0,its 11 oclock
clip_08398,train,i wonder what this is about,CREMA-D,1.0,i wonder what this is about
clip_05627,train,dont forget to check it,CREMA-D,0.7442,dont forget a jacket
clip_05617,train,dont forget a jacket,CREMA-D,1.0,dont forget a jacket
clip_09735,train,i wonder what this is about,CREMA-D,1.0,i wonder what this is about
clip_05999,test,i think i have a doctors appointment,CREMA-D,1.0,i think i have a doctors appointment
clip_07836,train,its 11 oclock,CREMA-D,1.0,its 11 oclock
clip_09377,train,maybe tomorrow it will be cold,CREMA-D,1.0,maybe tomorrow it will be cold
clip_09226,test,i look like a new alarm clock,CREMA-D,0.8814,i would like a new alarm clock
clip_01381,train,dont forget to jam it,CREMA-D,0.7805,dont forget a jacket
clip_03862,train,im on my way to the meeting,CREMA-D,1.0,im on my way to the meeting
clip_06702,test,im on my way to the meeting,CREMA-D,1.0,im on my way to the meeting
clip_00845,train,that is exactly what happened,CREMA-D,1.0,that is exactly what happened
clip_03090,train,dont forget to jack it,CREMA-D,0.8571,dont forget a jacket
clip_10632,train,its 11 oclock,CREMA-D,1.0,its 11 oclock
clip_04004,train,dont forget to check it,CREMA-D,0.7442,dont forget a jacket
clip_07373,train,its 11 oclock,CREMA-D,1.0,its 11 oclock
clip_07367,train,its 11 oclock,CREMA-D,1.0,its 11 oclock
clip_03593,test,its 11 oclock,CREMA-D,1.0,its 11 oclock
clip_05550,train,the surface is slick,CREMA-D,1.0,the surface is slick
clip_08323,train,dont forget to jack it,CREMA-D,0.8571,dont forget a jacket
clip_01763,train,im on my way to the meeting,CREMA-D,1.0,im on my way to the meeting
clip_07024,train,its 11 oclock,CREMA-D,1.0,its 11 oclock
clip_00982,train,its 11 oclock,CREMA-D,1.0,its 11 oclock
clip_10263,train,its 11 oclock,CREMA-D,1.0,its 11 oclock
clip_03720,train,i think i have a doctors appointment,CREMA-D,1.0,i think i have a doctors appointment
clip_05605,train,its 11 oclock,CREMA-D,1.0,its 11 oclock
clip_01844,train,its 11 oclock,CREMA-D,1.0,its 11 oclock
clip_01724,train,well stop in a couple of minutes,CREMA-D,1.0,well stop in a couple of minutes
clip_01701,train,its 11 oclock,CREMA-D,1.0,its 11 oclock
clip_10446,train,i think ive seen this before,CREMA-D,1.0,i think ive seen this before
clip_02454,train,its 11 oclock,CREMA-D,1.0,its 11 oclock
clip_04146,test,its 11 oclock,CREMA-D,1.0,its 11 oclock
clip_05831,train,its 11 oclock,CREMA-D,1.0,its 11 oclock
clip_02818,train,i wonder what this is about,CREMA-D,1.0,i wonder what this is about
clip_09007,train,its 11 oclock,CREMA-D,1.0,its 11 oclock
clip_10731,train,the surface is slick,CREMA-D,1.0,the surface is slick
clip_03638,train,its lemme clap,UNKNOWN,0.5185,its 11 oclock
clip_03161,train,its 11 oclock,CREMA-D,1.0,its 11 oclock
clip_02280,train,the surface is slick,CREMA-D,1.0,the surface is slick
clip_02293,train,its 11 oclock,CREMA-D,1.0,its 11 oclock
clip_05679,train,11 oclock,CREMA-D,0.8182,its 11 oclock
clip_04371,train,its 11 oclock,CREMA-D,1.0,its 11 oclock
clip_06666,train,i think ive seen this before,CREMA-D,1.0,i think ive seen this before
clip_01239,train,i think i have a doctors appointment,CREMA-D,1.0,i think i have a doctors appointment
clip_00928,train,its 11 oclock,CREMA-D,1.0,its 11 oclock
clip_03653,train,its 11 oclock,CREMA-D,1.0,its 11 oclock
clip_04686,train,i think ive seen this before,CREMA-D,1.0,i think ive seen this before
clip_03087,train,dont forget a jacket,CREMA-D,1.0,dont forget a jacket
clip_07934,train,i think ive seen this before,CREMA-D,1.0,i think ive seen this before
clip_05841,train,the airplane is almost full,CREMA-D,1.0,the airplane is almost full
clip_02411,train,its 11 oclock,CREMA-D,1.0,its 11 oclock
clip_10485,train,the surface is slick,CREMA-D,1.0,the surface is slick
clip_09076,train,dont forget to jack it,CREMA-D,0.8571,dont forget a jacket
clip_09713,train,dont forget to jack it,CREMA-D,0.8571,dont forget a jacket
clip_03012,train,i think i have a doctors appointment,CREMA-D,1.0,i think i have a doctors appointment
clip_00885,train,its 11 oclock,CREMA-D,1.0,its 11 oclock
clip_08474,train,dont forget to jack it,CREMA-D,0.8571,dont forget a jacket
clip_04819,test,i wonder what this is about,CREMA-D,1.0,i wonder what this is about
clip_05844,train,11 oclock,CREMA-D,0.8182,its 11 oclock
clip_04062,train,the surface is slick,CREMA-D,1.0,the surface is slick
clip_02827,train,i would like a new alarm clock,CREMA-D,1.0,i would like a new alarm clock
clip_06970,train,dont forget a jacket,CREMA-D,1.0,dont forget a jacket
clip_05673,train,its 11 oclock,CREMA-D,1.0,its 11 oclock
clip_06104,train,its 11 oclock,CREMA-D,1.0,its 11 oclock
clip_09290,train,well stop in a couple of minutes,CREMA-D,1.0,well stop in a couple of minutes
clip_02560,train,well stop in a couple of minutes,CREMA-D,1.0,well stop in a couple of minutes
clip_08832,test,im on my way to the meeting,CREMA-D,1.0,im on my way to the meeting
clip_10732,train,its 11 oclock,CREMA-D,1.0,its 11 oclock
clip_01943,train,dont forget to junk it,CREMA-D,0.7619,dont forget a jacket
clip_07097,train,dont forget a jacket,CREMA-D,1.0,dont forget a jacket
clip_09669,train,the surface is slick,CREMA-D,1.0,the surface is slick
clip_01927,train,i think ive seen this before,CREMA-D,1.0,i think ive seen this before
clip_04572,train,its 11 oclock,CREMA-D,1.0,its 11 oclock
clip_00285,train,its 11 oclock,CREMA-D,1.0,its 11 oclock
clip_01938,train,well stop in a couple of minutes,CREMA-D,1.0,well stop in a couple of minutes
clip_10150,train,im on my way to the meeting,CREMA-D,1.0,im on my way to the meeting
clip_03366,train,its 11 oclock,CREMA-D,1.0,its 11 oclock
clip_07716,train,its 11 oclock,CREMA-D,1.0,its 11 oclock
clip_02392,test,im on my way to the meeting,CREMA-D,1.0,im on my way to the meeting
clip_02504,test,i wonder what this is about,CREMA-D,1.0,i wonder what this is about
clip_05954,train,im on my way to the meeting,CREMA-D,1.0,im on my way to the meeting
clip_08585,train,its 11 oclock,CREMA-D,1.0,its 11 oclock
clip_09641,train,i wonder what this is about,CREMA-D,1.0,i wonder what this is about
clip_01163,train,the service is slick,CREMA-D,0.85,the surface is slick
clip_09616,train,its 11 oclock,CREMA-D,1.0,its 11 oclock
clip_00073,train,its 11 oclock,CREMA-D,1.0,its 11 oclock
clip_07204,test,thats 11 oclock,CREMA-D,0.8571,its 11 oclock
clip_10834,train,im on my way to the meeting,CREMA-D,1.0,im on my way to the meeting
clip_01070,train,i wonder what this is about,CREMA-D,1.0,i wonder what this is about
clip_00124,train,its 11 oclock,CREMA-D,1.0,its 11 oclock
clip_07738,train,its 11 oclock,CREMA-D,1.0,its 11 oclock
clip_05470,train,well stop in a couple of minutes,CREMA-D,1.0,well stop in a couple of minutes
clip_07083,train,the surface is slick,CREMA-D,1.0,the surface is slick
clip_02160,train,well stop in a couple of minutes,CREMA-D,1.0,well stop in a couple of minutes
clip_06013,train,say the word thumb,TESS,1.0,say the word
clip_00543,train,say the word read,TESS,1.0,say the word
clip_04357,train,say the word tough,TESS,1.0,say the word
clip_04658,train,say the word witch,TESS,1.0,say the word
clip_01176,train,say the word mood,TESS,1.0,say the word
clip_00064,train,say the word sub,TESS,1.0,say the word
clip_02469,train,say the word five,TESS,1.0,say the word
clip_09715,train,say the word boat,TESS,1.0,say the word
clip_10725,train,say the word far,TESS,1.0,say the word
clip_08625,train,say the word numb,TESS,1.0,say the word
clip_07310,train,say the word youre,TESS,1.0,say the word
clip_08901,train,say the word make,TESS,1.0,say the word
clip_04607,train,say the word much,TESS,1.0,say the word
clip_09360,train,see the word five,UNKNOWN,0.4444,i think ive seen this before
clip_03015,train,say the word white,TESS,1.0,say the word
clip_05354,train,say the word knock,TESS,1.0,say the word
clip_05124,train,say the word red,TESS,1.0,say the word
clip_09942,train,say the word mood,TESS,1.0,say the word
clip_00107,train,say the word sure,TESS,1.0,say the word
clip_08638,train,say the word pain,TESS,1.0,say the word
clip_07344,train,say the word chock,TESS,1.0,say the word
clip_04708,train,say the word cheer,TESS,1.0,say the word
clip_05323,train,say the word date,TESS,1.0,say the word
clip_01874,train,say the word dead,TESS,1.0,say the word
clip_08343,train,say the word choice,TESS,1.0,say the word
clip_04527,train,say the word shall,TESS,1.0,say the word
clip_02103,train,say the word red,TESS,1.0,say the word
clip_00570,train,say the word hall,TESS,1.0,say the word
clip_09367,train,say the word bye,TESS,1.0,say the word
clip_10810,train,say the word goal,TESS,1.0,say the word
clip_02120,train,say the word shak,TESS,1.0,say the word
clip_07116,train,say the word turn,TESS,1.0,say the word
clip_02920,train,say the word void,TESS,1.0,say the word
clip_04466,train,say the word when,TESS,1.0,say the word
clip_01010,train,say the word keep,TESS,1.0,say the word
clip_02925,train,say the word food,TESS,1.0,say the word
clip_01797,train,say the word moon,TESS,1.0,say the word
clip_03093,train,say the word door,TESS,1.0,say the word
clip_09728,train,say the word keen,TESS,1.0,say the word
clip_08500,train,say the word death,TESS,1.0,say the word
clip_05274,train,say the word ripe,TESS,1.0,say the word
clip_03279,train,say the word whip,TESS,1.0,say the word
clip_07438,train,say the word cease,TESS,1.0,say the word
clip_09951,train,say the word higher,TESS,1.0,say the word
clip_10603,train,say the word knock,TESS,1.0,say the word
clip_07538,train,say the word have,TESS,1.0,say the word
clip_10149,train,say the word mop,TESS,1.0,say the word
clip_01955,train,say the word but,TESS,1.0,say the word
clip_10081,train,say the word nag,TESS,1.0,say the word
clip_10869,train,say the word neat,TESS,1.0,say the word
clip_07403,train,say the word neat,TESS,1.0,say the word
clip_05102,train,say the word shall,TESS,1.0,say the word
clip_09556,train,say the word shout,TESS,1.0,say the word
clip_05585,train,say the word meat,TESS,1.0,say the word
clip_01093,train,say the word tape,TESS,1.0,say the word
clip_07306,train,say the word limb,TESS,1.0,say the word
clip_02802,train,say the word page,TESS,1.0,say the word
clip_07497,train,say the word should,TESS,1.0,say the word
clip_05958,train,say the word door,TESS,1.0,say the word
clip_06410,train,see the word page,UNKNOWN,0.4444,i think ive seen this before
clip_09619,train,say the word wag,TESS,1.0,say the word
clip_09187,train,say the word ripe,TESS,1.0,say the word
clip_03445,train,say the word rough,TESS,1.0,say the word
clip_07591,train,say the word dog,TESS,1.0,say the word
clip_07137,train,say the word fat,TESS,1.0,say the word
clip_05466,train,say the word red,TESS,1.0,say the word
clip_04076,train,say the word juice,TESS,1.0,say the word
clip_05710,train,say the word higher,TESS,1.0,say the word
clip_08490,train,say the word weak,TESS,1.0,say the word
clip_06760,train,say the word goose,TESS,1.0,say the word
clip_03524,train,say the word deep,TESS,1.0,say the word
clip_01744,train,say the word tough,TESS,1.0,say the word
clip_09020,train,say the word fat,TESS,1.0,say the word
clip_01011,train,say the word gun,TESS,1.0,say the word
clip_08945,train,say the word daw,TESS,1.0,say the word
clip_04533,train,say the word thin,TESS,1.0,say the word
clip_09653,train,say the word raise,TESS,1.0,say the word
clip_02334,train,say the word puff,TESS,1.0,say the word
clip_00206,train,say the word lean,TESS,1.0,say the word
clip_00713,train,say the word limb,TESS,1.0,say the word
clip_08356,train,say the word late,TESS,1.0,say the word
clip_04767,train,say the word talk,TESS,1.0,say the word
clip_00775,train,say the word keep,TESS,1.0,say the word
clip_10625,train,say the word luck,TESS,1.0,say the word
clip_03473,train,say the word gap,TESS,1.0,say the word
clip_09675,train,the surface is slick,CREMA-D,1.0,the surface is slick
clip_05918,test,im on my way to the meeting,CREMA-D,1.0,im on my way to the meeting
clip_10181,train,the airplanes almost full,CREMA-D,0.9615,the airplane is almost full
clip_10162,train,the surface is slick,CREMA-D,1.0,the surface is slick
clip_08657,train,im on my way to the meeting,CREMA-D,1.0,im on my way to the meeting
clip_04968,train,i would like a new alarm clock,CREMA-D,1.0,i would like a new alarm clock
clip_09349,test,its 11 oclock,CREMA-D,1.0,its 11 oclock
clip_01262,train,dont forget to jack it,CREMA-D,0.8571,dont forget a jacket
clip_08673,train,im on my way to the meeting,CREMA-D,1.0,im on my way to the meeting
clip_02761,test,its 11 oclock,CREMA-D,1.0,its 11 oclock
clip_06905,train,its 11 oclock,CREMA-D,1.0,its 11 oclock
clip_05593,train,that is exactly what happened,CREMA-D,1.0,that is exactly what happened
clip_10491,train,i think ive seen this before,CREMA-D,1.0,i think ive seen this before
clip_08792,train,its 11 oclock,CREMA-D,1.0,its 11 oclock
clip_02278,test,its 11 oclock,CREMA-D,1.0,its 11 oclock
clip_04117,train,its 11 oclock,CREMA-D,1.0,its 11 oclock
clip_05431,train,dont forget a jacket,CREMA-D,1.0,dont forget a jacket
clip_09958,train,well stop in a couple of minutes,CREMA-D,1.0,well stop in a couple of minutes
clip_01339,train,dont forget a jacket,CREMA-D,1.0,dont forget a jacket
clip_01311,train,maybe tomorrow it will be cold,CREMA-D,1.0,maybe tomorrow it will be cold
clip_00619,train,dont forget a jacket,CREMA-D,1.0,dont forget a jacket
clip_03046,train,dont forget to check it,CREMA-D,0.7442,dont forget a jacket
clip_05148,train,i wonder what this is about,CREMA-D,1.0,i wonder what this is about
clip_05480,train,well stop in a couple of minutes,CREMA-D,1.0,well stop in a couple of minutes
clip_03000,train,the surface is slick,CREMA-D,1.0,the surface is slick
clip_04830,train,im on my way to the meeting,CREMA-D,1.0,im on my way to the meeting
clip_08558,test,i wonder what this is about,CREMA-D,1.0,i wonder what this is about
clip_08628,train,i wonder what this is about,CREMA-D,1.0,i wonder what this is about
clip_03481,train,its 11 oclock,CREMA-D,1.0,its 11 oclock
clip_08603,train,its 11 oclock,CREMA-D,1.0,its 11 oclock
clip_04818,train,i wonder what this is about,CREMA-D,1.0,i wonder what this is about
clip_02183,train,well stop in a couple of minutes,CREMA-D,1.0,well stop in a couple of minutes
clip_02305,train,dont forget to jack it,CREMA-D,0.8571,dont forget a jacket
clip_09668,test,its a seven oclock,CREMA-D,0.7097,its 11 oclock
clip_02059,test,its 11 oclock,CREMA-D,1.0,its 11 oclock
clip_01870,train,dont forget to check it,CREMA-D,0.7442,dont forget a jacket
clip_06484,train,its 11 oclock,CREMA-D,1.0,its 11 oclock
clip_07967,train,im on my way to the meeting,CREMA-D,1.0,im on my way to the meeting
clip_00513,train,11 oclock,CREMA-D,0.8182,its 11 oclock
clip_05114,train,i wonder what this is about,CREMA-D,1.0,i wonder what this is about
clip_06660,test,the airplane is almost full,CREMA-D,1.0,the airplane is almost full
clip_06732,test,its 11 oclock,CREMA-D,1.0,its 11 oclock
clip_03873,train,dont forget to check,CREMA-D,0.75,dont forget a jacket
clip_08363,train,i wonder what this is about,CREMA-D,1.0,i wonder what this is about
clip_02779,train,im on my way to the meeting,CREMA-D,1.0,im on my way to the meeting
clip_06057,test,its 11 oclock,CREMA-D,1.0,its 11 oclock
clip_07963,train,i wonder what this is about,CREMA-D,1.0,i wonder what this is about
clip_03574,train,dont forget a jacket,CREMA-D,1.0,dont forget a jacket
clip_05023,train,11 oclock,CREMA-D,0.8182,its 11 oclock
clip_06597,train,the surface is slick,CREMA-D,1.0,the surface is slick
clip_01415,train,dont forget to check it,CREMA-D,0.7442,dont forget a jacket
clip_07431,train,the airplane is almost full,CREMA-D,1.0,the airplane is almost full
clip_06974,train,its 11 oclock,CREMA-D,1.0,its 11 oclock
clip_08242,train,im on my way to the meeting,CREMA-D,1.0,im on my way to the meeting
clip_08014,train,i wonder what this is about,CREMA-D,1.0,i wonder what this is about
clip_10107,train,dont forget to jack it,CREMA-D,0.8571,dont forget a jacket
clip_09946,train,its 11 oclock,CREMA-D,1.0,its 11 oclock
clip_01654,test,dont forget a jacket,CREMA-D,1.0,dont forget a jacket
clip_10814,train,its 11 oclock,CREMA-D,1.0,its 11 oclock
clip_10597,train,its 11 oclock,CREMA-D,1.0,its 11 oclock
clip_03934,train,im on my way to the meeting,CREMA-D,1.0,im on my way to the meeting
clip_00410,train,i think i have a doctors appointment,CREMA-D,1.0,i think i have a doctors appointment
clip_00427,train,i wonder what this is about,CREMA-D,1.0,i wonder what this is about
clip_04494,train,i wonder what this is about,CREMA-D,1.0,i wonder what this is about
clip_07421,train,its 11 oclock,CREMA-D,1.0,its 11 oclock
clip_09707,train,i think ive seen this before,CREMA-D,1.0,i think ive seen this before
clip_08782,test,i would like a new alarm clock,CREMA-D,1.0,i would like a new alarm clock
clip_04859,test,dont forget to jack it,CREMA-D,0.8571,dont forget a jacket
clip_03661,train,the surface is slick,CREMA-D,1.0,the surface is slick
clip_10657,train,its 11 oclock,CREMA-D,1.0,its 11 oclock
clip_04606,train,the surface is slick,CREMA-D,1.0,the surface is slick
clip_04564,train,im on my way to the meeting,CREMA-D,1.0,im on my way to the meeting
clip_10711,train,i wonder what this is about,CREMA-D,1.0,i wonder what this is about
clip_00741,train,its 11 oclock,CREMA-D,1.0,its 11 oclock
clip_09361,train,to 11 oclock,CREMA-D,0.88,its 11 oclock
clip_06531,train,this 11 oclock,CREMA-D,0.8889,its 11 oclock
clip_04334,test,dont forget a jacket,CREMA-D,1.0,dont forget a jacket
clip_08733,train,its 11 oclock,CREMA-D,1.0,its 11 oclock
clip_09216,train,its 11 oclock,CREMA-D,1.0,its 11 oclock
clip_08774,train,its 11 oclock,CREMA-D,1.0,its 11 oclock
clip_07977,test,its 11 oclock,CREMA-D,1.0,its 11 oclock
clip_01779,train,i wonder what this is about,CREMA-D,1.0,i wonder what this is about
clip_00776,train,i think i have a doctors appointment,CREMA-D,1.0,i think i have a doctors appointment
clip_09693,test,its 11 oclock,CREMA-D,1.0,its 11 oclock
clip_04238,test,i want my way to the meeting,CREMA-D,0.9091,im on my way to the meeting
clip_01920,train,dont forget a jacket,CREMA-D,1.0,dont forget a jacket
clip_00002,train,its 11 oclock,CREMA-D,1.0,its 11 oclock
clip_10795,test,its 11 oclock,CREMA-D,1.0,its 11 oclock
clip_03822,train,dont forget the jacket,CREMA-D,0.9048,dont forget a jacket
clip_04588,test,im on my way to the meeting,CREMA-D,1.0,im on my way to the meeting
clip_09790,train,maybe tomorrow it will be cold,CREMA-D,1.0,maybe tomorrow it will be cold
clip_04574,train,the airplane is almost full,CREMA-D,1.0,the airplane is almost full
clip_04598,train,i wonder if this is about,CREMA-D,0.8846,i wonder what this is about
clip_02556,train,its 11 oclock,CREMA-D,1.0,its 11 oclock
clip_07900,train,i would like a new alarm clock,CREMA-D,1.0,i would like a new alarm clock
clip_08419,train,i think i have a doctors appointment,CREMA-D,1.0,i think i have a doctors appointment
clip_08426,train,its 11 oclock,CREMA-D,1.0,its 11 oclock
clip_07886,test,its 11 oclock,CREMA-D,1.0,its 11 oclock
clip_02594,train,i think ive seen this before,CREMA-D,1.0,i think ive seen this before
clip_02593,train,the air point is almost full,CREMA-D,0.8727,the airplane is almost full
clip_05768,train,dont forget to check it,CREMA-D,0.7442,dont forget a jacket
clip_01826,test,i wonder what this is about,CREMA-D,1.0,i wonder what this is about
clip_00257,train,its 11 oclock,CREMA-D,1.0,its 11 oclock
clip_10796,train,the surface is slick,CREMA-D,1.0,the surface is slick
clip_05743,train,its 11 oclock,CREMA-D,1.0,its 11 oclock
clip_03754,train,i wonder what this is about,CREMA-D,1.0,i wonder what this is about
clip_03747,train,i want my way to the meeting,CREMA-D,0.9091,im on my way to the meeting
clip_03688,train,i wonder what this is about,CREMA-D,1.0,i wonder what this is about
clip_00225,train,say the word tip,TESS,1.0,say the word
clip_08218,train,say the word ripe,TESS,1.0,say the word
clip_04042,train,say the word bot,TESS,1.0,say the word
clip_00510,train,say the word fit,TESS,1.0,say the word
clip_01599,train,say the word long,TESS,1.0,say the word
clip_02916,train,say the word gun,TESS,1.0,say the word
clip_08205,train,say the word jail,TESS,1.0,say the word
clip_05884,train,say the word thumb,TESS,1.0,say the word
clip_05502,train,say the word hush,TESS,1.0,say the word
clip_05740,train,say the word get,TESS,1.0,say the word
clip_02763,train,say the word room,TESS,1.0,say the word
clip_03542,train,say the word big,TESS,1.0,say the word
clip_07169,train,say the word go,TESS,1.0,say the word
clip_07522,train,say the word perch,TESS,1.0,say the word
clip_00428,train,say the word shawl,TESS,1.0,say the word
clip_10437,train,say the word love,TESS,1.0,say the word
clip_04591,train,say the word fail,TESS,1.0,say the word
clip_10364,train,say the word wash,TESS,1.0,say the word
clip_05741,train,say the word hurl,TESS,1.0,say the word
clip_05715,train,say the word lore,TESS,1.0,say the word
clip_09000,train,say the word choice,TESS,1.0,say the word
clip_01060,train,say the word vine,TESS,1.0,say the word
clip_07752,train,say the word tell,TESS,1.0,say the word
clip_08489,train,say the word should,TESS,1.0,say the word
clip_10474,train,say the word room,TESS,1.0,say the word
clip_05026,train,say the word peg,TESS,1.0,say the word
clip_04475,train,say the word young,TESS,1.0,say the word
clip_04666,train,say the word cheek,TESS,1.0,say the word
clip_02022,train,say the word tool,TESS,1.0,say the word
clip_07194,train,say the word make,TESS,1.0,say the word
clip_08240,train,say the word hash,TESS,1.0,say the word
clip_04729,train,say the word bite,TESS,1.0,say the word
clip_05611,train,say the word yes,TESS,1.0,say the word
clip_09765,train,say the word sail,TESS,1.0,say the word
clip_09510,train,say the word size,TESS,1.0,say the word
clip_07264,train,say the word knock,TESS,1.0,say the word
clip_08244,train,say the word keg,TESS,1.0,say the word
clip_08619,train,say the word said,TESS,1.0,say the word
clip_02912,train,say the word hall,TESS,1.0,say the word
clip_05108,train,say the word lid,TESS,1.0,say the word
clip_00991,train,say the word life,TESS,1.0,say the word
clip_00666,train,say the word shawl,TESS,1.0,say the word
clip_04884,train,say the word fall,TESS,1.0,say the word
clip_09348,train,say the word dead,TESS,1.0,say the word
clip_04485,train,say the word dime,TESS,1.0,say the word
clip_05417,train,say the word rain,TESS,1.0,say the word
clip_07903,train,say the word which,TESS,1.0,say the word
clip_05510,train,say the word yes,TESS,1.0,say the word
clip_09082,train,say the word cool,TESS,1.0,say the word
clip_08082,train,say the word life,TESS,1.0,say the word
clip_07020,train,say the word voice,TESS,1.0,say the word
clip_00608,train,say the word far,TESS,1.0,say the word
clip_02134,train,say the word come,TESS,1.0,say the word
clip_01032,train,say the word shaq,TESS,1.0,say the word
clip_00258,train,say the word long,TESS,1.0,say the word
clip_04957,train,say the word vote,TESS,1.0,say the word
clip_09463,train,say the word phone,TESS,1.0,say the word
clip_04345,train,say the word met,TESS,1.0,say the word
clip_06911,train,say the word wife,TESS,1.0,say the word
clip_05408,train,say the word food,TESS,1.0,say the word
clip_05660,train,say the word dodge,TESS,1.0,say the word
clip_02142,train,say the word wash,TESS,1.0,say the word
clip_10085,train,say the word merge,TESS,1.0,say the word
clip_09239,train,say the word paul,TESS,1.0,say the word
clip_02816,train,say the word ditch,TESS,1.0,say the word
clip_07944,train,say the word bath,TESS,1.0,say the word
clip_05932,train,say the word tire,TESS,1.0,say the word
clip_06208,train,say the word love,TESS,1.0,say the word
clip_03109,train,say the word pull,TESS,1.0,say the word
clip_02371,train,say the word loaf,TESS,1.0,say the word
clip_09682,train,say the word dull,TESS,1.0,say the word
clip_08450,train,say the word weak,TESS,1.0,say the word
clip_08708,train,say the word hurl,TESS,1.0,say the word
clip_04158,train,say the word chair,TESS,1.0,say the word
clip_09815,train,say the word dab,TESS,1.0,say the word
clip_05937,train,say the word cell,TESS,1.0,say the word
clip_02602,train,say the word shaq,TESS,1.0,say the word
clip_04016,train,say the word bar,TESS,1.0,say the word
clip_04781,train,say the word goose,TESS,1.0,say the word
clip_06446,train,say the word lot,TESS,1.0,say the word
clip_07257,train,say the word kill,TESS,1.0,say the word
clip_09924,train,say the word thumb,TESS,1.0,say the word
clip_05243,train,say the word tyre,TESS,1.0,say the word
clip_09971,train,say the word fine,TESS,1.0,say the word
clip_02438,train,say the word yes,TESS,1.0,say the word
clip_06717,train,say the word kick,TESS,1.0,say the word
clip_08711,train,say the word hit,TESS,1.0,say the word
clip_04411,train,say the word pool,TESS,1.0,say the word
clip_00940,train,say the word kite,TESS,1.0,say the word
clip_01994,train,say the word peg,TESS,1.0,say the word
clip_08600,train,say the word rat,TESS,1.0,say the word
clip_10083,train,say the word chief,TESS,1.0,say the word
clip_06290,train,say the word cab,TESS,1.0,say the word
clip_08212,train,say the word check,TESS,1.0,say the word
clip_09944,train,say the word met,TESS,1.0,say the word
clip_07066,train,say the word rough,TESS,1.0,say the word
clip_08169,train,say the word jug,TESS,1.0,say the word
clip_03843,train,say the word bar,TESS,1.0,say the word
clip_00673,train,say the word shall,TESS,1.0,say the word
clip_03254,train,say the word whole,TESS,1.0,say the word
clip_10445,train,say the word soup,TESS,1.0,say the word
clip_06044,train,say the word back,TESS,1.0,say the word
clip_06481,train,say the word kill,TESS,1.0,say the word
clip_02691,train,say the word take,TESS,1.0,say the word
clip_04865,train,say the word pike,TESS,1.0,say the word
clip_06633,train,its 11 oclock,CREMA-D,1.0,its 11 oclock
clip_10649,test,im on my way to the meeting,CREMA-D,1.0,im on my way to the meeting
clip_04867,train,dont forget a jacket,CREMA-D,1.0,dont forget a jacket
clip_04895,train,its 11 oclock,CREMA-D,1.0,its 11 oclock
clip_07761,train,the surface is slick,CREMA-D,1.0,the surface is slick
clip_10157,train,the surface is slick,CREMA-D,1.0,the surface is slick
clip_01745,train,im on no way to the meeting,CREMA-D,0.9259,im on my way to the meeting
clip_03126,train,dont forget to check it,CREMA-D,0.7442,dont forget a jacket
clip_07349,test,its 11 oclock,CREMA-D,1.0,its 11 oclock
clip_07726,train,their plane is almost full,CREMA-D,0.9434,the airplane is almost full
clip_10098,train,its 11 oclock,CREMA-D,1.0,its 11 oclock
clip_09344,test,im on my way to the meeting,CREMA-D,1.0,im on my way to the meeting
clip_01102,test,its 11 oclock,CREMA-D,1.0,its 11 oclock
clip_03182,train,i wonder what this is about,CREMA-D,1.0,i wonder what this is about
clip_09468,test,i wonder what this is about,CREMA-D,1.0,i wonder what this is about
clip_09366,train,dont forget to jack it,CREMA-D,0.8571,dont forget a jacket
clip_09351,train,i think i have a doctors appointment,CREMA-D,1.0,i think i have a doctors appointment
clip_01430,train,im on my way to the meeting,CREMA-D,1.0,im on my way to the meeting
clip_07539,train,its 11 oclock,CREMA-D,1.0,its 11 oclock
clip_03269,test,i wonder what this is about,CREMA-D,1.0,i wonder what this is about
clip_07037,train,dont forget to jack it,CREMA-D,0.8571,dont forget a jacket
clip_10821,train,its 11 oclock,CREMA-D,1.0,its 11 oclock
clip_05493,train,i would like a new alarm clock,CREMA-D,1.0,i would like a new alarm clock
clip_05495,train,im on my way to the meeting,CREMA-D,1.0,im on my way to the meeting
clip_01449,train,its 11 oclock,CREMA-D,1.0,its 11 oclock
clip_02937,train,its 11 oclock,CREMA-D,1.0,its 11 oclock
clip_08033,train,its 11 oclock,CREMA-D,1.0,its 11 oclock
clip_04377,train,its 11 oclock,CREMA-D,1.0,its 11 oclock
clip_08044,train,its 11 oclock,CREMA-D,1.0,its 11 oclock
clip_02086,test,its 11 oclock,CREMA-D,1.0,its 11 oclock
clip_09659,test,the surface is slick,CREMA-D,1.0,the surface is slick
clip_09598,test,its 11 oclock,CREMA-D,1.0,its 11 oclock
clip_10234,test,its 11 oclock,CREMA-D,1.0,its 11 oclock
clip_06399,train,dont forget to jack it,CREMA-D,0.8571,dont forget a jacket
clip_10411,train,the surface is slick,CREMA-D,1.0,the surface is slick
clip_05881,train,i think ive seen this before,CREMA-D,1.0,i think ive seen this before
clip_02939,train,maybe tomorrow will be cold,CREMA-D,0.9474,maybe tomorrow it will be cold
clip_05619,train,well stop in a couple of minutes,CREMA-D,1.0,well stop in a couple of minutes
clip_05622,train,dont forget a jacket,CREMA-D,1.0,dont forget a jacket
clip_08142,train,i wonder what this is about,CREMA-D,1.0,i wonder what this is about
clip_06890,train,dont forget a jacket,CREMA-D,1.0,dont forget a jacket
clip_05539,test,well stop at a couple of minutes,CREMA-D,0.9375,well stop in a couple of minutes
clip_05358,test,its 11 oclock,CREMA-D,1.0,its 11 oclock
clip_03281,train,i wonder what this is about,CREMA-D,1.0,i wonder what this is about
clip_04052,train,im on my way to the meeting,CREMA-D,1.0,im on my way to the meeting
clip_04058,train,the surface is slick,CREMA-D,1.0,the surface is slick
clip_05597,test,its 11 oclock,CREMA-D,1.0,its 11 oclock
clip_10125,test,its 11 oclock,CREMA-D,1.0,its 11 oclock
clip_09039,test,dont forget to check it,CREMA-D,0.7442,dont forget a jacket
clip_04407,train,say the word bar,TESS,1.0,say the word
clip_08442,train,dont forget to jack it,CREMA-D,0.8571,dont forget a jacket
clip_10361,train,its 11 oclock,CREMA-D,1.0,its 11 oclock
clip_06396,train,its 11 oclock,CREMA-D,1.0,its 11 oclock
clip_07188,train,im on my way to the meeting,CREMA-D,1.0,im on my way to the meeting
clip_02519,train,i would like a new alarm clock,CREMA-D,1.0,i would like a new alarm clock
clip_05615,test,its 11 oclock,CREMA-D,1.0,its 11 oclock
clip_07150,train,im on my way to the meeting,CREMA-D,1.0,im on my way to the meeting
clip_03650,train,the airplane is almost full,CREMA-D,1.0,the airplane is almost full
clip_08471,train,its 11 oclock,CREMA-D,1.0,its 11 oclock
clip_07807,train,dont forget to check it,CREMA-D,0.7442,dont forget a jacket
clip_05866,train,dont forget to check it,CREMA-D,0.7442,dont forget a jacket
clip_05113,train,dont forget a jacket,CREMA-D,1.0,dont forget a jacket
clip_10630,train,the surface is slick,CREMA-D,1.0,the surface is slick
clip_01895,train,its 11 oclock,CREMA-D,1.0,its 11 oclock
clip_05776,train,i think i have a doctors appointment,CREMA-D,1.0,i think i have a doctors appointment
clip_03681,train,dont forget a jacket,CREMA-D,1.0,dont forget a jacket
clip_00418,train,dont forget to check it,CREMA-D,0.7442,dont forget a jacket
clip_04397,train,he had played it almost full,CREMA-D,0.8,the airplane is almost full
clip_02692,train,i wonder what this is about,CREMA-D,1.0,i wonder what this is about
clip_02696,train,i dont know what this is about,CREMA-D,0.807,i wonder what this is about
clip_04521,train,im out by way to the meeting,CREMA-D,0.9091,im on my way to the meeting
clip_07964,train,i wonder what this is about,CREMA-D,1.0,i wonder what this is about
clip_08542,train,its 11 oclock,CREMA-D,1.0,its 11 oclock
clip_01692,train,its 11 oclock,CREMA-D,1.0,its 11 oclock
clip_01694,train,11 oclock,CREMA-D,0.8182,its 11 oclock
clip_00261,test,hey its 11 oclock,CREMA-D,0.8667,its 11 oclock
clip_08847,train,the surface is slick,CREMA-D,1.0,the surface is slick
clip_06917,train,i think ive seen this before,CREMA-D,1.0,i think ive seen this before
clip_03991,train,dont forget to check it,CREMA-D,0.7442,dont forget a jacket
clip_07548,train,maybe tomorrow it will be cold,CREMA-D,1.0,maybe tomorrow it will be cold
clip_08829,train,thats 11 oclock,CREMA-D,0.8571,its 11 oclock
clip_00392,train,until 11 oclock,CREMA-D,0.7857,its 11 oclock
clip_02704,test,dont forget a jacket,CREMA-D,1.0,dont forget a jacket
clip_08371,train,its 11 oclock,CREMA-D,1.0,its 11 oclock
clip_07615,train,the airplane is almost full,CREMA-D,1.0,the airplane is almost full
clip_05153,train,its 11 oclock,CREMA-D,1.0,its 11 oclock
clip_04324,train,dont forget a jacket,CREMA-D,1.0,dont forget a jacket
clip_03328,train,the surface is slick,CREMA-D,1.0,the surface is slick
clip_05569,train,dont forget a jacket,CREMA-D,1.0,dont forget a jacket
clip_00653,train,its 11 oclock,CREMA-D,1.0,its 11 oclock
clip_00629,train,i wonder what this is about,CREMA-D,1.0,i wonder what this is about
clip_01667,train,its 11 oclock,CREMA-D,1.0,its 11 oclock
clip_02584,train,i would like a new alarm clock,CREMA-D,1.0,i would like a new alarm clock
clip_09852,train,dont forget to check it,CREMA-D,0.7442,dont forget a jacket
clip_02588,train,its 11 oclock,CREMA-D,1.0,its 11 oclock
clip_00266,train,the surface is slick,CREMA-D,1.0,the surface is slick
clip_07390,train,its 11 oclock,CREMA-D,1.0,its 11 oclock
clip_05786,train,i wonder what this is about,CREMA-D,1.0,i wonder what this is about
clip_02635,train,its 11 oclock,CREMA-D,1.0,its 11 oclock
clip_06007,test,its 11 oclock,CREMA-D,1.0,its 11 oclock
clip_04510,train,its 11 oclock,CREMA-D,1.0,its 11 oclock
clip_03882,train,maybe tomorrow it will be cold,CREMA-D,1.0,maybe tomorrow it will be cold
clip_04629,train,dont forget to check it,CREMA-D,0.7442,dont forget a jacket
clip_06097,train,the airplane is almost full,CREMA-D,1.0,the airplane is almost full
clip_09251,train,dont forget to jack it,CREMA-D,0.8571,dont forget a jacket
clip_09283,train,dont forget a jacket,CREMA-D,1.0,dont forget a jacket
clip_08406,test,its 11 oclock,CREMA-D,1.0,its 11 oclock
clip_04837,train,its 11 oclock,CREMA-D,1.0,its 11 oclock
clip_02167,train,its 11 oclock,CREMA-D,1.0,its 11 oclock
clip_01800,test,its 11 oclock,CREMA-D,1.0,its 11 oclock
clip_08863,train,to 11 oclock,CREMA-D,0.88,its 11 oclock
clip_08872,train,its 11 oclock,CREMA-D,1.0,its 11 oclock
clip_04152,train,its 11 oclock,CREMA-D,1.0,its 11 oclock
clip_06451,test,its 11 oclock,CREMA-D,1.0,its 11 oclock
clip_03525,train,im all my way to the meeting,CREMA-D,0.9091,im on my way to the meeting
clip_05730,test,its 11 oclock,CREMA-D,1.0,its 11 oclock
clip_04537,train,its 11 oclock,CREMA-D,1.0,its 11 oclock
clip_01337,train,im on my way to the meeting,CREMA-D,1.0,im on my way to the meeting
clip_03444,test,the surface is slick,CREMA-D,1.0,the surface is slick
clip_05432,train,its 11 oclock,CREMA-D,1.0,its 11 oclock
clip_05283,train,its 11 oclock,CREMA-D,1.0,its 11 oclock
clip_07513,train,its 11 oclock,CREMA-D,1.0,its 11 oclock
clip_04133,train,the airplane is almost full,CREMA-D,1.0,the airplane is almost full
clip_06673,train,dont forget to jack it,CREMA-D,0.8571,dont forget a jacket
clip_07856,train,its 11 oclock,CREMA-D,1.0,its 11 oclock
clip_02354,train,im on my way to the meeting,CREMA-D,1.0,im on my way to the meeting
clip_04789,train,the surface is slick,CREMA-D,1.0,the surface is slick
clip_07430,train,maybe tomorrow it will be cold,CREMA-D,1.0,maybe tomorrow it will be cold
clip_01812,train,dont forget a jacket,CREMA-D,1.0,dont forget a jacket
clip_06055,train,im on my way to the meeting,CREMA-D,1.0,im on my way to the meeting
clip_06039,train,im on my way to the meeting,CREMA-D,1.0,im on my way to the meeting
clip_06255,test,its 11 oclock,CREMA-D,1.0,its 11 oclock
clip_08991,train,the airplane is almost full,CREMA-D,1.0,the airplane is almost full
clip_10746,train,its 11 oclock,CREMA-D,1.0,its 11 oclock
clip_04915,test,dont forget a jacket,CREMA-D,1.0,dont forget a jacket
clip_05852,train,that is exactly what happened,CREMA-D,1.0,that is exactly what happened
clip_05444,train,i wonder what this is about,CREMA-D,1.0,i wonder what this is about
clip_08753,train,dont forget a jacket,CREMA-D,1.0,dont forget a jacket
clip_00198,test,id say that one oclock,UNKNOWN,0.5143,its 11 oclock
clip_00932,train,its 11 oclock,CREMA-D,1.0,its 11 oclock
clip_02054,train,its 11 oclock,CREMA-D,1.0,its 11 oclock
clip_02064,train,11 oclock,CREMA-D,0.8182,its 11 oclock
clip_00043,train,i would like anyone that im about,CREMA-D,0.6667,i would like a new alarm clock
clip_09419,train,im on my way to the meeting,CREMA-D,1.0,im on my way to the meeting
clip_00034,train,the surface is slick,CREMA-D,1.0,the surface is slick
clip_08394,train,its 11 oclock,CREMA-D,1.0,its 11 oclock
clip_05301,train,the airplane is almost full,CREMA-D,1.0,the airplane is almost full
clip_05367,train,its 11 oclock,CREMA-D,1.0,its 11 oclock
clip_10543,test,its 11 oclock,CREMA-D,1.0,its 11 oclock
clip_08973,train,i think ive seen this before,CREMA-D,1.0,i think ive seen this before
clip_01421,train,the airplane is almost full,CREMA-D,1.0,the airplane is almost full
clip_09238,test,i wonder what this is about,CREMA-D,1.0,i wonder what this is about
clip_10187,train,its 11 oclock,CREMA-D,1.0,its 11 oclock
clip_09597,train,the surface is slick,CREMA-D,1.0,the surface is slick
clip_03611,train,say the word vote,TESS,1.0,say the word
clip_01395,train,say the word raid,TESS,1.0,say the word
clip_01700,train,say the word keen,TESS,1.0,say the word
clip_10538,train,say the word thought,TESS,1.0,say the word
clip_06658,train,say the word name,TESS,1.0,say the word
clip_04372,train,see the word life,UNKNOWN,0.4444,i think ive seen this before
clip_04439,train,say the word merge,TESS,1.0,say the word
clip_07428,train,say the word mode,TESS,1.0,say the word
clip_03947,train,say the word reach,TESS,1.0,say the word
clip_08278,train,say the word tape,TESS,1.0,say the word
clip_10224,train,say the word luck,TESS,1.0,say the word
clip_03032,train,say the word whip,TESS,1.0,say the word
clip_04283,train,say the word haze,TESS,1.0,say the word
clip_04437,train,say the word loaf,TESS,1.0,say the word
clip_00687,train,say the word rain,TESS,1.0,say the word
clip_07478,train,say the word book,TESS,1.0,say the word
clip_06119,train,say the word tip,TESS,1.0,say the word
clip_09985,train,say the word tire,TESS,1.0,say the word
clip_09514,train,say the word char,TESS,1.0,say the word
clip_02277,train,say the word cause,TESS,1.0,say the word
clip_08035,train,say the word live,TESS,1.0,say the word
clip_00011,train,say the word knock,TESS,1.0,say the word
clip_02486,train,say the word should,TESS,1.0,say the word
clip_09487,train,say the word cheek,TESS,1.0,say the word
clip_07871,train,say the word turn,TESS,1.0,say the word
clip_10136,train,say the word read,TESS,1.0,say the word
clip_01326,train,say the word mood,TESS,1.0,say the word
clip_00106,train,say the word time,TESS,1.0,say the word
clip_05714,train,say the word fall,TESS,1.0,say the word
clip_09288,train,say the word dead,TESS,1.0,say the word
clip_02222,train,say the word term,TESS,1.0,say the word
clip_10529,train,say the word wheat,TESS,1.0,say the word
clip_09685,train,say the word weak,TESS,1.0,say the word
clip_05211,train,say the word have,TESS,1.0,say the word
clip_09872,train,say the words said,TESS,1.0,say the word
clip_00483,train,say the word big,TESS,1.0,say the word
clip_10358,train,say the word kill,TESS,1.0,say the word
clip_09460,train,say the word purl,TESS,1.0,say the word
clip_04015,train,say the word mop,TESS,1.0,say the word
clip_06931,train,say the word live,TESS,1.0,say the word
clip_01202,train,say the word lid,TESS,1.0,say the word
clip_08352,train,say the word reg,TESS,1.0,say the word
clip_00059,train,say the word take,TESS,1.0,say the word
clip_04416,train,say the word moon,TESS,1.0,say the word
clip_05963,train,say the word lot,TESS,1.0,say the word
clip_04257,train,say the word which,TESS,1.0,say the word
clip_03028,train,say the word near,TESS,1.0,say the word
clip_05261,train,say the word cause,TESS,1.0,say the word
clip_00468,train,say the word sail,TESS,1.0,say the word
clip_00395,train,say the word sour,TESS,1.0,say the word
clip_09119,train,say the word hash,TESS,1.0,say the word
clip_06196,train,say the word wheat,TESS,1.0,say the word
clip_06310,train,say the word walk,TESS,1.0,say the word
clip_09892,train,say the word walk,TESS,1.0,say the word
clip_03829,train,say the word white,TESS,1.0,say the word
clip_05587,train,say the word lot,TESS,1.0,say the word
clip_01343,train,say the word jar,TESS,1.0,say the word
clip_10398,train,say the word book,TESS,1.0,say the word
clip_05467,train,say the word chain,TESS,1.0,say the word
clip_06909,train,say the word lord,TESS,1.0,say the word
clip_06966,train,say the word tire,TESS,1.0,say the word
clip_05291,train,say the word home,TESS,1.0,say the word
clip_04003,train,say the word hash,TESS,1.0,say the word
clip_08567,train,say the words such,TESS,1.0,say the word
clip_07042,train,say the word reach,TESS,1.0,say the word
clip_08757,train,say the word which,TESS,1.0,say the word
clip_05090,train,say the word least,TESS,1.0,say the word
clip_00121,train,say the word lord,TESS,1.0,say the word
clip_06725,train,say the word road,TESS,1.0,say the word
clip_06224,train,say the word when,TESS,1.0,say the word
clip_03863,train,say the word late,TESS,1.0,say the word
clip_03403,train,say the word pool,TESS,1.0,say the word
clip_01132,train,say the word numb,TESS,1.0,say the word
clip_06997,train,say the word sheep,TESS,1.0,say the word
clip_02356,train,say the word cheek,TESS,1.0,say the word
clip_07758,train,say the word shirt,TESS,1.0,say the word
clip_05286,train,say the word bone,TESS,1.0,say the word
clip_02075,train,say the word sub,TESS,1.0,say the word
clip_02824,train,say the word sheep,TESS,1.0,say the word
clip_00364,train,say the word long,TESS,1.0,say the word
clip_03160,train,say the word sour,TESS,1.0,say the word
clip_07783,train,say the word shirt,TESS,1.0,say the word
clip_08601,train,say the word fat,TESS,1.0,say the word
clip_00952,train,say the word back,TESS,1.0,say the word
clip_08505,train,say the word but,TESS,1.0,say the word
clip_10047,train,say the word home,TESS,1.0,say the word
clip_08172,train,say the word goal,TESS,1.0,say the word
clip_02313,train,say the word nag,TESS,1.0,say the word
clip_05795,train,say the word book,TESS,1.0,say the word
clip_02062,train,say the word rose,TESS,1.0,say the word
clip_02671,train,say the word tell,TESS,1.0,say the word
clip_06700,train,say the word young,TESS,1.0,say the word
clip_06611,train,say the word dog,TESS,1.0,say the word
clip_09899,train,say the word haze,TESS,1.0,say the word
clip_02162,train,say the word kite,TESS,1.0,say the word
clip_01625,train,say the word whole,TESS,1.0,say the word
clip_01794,train,say the word live,TESS,1.0,say the word
clip_09970,train,say the word time,TESS,1.0,say the word
clip_02041,train,say the word kick,TESS,1.0,say the word
clip_00987,train,say the word sure,TESS,1.0,say the word
clip_01117,train,say the word lord,TESS,1.0,say the word
clip_07334,train,say the word puff,TESS,1.0,say the word
clip_08462,train,say the word base,TESS,1.0,say the word
clip_02942,train,say the word came,TESS,1.0,say the word
clip_10652,train,say the word wheat,TESS,1.0,say the word
clip_00618,train,say the word tyre,TESS,1.0,say the word
clip_03050,train,say the word lot,TESS,1.0,say the word
clip_08399,train,say the word shaq,TESS,1.0,say the word
clip_03143,train,say the word bath,TESS,1.0,say the word
clip_09300,train,maybe tomorrow will be cold,CREMA-D,0.9474,maybe tomorrow it will be cold
clip_03111,train,i wonder what this is about,CREMA-D,1.0,i wonder what this is about
clip_03188,train,its 11 oclock,CREMA-D,1.0,its 11 oclock
clip_03457,train,its 11 oclock,CREMA-D,1.0,its 11 oclock
clip_04870,train,maybe tomorrow it will be cold,CREMA-D,1.0,maybe tomorrow it will be cold
clip_01764,train,its 11 oclock,CREMA-D,1.0,its 11 oclock
clip_07712,train,the surface is slick,CREMA-D,1.0,the surface is slick
clip_04106,train,im on my way to the meeting,CREMA-D,1.0,im on my way to the meeting
clip_06698,train,dont forget to jack it,CREMA-D,0.8571,dont forget a jacket
clip_09572,train,maybe tomorrow it would be cold,CREMA-D,0.918,maybe tomorrow it will be cold
clip_08016,train,its 11 oclock,CREMA-D,1.0,its 11 oclock
clip_10776,train,the airplane is almost full,CREMA-D,1.0,the airplane is almost full
clip_07035,train,may tomorrow or will be cold,CREMA-D,0.8966,maybe tomorrow it will be cold
clip_03174,train,dont forget to jack it,CREMA-D,0.8571,dont forget a jacket
clip_04154,train,well stop in a couple of minutes,CREMA-D,1.0,well stop in a couple of minutes
clip_07869,train,its 11 oclock,CREMA-D,1.0,its 11 oclock
clip_06795,train,the airplane is almost full,CREMA-D,1.0,the airplane is almost full
clip_02279,train,dont forget to jack it,CREMA-D,0.8571,dont forget a jacket
clip_01345,train,i think ive seen this before,CREMA-D,1.0,i think ive seen this before
clip_02264,train,its 11 oclock,CREMA-D,1.0,its 11 oclock
clip_06169,train,the airplane is almost full,CREMA-D,1.0,the airplane is almost full
clip_01353,train,dont forget a jacket,CREMA-D,1.0,dont forget a jacket
clip_07794,train,im on my way to the meeting,CREMA-D,1.0,im on my way to the meeting
clip_07073,train,its 11 oclock,CREMA-D,1.0,its 11 oclock
clip_05271,train,its 11 oclock,CREMA-D,1.0,its 11 oclock
clip_10578,test,i wonder what this is about,CREMA-D,1.0,i wonder what this is about
clip_08381,train,dont forget to check it,CREMA-D,0.7442,dont forget a jacket
clip_08387,train,its 11 oclock,CREMA-D,1.0,its 11 oclock
clip_10556,train,maybe tomorrow it will be cold,CREMA-D,1.0,maybe tomorrow it will be cold
clip_06407,train,im on my way to the meeting,CREMA-D,1.0,im on my way to the meeting
clip_09520,train,the airplane is almost full,CREMA-D,1.0,the airplane is almost full
clip_06426,train,the surface is slick,CREMA-D,1.0,the surface is slick
clip_08427,train,the surface is slick,CREMA-D,1.0,the surface is slick
clip_05039,train,i think ive seen this before,CREMA-D,1.0,i think ive seen this before
clip_03740,train,i think ive seen this before,CREMA-D,1.0,i think ive seen this before
clip_05346,train,that is exactly what happened,CREMA-D,1.0,that is exactly what happened
clip_02447,test,its 11 oclock,CREMA-D,1.0,its 11 oclock
clip_02700,test,thats 11 oclock,CREMA-D,0.8571,its 11 oclock
clip_01354,train,until over the clock,UNKNOWN,0.4848,its 11 oclock
clip_00609,train,its 11 oclock,CREMA-D,1.0,its 11 oclock
clip_08434,train,its 11 oclock,CREMA-D,1.0,its 11 oclock
clip_08436,train,its 11 oclock,CREMA-D,1.0,its 11 oclock
clip_00470,train,the airplane is almost full,CREMA-D,1.0,the airplane is almost full
clip_06502,train,the surface is slick,CREMA-D,1.0,the surface is slick
clip_00586,train,its 11 oclock,CREMA-D,1.0,its 11 oclock
clip_01915,train,im on my way to the meeting,CREMA-D,1.0,im on my way to the meeting
clip_04853,train,its 11 oclock,CREMA-D,1.0,its 11 oclock
clip_05790,test,dont forget to check it,CREMA-D,0.7442,dont forget a jacket
clip_04611,train,i think ive seen this before,CREMA-D,1.0,i think ive seen this before
clip_01817,test,its 11 oclock,CREMA-D,1.0,its 11 oclock
clip_04563,train,im on my way to the meeting,CREMA-D,1.0,im on my way to the meeting
clip_08213,train,its 11 oclock,CREMA-D,1.0,its 11 oclock
clip_01216,train,its 11 oclock,CREMA-D,1.0,its 11 oclock
clip_01206,train,well stop in a couple of minutes,CREMA-D,1.0,well stop in a couple of minutes
clip_05530,train,its 11 oclock,CREMA-D,1.0,its 11 oclock
clip_08906,train,i wonder what this is about,CREMA-D,1.0,i wonder what this is about
clip_08549,train,im on my way to the meeting,CREMA-D,1.0,im on my way to the meeting
clip_07111,test,its 11 oclock,CREMA-D,1.0,its 11 oclock
clip_00725,train,i think ive seen this before,CREMA-D,1.0,i think ive seen this before
clip_01719,train,its 11 oclock,CREMA-D,1.0,its 11 oclock
clip_04189,train,i think i have a doctors appointment,CREMA-D,1.0,i think i have a doctors appointment
clip_09332,train,im on my way to the meeting,CREMA-D,1.0,im on my way to the meeting
clip_08228,train,its 11 oclock,CREMA-D,1.0,its 11 oclock
clip_04495,train,i wonder what this is about,CREMA-D,1.0,i wonder what this is about
clip_04636,train,its 11 oclock,CREMA-D,1.0,its 11 oclock
clip_02135,train,im going to wait for me,UNKNOWN,0.52,im on my way to the meeting
clip_07940,train,the surface is slick,CREMA-D,1.0,the surface is slick
clip_03878,train,its 11 oclock,CREMA-D,1.0,its 11 oclock
clip_01682,train,dont forget a jacket,CREMA-D,1.0,dont forget a jacket
clip_06253,train,dont forget to jack it,CREMA-D,0.8571,dont forget a jacket
clip_08477,test,its 11 oclock,CREMA-D,1.0,its 11 oclock
clip_01680,train,its 11 oclock,CREMA-D,1.0,its 11 oclock
clip_02778,train,the surface is slick,CREMA-D,1.0,the surface is slick
clip_02771,train,i wonder what this is about,CREMA-D,1.0,i wonder what this is about
clip_06981,train,i would like a new alarm clock,CREMA-D,1.0,i would like a new alarm clock
clip_09116,train,dont forget to jack it,CREMA-D,0.8571,dont forget a jacket
clip_01913,train,the surface is slick,CREMA-D,1.0,the surface is slick
clip_01563,train,dont forget to check it,CREMA-D,0.7442,dont forget a jacket
clip_00484,train,i wonder what this is about,CREMA-D,1.0,i wonder what this is about
clip_00480,train,i wonder what this is about,CREMA-D,1.0,i wonder what this is about
clip_04431,train,the airplane is almost full,CREMA-D,1.0,the airplane is almost full
clip_03668,test,its 11 oclock,CREMA-D,1.0,its 11 oclock
clip_07005,train,i think ive seen this before,CREMA-D,1.0,i think ive seen this before
clip_03949,train,its 11 oclock,CREMA-D,1.0,its 11 oclock
clip_04141,train,the surface is slick,CREMA-D,1.0,the surface is slick
clip_00301,train,its 11 oclock,CREMA-D,1.0,its 11 oclock
clip_08710,train,i wonder what this is about,CREMA-D,1.0,i wonder what this is about
clip_10576,train,i wonder what this is about,CREMA-D,1.0,i wonder what this is about
clip_05663,train,im on my way to the meeting,CREMA-D,1.0,im on my way to the meeting
clip_05664,train,dont forget a jacket,CREMA-D,1.0,dont forget a jacket
clip_06001,train,dont forget a jacket,CREMA-D,1.0,dont forget a jacket
clip_07023,train,i look like a new alarm clock,CREMA-D,0.8814,i would like a new alarm clock
clip_09474,train,lets stop in a couple of minutes,CREMA-D,0.9062,well stop in a couple of minutes
clip_03936,train,its 11 oclock,CREMA-D,1.0,its 11 oclock
clip_02933,train,stop in a couple of minutes,CREMA-D,0.9153,well stop in a couple of minutes
clip_02826,train,i think i have a doctors appointment,CREMA-D,1.0,i think i have a doctors appointment
clip_03903,train,i would like a new alarm clock,CREMA-D,1.0,i would like a new alarm clock
clip_10254,test,i wonder what this is about,CREMA-D,1.0,i wonder what this is about
clip_07408,train,its 11 oclock,CREMA-D,1.0,its 11 oclock
clip_08949,train,maybe tomorrow it will be cold,CREMA-D,1.0,maybe tomorrow it will be cold
clip_01139,train,maybe tomorrow it will be cold,CREMA-D,1.0,maybe tomorrow it will be cold
clip_07320,train,its 11 oclock,CREMA-D,1.0,its 11 oclock
clip_02835,train,dont forget to jack it,CREMA-D,0.8571,dont forget a jacket
clip_06152,train,its 11 oclock,CREMA-D,1.0,its 11 oclock
clip_04479,train,i wonder what this is about,CREMA-D,1.0,i wonder what this is about
clip_05670,train,its 11 oclock,CREMA-D,1.0,its 11 oclock
clip_07427,train,the airplane is almost full,CREMA-D,1.0,the airplane is almost full
clip_07873,train,the airplane is almost full,CREMA-D,1.0,the airplane is almost full
clip_03478,test,its 11 oclock,CREMA-D,1.0,its 11 oclock
clip_06864,train,the surface is slick,CREMA-D,1.0,the surface is slick
clip_09624,test,i think ive seen this before,CREMA-D,1.0,i think ive seen this before
clip_03909,train,i wonder what this is about,CREMA-D,1.0,i wonder what this is about
clip_06477,train,dont forget a jacket,CREMA-D,1.0,dont forget a jacket
clip_08028,train,its 11 oclock,CREMA-D,1.0,its 11 oclock
clip_00515,train,im on my way to the meeting,CREMA-D,1.0,im on my way to the meeting
clip_00519,train,maybe tomorrow it will be cold,CREMA-D,1.0,maybe tomorrow it will be cold
clip_07656,train,maybe tomorrow itll be cold,CREMA-D,0.9474,maybe tomorrow it will be cold
clip_09320,train,the service is slick,CREMA-D,0.85,the surface is slick
clip_02481,train,its 11 oclock,CREMA-D,1.0,its 11 oclock
clip_02450,train,i would like a new alarm clock,CREMA-D,1.0,i would like a new alarm clock
clip_04576,train,dont forget to check it,CREMA-D,0.7442,dont forget a jacket
clip_08444,train,its 11 oclock,CREMA-D,1.0,its 11 oclock
clip_05314,train,say the word chalk,TESS,1.0,say the word
clip_09557,test,i wonder what this is about,CREMA-D,1.0,i wonder what this is about
clip_05942,train,its 11 oclock,CREMA-D,1.0,its 11 oclock
clip_02188,train,i wonder what this is about,CREMA-D,1.0,i wonder what this is about
clip_09222,train,well stop in a couple of minutes,CREMA-D,1.0,well stop in a couple of minutes
clip_07144,train,i wonder what this is about,CREMA-D,1.0,i wonder what this is about
clip_06656,train,its 11 oclock,CREMA-D,1.0,its 11 oclock
clip_10313,train,im on my way to the meeting,CREMA-D,1.0,im on my way to the meeting
clip_00004,train,its 11 oclock,CREMA-D,1.0,its 11 oclock
clip_02097,train,dont forget to jack it,CREMA-D,0.8571,dont forget a jacket
clip_00878,train,its 11 oclock,CREMA-D,1.0,its 11 oclock
clip_10642,test,the airplane is almost full,CREMA-D,1.0,the airplane is almost full
clip_07936,test,dont forget a jacket,CREMA-D,1.0,dont forget a jacket
clip_03336,test,its 11 oclock,CREMA-D,1.0,its 11 oclock
clip_05195,train,im on my way to the meeting,CREMA-D,1.0,im on my way to the meeting
clip_01299,train,im on my way to the meeting,CREMA-D,1.0,im on my way to the meeting
clip_10269,train,its a well in the plot,UNKNOWN,0.56,kids are talking by the door
clip_10249,train,its 11 oclock,CREMA-D,1.0,its 11 oclock
clip_06960,train,its 11 oclock,CREMA-D,1.0,its 11 oclock
clip_04937,test,dont forget to jack it,CREMA-D,0.8571,dont forget a jacket
clip_05849,train,dont forget a jacket,CREMA-D,1.0,dont forget a jacket
clip_08736,train,dont forget a jacket,CREMA-D,1.0,dont forget a jacket
clip_02400,train,its 11 oclock,CREMA-D,1.0,its 11 oclock
clip_00292,train,dont forget a jacket,CREMA-D,1.0,dont forget a jacket
clip_07843,train,its 11 oclock,CREMA-D,1.0,its 11 oclock
clip_02346,train,im on my way to the meeting,CREMA-D,1.0,im on my way to the meeting
clip_08615,train,i think i have a doctors appointment,CREMA-D,1.0,i think i have a doctors appointment
clip_00839,train,the surface is slick,CREMA-D,1.0,the surface is slick
clip_04526,train,im on my way to the meeting,CREMA-D,1.0,im on my way to the meeting
clip_08031,train,its 11 oclock,CREMA-D,1.0,its 11 oclock
clip_03350,train,dont forget a jacket,CREMA-D,1.0,dont forget a jacket
clip_03351,train,its 11 oclock,CREMA-D,1.0,its 11 oclock
clip_08729,train,say the word white,TESS,1.0,say the word
clip_04391,train,say the word nice,TESS,1.0,say the word
clip_09022,train,say the word hall,TESS,1.0,say the word
clip_07153,train,say the word near,TESS,1.0,say the word
clip_10268,train,say the word bot,TESS,1.0,say the word
clip_10371,train,say the word chief,TESS,1.0,say the word
clip_00874,train,say the word name,TESS,1.0,say the word
clip_05662,train,say the word join,TESS,1.0,say the word
clip_02395,train,say the word purl,TESS,1.0,say the word
clip_09753,train,say the word calm,TESS,1.0,say the word
clip_03062,train,say the word far,TESS,1.0,say the word
clip_00553,train,say the word luck,TESS,1.0,say the word
clip_00268,train,say the word goose,TESS,1.0,say the word
clip_09036,train,say the word wag,TESS,1.0,say the word
clip_05511,train,say the words such,TESS,1.0,say the word
clip_01085,train,say the word reach,TESS,1.0,say the word
clip_09051,train,say the word check,TESS,1.0,say the word
clip_07096,train,say the word judge,TESS,1.0,say the word
clip_04164,train,say the word rot,TESS,1.0,say the word
clip_06323,train,say the word bite,TESS,1.0,say the word
clip_06695,train,say the word life,TESS,1.0,say the word
clip_02814,train,say the word bite,TESS,1.0,say the word
clip_05887,train,say the word peg,TESS,1.0,say the word
clip_04384,train,say the word time,TESS,1.0,say the word
clip_06626,train,say the word note,TESS,1.0,say the word
clip_08472,train,say the word back,TESS,1.0,say the word
clip_01062,train,say the word ring,TESS,1.0,say the word
clip_03291,train,say the word ripe,TESS,1.0,say the word
clip_05520,train,say the word higher,TESS,1.0,say the word
clip_04135,train,say the word case,TESS,1.0,say the word
clip_02790,train,say the word live,TESS,1.0,say the word
clip_02403,train,say the word tall,TESS,1.0,say the word
clip_03187,train,say the word pick,TESS,1.0,say the word
clip_08788,train,say the word fall,TESS,1.0,say the word
clip_09780,train,say the word lead,TESS,1.0,say the word
clip_09379,train,say the word came,TESS,1.0,say the word
clip_04645,train,say the word jar,TESS,1.0,say the word
clip_04910,train,say the word raise,TESS,1.0,say the word
clip_08473,train,say the words said,TESS,1.0,say the word
clip_00574,train,say the word sub,TESS,1.0,say the word
clip_09415,train,say the word dip,TESS,1.0,say the word
clip_04274,train,say the word pike,TESS,1.0,say the word
clip_02530,train,say the word dime,TESS,1.0,say the word
clip_05013,train,say the word puff,TESS,1.0,say the word
clip_04587,train,say the word puff,TESS,1.0,say the word
clip_08448,train,say the word dog,TESS,1.0,say the word
clip_00507,train,say the word said,TESS,1.0,say the word
clip_06416,train,say the word should,TESS,1.0,say the word
clip_04901,train,say the word ditch,TESS,1.0,say the word
clip_09512,train,say the word hash,TESS,1.0,say the word
clip_03955,train,say the word beg,TESS,1.0,say the word
clip_00205,train,say the word but,TESS,1.0,say the word
clip_04319,train,say the word book,TESS,1.0,say the word
clip_01435,train,say the word bone,TESS,1.0,say the word
clip_09501,train,say the words south,TESS,1.0,say the word
clip_08488,train,say the word fall,TESS,1.0,say the word
clip_04223,train,say the word come,TESS,1.0,say the word
clip_04597,train,say the word jar,TESS,1.0,say the word
clip_02124,train,say the word talk,TESS,1.0,say the word
clip_06052,train,say the word chalk,TESS,1.0,say the word
clip_08000,train,say the word dull,TESS,1.0,say the word
clip_01582,train,say the word phone,TESS,1.0,say the word
clip_00869,train,say the word sour,TESS,1.0,say the word
clip_07059,train,say the word reach,TESS,1.0,say the word
clip_08291,train,say the word merge,TESS,1.0,say the word
clip_04087,train,say the word such,TESS,1.0,say the word
clip_06891,train,say the word purl,TESS,1.0,say the word
clip_05138,train,say the word haze,TESS,1.0,say the word
clip_00401,train,say the word good,TESS,1.0,say the word
clip_00355,train,say the word sail,TESS,1.0,say the word
clip_07803,train,say the word wife,TESS,1.0,say the word
clip_01672,train,say the word base,TESS,1.0,say the word
clip_05222,train,say the word pike,TESS,1.0,say the word
clip_10770,train,say the word youth,TESS,1.0,say the word
clip_06472,train,say the word such,TESS,1.0,say the word
clip_06197,train,say the word match,TESS,1.0,say the word
clip_10539,train,say the word neat,TESS,1.0,say the word
clip_06576,train,say the word love,TESS,1.0,say the word
clip_10407,train,say the word wire,TESS,1.0,say the word
clip_05449,train,say the word death,TESS,1.0,say the word
clip_01134,train,say the word cool,TESS,1.0,say the word
clip_07303,train,say the word whip,TESS,1.0,say the word
clip_09552,train,say the word dab,TESS,1.0,say the word
clip_01553,train,say the word choice,TESS,1.0,say the word
clip_00023,train,the surface is slick,CREMA-D,1.0,the surface is slick
clip_09797,train,its 11 oclock,CREMA-D,1.0,its 11 oclock
clip_04689,train,the airplane is almost full,CREMA-D,1.0,the airplane is almost full
clip_10196,train,well start with a couple of minutes,CREMA-D,0.8657,well stop in a couple of minutes
clip_05330,train,i think ive seen this before,CREMA-D,1.0,i think ive seen this before
clip_06706,train,i think ive seen this before,CREMA-D,1.0,i think ive seen this before
clip_07739,train,its 11 oclock,CREMA-D,1.0,its 11 oclock
clip_07411,train,its 11 oclock,CREMA-D,1.0,its 11 oclock
clip_09610,train,the airplane is almost full,CREMA-D,1.0,the airplane is almost full
clip_04983,train,ive owned our way to the meeting,CREMA-D,0.8136,im on my way to the meeting
clip_10730,test,the surface is slick,CREMA-D,1.0,the surface is slick
clip_09645,train,its 11 oclock,CREMA-D,1.0,its 11 oclock
clip_10319,train,will stop in a couple of minutes,CREMA-D,0.9688,well stop in a couple of minutes
clip_00708,test,the surface is slick,CREMA-D,1.0,the surface is slick
clip_01973,train,its 11 oclock,CREMA-D,1.0,its 11 oclock
clip_01961,train,its 11 oclock great,CREMA-D,0.8125,its 11 oclock
clip_00852,train,i wonder what this is about,CREMA-D,1.0,i wonder what this is about
clip_00854,train,its 11 oclock,CREMA-D,1.0,its 11 oclock
clip_09984,train,dont forget to jack it,CREMA-D,0.8571,dont forget a jacket
clip_05182,train,i wonder what this is about,CREMA-D,1.0,i wonder what this is about
clip_06151,train,maybe tomorrow that will be cold,CREMA-D,0.9355,maybe tomorrow it will be cold
clip_06949,test,i wonder what this is about,CREMA-D,1.0,i wonder what this is about
clip_00394,train,that is exactly what happened,CREMA-D,1.0,that is exactly what happened
clip_10471,train,maybe tomorrow it will be cold,CREMA-D,1.0,maybe tomorrow it will be cold
clip_00691,train,its 11 oclock,CREMA-D,1.0,its 11 oclock
clip_04079,train,i think ive seen this before,CREMA-D,1.0,i think ive seen this before
clip_07372,train,the airplane is almost full,CREMA-D,1.0,the airplane is almost full
clip_08681,train,dont forget to jack it,CREMA-D,0.8571,dont forget a jacket
clip_07086,test,i wonder what this is about,CREMA-D,1.0,i wonder what this is about
clip_08235,train,11 oclock,CREMA-D,0.8182,its 11 oclock
clip_04188,train,its 11 oclock,CREMA-D,1.0,its 11 oclock
clip_01277,train,dont forget a jacket,CREMA-D,1.0,dont forget a jacket
clip_01286,train,dont forget a jacket,CREMA-D,1.0,dont forget a jacket
clip_01287,train,dont forget a jacket,CREMA-D,1.0,dont forget a jacket
clip_08905,train,dont forget to jack it,CREMA-D,0.8571,dont forget a jacket
clip_00387,test,dont forget a jacket,CREMA-D,1.0,dont forget a jacket
clip_06348,train,the surface is slick,CREMA-D,1.0,the surface is slick
clip_00273,test,dont forget to jack it,CREMA-D,0.8571,dont forget a jacket
clip_02461,train,its a living oclock,CREMA-D,0.6875,its 11 oclock
clip_01715,train,its 11 oclock,CREMA-D,1.0,its 11 oclock
clip_04316,train,its 11 oclock,CREMA-D,1.0,its 11 oclock
clip_05650,test,im on my way to the meeting,CREMA-D,1.0,im on my way to the meeting
clip_00057,train,i would like a new alarm clock,CREMA-D,1.0,i would like a new alarm clock
clip_02963,train,the surface is slick,CREMA-D,1.0,the surface is slick
clip_04065,train,i wonder what this is about,CREMA-D,1.0,i wonder what this is about
clip_01135,train,its a love that far,UNKNOWN,0.4681,i think ive seen this before
clip_07558,train,i think ive seen this before,CREMA-D,1.0,i think ive seen this before
clip_07560,train,dont forget a jacket,CREMA-D,1.0,dont forget a jacket
clip_04858,train,its 11 oclock,CREMA-D,1.0,its 11 oclock
clip_02911,train,i think ive seen this before,CREMA-D,1.0,i think ive seen this before
clip_08968,train,its 11 oclock,CREMA-D,1.0,its 11 oclock
clip_08326,train,im on my way to the meeting,CREMA-D,1.0,im on my way to the meeting
clip_05464,train,well stop in a couple of minutes,CREMA-D,1.0,well stop in a couple of minutes
clip_01162,train,im on my way to the meeting,CREMA-D,1.0,im on my way to the meeting
clip_10117,train,its 11 oclock,CREMA-D,1.0,its 11 oclock
clip_01438,test,its 11 oclock,CREMA-D,1.0,its 11 oclock
clip_09880,train,the airplane is almost full,CREMA-D,1.0,the airplane is almost full
clip_05420,train,its 11 oclock,CREMA-D,1.0,its 11 oclock
clip_02307,train,i think i have a doctors appointment,CREMA-D,1.0,i think i have a doctors appointment
clip_09870,train,its 11 oclock,CREMA-D,1.0,its 11 oclock
clip_06528,train,the surface is slick,CREMA-D,1.0,the surface is slick
clip_05117,train,i wonder what this is about,CREMA-D,1.0,i wonder what this is about
clip_09014,test,its 11 oclock,CREMA-D,1.0,its 11 oclock
clip_06515,train,i wonder what this is about,CREMA-D,1.0,i wonder what this is about
clip_01642,train,maybe tomorrow it will be cold,CREMA-D,1.0,maybe tomorrow it will be cold
clip_06521,train,i think ive seen this before,CREMA-D,1.0,i think ive seen this before
clip_08734,train,im on my way to the meeting,CREMA-D,1.0,im on my way to the meeting
clip_08746,train,dont forget to check it,CREMA-D,0.7442,dont forget a jacket
clip_07405,train,its 11 oclock,CREMA-D,1.0,its 11 oclock
clip_09406,train,the surface is slick,CREMA-D,1.0,the surface is slick
clip_08693,train,to learn the clock,UNKNOWN,0.5,i would like a new alarm clock
clip_01830,train,the surface is slick,CREMA-D,1.0,the surface is slick
clip_07301,train,i would like a new alarm clock,CREMA-D,1.0,i would like a new alarm clock
clip_04990,train,the airplane is always full,CREMA-D,0.8889,the airplane is almost full
clip_02185,train,the airplane is almost full,CREMA-D,1.0,the airplane is almost full
clip_05941,train,i think ive seen this before,CREMA-D,1.0,i think ive seen this before
clip_08815,test,its 11 oclock,CREMA-D,1.0,its 11 oclock
clip_06573,train,im all my way to the meeting,CREMA-D,0.9091,im on my way to the meeting
clip_08795,test,the surface is slick,CREMA-D,1.0,the surface is slick
clip_00294,train,im all my way to the meeting,CREMA-D,0.9091,im on my way to the meeting
clip_02746,train,its 11 oclock,CREMA-D,1.0,its 11 oclock
clip_07156,train,the airplane is almost full,CREMA-D,1.0,the airplane is almost full
clip_07921,train,the surface is slick,CREMA-D,1.0,the surface is slick
clip_05073,train,i wonder what this is about,CREMA-D,1.0,i wonder what this is about
clip_02812,train,i was like a new alarm clock,CREMA-D,0.8966,i would like a new alarm clock
clip_08548,train,its 11 oclock,CREMA-D,1.0,its 11 oclock
clip_02732,train,its 11 oclock,CREMA-D,1.0,its 11 oclock
clip_09129,train,dont forget a jacket,CREMA-D,1.0,dont forget a jacket
clip_01377,train,i wonder what this is about,CREMA-D,1.0,i wonder what this is about
clip_02687,train,its a lovely clock,CREMA-D,0.7097,its 11 oclock
clip_06148,train,its 11 oclock,CREMA-D,1.0,its 11 oclock
clip_09093,test,i wonder what this is about,CREMA-D,1.0,i wonder what this is about
clip_07561,test,i think ive seen this before,CREMA-D,1.0,i think ive seen this before
clip_03067,train,its 11 oclock,CREMA-D,1.0,its 11 oclock
clip_06622,test,its 11 oclock,CREMA-D,1.0,its 11 oclock
clip_01260,test,its 11 oclock,CREMA-D,1.0,its 11 oclock
clip_03018,train,well stop in a couple of minutes,CREMA-D,1.0,well stop in a couple of minutes
clip_01342,test,its all over the clock,UNKNOWN,0.6286,its 11 oclock
clip_02670,train,dont forget a jacket,CREMA-D,1.0,dont forget a jacket
clip_02675,train,now what about this is about,CREMA-D,0.7273,i wonder what this is about
clip_05992,test,im on my way to the meeting,CREMA-D,1.0,im on my way to the meeting
clip_04491,train,its 11 oclock,CREMA-D,1.0,its 11 oclock
clip_09194,train,i wonder what this is about,CREMA-D,1.0,i wonder what this is about
clip_05751,train,the surface is slick,CREMA-D,1.0,the surface is slick
clip_00467,train,theres a little bit of clock,UNKNOWN,0.4878,its 11 oclock
clip_00441,train,the surface is slick,CREMA-D,1.0,the surface is slick
clip_07816,train,i wonder what this is about,CREMA-D,1.0,i wonder what this is about
clip_03707,train,im on my way to the meeting,CREMA-D,1.0,im on my way to the meeting
clip_09175,train,its 11 oclock,CREMA-D,1.0,its 11 oclock
clip_05044,train,the surface is slick,CREMA-D,1.0,the surface is slick
clip_02241,train,its 11 oclock,CREMA-D,1.0,its 11 oclock
clip_01665,train,dont forget a jacket,CREMA-D,1.0,dont forget a jacket
clip_04263,test,the surface is slick,CREMA-D,1.0,the surface is slick
clip_08053,test,its 11 oclock,CREMA-D,1.0,its 11 oclock
clip_10026,train,the airplane is almost full,CREMA-D,1.0,the airplane is almost full
clip_06242,train,i wonder what this is about,CREMA-D,1.0,i wonder what this is about
clip_10327,train,i think ive seen this before,CREMA-D,1.0,i think ive seen this before
clip_10330,train,its 11 oclock,CREMA-D,1.0,its 11 oclock
clip_08122,train,its 11 oclock,CREMA-D,1.0,its 11 oclock
clip_03005,train,im on my way to the meeting,CREMA-D,1.0,im on my way to the meeting
clip_03333,train,i wonder what this is about,CREMA-D,1.0,i wonder what this is about
clip_10670,train,its 11 oclock,CREMA-D,1.0,its 11 oclock
clip_05772,train,but that is exactly what happened,CREMA-D,0.9355,that is exactly what happened
clip_10686,train,that is exactly what happened,CREMA-D,1.0,that is exactly what happened
clip_03344,train,i think ive seen this before,CREMA-D,1.0,i think ive seen this before
clip_02629,train,i love that clock,UNKNOWN,0.5333,its 11 oclock
clip_10600,test,dont forget to jack it,CREMA-D,0.8571,dont forget a jacket
clip_03406,train,i wonder what this is about,CREMA-D,1.0,i wonder what this is about
clip_00902,test,its 11 oclock,CREMA-D,1.0,its 11 oclock
clip_00080,train,the surface is slick,CREMA-D,1.0,the surface is slick
clip_07848,train,i wonder what this is about,CREMA-D,1.0,i wonder what this is about
clip_08192,test,dont forget a jacket,CREMA-D,1.0,dont forget a jacket
clip_06688,train,its 11 oclock,CREMA-D,1.0,its 11 oclock
clip_06798,train,its 11 oclock,CREMA-D,1.0,its 11 oclock
clip_02028,train,im on my way to the meeting,CREMA-D,1.0,im on my way to the meeting
clip_01143,test,dont forget a jacket,CREMA-D,1.0,dont forget a jacket
clip_03194,train,i wonder what this is about,CREMA-D,1.0,i wonder what this is about
clip_03900,test,dont forget to jack it,CREMA-D,0.8571,dont forget a jacket
clip_01772,train,that is exactly what happened,CREMA-D,1.0,that is exactly what happened
clip_00916,train,dont forget to jack it,CREMA-D,0.8571,dont forget a jacket
clip_06437,train,until 11 oclock,CREMA-D,0.7857,its 11 oclock
clip_00765,train,im on my way to the meeting,CREMA-D,1.0,im on my way to the meeting
clip_10893,train,well stop in a couple of minutes,CREMA-D,1.0,well stop in a couple of minutes
clip_09547,train,its 11 oclock,CREMA-D,1.0,its 11 oclock
clip_00222,train,i think i have a doctors appointment,CREMA-D,1.0,i think i have a doctors appointment
clip_07027,train,im on my way to the meeting,CREMA-D,1.0,im on my way to the meeting
clip_01118,train,i would like a new alarm clock,CREMA-D,1.0,i would like a new alarm clock
clip_02215,train,i think i have a doctors appointment,CREMA-D,1.0,i think i have a doctors appointment
clip_07765,train,maybe tomorrow well be cold,CREMA-D,0.9123,maybe tomorrow it will be cold
clip_01071,train,its 11 oclock,CREMA-D,1.0,its 11 oclock
clip_01464,test,its 11 oclock,CREMA-D,1.0,its 11 oclock
clip_01590,test,the surface is slick,CREMA-D,1.0,the surface is slick
clip_09913,train,the airplane is almost full,CREMA-D,1.0,the airplane is almost full
clip_08997,train,say the word search,TESS,1.0,say the word
clip_01678,test,the airplane is almost full,CREMA-D,1.0,the airplane is almost full
clip_05009,train,i wonder what this is about,CREMA-D,1.0,i wonder what this is about
clip_08983,train,i wonder what this is about,CREMA-D,1.0,i wonder what this is about
clip_00978,train,i think ive seen this before,CREMA-D,1.0,i think ive seen this before
clip_10272,train,its 11 oclock,CREMA-D,1.0,its 11 oclock
clip_00981,train,well stop in a couple of minutes,CREMA-D,1.0,well stop in a couple of minutes
clip_02110,train,well stop in a couple of minutes,CREMA-D,1.0,well stop in a couple of minutes
clip_09037,train,i would like a new alarm clock,CREMA-D,1.0,i would like a new alarm clock
clip_02823,train,im on my way to the meeting,CREMA-D,1.0,im on my way to the meeting
clip_10050,train,say the word room,TESS,1.0,say the word
clip_03201,train,say the word note,TESS,1.0,say the word
clip_01221,train,say the word shall,TESS,1.0,say the word
clip_09393,train,say the word rag,TESS,1.0,say the word
clip_08980,train,say the word cell,TESS,1.0,say the word
clip_03908,train,say the word nice,TESS,1.0,say the word
clip_02029,train,say the word shout,TESS,1.0,say the word
clip_00145,train,say the word tip,TESS,1.0,say the word
clip_06408,train,say the word kill,TESS,1.0,say the word
clip_04941,train,say the word pass,TESS,1.0,say the word
clip_10868,train,say the word lid,TESS,1.0,say the word
clip_03133,train,say the word shirt,TESS,1.0,say the word
clip_03437,train,say the word yearn,TESS,1.0,say the word
clip_08015,train,say the word higher,TESS,1.0,say the word
clip_01899,train,say the word match,TESS,1.0,say the word
clip_01762,train,say the word wire,TESS,1.0,say the word
clip_01860,train,say the word chair,TESS,1.0,say the word
clip_08361,train,say the word chief,TESS,1.0,say the word
clip_08219,train,say the word rose,TESS,1.0,say the word
clip_10023,train,say the word hate,TESS,1.0,say the word
clip_05584,train,say the word being,TESS,1.0,say the word
clip_01489,train,say the word which,TESS,1.0,say the word
clip_07664,train,say the word higher,TESS,1.0,say the word
clip_09652,train,say the word road,TESS,1.0,say the word
clip_04601,train,say the word jug,TESS,1.0,say the word
clip_02321,train,say the word moon,TESS,1.0,say the word
clip_02070,train,say the word rat,TESS,1.0,say the word
clip_10288,train,say the word team,TESS,1.0,say the word
clip_08264,train,say the word have,TESS,1.0,say the word
clip_04502,train,say the word com,TESS,1.0,say the word
clip_08086,train,say the word witch,TESS,1.0,say the word
clip_00412,train,say the word match,TESS,1.0,say the word
clip_04931,train,say the word learn,TESS,1.0,say the word
clip_04072,train,say the word wheat,TESS,1.0,say the word
clip_05984,train,say the word size,TESS,1.0,say the word
clip_04344,train,say the word rush,TESS,1.0,say the word
clip_10066,train,say the word late,TESS,1.0,say the word
clip_04300,train,say the word gas,TESS,1.0,say the word
clip_05676,train,say the word wash,TESS,1.0,say the word
clip_07537,train,say the words soap,TESS,1.0,say the word
clip_05921,train,say the word lose,TESS,1.0,say the word
clip_07913,train,say the word hurl,TESS,1.0,say the word
clip_01556,train,say the word soap,TESS,1.0,say the word
clip_04836,train,say the word mess,TESS,1.0,say the word
clip_06667,train,say the word raise,TESS,1.0,say the word
clip_09711,train,say the word gun,TESS,1.0,say the word
clip_01689,train,say the word chair,TESS,1.0,say the word
clip_08525,train,say the word hit,TESS,1.0,say the word
clip_01939,train,say the word food,TESS,1.0,say the word
clip_03790,train,say the word so,TESS,1.0,say the word
clip_00031,train,say the word yearn,TESS,1.0,say the word
clip_04251,train,say the word pick,TESS,1.0,say the word
clip_02715,train,say the word gaze,TESS,1.0,say the word
clip_05029,train,say the word lore,TESS,1.0,say the word
clip_05096,train,say the word jinn,TESS,1.0,say the word
clip_04125,train,say the word learn,TESS,1.0,say the word
clip_00297,train,say the word moon,TESS,1.0,say the word
clip_04754,train,say the word join,TESS,1.0,say the word
clip_06465,train,say the word lean,TESS,1.0,say the word
clip_01819,train,say the word sail,TESS,1.0,say the word
clip_00541,train,say the word gun,TESS,1.0,say the word
clip_09394,train,say the word rush,TESS,1.0,say the word
clip_02782,train,say the word mill,TESS,1.0,say the word
clip_05655,train,say the word bone,TESS,1.0,say the word
clip_06021,train,say the word nag,TESS,1.0,say the word
clip_09247,train,say the word road,TESS,1.0,say the word
clip_10257,train,say the word judge,TESS,1.0,say the word
clip_07512,train,say the word room,TESS,1.0,say the word
clip_08412,train,say the word fail,TESS,1.0,say the word
clip_03816,train,say the word juice,TESS,1.0,say the word
clip_04810,train,say the word note,TESS,1.0,say the word
clip_08243,train,say the word shout,TESS,1.0,say the word
clip_00859,train,say the word cool,TESS,1.0,say the word
clip_01144,train,say the word five,TESS,1.0,say the word
clip_09079,train,say the word sheep,TESS,1.0,say the word
clip_04525,train,say the word search,TESS,1.0,say the word
clip_03035,train,say the word hush,TESS,1.0,say the word
clip_01968,train,say the word date,TESS,1.0,say the word
clip_04938,train,say the word vote,TESS,1.0,say the word
clip_01149,train,say the word luck,TESS,1.0,say the word
clip_02268,train,say the word such,TESS,1.0,say the word
clip_01220,train,say the word germ,TESS,1.0,say the word
clip_07473,train,say the word ditch,TESS,1.0,say the word
clip_09553,train,say the word jug,TESS,1.0,say the word
clip_09479,train,say the word red,TESS,1.0,say the word
clip_02045,train,say the word should,TESS,1.0,say the word
clip_05303,train,say the word rain,TESS,1.0,say the word
clip_00589,train,say the word lower,TESS,1.0,say the word
clip_08190,train,say the word back,TESS,1.0,say the word
clip_10090,train,say the words shout,TESS,1.0,say the word
clip_06874,train,say the word dip,TESS,1.0,say the word
clip_09632,train,say the word pain,TESS,1.0,say the word
clip_06307,train,say the words sour,TESS,1.0,say the word
clip_01705,train,say the word page,TESS,1.0,say the word
clip_09609,train,say the word raid,TESS,1.0,say the word
clip_01152,train,say the word soup,TESS,1.0,say the word
clip_07687,train,say the word hate,TESS,1.0,say the word
clip_07228,train,say the word rough,TESS,1.0,say the word
clip_09558,train,say the word young,TESS,1.0,say the word
clip_06653,train,say the word mill,TESS,1.0,say the word
clip_02221,train,say the word mop,TESS,1.0,say the word
clip_01235,train,say the word hall,TESS,1.0,say the word
clip_03812,train,say the word hall,TESS,1.0,say the word
clip_10858,train,i wonder what this is about,CREMA-D,1.0,i wonder what this is about
clip_00117,train,dont forget a jacket,CREMA-D,1.0,dont forget a jacket
clip_04925,train,im on my way to the meeting,CREMA-D,1.0,im on my way to the meeting
clip_08528,train,dont forget a jacket,CREMA-D,1.0,dont forget a jacket
clip_05915,train,i would like a new alarm clock,CREMA-D,1.0,i would like a new alarm clock
clip_02115,train,its 11 oclock,CREMA-D,1.0,its 11 oclock
clip_01218,train,its 11 oclock,CREMA-D,1.0,its 11 oclock
clip_10095,train,i wonder what this is about,CREMA-D,1.0,i wonder what this is about
clip_06457,train,i wonder what this is about,CREMA-D,1.0,i wonder what this is about
clip_01022,train,the airplane is almost full,CREMA-D,1.0,the airplane is almost full
clip_06796,train,its 11 oclock,CREMA-D,1.0,its 11 oclock
clip_03176,train,its 11 oclock,CREMA-D,1.0,its 11 oclock
clip_06807,train,maybe tomorrow it will be cold,CREMA-D,1.0,maybe tomorrow it will be cold
clip_10466,train,its 11 oclock,CREMA-D,1.0,its 11 oclock
clip_00707,train,im on my way to the meeting,CREMA-D,1.0,im on my way to the meeting
clip_10483,train,i wonder what this is about,CREMA-D,1.0,i wonder what this is about
clip_04200,train,im on no way to the meeting,CREMA-D,0.9259,im on my way to the meeting
clip_05602,train,maybe tomorrow it will be cold,CREMA-D,1.0,maybe tomorrow it will be cold
clip_02223,test,im on my way to the meeting,CREMA-D,1.0,im on my way to the meeting
clip_08793,train,the surface is slick,CREMA-D,1.0,the surface is slick
clip_04094,train,i want my way to the meeting,CREMA-D,0.9091,im on my way to the meeting
clip_08803,train,its 11 oclock,CREMA-D,1.0,its 11 oclock
clip_04078,train,maybe tomorrow it will be cold,CREMA-D,1.0,maybe tomorrow it will be cold
clip_08844,train,maybe tomorrow will be cold,CREMA-D,0.9474,maybe tomorrow it will be cold
clip_10394,train,i would like it all alarm clock,CREMA-D,0.8525,i would like a new alarm clock
clip_04178,train,im on my way to the meeting,CREMA-D,1.0,im on my way to the meeting
clip_05592,train,its 11 oclock,CREMA-D,1.0,its 11 oclock
clip_04213,train,dont forget to check it,CREMA-D,0.7442,dont forget a jacket
clip_06367,train,dont forget to jack it,CREMA-D,0.8571,dont forget a jacket
clip_06260,train,im on that way to the meeting,CREMA-D,0.8929,im on my way to the meeting
clip_06256,train,well stop in a couple of minutes,CREMA-D,1.0,well stop in a couple of minutes
clip_04150,train,the surface is slick,CREMA-D,1.0,the surface is slick
clip_05310,train,the surface is slick,CREMA-D,1.0,the surface is slick
clip_01408,train,the airplane is almost full,CREMA-D,1.0,the airplane is almost full
clip_00547,train,i would like to do an arm clock,CREMA-D,0.8197,i would like a new alarm clock
clip_08921,train,dont forget to jack it,CREMA-D,0.8571,dont forget a jacket
clip_03084,train,the airplane is almost full,CREMA-D,1.0,the airplane is almost full
clip_04218,train,i would like a new alarm clock,CREMA-D,1.0,i would like a new alarm clock
clip_03047,train,im on my way to the meeting,CREMA-D,1.0,im on my way to the meeting
clip_02806,test,its 11 oclock,CREMA-D,1.0,its 11 oclock
clip_08960,train,well stop in a couple of minutes,CREMA-D,1.0,well stop in a couple of minutes
clip_06771,train,im on my way to the meeting,CREMA-D,1.0,im on my way to the meeting
clip_04241,train,its 11 oclock,CREMA-D,1.0,its 11 oclock
clip_01341,train,dont forget a jacket,CREMA-D,1.0,dont forget a jacket
clip_08113,train,maybe tomorrow it will be cold,CREMA-D,1.0,maybe tomorrow it will be cold
clip_05492,train,its 11 oclock,CREMA-D,1.0,its 11 oclock
clip_10519,train,dont forget a jacket,CREMA-D,1.0,dont forget a jacket
clip_10534,train,i wonder what this is about,CREMA-D,1.0,i wonder what this is about
clip_03567,test,its 11 oclock,CREMA-D,1.0,its 11 oclock
clip_10582,train,the surface is slick,CREMA-D,1.0,the surface is slick
clip_10580,train,its 11 oclock,CREMA-D,1.0,its 11 oclock
clip_08280,train,its 11 oclock,CREMA-D,1.0,its 11 oclock
clip_10532,train,its 11 oclock,CREMA-D,1.0,its 11 oclock
clip_07580,train,its 11 oclock,CREMA-D,1.0,its 11 oclock
clip_07272,train,i think ive seen this before,CREMA-D,1.0,i think ive seen this before
clip_05011,test,its 11 oclock,CREMA-D,1.0,its 11 oclock
clip_08040,train,dont forget to check it,CREMA-D,0.7442,dont forget a jacket
clip_07256,train,the surface is slick,CREMA-D,1.0,the surface is slick
clip_09023,train,im all the way to the meeting,CREMA-D,0.8214,im on my way to the meeting
clip_08990,train,the airplay was almost full,CREMA-D,0.8889,the airplane is almost full
clip_09921,train,the surface is slick,CREMA-D,1.0,the surface is slick
clip_05202,test,im on my way to the meeting,CREMA-D,1.0,im on my way to the meeting
clip_10402,train,its 11 oclock,CREMA-D,1.0,its 11 oclock
clip_03587,train,i think ive seen this before,CREMA-D,1.0,i think ive seen this before
clip_07917,train,the airplane is on those full,CREMA-D,0.8214,the airplane is almost full
clip_06087,train,i wonder what this is about,CREMA-D,1.0,i wonder what this is about
clip_05436,train,dont forget a jacket,CREMA-D,1.0,dont forget a jacket
clip_03355,train,the surface is slick,CREMA-D,1.0,the surface is slick
clip_08750,train,im on my way to the meeting,CREMA-D,1.0,im on my way to the meeting
clip_07161,train,the airplane is almost full,CREMA-D,1.0,the airplane is almost full
clip_01877,test,the surface is slick,CREMA-D,1.0,the surface is slick
clip_04628,train,i think ive seen this before,CREMA-D,1.0,i think ive seen this before
clip_02563,train,its 11 oclock,CREMA-D,1.0,its 11 oclock
clip_03425,train,its 11 oclock,CREMA-D,1.0,its 11 oclock
clip_05713,test,im all my way to the meeting,CREMA-D,0.9091,im on my way to the meeting
clip_06963,train,maybe tomorrow it will be cold,CREMA-D,1.0,maybe tomorrow it will be cold
clip_10127,train,its 11 oclock,CREMA-D,1.0,its 11 oclock
clip_03270,train,the surface is slick,CREMA-D,1.0,the surface is slick
clip_03263,train,its 11 oclock,CREMA-D,1.0,its 11 oclock
clip_05132,test,its 11 oclock,CREMA-D,1.0,its 11 oclock
clip_02498,test,im on my way to the meeting,CREMA-D,1.0,im on my way to the meeting
clip_05705,train,dont forget to jack it,CREMA-D,0.8571,dont forget a jacket
clip_08012,train,i think ive seen this before,CREMA-D,1.0,i think ive seen this before
clip_07000,train,the surface is slick,CREMA-D,1.0,the surface is slick
clip_03619,train,its 11 oclock,CREMA-D,1.0,its 11 oclock
clip_06973,train,its 11 oclock,CREMA-D,1.0,its 11 oclock
clip_02813,train,im on my way to the meeting,CREMA-D,1.0,im on my way to the meeting
clip_02613,train,the airplane is almost full,CREMA-D,1.0,the airplane is almost full
clip_06537,train,i think ive seen this before,CREMA-D,1.0,i think ive seen this before
clip_06757,train,its 11 oclock,CREMA-D,1.0,its 11 oclock
clip_04497,train,i think ive seen this before,CREMA-D,1.0,i think ive seen this before
clip_01589,train,dont forget a jacket,CREMA-D,1.0,dont forget a jacket
clip_01569,train,i wonder what this is about,CREMA-D,1.0,i wonder what this is about
clip_06467,train,i think ive seen this before,CREMA-D,1.0,i think ive seen this before
clip_06583,test,maybe tomorrow will be cold,CREMA-D,0.9474,maybe tomorrow it will be cold
clip_08575,train,the airplane is almost full,CREMA-D,1.0,the airplane is almost full
clip_09296,train,im on my way to the meeting,CREMA-D,1.0,im on my way to the meeting
clip_02534,train,im on my way to the meeting,CREMA-D,1.0,im on my way to the meeting
clip_09263,train,well stop in a couple of minutes,CREMA-D,1.0,well stop in a couple of minutes
clip_08801,test,dont forget a jacket,CREMA-D,1.0,dont forget a jacket
clip_09299,train,its 11 oclock,CREMA-D,1.0,its 11 oclock
clip_05435,train,i would like a new alarm clock,CREMA-D,1.0,i would like a new alarm clock
clip_03381,train,i wonder what this is about,CREMA-D,1.0,i wonder what this is about
clip_03943,train,or like a new alarm clock,CREMA-D,0.8727,i would like a new alarm clock
clip_08712,train,im on my way to the meeting,CREMA-D,1.0,im on my way to the meeting
clip_01661,train,its 11 oclock,CREMA-D,1.0,its 11 oclock
clip_06059,train,dont forget to jack it,CREMA-D,0.8571,dont forget a jacket
clip_00278,train,the surface is slick,CREMA-D,1.0,the surface is slick
clip_04782,train,well stop in a couple of minutes,CREMA-D,1.0,well stop in a couple of minutes
clip_04785,train,its 11 oclock,CREMA-D,1.0,its 11 oclock
clip_07820,train,its 11 oclock,CREMA-D,1.0,its 11 oclock
clip_01838,train,well stop in a couple of minutes,CREMA-D,1.0,well stop in a couple of minutes
clip_10439,train,maybe tomorrow will be cold,CREMA-D,0.9474,maybe tomorrow it will be cold
clip_04046,train,its full of neck lock,UNKNOWN,0.6471,its 11 oclock
clip_05237,train,the surface is slick,CREMA-D,1.0,the surface is slick
clip_05269,train,i wonder what this is about,CREMA-D,1.0,i wonder what this is about
clip_01045,train,the service is slick,CREMA-D,0.85,the surface is slick
clip_09383,train,im on my way to the meeting,CREMA-D,1.0,im on my way to the meeting
clip_09372,train,its 11 oclock,CREMA-D,1.0,its 11 oclock
clip_06682,train,i think ive seen this before,CREMA-D,1.0,i think ive seen this before
clip_05801,train,its 11 oclock,CREMA-D,1.0,its 11 oclock
clip_04650,train,im on my way to the meeting,CREMA-D,1.0,im on my way to the meeting
clip_09358,train,i would like a new alarm clock,CREMA-D,1.0,i would like a new alarm clock
clip_00382,train,the airplane is almost full,CREMA-D,1.0,the airplane is almost full
clip_08374,train,i think i have a doctors appointment,CREMA-D,1.0,i think i have a doctors appointment
clip_06404,train,i think ive seen this before,CREMA-D,1.0,i think ive seen this before
clip_09565,test,its 11 oclock,CREMA-D,1.0,its 11 oclock
clip_07647,train,im on my way to the meeting,CREMA-D,1.0,im on my way to the meeting
clip_02069,train,dont forget a jacket,CREMA-D,1.0,dont forget a jacket
clip_04976,train,im on my way to the meeting,CREMA-D,1.0,im on my way to the meeting
clip_09626,train,its 11 oclock,CREMA-D,1.0,its 11 oclock
clip_00051,train,the airplane is almost full,CREMA-D,1.0,the airplane is almost full
clip_07409,train,im on my way to the meeting,CREMA-D,1.0,im on my way to the meeting
clip_09586,train,its 11 oclock,CREMA-D,1.0,its 11 oclock
clip_04943,train,i think i have a doctors appointment,CREMA-D,1.0,i think i have a doctors appointment
clip_07146,train,its 11 oclock,CREMA-D,1.0,its 11 oclock
clip_05940,train,its 11 oclock,CREMA-D,1.0,its 11 oclock
clip_04906,train,maybe tomorrow will be cold,CREMA-D,0.9474,maybe tomorrow it will be cold
clip_05997,train,i wonder what this is about,CREMA-D,1.0,i wonder what this is about
clip_03098,test,i think ive seen this before,CREMA-D,1.0,i think ive seen this before
clip_10413,test,i wonder what this is about,CREMA-D,1.0,i wonder what this is about
clip_00262,train,i think i have a doctors appointment,CREMA-D,1.0,i think i have a doctors appointment
clip_04806,train,im on my way to the meeting,CREMA-D,1.0,im on my way to the meeting
clip_09699,train,its 11 oclock,CREMA-D,1.0,its 11 oclock
clip_03670,train,maybe tomorrow it will be cold,CREMA-D,1.0,maybe tomorrow it will be cold
clip_07813,train,its 11 oclock,CREMA-D,1.0,its 11 oclock
clip_10804,train,maybe tomorrow it will be cold,CREMA-D,1.0,maybe tomorrow it will be cold
clip_07517,train,its 11 oclock,CREMA-D,1.0,its 11 oclock
clip_01548,test,its 11 oclock,CREMA-D,1.0,its 11 oclock
clip_07031,train,i would like anyone to learn clock,CREMA-D,0.8125,i would like a new alarm clock
clip_05174,train,say the word pain,TESS,1.0,say the word
clip_01709,train,say the word ton,TESS,1.0,say the word
clip_01199,train,say the word home,TESS,1.0,say the word
clip_02232,train,say the word least,TESS,1.0,say the word
clip_00324,train,say the word thumb,TESS,1.0,say the word
clip_10697,train,say the word fit,TESS,1.0,say the word
clip_01478,train,say the word rot,TESS,1.0,say the word
clip_01736,train,say the word came,TESS,1.0,say the word
clip_07110,train,say the word calm,TESS,1.0,say the word
clip_10246,train,say the word late,TESS,1.0,say the word
clip_08541,train,say the word whole,TESS,1.0,say the word
clip_02805,train,say the word mess,TESS,1.0,say the word
clip_01214,train,say the word soap,TESS,1.0,say the word
clip_05255,train,say the word mouse,TESS,1.0,say the word
clip_04978,train,say the word mouse,TESS,1.0,say the word
clip_04289,train,say the word knock,TESS,1.0,say the word
clip_00782,train,say the word lose,TESS,1.0,say the word
clip_08518,train,say the word judge,TESS,1.0,say the word
clip_08178,train,say the word have,TESS,1.0,say the word
clip_00816,train,say the word live,TESS,1.0,say the word
clip_04323,train,say the word join,TESS,1.0,say the word
clip_07771,train,say the word rot,TESS,1.0,say the word
clip_02901,train,say the word thumb,TESS,1.0,say the word
clip_10542,train,say the word chief,TESS,1.0,say the word
clip_02282,train,say the word make,TESS,1.0,say the word
clip_05832,train,say the word turn,TESS,1.0,say the word
clip_10091,train,say the word youth,TESS,1.0,say the word
clip_09563,train,say the word bar,TESS,1.0,say the word
clip_03353,train,say the word pad,TESS,1.0,say the word
clip_09927,train,say the word lean,TESS,1.0,say the word
clip_08985,train,say the word haze,TESS,1.0,say the word
clip_08781,train,say the word dodge,TESS,1.0,say the word
clip_06952,train,say the word jug,TESS,1.0,say the word
clip_00654,train,say the word page,TESS,1.0,say the word
clip_09464,train,say the word nice,TESS,1.0,say the word
clip_09792,train,say the word vote,TESS,1.0,say the word
clip_02275,train,say the word jin,TESS,1.0,say the word
clip_02190,train,say the word voice,TESS,1.0,say the word
clip_09429,train,say the word lower,TESS,1.0,say the word
clip_10116,train,say the word base,TESS,1.0,say the word
clip_01269,train,say the word pool,TESS,1.0,say the word
clip_04396,train,say the word chain,TESS,1.0,say the word
clip_07603,train,say the word rage,TESS,1.0,say the word
clip_00892,train,say the word cab,TESS,1.0,say the word
clip_07247,train,say the word hit,TESS,1.0,say the word
clip_03962,train,say the word learn,TESS,1.0,say the word
clip_02457,train,say the word soap,TESS,1.0,say the word
clip_00861,train,say the word ring,TESS,1.0,say the word
clip_02483,train,say the word thin,TESS,1.0,say the word
clip_07425,train,say the word kick,TESS,1.0,say the word
clip_08449,train,say the word good,TESS,1.0,say the word
clip_10527,train,say the word room,TESS,1.0,say the word
clip_02596,train,say the word wash,TESS,1.0,say the word
clip_10548,train,say the word dip,TESS,1.0,say the word
clip_03451,train,say the word witch,TESS,1.0,say the word
clip_06846,train,say the word soup,TESS,1.0,say the word
clip_02376,train,say the word dime,TESS,1.0,say the word
clip_02654,train,say the word shirt,TESS,1.0,say the word
clip_04040,train,say the word voice,TESS,1.0,say the word
clip_01097,train,say the word wag,TESS,1.0,say the word
clip_02218,train,say the word read,TESS,1.0,say the word
clip_03243,train,say the word yes,TESS,1.0,say the word
clip_04930,train,say the word lid,TESS,1.0,say the word
clip_08105,train,say the word ripe,TESS,1.0,say the word
clip_06273,train,say the word jail,TESS,1.0,say the word
clip_01392,train,say the word king,TESS,1.0,say the word
clip_04026,train,say the word team,TESS,1.0,say the word
clip_02495,train,say the word sail,TESS,1.0,say the word
clip_01907,train,say the word rat,TESS,1.0,say the word
clip_10391,train,say the word match,TESS,1.0,say the word
clip_08372,train,say the word void,TESS,1.0,say the word
clip_05101,train,say the word judge,TESS,1.0,say the word
clip_05568,train,say the word mess,TESS,1.0,say the word
clip_02666,train,say the word mob,TESS,1.0,say the word
clip_02950,train,say the word should,TESS,1.0,say the word
clip_01331,train,say the word rot,TESS,1.0,say the word
clip_05333,train,say the word burn,TESS,1.0,say the word
clip_08279,train,say the word date,TESS,1.0,say the word
clip_00729,train,say the word tell,TESS,1.0,say the word
clip_01217,train,say the word beg,TESS,1.0,say the word
clip_03639,train,say the word food,TESS,1.0,say the word
clip_01375,train,say the word book,TESS,1.0,say the word
clip_04970,train,say the word sour,TESS,1.0,say the word
clip_02416,train,say the word walk,TESS,1.0,say the word
clip_07424,train,say the word fit,TESS,1.0,say the word
clip_05425,train,say the word mood,TESS,1.0,say the word
clip_04509,test,i think i have a doctors appointment,CREMA-D,1.0,i think i have a doctors appointment
clip_09472,test,im all my way to the meeting,CREMA-D,0.9091,im on my way to the meeting
clip_09414,test,im on my way to the meeting,CREMA-D,1.0,im on my way to the meeting
clip_03330,train,the surface is slick,CREMA-D,1.0,the surface is slick
clip_03266,train,i wonder what this is about,CREMA-D,1.0,i wonder what this is about
clip_08742,train,dont forget of jacket,CREMA-D,0.9268,dont forget a jacket
clip_10099,train,its 11 oclock,CREMA-D,1.0,its 11 oclock
clip_10217,train,i wonder what this is about,CREMA-D,1.0,i wonder what this is about
clip_07588,train,well stop in a couple of minutes,CREMA-D,1.0,well stop in a couple of minutes
clip_03993,train,well stop in a couple of minutes,CREMA-D,1.0,well stop in a couple of minutes
clip_10384,train,the surface is slick,CREMA-D,1.0,the surface is slick
clip_00764,train,well stop in a couple of minutes,CREMA-D,1.0,well stop in a couple of minutes
clip_06438,train,i would like a new alarm clock,CREMA-D,1.0,i would like a new alarm clock
clip_09595,train,maybe tomorrow it will be cold,CREMA-D,1.0,maybe tomorrow it will be cold
clip_01039,train,its 11 oclock,CREMA-D,1.0,its 11 oclock
clip_03452,train,its 11 oclock,CREMA-D,1.0,its 11 oclock
clip_00053,train,i want my way to the meeting,CREMA-D,0.9091,im on my way to the meeting
clip_02852,train,its 11 oclock,CREMA-D,1.0,its 11 oclock
clip_05307,train,dont forget to check it,CREMA-D,0.7442,dont forget a jacket
clip_03595,train,the surface is like,CREMA-D,0.9231,the surface is slick
clip_03010,train,dont forget to jack it,CREMA-D,0.8571,dont forget a jacket
clip_00517,test,i wonder what this is about,CREMA-D,1.0,i wonder what this is about
clip_03036,train,i would like a new alarm clock,CREMA-D,1.0,i would like a new alarm clock
clip_07341,train,its 11 oclock,CREMA-D,1.0,its 11 oclock
clip_05456,train,i would like a new alarm clock,CREMA-D,1.0,i would like a new alarm clock
clip_07049,test,its 11 oclock,CREMA-D,1.0,its 11 oclock
clip_01077,test,so over the clock,UNKNOWN,0.5333,its 11 oclock
clip_10395,train,im on my way to the meeting,CREMA-D,1.0,im on my way to the meeting
clip_00811,train,i think ive seen this before,CREMA-D,1.0,i think ive seen this before
clip_03510,train,im on my way to the meeting,CREMA-D,1.0,im on my way to the meeting
clip_06459,test,its 11 oclock,CREMA-D,1.0,its 11 oclock
clip_03144,train,i wonder what this is about,CREMA-D,1.0,i wonder what this is about
clip_08216,train,dont forget a jacket,CREMA-D,1.0,dont forget a jacket
clip_07507,test,the surface is slick,CREMA-D,1.0,the surface is slick
clip_03043,train,the airplane is almost full,CREMA-D,1.0,the airplane is almost full
clip_03082,train,i wonder what this is about,CREMA-D,1.0,i wonder what this is about
clip_05282,train,will stop in a couple of minutes,CREMA-D,0.9688,well stop in a couple of minutes
clip_10040,train,11 oclock,CREMA-D,0.8182,its 11 oclock
clip_03494,train,i want my way to the meeting,CREMA-D,0.9091,im on my way to the meeting
clip_08636,train,i think ive seen this before,CREMA-D,1.0,i think ive seen this before
clip_08924,train,its 11 oclock,CREMA-D,1.0,its 11 oclock
clip_00638,train,well stop in a couple of minutes,CREMA-D,1.0,well stop in a couple of minutes
clip_00624,train,i think ive seen this before,CREMA-D,1.0,i think ive seen this before
clip_01366,train,i dont want no way to be,UNKNOWN,0.549,im on my way to the meeting
clip_06352,train,im on my way to the meeting,CREMA-D,1.0,im on my way to the meeting
clip_00822,train,well stop in a couple of minutes,CREMA-D,1.0,well stop in a couple of minutes
clip_06912,train,dont forget a jacket,CREMA-D,1.0,dont forget a jacket
clip_04208,train,i wonder what this is about,CREMA-D,1.0,i wonder what this is about
clip_04111,train,i think ive seen this before,CREMA-D,1.0,i think ive seen this before
clip_06971,train,the surface is slick,CREMA-D,1.0,the surface is slick
clip_05179,train,dont forget to check it,CREMA-D,0.7442,dont forget a jacket
clip_02831,train,well stop in a couple of minutes,CREMA-D,1.0,well stop in a couple of minutes
clip_10237,train,maybe tomorrow it will be cold,CREMA-D,1.0,maybe tomorrow it will be cold
clip_09922,train,dont forget a jacket,CREMA-D,1.0,dont forget a jacket
clip_08024,train,i wonder what this is about,CREMA-D,1.0,i wonder what this is about
clip_04375,train,well stop in a couple of minutes,CREMA-D,1.0,well stop in a couple of minutes
clip_04228,train,im on my way to the meeting,CREMA-D,1.0,im on my way to the meeting
clip_01404,train,this will open the clock,UNKNOWN,0.5405,its 11 oclock
clip_08253,train,well stop in a couple of minutes,CREMA-D,1.0,well stop in a couple of minutes
clip_04499,test,im on my way to the meeting,CREMA-D,1.0,im on my way to the meeting
clip_08331,train,service is slick,CREMA-D,0.7222,the surface is slick
clip_03907,train,the airplane is almost full,CREMA-D,1.0,the airplane is almost full
clip_07505,train,on my way to the meeting,CREMA-D,0.9412,im on my way to the meeting
clip_05365,test,dont forget to jock it,CREMA-D,0.8095,dont forget a jacket
clip_05245,train,i think ive seen this before,CREMA-D,1.0,i think ive seen this before
clip_04096,train,the airplane is almost full,CREMA-D,1.0,the airplane is almost full
clip_07371,train,the surface is slick,CREMA-D,1.0,the surface is slick
clip_08668,train,i wonder what this is about,CREMA-D,1.0,i wonder what this is about
clip_01007,train,im on my way to the meeting,CREMA-D,1.0,im on my way to the meeting
clip_08799,train,i wonder what this is about,CREMA-D,1.0,i wonder what this is about
clip_08787,train,its 11 oclock,CREMA-D,1.0,its 11 oclock
clip_03435,train,to live in the clock,UNKNOWN,0.56,i would like a new alarm clock
clip_10211,train,i think i have a doctors appointment,CREMA-D,1.0,i think i have a doctors appointment
clip_06269,train,im on my way to the meeting,CREMA-D,1.0,im on my way to the meeting
clip_05933,train,i wonder what this is about,CREMA-D,1.0,i wonder what this is about
clip_02012,train,its 11 oclock,CREMA-D,1.0,its 11 oclock
clip_10877,train,and on my way to the meeting,CREMA-D,0.9091,im on my way to the meeting
clip_10753,test,dont forget to jack it,CREMA-D,0.8571,dont forget a jacket
clip_04878,train,i think ive seen this before,CREMA-D,1.0,i think ive seen this before
clip_00014,train,11 oclock,CREMA-D,0.8182,its 11 oclock
clip_06619,train,its all up my clock,UNKNOWN,0.625,its 11 oclock
clip_01999,train,its 11 oclock,CREMA-D,1.0,its 11 oclock
clip_00745,test,dont forget to jack it,CREMA-D,0.8571,dont forget a jacket
clip_00923,train,its 11 oclock,CREMA-D,1.0,its 11 oclock
clip_04841,train,the surface is slick,CREMA-D,1.0,the surface is slick
clip_06024,train,the surface is slick,CREMA-D,1.0,the surface is slick
clip_09444,train,i wonder what this is about,CREMA-D,1.0,i wonder what this is about
clip_07123,train,i think ive seen this before,CREMA-D,1.0,i think ive seen this before
clip_07742,train,dont forget a jacket,CREMA-D,1.0,dont forget a jacket
clip_02219,train,its 11 oclock,CREMA-D,1.0,its 11 oclock
clip_05840,test,i wonder what this is about,CREMA-D,1.0,i wonder what this is about
clip_07775,train,dont forget a jacket,CREMA-D,1.0,dont forget a jacket
clip_01827,train,its 11 oclock,CREMA-D,1.0,its 11 oclock
clip_05186,train,its 11 oclock,CREMA-D,1.0,its 11 oclock
clip_02820,train,its 11 oclock,CREMA-D,1.0,its 11 oclock
clip_09019,train,dont forget a jacket,CREMA-D,1.0,dont forget a jacket
clip_01491,train,im on my way to the meeting,CREMA-D,1.0,im on my way to the meeting
clip_01423,train,well stop in a couple of minutes,CREMA-D,1.0,well stop in a couple of minutes
clip_08972,train,i love my way to the meeting,CREMA-D,0.9091,im on my way to the meeting
clip_01387,train,i think i have a doctors appointment,CREMA-D,1.0,i think i have a doctors appointment
clip_08971,train,that is exactly what happened,CREMA-D,1.0,that is exactly what happened
clip_04340,train,i wonder what this is about,CREMA-D,1.0,i wonder what this is about
clip_09146,test,its 11 oclock,CREMA-D,1.0,its 11 oclock
clip_02979,train,the surface is slick,CREMA-D,1.0,the surface is slick
clip_09860,train,say the word numb,TESS,1.0,say the word
clip_04544,train,dont forget to check,CREMA-D,0.75,dont forget a jacket
clip_10675,train,the surface is slick,CREMA-D,1.0,the surface is slick
clip_03640,train,im on my way to the meeting,CREMA-D,1.0,im on my way to the meeting
clip_09125,test,the airplane is almost full,CREMA-D,1.0,the airplane is almost full
clip_07625,train,its 11 oclock,CREMA-D,1.0,its 11 oclock
clip_04358,train,i would like a new alarm clock,CREMA-D,1.0,i would like a new alarm clock
clip_05677,train,i wonder what this is about,CREMA-D,1.0,i wonder what this is about
clip_09865,train,airplane is almost full,CREMA-D,0.92,the airplane is almost full
clip_04691,train,the surface is slick,CREMA-D,1.0,the surface is slick
clip_09513,test,i wonder what this is about,CREMA-D,1.0,i wonder what this is about
clip_00964,train,dont forget a jacket,CREMA-D,1.0,dont forget a jacket
clip_00969,train,i wonder what this is about,CREMA-D,1.0,i wonder what this is about
clip_06393,train,its 11 oclock,CREMA-D,1.0,its 11 oclock
clip_10334,train,dont forget a jacket,CREMA-D,1.0,dont forget a jacket
clip_01596,train,well stop in a couple of minutes,CREMA-D,1.0,well stop in a couple of minutes
clip_01638,train,the airplane is almost full,CREMA-D,1.0,the airplane is almost full
clip_01602,train,dont forget a jacket,CREMA-D,1.0,dont forget a jacket
clip_08768,test,its 11 oclock,CREMA-D,1.0,its 11 oclock
clip_06344,train,i wonder what this is about,CREMA-D,1.0,i wonder what this is about
clip_06334,train,i think ive seen this before,CREMA-D,1.0,i think ive seen this before
clip_01918,test,i think ive seen this before,CREMA-D,1.0,i think ive seen this before
clip_09832,train,i think i have a doctors appointment,CREMA-D,1.0,i think i have a doctors appointment
clip_04630,train,im on my way to the meeting,CREMA-D,1.0,im on my way to the meeting
clip_09215,train,i wonder what this is about,CREMA-D,1.0,i wonder what this is about
clip_07193,train,well stop in a couple of minutes,CREMA-D,1.0,well stop in a couple of minutes
clip_02458,train,i think ive seen this before,CREMA-D,1.0,i think ive seen this before
clip_02446,train,maybe tomorrow it will be cold,CREMA-D,1.0,maybe tomorrow it will be cold
clip_04080,test,i wonder what this is about,CREMA-D,1.0,i wonder what this is about
clip_06390,train,wasnt that way to the meeting,CREMA-D,0.75,im on my way to the meeting
clip_02266,train,i wonder what this is about,CREMA-D,1.0,i wonder what this is about
clip_06742,train,i think ive seen this before,CREMA-D,1.0,i think ive seen this before
clip_02817,train,its 11 oclock,CREMA-D,1.0,its 11 oclock
clip_09147,train,well stop in a couple of minutes,CREMA-D,1.0,well stop in a couple of minutes
clip_05685,train,maybe tomorrow it will be cold,CREMA-D,1.0,maybe tomorrow it will be cold
clip_04409,train,i wonder what this is about,CREMA-D,1.0,i wonder what this is about
clip_03049,test,the surface is slick,CREMA-D,1.0,the surface is slick
clip_07965,train,i wonder what this is about,CREMA-D,1.0,i wonder what this is about
clip_03776,test,i think ive seen this before,CREMA-D,1.0,i think ive seen this before
clip_07493,train,the surface is slick,CREMA-D,1.0,the surface is slick
clip_07605,train,its 11 oclock,CREMA-D,1.0,its 11 oclock
clip_04980,train,its 11 oclock,CREMA-D,1.0,its 11 oclock
clip_10588,test,dont forget a jacket,CREMA-D,1.0,dont forget a jacket
clip_00834,test,dont forget a jacket,CREMA-D,1.0,dont forget a jacket
clip_02179,train,i think ive seen this before,CREMA-D,1.0,i think ive seen this before
clip_10305,train,dont forget a jacket,CREMA-D,1.0,dont forget a jacket
clip_07466,train,its 11 oclock,CREMA-D,1.0,its 11 oclock
clip_06568,train,its 11 oclock,CREMA-D,1.0,its 11 oclock
clip_04824,train,i wonder what this is about,CREMA-D,1.0,i wonder what this is about
clip_00196,train,this surface is slick,CREMA-D,0.9268,the surface is slick
clip_10849,train,i wonder what this is about,CREMA-D,1.0,i wonder what this is about
clip_09412,train,im on my way to the meeting,CREMA-D,1.0,im on my way to the meeting
clip_02244,train,i wonder what this is about,CREMA-D,1.0,i wonder what this is about
clip_04721,train,well stop in a couple of minutes,CREMA-D,1.0,well stop in a couple of minutes
clip_07171,train,im on my way to the meeting,CREMA-D,1.0,im on my way to the meeting
clip_00283,train,i think ive seen this before,CREMA-D,1.0,i think ive seen this before
clip_07680,train,its 11 oclock,CREMA-D,1.0,its 11 oclock
clip_06574,train,its 11 oclock,CREMA-D,1.0,its 11 oclock
clip_09443,train,the surface is slick,CREMA-D,1.0,the surface is slick
clip_01851,train,its 11 oclock,CREMA-D,1.0,its 11 oclock
clip_00242,train,i think ive seen this before,CREMA-D,1.0,i think ive seen this before
clip_07532,train,im all my way to the meeting,CREMA-D,0.9091,im on my way to the meeting
clip_03726,train,i think ive seen this before,CREMA-D,1.0,i think ive seen this before
clip_02318,train,i would like a new alarm clock,CREMA-D,1.0,i would like a new alarm clock
clip_04995,train,i think i have a doctors appointment,CREMA-D,1.0,i think i have a doctors appointment
clip_05037,train,airplane is almost full,CREMA-D,0.92,the airplane is almost full
clip_04709,train,i wonder what this is about,CREMA-D,1.0,i wonder what this is about
clip_02365,train,dont forget a jacket,CREMA-D,1.0,dont forget a jacket
clip_07817,train,i would like a new alarm clock,CREMA-D,1.0,i would like a new alarm clock
clip_04595,train,say the word tool,TESS,1.0,say the word
clip_04116,train,say the word cease,TESS,1.0,say the word
clip_10635,train,say the word near,TESS,1.0,say the word
clip_09409,train,say the word hush,TESS,1.0,say the word
clip_09303,train,say the word yearn,TESS,1.0,say the word
clip_10464,train,say the word thought,TESS,1.0,say the word
clip_08087,train,say the word wheat,TESS,1.0,say the word
clip_03523,train,say the word cool,TESS,1.0,say the word
clip_10111,train,say the word wire,TESS,1.0,say the word
clip_05050,train,say the word jinn,TESS,1.0,say the word
clip_09178,train,say the word wire,TESS,1.0,say the word
clip_09879,train,say the word pad,TESS,1.0,say the word
clip_07179,train,say the word rain,TESS,1.0,say the word
clip_03647,train,say the word love,TESS,1.0,say the word
clip_01191,train,say the word far,TESS,1.0,say the word
clip_08665,train,say the word shall,TESS,1.0,say the word
clip_03173,train,say the word raid,TESS,1.0,say the word
clip_10285,train,say the word nag,TESS,1.0,say the word
clip_00434,train,say the word pull,TESS,1.0,say the word
clip_06882,train,say the word perch,TESS,1.0,say the word
clip_06077,train,say the word mouse,TESS,1.0,say the word
clip_03037,train,say the word name,TESS,1.0,say the word
clip_00801,train,say the word void,TESS,1.0,say the word
clip_01911,train,say the word back,TESS,1.0,say the word
clip_00122,train,say the word king,TESS,1.0,say the word
clip_04692,train,say the word join,TESS,1.0,say the word
clip_04402,train,say the word page,TESS,1.0,say the word
clip_10709,train,say the word mob,TESS,1.0,say the word
clip_03918,train,say the word juice,TESS,1.0,say the word
clip_04936,train,say the word rough,TESS,1.0,say the word
clip_00901,train,say the word which,TESS,1.0,say the word
clip_04101,train,say the word take,TESS,1.0,say the word
clip_06946,train,say the word big,TESS,1.0,say the word
clip_00010,train,say the word fit,TESS,1.0,say the word
clip_08158,train,say the word which,TESS,1.0,say the word
clip_00380,train,say the word sheep,TESS,1.0,say the word
clip_02090,train,say the word tyre,TESS,1.0,say the word
clip_10049,train,say the word wife,TESS,1.0,say the word
clip_07343,train,say the word phone,TESS,1.0,say the word
clip_04332,train,say the word base,TESS,1.0,say the word
clip_08461,train,say the word search,TESS,1.0,say the word
clip_08047,train,say the word gas,TESS,1.0,say the word
clip_01909,train,say the word talk,TESS,1.0,say the word
clip_05725,train,say the word maw,TESS,1.0,say the word
clip_00699,train,say the word tip,TESS,1.0,say the word
clip_07386,train,say the word cause,TESS,1.0,say the word
clip_01925,train,say the word nice,TESS,1.0,say the word
clip_08584,train,say the word phone,TESS,1.0,say the word
clip_00527,train,say the word shall,TESS,1.0,say the word
clip_04049,train,say the word race,TESS,1.0,say the word
clip_07183,train,say the word team,TESS,1.0,say the word
clip_06668,train,say the word youth,TESS,1.0,say the word
clip_07609,train,say the word half,TESS,1.0,say the word
clip_08948,train,say the word least,TESS,1.0,say the word
clip_07759,train,say the word king,TESS,1.0,say the word
clip_05160,train,say the word far,TESS,1.0,say the word
clip_05407,train,say the word when,TESS,1.0,say the word
clip_06038,train,say the word mob,TESS,1.0,say the word
clip_06099,train,say the word judge,TESS,1.0,say the word
clip_00088,train,say the word hash,TESS,1.0,say the word
clip_06644,train,say the word thumb,TESS,1.0,say the word
clip_03177,train,say the word name,TESS,1.0,say the word
clip_01900,train,say the word long,TESS,1.0,say the word
clip_06400,train,say the word road,TESS,1.0,say the word
clip_04928,train,say the word fat,TESS,1.0,say the word
clip_07253,train,say the word dodge,TESS,1.0,say the word
clip_05803,train,say the word tell,TESS,1.0,say the word
clip_04279,train,say the word size,TESS,1.0,say the word
clip_06135,train,say the word white,TESS,1.0,say the word
clip_00739,train,say the word youth,TESS,1.0,say the word
clip_08607,train,say the word bone,TESS,1.0,say the word
clip_05397,train,say the word yearn,TESS,1.0,say the word
clip_00893,train,say the word keep,TESS,1.0,say the word
clip_00013,train,say the word young,TESS,1.0,say the word
clip_10458,train,say the word fail,TESS,1.0,say the word
clip_05718,train,say the word rat,TESS,1.0,say the word
clip_01949,train,say the word pig,TESS,1.0,say the word
clip_05399,train,say the word loaf,TESS,1.0,say the word
clip_01386,train,say the word cab,TESS,1.0,say the word
clip_01204,train,say the word bath,TESS,1.0,say the word
clip_07085,train,say the word kill,TESS,1.0,say the word
clip_07547,train,say the word wash,TESS,1.0,say the word
clip_09574,train,say the word mill,TESS,1.0,say the word
clip_03099,train,say the word take,TESS,1.0,say the word
clip_06765,train,say the word life,TESS,1.0,say the word
clip_04335,train,say the word rush,TESS,1.0,say the word
clip_03724,train,the surface is slick,CREMA-D,1.0,the surface is slick
clip_07825,train,i wonder what this is about,CREMA-D,1.0,i wonder what this is about
clip_00702,train,dont forget to jack it,CREMA-D,0.8571,dont forget a jacket
clip_01407,test,im on my way to the meeting,CREMA-D,1.0,im on my way to the meeting
clip_01836,train,hows that gonna do a long fact,UNKNOWN,0.4242,i think i have a doctors appointment
clip_09691,train,its 11 oclock,CREMA-D,1.0,its 11 oclock
clip_03742,train,well stop in a couple of minutes,CREMA-D,1.0,well stop in a couple of minutes
clip_09700,train,the surface is slick,CREMA-D,1.0,the surface is slick
clip_04803,train,its 11 oclock,CREMA-D,1.0,its 11 oclock
clip_00862,train,i wonder what this is about,CREMA-D,1.0,i wonder what this is about
clip_05996,train,well stop in a couple of minutes,CREMA-D,1.0,well stop in a couple of minutes
clip_00240,train,i think i have a doctors appointment,CREMA-D,1.0,i think i have a doctors appointment
clip_04777,train,well stop in a couple of minutes,CREMA-D,1.0,well stop in a couple of minutes
clip_02308,test,well stop in a couple of minutes,CREMA-D,1.0,well stop in a couple of minutes
clip_10068,train,its 11 oclock,CREMA-D,1.0,its 11 oclock
clip_10071,train,i went like a new alarm clock,CREMA-D,0.8814,i would like a new alarm clock
clip_00044,train,i think i have a doctors appointment,CREMA-D,1.0,i think i have a doctors appointment
clip_04186,train,its 11 oclock,CREMA-D,1.0,its 11 oclock
clip_00110,train,i think our steam is before,CREMA-D,0.7273,i think ive seen this before
clip_01500,test,the surface is slick,CREMA-D,1.0,the surface is slick
clip_00132,train,i wonder what this is about,CREMA-D,1.0,i wonder what this is about
clip_10598,test,i think ive seen this before,CREMA-D,1.0,i think ive seen this before
clip_00674,train,until ive been a clock,UNKNOWN,0.5,i would like a new alarm clock
clip_05913,train,i would like to do a lot of clock,CREMA-D,0.7302,i would like a new alarm clock
clip_00984,train,i would like to do a warm clunk,CREMA-D,0.7541,i would like a new alarm clock
clip_09317,train,its 11 oclock,CREMA-D,1.0,its 11 oclock
clip_00676,test,its 11 oclock,CREMA-D,1.0,its 11 oclock
clip_09772,train,dont forget it jacket,CREMA-D,0.9268,dont forget a jacket
clip_09318,train,the surface is slick,CREMA-D,1.0,the surface is slick
clip_05826,train,its 11 oclock,CREMA-D,1.0,its 11 oclock
clip_07887,train,im on my way to the meeting,CREMA-D,1.0,im on my way to the meeting
clip_04688,train,i wonder what this is about,CREMA-D,1.0,i wonder what this is about
clip_05558,test,dont forget a jacket,CREMA-D,1.0,dont forget a jacket
clip_00272,train,i wonder what this is about,CREMA-D,1.0,i wonder what this is about
clip_10712,train,im on my way to the meeting,CREMA-D,1.0,im on my way to the meeting
clip_00390,train,its 11 oclock,CREMA-D,1.0,its 11 oclock
clip_04702,train,will stop in a couple of minutes,CREMA-D,0.9688,well stop in a couple of minutes
clip_07896,train,the surface is slick,CREMA-D,1.0,the surface is slick
clip_01303,train,the surface is slink,CREMA-D,0.95,the surface is slick
clip_08075,train,its 11 oclock,CREMA-D,1.0,its 11 oclock
clip_05624,train,its 11 oclock,CREMA-D,1.0,its 11 oclock
clip_08737,train,well stop in a couple of minutes,CREMA-D,1.0,well stop in a couple of minutes
clip_00596,train,maybe tomorrow will be cold,CREMA-D,0.9474,maybe tomorrow it will be cold
clip_09976,test,i would like a new alarm clock,CREMA-D,1.0,i would like a new alarm clock
clip_09155,test,im on my way to the meeting,CREMA-D,1.0,im on my way to the meeting
clip_02914,train,well stop in a couple of minutes,CREMA-D,1.0,well stop in a couple of minutes
clip_10717,train,its 11 oclock,CREMA-D,1.0,its 11 oclock
clip_10719,train,its 11 oclock,CREMA-D,1.0,its 11 oclock
clip_08408,train,i wonder what this is about,CREMA-D,1.0,i wonder what this is about
clip_09769,train,i think ive seen this before,CREMA-D,1.0,i think ive seen this before
clip_04804,test,i wonder what this is about,CREMA-D,1.0,i wonder what this is about
clip_06801,train,its 11 oclock,CREMA-D,1.0,its 11 oclock
clip_07016,train,im on my way to the meeting,CREMA-D,1.0,im on my way to the meeting
clip_07852,train,the surface is slick,CREMA-D,1.0,the surface is slick
clip_06679,train,the surface is slick,CREMA-D,1.0,the surface is slick
clip_07676,train,i wonder what this is about,CREMA-D,1.0,i wonder what this is about
clip_09334,train,well stop in a couple of minutes,CREMA-D,1.0,well stop in a couple of minutes
clip_00961,train,the surface is slick,CREMA-D,1.0,the surface is slick
clip_06944,test,the airplane is almost full,CREMA-D,1.0,the airplane is almost full
clip_00958,train,im on my way to the meeting,CREMA-D,1.0,im on my way to the meeting
clip_03890,test,its 11 oclock,CREMA-D,1.0,its 11 oclock
clip_00348,train,the airplane is almost full,CREMA-D,1.0,the airplane is almost full
clip_10702,train,the surface is slick,CREMA-D,1.0,the surface is slick
clip_07663,train,its 11 oclock,CREMA-D,1.0,its 11 oclock
clip_08627,train,well stop in a couple of minutes,CREMA-D,1.0,well stop in a couple of minutes
clip_03924,train,i think i have a doctors appointment,CREMA-D,1.0,i think i have a doctors appointment
clip_03938,train,well stop in a couple of minutes,CREMA-D,1.0,well stop in a couple of minutes
clip_03942,train,its 11 oclock,CREMA-D,1.0,its 11 oclock
clip_01802,train,i think i have a doctors appointment,CREMA-D,1.0,i think i have a doctors appointment
clip_02352,train,its 11 oclock,CREMA-D,1.0,its 11 oclock
clip_02330,train,i think i have a doctors appointment,CREMA-D,1.0,i think i have a doctors appointment
clip_03654,train,maybe tomorrow it will be cold,CREMA-D,1.0,maybe tomorrow it will be cold
clip_06845,train,the surface is slick,CREMA-D,1.0,the surface is slick
clip_07969,train,its 11 oclock,CREMA-D,1.0,its 11 oclock
clip_08618,train,its 11 oclock,CREMA-D,1.0,its 11 oclock
clip_04623,train,its 11 oclock,CREMA-D,1.0,its 11 oclock
clip_05061,train,its 11 oclock,CREMA-D,1.0,its 11 oclock
clip_07151,train,its 11 oclock,CREMA-D,1.0,its 11 oclock
clip_02465,train,i would like a new alarm clock,CREMA-D,1.0,i would like a new alarm clock
clip_08766,test,11 oclock,CREMA-D,0.8182,its 11 oclock
clip_06983,train,dont forget a jacket,CREMA-D,1.0,dont forget a jacket
clip_09268,train,its 11 oclock,CREMA-D,1.0,its 11 oclock
clip_08811,test,the service is slick,CREMA-D,0.85,the surface is slick
clip_04550,train,11 oclock,CREMA-D,0.8182,its 11 oclock
clip_07994,train,im on my way to the meeting,CREMA-D,1.0,im on my way to the meeting
clip_07973,train,dont forget a jacket,CREMA-D,1.0,dont forget a jacket
clip_00414,train,dont forget a jacket,CREMA-D,1.0,dont forget a jacket
clip_09161,train,dont forget to check it,CREMA-D,0.7442,dont forget a jacket
clip_07243,train,i think ive seen this before,CREMA-D,1.0,i think ive seen this before
clip_01641,train,the surface is slick,CREMA-D,1.0,the surface is slick
clip_01632,train,the surface is slick,CREMA-D,1.0,the surface is slick
clip_04690,train,im on my way to the meeting,CREMA-D,1.0,im on my way to the meeting
clip_06063,train,i would like a new alarm clock,CREMA-D,1.0,i would like a new alarm clock
clip_08591,train,i wonder what this is about,CREMA-D,1.0,i wonder what this is about
clip_02494,test,i dont know what this is about,CREMA-D,0.807,i wonder what this is about
clip_02598,train,the surface is slick,CREMA-D,1.0,the surface is slick
clip_10087,test,dont forget to jack it,CREMA-D,0.8571,dont forget a jacket
clip_09901,train,i hope we get a jacket,CREMA-D,0.6667,dont forget a jacket
clip_10178,train,i think i have a doctors appointment,CREMA-D,1.0,i think i have a doctors appointment
clip_01112,train,i wonder what this is about,CREMA-D,1.0,i wonder what this is about
clip_08360,train,the surface is slick,CREMA-D,1.0,the surface is slick
clip_06287,train,the surface is slick,CREMA-D,1.0,the surface is slick
clip_03578,test,its 11 oclock,CREMA-D,1.0,its 11 oclock
clip_02777,train,i wonder what this is about,CREMA-D,1.0,i wonder what this is about
clip_01486,train,dont forget to check it,CREMA-D,0.7442,dont forget a jacket
clip_09092,train,its 11 oclock,CREMA-D,1.0,its 11 oclock
clip_02795,train,its 11 oclock,CREMA-D,1.0,its 11 oclock
clip_07606,train,i would like a new alarm clock,CREMA-D,1.0,i would like a new alarm clock
clip_06519,train,its a little bit dark,UNKNOWN,0.449,kids are talking by the door
clip_06492,train,i wonder what this is about,CREMA-D,1.0,i wonder what this is about
clip_00524,train,well stop in a couple of minutes,CREMA-D,1.0,well stop in a couple of minutes
clip_02053,test,im on my way to the meeting,CREMA-D,1.0,im on my way to the meeting
clip_02882,train,im on my way to the meeting,CREMA-D,1.0,im on my way to the meeting
clip_02786,test,dont forget it jacket,CREMA-D,0.9268,dont forget a jacket
clip_03397,train,its 11 oclock,CREMA-D,1.0,its 11 oclock
clip_08763,train,the surface is slick,CREMA-D,1.0,the surface is slick
clip_06154,train,maybe tomorrow it will be cold,CREMA-D,1.0,maybe tomorrow it will be cold
clip_00732,train,well stop in a couple of minutes,CREMA-D,1.0,well stop in a couple of minutes
clip_00636,train,i would like a new alarm clock,CREMA-D,1.0,i would like a new alarm clock
clip_00652,train,its 11 oclock,CREMA-D,1.0,its 11 oclock
clip_06313,train,dont forget to jack it,CREMA-D,0.8571,dont forget a jacket
clip_01320,train,its 11 oclock,CREMA-D,1.0,its 11 oclock
clip_07154,test,i wonder what this is about,CREMA-D,1.0,i wonder what this is about
clip_00460,train,i think i have a doctors appointment,CREMA-D,1.0,i think i have a doctors appointment
clip_04489,train,its 11 oclock,CREMA-D,1.0,its 11 oclock
clip_04464,train,i think i have a doctors appointment,CREMA-D,1.0,i think i have a doctors appointment
clip_04398,train,maybe tomorrow it will be cold,CREMA-D,1.0,maybe tomorrow it will be cold
clip_08663,train,dont forget a jacket,CREMA-D,1.0,dont forget a jacket
clip_07708,train,its 11 oclock,CREMA-D,1.0,its 11 oclock
clip_07728,train,i think ive seen this before,CREMA-D,1.0,i think ive seen this before
clip_10306,train,so there we go,UNKNOWN,0.4118,the surface is slick
clip_04960,train,its 11 oclock,CREMA-D,1.0,its 11 oclock
clip_02091,train,i think ive seen this before,CREMA-D,1.0,i think ive seen this before
clip_09196,train,im on my way to the meeting,CREMA-D,1.0,im on my way to the meeting
clip_01187,test,its 11 oclock,CREMA-D,1.0,its 11 oclock
clip_02731,train,well stop in a couple of minutes,CREMA-D,1.0,well stop in a couple of minutes
clip_07195,train,the surface is slick,CREMA-D,1.0,the surface is slick
clip_09058,test,its 11 oclock,CREMA-D,1.0,its 11 oclock
clip_03017,test,its 11 oclock,CREMA-D,1.0,its 11 oclock
clip_07997,train,im on my way to the meeting,CREMA-D,1.0,im on my way to the meeting
clip_06436,train,i would like a new alarm clock,CREMA-D,1.0,i would like a new alarm clock
clip_06441,train,i wonder what this is about,CREMA-D,1.0,i wonder what this is about
clip_00783,train,i would like a new alarm clock,CREMA-D,1.0,i would like a new alarm clock
clip_06414,train,its 11 oclock,CREMA-D,1.0,its 11 oclock
clip_09789,test,its 11 oclock,CREMA-D,1.0,its 11 oclock
clip_01416,train,im on my way to the meeting,CREMA-D,1.0,im on my way to the meeting
clip_02871,train,maybe tomorrow it will be cold,CREMA-D,1.0,maybe tomorrow it will be cold
clip_05280,train,maybe tomorrow it will be cold,CREMA-D,1.0,maybe tomorrow it will be cold
clip_01047,train,the airplane is almost full,CREMA-D,1.0,the airplane is almost full
clip_05104,test,i would like a new alarm clock,CREMA-D,1.0,i would like a new alarm clock
clip_09017,train,im on my way to the meeting,CREMA-D,1.0,im on my way to the meeting
clip_06945,train,i think i have a doctors appointment,CREMA-D,1.0,i think i have a doctors appointment
clip_05415,train,i think i have a doctors appointment,CREMA-D,1.0,i think i have a doctors appointment
clip_06776,test,i think ive seen this before,CREMA-D,1.0,i think ive seen this before
clip_09395,train,i wonder what this is about,CREMA-D,1.0,i wonder what this is about
clip_07396,train,well stop in a couple of minutes,CREMA-D,1.0,well stop in a couple of minutes
clip_10129,train,i would like a new alarm clock,CREMA-D,1.0,i would like a new alarm clock
clip_06270,train,the airplane is almost full,CREMA-D,1.0,the airplane is almost full
clip_04436,test,the surface is slick,CREMA-D,1.0,the surface is slick
clip_05468,train,its 11 oclock,CREMA-D,1.0,its 11 oclock
clip_02294,train,i would like a new alarm clock,CREMA-D,1.0,i would like a new alarm clock
clip_09475,train,im on my way to the meeting,CREMA-D,1.0,im on my way to the meeting
clip_07307,train,dont forget a jacket,CREMA-D,1.0,dont forget a jacket
clip_06181,train,dont forget to check it,CREMA-D,0.7442,dont forget a jacket
clip_10763,train,i wonder what this is about,CREMA-D,1.0,i wonder what this is about
clip_01410,test,the surface is slick,CREMA-D,1.0,the surface is slick
clip_05837,test,i think ive seen this before,CREMA-D,1.0,i think ive seen this before
clip_05888,train,the surface is slick,CREMA-D,1.0,the surface is slick
clip_07551,train,i think ive seen this before,CREMA-D,1.0,i think ive seen this before
clip_09363,test,i think ive seen this before,CREMA-D,1.0,i think ive seen this before
clip_06575,train,its 11 oclock,CREMA-D,1.0,its 11 oclock
clip_10777,train,im on my way to the meeting,CREMA-D,1.0,im on my way to the meeting
clip_08809,train,dont forget a jacket,CREMA-D,1.0,dont forget a jacket
clip_04642,test,well stop in a couple of minutes,CREMA-D,1.0,well stop in a couple of minutes
clip_07674,train,the surface is slick,CREMA-D,1.0,the surface is slick
clip_07286,test,i think i have a doctors appointment,CREMA-D,1.0,i think i have a doctors appointment
clip_02146,train,its 11 oclock,CREMA-D,1.0,its 11 oclock
clip_03788,train,its 11 oclock,CREMA-D,1.0,its 11 oclock
clip_08465,test,its 11 oclock,CREMA-D,1.0,its 11 oclock
clip_09621,train,i think i have a doctors appointment,CREMA-D,1.0,i think i have a doctors appointment
clip_00894,test,well stop in a couple of minutes,CREMA-D,1.0,well stop in a couple of minutes
clip_08494,train,i think i have a doctors appointment,CREMA-D,1.0,i think i have a doctors appointment
clip_00697,test,im on my way to the meeting,CREMA-D,1.0,im on my way to the meeting
clip_04863,train,maybe tomorrow it will be cold,CREMA-D,1.0,maybe tomorrow it will be cold
clip_08569,test,well stop in a couple of minutes,CREMA-D,1.0,well stop in a couple of minutes
clip_07763,train,i would like a new alarm clock,CREMA-D,1.0,i would like a new alarm clock
clip_02172,train,its 11 oclock,CREMA-D,1.0,its 11 oclock
clip_01996,train,maybe tomorrow it will be cold,CREMA-D,1.0,maybe tomorrow it will be cold
clip_01948,train,dont forget to jack it,CREMA-D,0.8571,dont forget a jacket
clip_08455,train,its 11 oclock,CREMA-D,1.0,its 11 oclock
clip_06834,train,its 11 oclock,CREMA-D,1.0,its 11 oclock
clip_07064,train,im on my way to the meeting,CREMA-D,1.0,im on my way to the meeting
clip_00695,test,its 11 oclock,CREMA-D,1.0,its 11 oclock
clip_04267,train,say the word ton,TESS,1.0,say the word
clip_06663,train,say the word jail,TESS,1.0,say the word
clip_09678,train,say the word hate,TESS,1.0,say the word
clip_01405,train,say the word note,TESS,1.0,say the word
clip_02177,train,say the word reg,TESS,1.0,say the word
clip_08119,train,say the word make,TESS,1.0,say the word
clip_06586,train,say the word team,TESS,1.0,say the word
clip_04362,train,say the word rot,TESS,1.0,say the word
clip_03222,train,say the word chain,TESS,1.0,say the word
clip_09756,train,say the word time,TESS,1.0,say the word
clip_09447,train,say the word dog,TESS,1.0,say the word
clip_01820,train,say the word most,TESS,1.0,say the word
clip_00773,train,say the word road,TESS,1.0,say the word
clip_07017,train,say the word void,TESS,1.0,say the word
clip_07394,train,say the word germ,TESS,1.0,say the word
clip_08100,train,say the word read,TESS,1.0,say the word
clip_05577,train,say the word ton,TESS,1.0,say the word
clip_04900,train,say the word vine,TESS,1.0,say the word
clip_05629,train,say the word time,TESS,1.0,say the word
clip_06908,train,say the word numb,TESS,1.0,say the word
clip_03553,train,say the word chain,TESS,1.0,say the word
clip_06045,train,say the word dodge,TESS,1.0,say the word
clip_05418,train,say the word pull,TESS,1.0,say the word
clip_00607,train,say the word shall,TESS,1.0,say the word
clip_09043,train,say the word void,TESS,1.0,say the word
clip_03855,train,say the word tough,TESS,1.0,say the word
clip_07045,train,say the word shaq,TESS,1.0,say the word
clip_05196,train,say the word yes,TESS,1.0,say the word
clip_01519,train,say the word shawl,TESS,1.0,say the word
clip_08706,train,say the word get,TESS,1.0,say the word
clip_09739,train,say the word weak,TESS,1.0,say the word
clip_09285,train,say the word mop,TESS,1.0,say the word
clip_06733,train,say the word king,TESS,1.0,say the word
clip_07536,train,say the word deep,TESS,1.0,say the word
clip_00628,train,say the word time,TESS,1.0,say the word
clip_00471,train,say the word pain,TESS,1.0,say the word
clip_03750,train,say the word take,TESS,1.0,say the word
clip_05263,train,say the word thought,TESS,1.0,say the word
clip_02958,train,say the word cell,TESS,1.0,say the word
clip_07904,train,say the word hush,TESS,1.0,say the word
clip_03921,train,say the word thumb,TESS,1.0,say the word
clip_03748,train,say the word vine,TESS,1.0,say the word
clip_08759,train,say the word soup,TESS,1.0,say the word
clip_02220,train,say the word rose,TESS,1.0,say the word
clip_05658,train,say the word chalk,TESS,1.0,say the word
clip_10825,train,say the word wash,TESS,1.0,say the word
clip_08812,train,say the word talk,TESS,1.0,say the word
clip_04807,train,say the word bar,TESS,1.0,say the word
clip_10459,train,say the word jin,TESS,1.0,say the word
clip_09940,train,say the word long,TESS,1.0,say the word
clip_08300,train,say the word vote,TESS,1.0,say the word
clip_09723,train,say the word hit,TESS,1.0,say the word
clip_04984,train,say the word reach,TESS,1.0,say the word
clip_00170,train,say the word burn,TESS,1.0,say the word
clip_03508,train,say the word food,TESS,1.0,say the word
clip_10332,train,say the word wife,TESS,1.0,say the word
clip_09955,train,say the word lord,TESS,1.0,say the word
clip_10147,train,say the word germ,TESS,1.0,say the word
clip_00424,train,say the word long,TESS,1.0,say the word
clip_01704,train,say the word kite,TESS,1.0,say the word
clip_00499,train,say the word gas,TESS,1.0,say the word
clip_07325,train,say the word bone,TESS,1.0,say the word
clip_07486,train,say the word thought,TESS,1.0,say the word
clip_10120,train,say the word learn,TESS,1.0,say the word
clip_07080,train,say the word met,TESS,1.0,say the word
clip_07313,train,say the word hash,TESS,1.0,say the word
clip_10793,train,say the word kick,TESS,1.0,say the word
clip_08157,train,say the word ring,TESS,1.0,say the word
clip_05247,train,say the word lose,TESS,1.0,say the word
clip_01814,train,say the word void,TESS,1.0,say the word
clip_08050,train,say the word pick,TESS,1.0,say the word
clip_05669,train,say the words sour,TESS,1.0,say the word
clip_10300,train,say the word loaf,TESS,1.0,say the word
clip_09809,train,say the word shall,TESS,1.0,say the word
clip_04408,train,say the word pain,TESS,1.0,say the word
clip_02263,train,say the word lose,TESS,1.0,say the word
clip_08341,train,say the word half,TESS,1.0,say the word
clip_03581,train,say the word have,TESS,1.0,say the word
clip_08328,train,say the word shirt,TESS,1.0,say the word
clip_07665,train,say the word chat,TESS,1.0,say the word
clip_04181,train,say the word purl,TESS,1.0,say the word
clip_01845,train,say the word which,TESS,1.0,say the word
clip_03624,train,say the word ring,TESS,1.0,say the word
clip_06639,train,say the word date,TESS,1.0,say the word
clip_05193,train,say the word five,TESS,1.0,say the word
clip_01922,train,say the word mess,TESS,1.0,say the word
clip_05372,train,i would like it to alarm clock,CREMA-D,0.8667,i would like a new alarm clock
clip_07769,train,well stop in a couple of minutes,CREMA-D,1.0,well stop in a couple of minutes
clip_03496,train,maybe tomorrow it will be cold,CREMA-D,1.0,maybe tomorrow it will be cold
clip_08635,train,dont forget a jacket,CREMA-D,1.0,dont forget a jacket
clip_09820,train,i think ive seen this before,CREMA-D,1.0,i think ive seen this before
clip_09167,train,i wonder what this is about,CREMA-D,1.0,i wonder what this is about
clip_10662,train,the surface is slick,CREMA-D,1.0,the surface is slick
clip_03683,train,its 11 oclock,CREMA-D,1.0,its 11 oclock
clip_03807,train,i think ive seen this before,CREMA-D,1.0,i think ive seen this before
clip_03753,train,its 11 oclock,CREMA-D,1.0,its 11 oclock
clip_03721,train,im on my way to the meeting,CREMA-D,1.0,im on my way to the meeting
clip_06831,train,the surface is slick,CREMA-D,1.0,the surface is slick
clip_06835,train,the surface is slick,CREMA-D,1.0,the surface is slick
clip_06035,train,i think i have a doctors appointment,CREMA-D,1.0,i think i have a doctors appointment
clip_01441,test,dont forget a jacket,CREMA-D,1.0,dont forget a jacket
clip_05006,train,dont forget to check it,CREMA-D,0.7442,dont forget a jacket
clip_06599,train,the airplane is almost full,CREMA-D,1.0,the airplane is almost full
clip_05871,train,the airplane is almost full,CREMA-D,1.0,the airplane is almost full
clip_01330,train,its 11 oclock,CREMA-D,1.0,its 11 oclock
clip_08935,train,i would like a new alarm alarm,CREMA-D,0.8667,i would like a new alarm clock
clip_06762,train,im on my way to the meeting,CREMA-D,1.0,im on my way to the meeting
clip_08900,train,the surface is slick,CREMA-D,1.0,the surface is slick
clip_00447,test,i think ive seen this before,CREMA-D,1.0,i think ive seen this before
clip_00442,test,the surface is slick,CREMA-D,1.0,the surface is slick
clip_01718,train,dont forget to check it,CREMA-D,0.7442,dont forget a jacket
clip_04654,train,the surface is slick,CREMA-D,1.0,the surface is slick
clip_07884,train,dont forget a jacket,CREMA-D,1.0,dont forget a jacket
clip_05830,train,its 11 oclock,CREMA-D,1.0,its 11 oclock
clip_04706,train,its a lovely clock,CREMA-D,0.7097,its 11 oclock
clip_07681,train,its 11 oclock,CREMA-D,1.0,its 11 oclock
clip_03614,train,dont forget to check it,CREMA-D,0.7442,dont forget a jacket
clip_10240,train,well stop in a couple of minutes,CREMA-D,1.0,well stop in a couple of minutes
clip_10271,train,i wonder what this is about,CREMA-D,1.0,i wonder what this is about
clip_05309,train,its 11 oclock,CREMA-D,1.0,its 11 oclock
clip_05295,train,i think i have a doctors appointment,CREMA-D,1.0,i think i have a doctors appointment
clip_10154,train,maybe the model would be cold,CREMA-D,0.678,maybe tomorrow it will be cold
clip_01082,train,its 11 oclock,CREMA-D,1.0,its 11 oclock
clip_06497,train,its 11 oclock,CREMA-D,1.0,its 11 oclock
clip_03011,test,i wonder what this is about,CREMA-D,1.0,i wonder what this is about
clip_06478,train,i would like it to alarm clock,CREMA-D,0.8667,i would like a new alarm clock
clip_09618,train,i wonder what this is about,CREMA-D,1.0,i wonder what this is about
clip_10873,train,its 11 oclock,CREMA-D,1.0,its 11 oclock
clip_07733,train,its 11 oclock,CREMA-D,1.0,its 11 oclock
clip_10564,test,dont forget a jacket,CREMA-D,1.0,dont forget a jacket
clip_04876,train,its 11 oclock,CREMA-D,1.0,its 11 oclock
clip_07363,train,i think ive seen this before,CREMA-D,1.0,i think ive seen this before
clip_04070,train,i would like to do alarm clock,CREMA-D,0.8667,i would like a new alarm clock
clip_00651,test,its 11 oclock,CREMA-D,1.0,its 11 oclock
clip_09382,test,im wrong my way to the meeting,CREMA-D,0.9474,im on my way to the meeting
clip_04676,train,i wonder what this is about,CREMA-D,1.0,i wonder what this is about
clip_02570,train,well stop in a couple of minutes,CREMA-D,1.0,well stop in a couple of minutes
clip_01908,test,well stop in a couple of minutes,CREMA-D,1.0,well stop in a couple of minutes
clip_04609,train,i think ive seen this before,CREMA-D,1.0,i think ive seen this before
clip_07926,train,its 11 oclock,CREMA-D,1.0,its 11 oclock
clip_02607,train,its 11 oclock,CREMA-D,1.0,its 11 oclock
clip_07238,train,the surface is slick,CREMA-D,1.0,the surface is slick
clip_05769,train,well stop in a couple of minutes,CREMA-D,1.0,well stop in a couple of minutes
clip_08609,train,that is exactly what happened,CREMA-D,1.0,that is exactly what happened
clip_05204,test,im on my way to the meeting,CREMA-D,1.0,im on my way to the meeting
clip_03549,train,dont forget to jack it,CREMA-D,0.8571,dont forget a jacket
clip_08975,test,i wonder what this is about,CREMA-D,1.0,i wonder what this is about
clip_05732,train,its 11 oclock,CREMA-D,1.0,its 11 oclock
clip_01538,train,its 11 oclock,CREMA-D,1.0,its 11 oclock
clip_07623,train,the surface is slick,CREMA-D,1.0,the surface is slick
clip_06127,train,well stop in a couple of minutes,CREMA-D,1.0,well stop in a couple of minutes
clip_10029,train,i have a like a new alarm clock,CREMA-D,0.8197,i would like a new alarm clock
clip_08507,train,im on my way to the meeting,CREMA-D,1.0,im on my way to the meeting
clip_00254,train,im on my way to the meeting,CREMA-D,1.0,im on my way to the meeting
clip_02314,train,im on my way to the meeting,CREMA-D,1.0,im on my way to the meeting
clip_00253,train,i think ive seen this before,CREMA-D,1.0,i think ive seen this before
clip_09690,train,its 11 oclock,CREMA-D,1.0,its 11 oclock
clip_02243,train,well stop in a couple of minutes,CREMA-D,1.0,well stop in a couple of minutes
clip_05392,train,i think ive seen this before,CREMA-D,1.0,i think ive seen this before
clip_06910,test,i would like to do a low clock,CREMA-D,0.7667,i would like a new alarm clock
clip_08155,train,im on my way to the meeting,CREMA-D,1.0,im on my way to the meeting
clip_08962,train,that is exactly what happened,CREMA-D,1.0,that is exactly what happened
clip_04266,train,i think ive seen this before,CREMA-D,1.0,i think ive seen this before
clip_04426,test,the surface is slick,CREMA-D,1.0,the surface is slick
clip_03329,train,this is 11 oclock,CREMA-D,0.8,its 11 oclock
clip_04513,test,its 11 oclock,CREMA-D,1.0,its 11 oclock
clip_05522,test,maybe tomorrow it would be cold,CREMA-D,0.918,maybe tomorrow it will be cold
clip_07559,train,i think i have a doctors appointment,CREMA-D,1.0,i think i have a doctors appointment
clip_04037,train,i think ive seen this before,CREMA-D,1.0,i think ive seen this before
clip_03340,train,im on my way to the meeting,CREMA-D,1.0,im on my way to the meeting
clip_02906,train,i think ive seen this before,CREMA-D,1.0,i think ive seen this before
clip_09195,test,see you next time on spold,UNKNOWN,0.4286,maybe tomorrow it will be cold
clip_02982,train,i think ive seen this before,CREMA-D,1.0,i think ive seen this before
clip_10549,train,well stop in a couple of minutes,CREMA-D,1.0,well stop in a couple of minutes
clip_09969,train,i wonder what this is about,CREMA-D,1.0,i wonder what this is about
clip_04779,test,i would like a new alarm clock,CREMA-D,1.0,i would like a new alarm clock
clip_01493,train,im all my way to the meeting,CREMA-D,0.9091,im on my way to the meeting
clip_07666,test,the surface is slick,CREMA-D,1.0,the surface is slick
clip_06156,train,that is exactly what happened,CREMA-D,1.0,that is exactly what happened
clip_10206,train,im on my way to the meeting,CREMA-D,1.0,im on my way to the meeting
clip_01406,train,its 11 oclock,CREMA-D,1.0,its 11 oclock
clip_10591,train,thats exactly what happened,CREMA-D,0.9643,that is exactly what happened
clip_10566,train,im on my way to the meeting,CREMA-D,1.0,im on my way to the meeting
clip_09046,train,i think i have a doctors appointment,CREMA-D,1.0,i think i have a doctors appointment
clip_09050,train,dont forget a jacket,CREMA-D,1.0,dont forget a jacket
clip_06681,test,its 11 oclock,CREMA-D,1.0,its 11 oclock
clip_07490,train,well stop in a couple of minutes,CREMA-D,1.0,well stop in a couple of minutes
clip_06683,train,dont forget a jacket,CREMA-D,1.0,dont forget a jacket
clip_07845,train,i think i have a doctors appointment,CREMA-D,1.0,i think i have a doctors appointment
clip_06042,train,its 11 oclock,CREMA-D,1.0,its 11 oclock
clip_01743,train,its 11 oclock,CREMA-D,1.0,its 11 oclock
clip_08321,test,that is exactly what happened,CREMA-D,1.0,that is exactly what happened
clip_05181,train,its 11 oclock,CREMA-D,1.0,its 11 oclock
clip_08091,train,surface is slick,CREMA-D,0.8889,the surface is slick
clip_04331,train,its 11 oclock,CREMA-D,1.0,its 11 oclock
clip_01457,train,its 11 oclock,CREMA-D,1.0,its 11 oclock
clip_01459,train,its 11 oclock,CREMA-D,1.0,its 11 oclock
clip_06939,train,i think i have a doctors appointment,CREMA-D,1.0,i think i have a doctors appointment
clip_08276,train,its 11 oclock,CREMA-D,1.0,its 11 oclock
clip_10443,train,its 11 oclock,CREMA-D,1.0,its 11 oclock
clip_06802,train,its 11 oclock,CREMA-D,1.0,its 11 oclock
clip_04700,train,i think i have a doctors appointment,CREMA-D,1.0,i think i have a doctors appointment
clip_10192,train,i think ive seen this before,CREMA-D,1.0,i think ive seen this before
clip_09900,test,its 11 oclock,CREMA-D,1.0,its 11 oclock
clip_09730,test,well stop in a couple of minutes,CREMA-D,1.0,well stop in a couple of minutes
clip_09802,test,its 11 oclock,CREMA-D,1.0,its 11 oclock
clip_00789,train,i wonder what this is about,CREMA-D,1.0,i wonder what this is about
clip_03809,test,im on my way to the meeting,CREMA-D,1.0,im on my way to the meeting
clip_04404,train,airplane is almost full,CREMA-D,0.92,the airplane is almost full
clip_08008,train,i think i have a doctors appointment,CREMA-D,1.0,i think i have a doctors appointment
clip_09871,train,so were living a clock,UNKNOWN,0.5,i would like a new alarm clock
clip_10329,train,its 11 oclock,CREMA-D,1.0,its 11 oclock
clip_04586,train,the surface is slick,CREMA-D,1.0,the surface is slick
clip_00305,train,i think ive seen this before,CREMA-D,1.0,i think ive seen this before
clip_02408,train,im on my way to the meeting,CREMA-D,1.0,im on my way to the meeting
clip_02326,train,dont forget a jacket,CREMA-D,1.0,dont forget a jacket
clip_07822,train,the service is slick,CREMA-D,0.85,the surface is slick
clip_01815,train,come on my way to the meeting,CREMA-D,0.9286,im on my way to the meeting
clip_03617,train,its 11 oclock,CREMA-D,1.0,its 11 oclock
clip_00947,train,the surface is slick,CREMA-D,1.0,the surface is slick
clip_10515,train,i think ive seen this before,CREMA-D,1.0,i think ive seen this before
clip_02893,train,i think ive seen this before,CREMA-D,1.0,i think ive seen this before
clip_01425,train,well stop in a couple of minutes,CREMA-D,1.0,well stop in a couple of minutes
clip_04310,train,dont forget a jacket,CREMA-D,1.0,dont forget a jacket
clip_00847,train,well stop in a couple of minutes,CREMA-D,1.0,well stop in a couple of minutes
clip_09637,train,dont forget a jacket,CREMA-D,1.0,dont forget a jacket
clip_04210,train,i was like a new alarm clock,CREMA-D,0.8966,i would like a new alarm clock
clip_04199,train,im on my way to the meeting,CREMA-D,1.0,im on my way to the meeting
clip_05596,train,im on my way to the meeting,CREMA-D,1.0,im on my way to the meeting
clip_08882,train,the surface is slick,CREMA-D,1.0,the surface is slick
clip_10076,train,that is exactly what happened,CREMA-D,1.0,that is exactly what happened
clip_01231,train,well stop at a couple of minutes,CREMA-D,0.9375,well stop in a couple of minutes
clip_08825,train,the surface is slick,CREMA-D,1.0,the surface is slick
clip_05518,train,the airplane is almost full,CREMA-D,1.0,the airplane is almost full
clip_03766,train,the surface is slick,CREMA-D,1.0,the surface is slick
clip_00473,train,dont forget to jack it,CREMA-D,0.8571,dont forget a jacket
clip_06468,train,i wonder what this is about,CREMA-D,1.0,i wonder what this is about
clip_02689,train,i would like a new alarm clock,CREMA-D,1.0,i would like a new alarm clock
clip_02703,train,the airplane is almost full,CREMA-D,1.0,the airplane is almost full
clip_09248,train,its 11 oclock,CREMA-D,1.0,its 11 oclock
clip_01280,test,its 11 oclock,CREMA-D,1.0,its 11 oclock
clip_07201,train,maybe tomorrow it will be cold,CREMA-D,1.0,maybe tomorrow it will be cold
clip_08658,train,the surface is slick,CREMA-D,1.0,the surface is slick
clip_03606,test,i wonder what this is about,CREMA-D,1.0,i wonder what this is about
clip_03929,train,dont forget a jacket,CREMA-D,1.0,dont forget a jacket
clip_08329,train,maybe tomorrow it will be cold,CREMA-D,1.0,maybe tomorrow it will be cold
clip_08552,test,i wonder what this is about,CREMA-D,1.0,i wonder what this is about
clip_02171,train,the airplane is almost full,CREMA-D,1.0,the airplane is almost full
clip_10823,train,dont forget to jack it,CREMA-D,0.8571,dont forget a jacket
clip_10684,train,dont forget a jacket,CREMA-D,1.0,dont forget a jacket
clip_01670,train,i wonder what this is about,CREMA-D,1.0,i wonder what this is about
clip_09549,train,dont forget to jack it,CREMA-D,0.8571,dont forget a jacket
clip_07699,train,i wonder what this is about,CREMA-D,1.0,i wonder what this is about
clip_09502,train,i think ive seen this before,CREMA-D,1.0,i think ive seen this before
clip_01963,train,the airplane is almost full,CREMA-D,1.0,the airplane is almost full
clip_01934,train,the airplane is almost full,CREMA-D,1.0,the airplane is almost full
clip_10871,train,i wonder what this is about,CREMA-D,1.0,i wonder what this is about
clip_00139,train,well stop in a couple of minutes,CREMA-D,1.0,well stop in a couple of minutes
clip_06664,train,i would like a new alarm clock,CREMA-D,1.0,i would like a new alarm clock
clip_10739,test,its 11 oclock,CREMA-D,1.0,its 11 oclock
clip_00050,train,the airplane is almost full,CREMA-D,1.0,the airplane is almost full
clip_06651,train,its 11 oclock,CREMA-D,1.0,its 11 oclock
clip_03129,train,im on my way to the meeting,CREMA-D,1.0,im on my way to the meeting
clip_08599,test,its 11 oclock,CREMA-D,1.0,its 11 oclock
clip_07749,train,its 11 oclock,CREMA-D,1.0,its 11 oclock
clip_04935,train,i think ive seen this before,CREMA-D,1.0,i think ive seen this before
clip_00914,train,i would like a new alarm clock,CREMA-D,1.0,i would like a new alarm clock
clip_00917,train,well have it at clock,UNKNOWN,0.5294,its 11 oclock
clip_06819,train,im on my way to the meeting,CREMA-D,1.0,im on my way to the meeting
clip_06826,train,the surface is slick,CREMA-D,1.0,the surface is slick
clip_02286,train,say the word cease,TESS,1.0,say the word
clip_09840,train,say the word dog,TESS,1.0,say the word
clip_08644,train,say the word finn,TESS,1.0,say the word
clip_06686,train,say the word keg,TESS,1.0,say the word
clip_01312,train,say the word burn,TESS,1.0,say the word
clip_00151,train,say the word gaze,TESS,1.0,say the word
clip_06369,train,say the word third,TESS,1.0,say the word
clip_10227,train,say the word near,TESS,1.0,say the word
clip_10487,train,say the word red,TESS,1.0,say the word
clip_05528,train,say the word boat,TESS,1.0,say the word
clip_04265,train,say the word sheep,TESS,1.0,say the word
clip_04347,train,say the word germ,TESS,1.0,say the word
clip_05521,train,say the word south,TESS,1.0,say the word
clip_10546,train,say the word chain,TESS,1.0,say the word
clip_00280,train,say the word numb,TESS,1.0,say the word
clip_06132,train,say the word thin,TESS,1.0,say the word
clip_07112,train,say the word sheep,TESS,1.0,say the word
clip_02227,train,say the word rose,TESS,1.0,say the word
clip_08908,train,say the word name,TESS,1.0,say the word
clip_05491,train,say the word juice,TESS,1.0,say the word
clip_05115,train,say the word live,TESS,1.0,say the word
clip_08779,train,say the word perch,TESS,1.0,say the word
clip_07671,train,say the word turn,TESS,1.0,say the word
clip_08345,train,say the word third,TESS,1.0,say the word
clip_09623,train,say the word thin,TESS,1.0,say the word
clip_08211,train,say the word youth,TESS,1.0,say the word
clip_07254,train,say the word pad,TESS,1.0,say the word
clip_05055,train,say the word deb,TESS,1.0,say the word
clip_04484,train,say the word search,TESS,1.0,say the word
clip_10010,train,say the word half,TESS,1.0,say the word
clip_05014,train,say the word neat,TESS,1.0,say the word
clip_03202,train,say the word gaze,TESS,1.0,say the word
clip_05691,train,say the word lore,TESS,1.0,say the word
clip_01490,train,say the word wag,TESS,1.0,say the word
clip_02087,train,say the word bone,TESS,1.0,say the word
clip_05141,train,say the word rose,TESS,1.0,say the word
clip_00959,train,say the word burn,TESS,1.0,say the word
clip_09504,train,say the word came,TESS,1.0,say the word
clip_06844,train,say the word goal,TESS,1.0,say the word
clip_02974,train,say the word pass,TESS,1.0,say the word
clip_05121,train,say the word came,TESS,1.0,say the word
clip_00552,train,say the word perch,TESS,1.0,say the word
clip_06718,train,say the word cheek,TESS,1.0,say the word
clip_04835,train,say the word yes,TESS,1.0,say the word
clip_07346,train,say the word pike,TESS,1.0,say the word
clip_05687,train,say the word which,TESS,1.0,say the word
clip_01259,train,say the word dip,TESS,1.0,say the word
clip_02599,train,say the word cease,TESS,1.0,say the word
clip_10337,train,say the word luck,TESS,1.0,say the word
clip_09117,train,say the word dip,TESS,1.0,say the word
clip_09201,train,say the word south,TESS,1.0,say the word
clip_01419,train,say the word keep,TESS,1.0,say the word
clip_02860,train,say the word dab,TESS,1.0,say the word
clip_06529,train,say the word being,TESS,1.0,say the word
clip_02067,train,say the word half,TESS,1.0,say the word
clip_04480,train,say the word team,TESS,1.0,say the word
clip_08611,train,say the word when,TESS,1.0,say the word
clip_00313,train,say the word dull,TESS,1.0,say the word
clip_09335,train,say the word turn,TESS,1.0,say the word
clip_01785,train,say the word phone,TESS,1.0,say the word
clip_07546,train,say the word talk,TESS,1.0,say the word
clip_03472,train,say the word keen,TESS,1.0,say the word
clip_07458,train,say the word soap,TESS,1.0,say the word
clip_10463,train,say the word time,TESS,1.0,say the word
clip_03897,train,say in the word wire,UNKNOWN,0.5,kids are talking by the door
clip_01821,train,say the word when,TESS,1.0,say the word
clip_00518,train,say the words said,TESS,1.0,say the word
clip_03286,train,say the word rot,TESS,1.0,say the word
clip_10004,train,say the word limb,TESS,1.0,say the word
clip_09386,train,say the word thought,TESS,1.0,say the word
clip_02186,train,say the word doll,TESS,1.0,say the word
clip_04651,train,say the word voice,TESS,1.0,say the word
clip_06818,train,say the word gap,TESS,1.0,say the word
clip_07352,train,say the word rat,TESS,1.0,say the word
clip_00583,train,say the word mess,TESS,1.0,say the word
clip_00150,train,i think ive seen this,CREMA-D,0.8571,i think ive seen this before
clip_02156,train,maybe tomorrow it would be cool,CREMA-D,0.8852,maybe tomorrow it will be cold
clip_08333,test,i wonder what this is about,CREMA-D,1.0,i wonder what this is about
clip_06999,train,i think ive seen this before,CREMA-D,1.0,i think ive seen this before
clip_04167,train,that is exactly what happened,CREMA-D,1.0,that is exactly what happened
clip_09410,test,the airplane is almost,CREMA-D,0.898,the airplane is almost full
clip_05810,train,the surface is slick,CREMA-D,1.0,the surface is slick
clip_06527,train,its 11 oclock,CREMA-D,1.0,its 11 oclock
clip_04679,train,i would like a new alarm clock,CREMA-D,1.0,i would like a new alarm clock
clip_09758,train,that is exactly what happens,CREMA-D,0.9474,that is exactly what happened
clip_07891,train,the airplane is almost full,CREMA-D,1.0,the airplane is almost full
clip_07415,train,i would like a new alarm clock,CREMA-D,1.0,i would like a new alarm clock
clip_08268,train,dont forget to check,CREMA-D,0.75,dont forget a jacket
clip_07417,train,maybe tomorrow it will be,CREMA-D,0.9091,maybe tomorrow it will be cold
clip_01751,train,well stop in a couple of minutes,CREMA-D,1.0,well stop in a couple of minutes
clip_10440,train,stop in a couple minutes,CREMA-D,0.8571,well stop in a couple of minutes
clip_05149,test,i think ive seen this before,CREMA-D,1.0,i think ive seen this before
clip_06758,train,that is exactly what happened,CREMA-D,1.0,that is exactly what happened
clip_07240,test,the airplane is almost full,CREMA-D,1.0,the airplane is almost full
clip_05257,train,its 11 oclock,CREMA-D,1.0,its 11 oclock
clip_02927,train,i would like a new alarm clock,CREMA-D,1.0,i would like a new alarm clock
clip_04066,train,its 11 oclock,CREMA-D,1.0,its 11 oclock
clip_04852,test,maybe tomorrow it will be cold,CREMA-D,1.0,maybe tomorrow it will be cold
clip_09933,test,its 11 oclock,CREMA-D,1.0,its 11 oclock
clip_01424,train,that is exactly what happened,CREMA-D,1.0,that is exactly what happened
clip_00581,train,i think ive seen this before,CREMA-D,1.0,i think ive seen this before
clip_02960,train,i love my way to the meeting,CREMA-D,0.9091,im on my way to the meeting
clip_09256,test,i think i have a doctor,CREMA-D,0.7797,i think i have a doctors appointment
clip_07489,train,will stop in a cup of,CREMA-D,0.7547,well stop in a couple of minutes
clip_06678,train,stop in a couple minutes,CREMA-D,0.8571,well stop in a couple of minutes
clip_05227,train,i think ive seen this but,CREMA-D,0.8679,i think ive seen this before
clip_04029,train,i would like a new alarm clock,CREMA-D,1.0,i would like a new alarm clock
clip_07047,train,the services,UNKNOWN,0.5,the surface is slick
clip_06615,train,will stop in a couple of,CREMA-D,0.8214,well stop in a couple of minutes
clip_03706,train,well stop in a couple of minutes,CREMA-D,1.0,well stop in a couple of minutes
clip_01393,test,well stop in a couple minutes,CREMA-D,0.9508,well stop in a couple of minutes
clip_06774,train,will stop in a couple of minutes,CREMA-D,0.9688,well stop in a couple of minutes
clip_00533,test,that is exactly what happened,CREMA-D,1.0,that is exactly what happened
clip_05080,train,i would like a new alliance,CREMA-D,0.807,i would like a new alarm clock
clip_05968,test,i wonder what this is a,CREMA-D,0.92,i wonder what this is about
clip_00960,train,well stop in a couple of minutes,CREMA-D,1.0,well stop in a couple of minutes
clip_03658,train,that is exactly what happened,CREMA-D,1.0,that is exactly what happened
clip_10057,train,i think ive seen this before,CREMA-D,1.0,i think ive seen this before
clip_07070,train,the airplane is almost,CREMA-D,0.898,the airplane is almost full
clip_00439,train,well stop in a couple of minutes,CREMA-D,1.0,well stop in a couple of minutes
clip_04517,train,the surface is slick,CREMA-D,1.0,the surface is slick
clip_07393,test,its 11 oclock,CREMA-D,1.0,its 11 oclock
clip_09111,train,i wonder what this is about,CREMA-D,1.0,i wonder what this is about
clip_04486,test,maybe tomorrow it will be cold,CREMA-D,1.0,maybe tomorrow it will be cold
clip_05218,train,i think ive seen this before,CREMA-D,1.0,i think ive seen this before
clip_07599,train,i would like a new alarm,CREMA-D,0.8889,i would like a new alarm clock
clip_10517,test,maybe tomorrow it will be,CREMA-D,0.9091,maybe tomorrow it will be cold
clip_06907,train,say the word void,TESS,1.0,say the word
clip_02928,train,say the word join,TESS,1.0,say the word
clip_00417,train,say the word near,TESS,1.0,say the word
clip_02976,train,say the word size,TESS,1.0,say the word
clip_09524,train,say the word white,TESS,1.0,say the word
clip_04044,train,say the word size,TESS,1.0,say the word
clip_10854,train,say the word perch,TESS,1.0,say the word
clip_02690,train,say the word haze,TESS,1.0,say the word
clip_06454,train,say the word join,TESS,1.0,say the word
clip_08993,train,say the word pool,TESS,1.0,say the word
clip_05402,train,say the word kill,TESS,1.0,say the word
clip_07592,train,say the word cell,TESS,1.0,say the word
clip_02573,train,say the word burn,TESS,1.0,say the word
clip_03861,train,say the word love,TESS,1.0,say the word
clip_01390,train,say the word bath,TESS,1.0,say the word
clip_07374,train,say the word higher,TESS,1.0,say the word
clip_08483,train,say the word mode,TESS,1.0,say the word
clip_08484,train,say the word love,TESS,1.0,say the word
clip_03963,train,say the word red,TESS,1.0,say the word
clip_06496,train,say the word home,TESS,1.0,say the word
clip_06186,train,say the word tool,TESS,1.0,say the word
clip_10641,train,say the word lease,TESS,1.0,say the word
clip_00226,train,say the word door,TESS,1.0,say the word
clip_08181,train,say the word gas,TESS,1.0,say the word
clip_05564,train,say the word goose,TESS,1.0,say the word
clip_02874,train,say the word read,TESS,1.0,say the word
clip_04684,train,say the word hush,TESS,1.0,say the word
clip_01113,train,say the words said,TESS,1.0,say the word
clip_03008,train,say the word check,TESS,1.0,say the word
clip_07289,train,say the word check,TESS,1.0,say the word
clip_10687,train,say the word pass,TESS,1.0,say the word
clip_06828,train,say the word note,TESS,1.0,say the word
clip_04849,train,say the word road,TESS,1.0,say the word
clip_00353,train,say the word neat,TESS,1.0,say the word
clip_06605,train,say the word whip,TESS,1.0,say the word
clip_08702,train,say the word nice,TESS,1.0,say the word
clip_07920,train,say the word tell,TESS,1.0,say the word
clip_10226,train,say the word jail,TESS,1.0,say the word
clip_03244,train,say the word sure,TESS,1.0,say the word
clip_00465,train,say the word good,TESS,1.0,say the word
clip_07356,train,say the word merge,TESS,1.0,say the word
clip_04180,train,say the word check,TESS,1.0,say the word
clip_07611,train,say the word pick,TESS,1.0,say the word
clip_07596,train,say the word rush,TESS,1.0,say the word
clip_06924,train,say the word chief,TESS,1.0,say the word
clip_01792,train,say the word rain,TESS,1.0,say the word
clip_05036,train,say the word lean,TESS,1.0,say the word
clip_03675,train,say the word tool,TESS,1.0,say the word
clip_01437,train,say the word tough,TESS,1.0,say the word
clip_03920,train,say the word match,TESS,1.0,say the word
clip_05709,train,say the word tough,TESS,1.0,say the word
clip_08513,train,say the word pass,TESS,1.0,say the word
clip_10454,train,say the word long,TESS,1.0,say the word
clip_05742,train,say the word keg,TESS,1.0,say the word
clip_09963,train,say the word walk,TESS,1.0,say the word
clip_08017,train,say the word pike,TESS,1.0,say the word
clip_02474,train,say the word wire,TESS,1.0,say the word
clip_10286,train,say the word back,TESS,1.0,say the word
clip_08428,train,say the word pass,TESS,1.0,say the word
clip_02972,train,say the word rain,TESS,1.0,say the word
clip_01857,train,say the word rush,TESS,1.0,say the word
clip_05458,train,say the word read,TESS,1.0,say the word
clip_07519,train,say the word limb,TESS,1.0,say the word
clip_05487,train,say the word lean,TESS,1.0,say the word
clip_06572,train,say the word sees,TESS,1.0,say the word
clip_10122,train,say the word ton,TESS,1.0,say the word
clip_05031,train,say the word goal,TESS,1.0,say the word
clip_01029,train,say the word king,TESS,1.0,say the word
clip_10476,train,say the word reach,TESS,1.0,say the word
clip_10713,train,say the word whole,TESS,1.0,say the word
clip_05823,train,say the word late,TESS,1.0,say the word
clip_04979,train,say the word right,TESS,1.0,say the word
clip_00747,train,say the word ton,TESS,1.0,say the word
clip_03184,train,say the word hurl,TESS,1.0,say the word
clip_00041,train,i think ive seen this before,CREMA-D,1.0,i think ive seen this before
clip_05977,train,i think i have a doctors appointment,CREMA-D,1.0,i think i have a doctors appointment
clip_07453,train,i wonder what this is about,CREMA-D,1.0,i wonder what this is about
clip_05353,train,i think i have a doctors appointment,CREMA-D,1.0,i think i have a doctors appointment
clip_00871,train,dont forget to jack it,CREMA-D,0.8571,dont forget a jacket
clip_10315,train,the airplane is almost full,CREMA-D,1.0,the airplane is almost full
clip_08480,train,that is exactly what happened,CREMA-D,1.0,that is exactly what happened
clip_05052,train,i think ive seen this before,CREMA-D,1.0,i think ive seen this before
clip_08340,train,maybe tomorrow it will be cold,CREMA-D,1.0,maybe tomorrow it will be cold
clip_02590,train,im on my way to the meeting,CREMA-D,1.0,im on my way to the meeting
clip_08347,train,its 11 oclock,CREMA-D,1.0,its 11 oclock
clip_06319,train,its 11 oclock,CREMA-D,1.0,its 11 oclock
clip_05978,test,im on my way to the meeting,CREMA-D,1.0,im on my way to the meeting
clip_08671,train,im on my way to the meeting,CREMA-D,1.0,im on my way to the meeting
clip_00435,train,that is exactly what happened,CREMA-D,1.0,that is exactly what happened
clip_01545,train,im on my way to the meeting,CREMA-D,1.0,im on my way to the meeting
clip_04991,train,that is exactly what happened,CREMA-D,1.0,that is exactly what happened
clip_03150,test,im on my way to the meeting,CREMA-D,1.0,im on my way to the meeting
clip_01571,train,the airplane is almost cold,CREMA-D,0.8889,the airplane is almost full
clip_01164,test,dont forget a jacket,CREMA-D,1.0,dont forget a jacket
clip_09246,train,its 11 oclock,CREMA-D,1.0,its 11 oclock
clip_10011,train,dont forget a jacket,CREMA-D,1.0,dont forget a jacket
clip_07549,train,its 11 oclock,CREMA-D,1.0,its 11 oclock
clip_02903,test,its a black rock,UNKNOWN,0.6207,its 11 oclock
clip_06595,train,im on my way to the meeting,CREMA-D,1.0,im on my way to the meeting
clip_01868,train,i would like a new alarm clock,CREMA-D,1.0,i would like a new alarm clock
clip_10475,train,the airplane is almost cool,CREMA-D,0.8889,the airplane is almost full
clip_05570,train,the airplane is almost full,CREMA-D,1.0,the airplane is almost full
clip_03778,train,i think i have a doctors appointment,CREMA-D,1.0,i think i have a doctors appointment
clip_07530,train,and all my way to the meeting,CREMA-D,0.8214,im on my way to the meeting
clip_03268,test,its 11 oclock,CREMA-D,1.0,its 11 oclock
clip_09449,train,i think i have a doctors appointment,CREMA-D,1.0,i think i have a doctors appointment
clip_09249,train,im on my way to the meeting,CREMA-D,1.0,im on my way to the meeting
clip_05071,train,i wonder what this is about,CREMA-D,1.0,i wonder what this is about
clip_06122,train,i think i have a doctors appointment,CREMA-D,1.0,i think i have a doctors appointment
clip_06356,train,its 11 oclock,CREMA-D,1.0,its 11 oclock
clip_05340,train,its 11 oclock,CREMA-D,1.0,its 11 oclock
clip_02311,test,i would like a new alarm clock,CREMA-D,1.0,i would like a new alarm clock
clip_07327,test,i wonder what this is about,CREMA-D,1.0,i wonder what this is about
clip_05575,train,im all my way to the meeting,CREMA-D,0.9091,im on my way to the meeting
clip_04524,train,that is exactly what happened,CREMA-D,1.0,that is exactly what happened
clip_01251,train,dont forget a jacket,CREMA-D,1.0,dont forget a jacket
clip_10055,train,well stop in a couple of minutes,CREMA-D,1.0,well stop in a couple of minutes
clip_02632,train,i would like a new alarm clock,CREMA-D,1.0,i would like a new alarm clock
clip_00492,train,dont forget a jacket,CREMA-D,1.0,dont forget a jacket
clip_10644,train,its 11 oclock,CREMA-D,1.0,its 11 oclock
clip_07012,train,i would like a new alarm clock,CREMA-D,1.0,i would like a new alarm clock
clip_05708,train,that is exactly what happened,CREMA-D,1.0,that is exactly what happened
clip_06126,test,well stop in a couple of minutes,CREMA-D,1.0,well stop in a couple of minutes
clip_00263,test,i think ive seen this before,CREMA-D,1.0,i think ive seen this before
clip_07937,train,its 11 oclock,CREMA-D,1.0,its 11 oclock
clip_07946,train,its 11 oclock,CREMA-D,1.0,its 11 oclock
clip_06361,train,i wonder what this is about,CREMA-D,1.0,i wonder what this is about
clip_03544,train,its 11 oclock,CREMA-D,1.0,its 11 oclock
clip_02577,train,dont forget a jacket,CREMA-D,1.0,dont forget a jacket
clip_09218,train,i think i have a doctors appointment,CREMA-D,1.0,i think i have a doctors appointment
clip_06206,train,maybe tomorrow it will be cold,CREMA-D,1.0,maybe tomorrow it will be cold
clip_08952,train,well stop in a couple of minutes,CREMA-D,1.0,well stop in a couple of minutes
clip_06199,train,well stop in a couple of minutes,CREMA-D,1.0,well stop in a couple of minutes
clip_05208,train,i would like a new alarm clock,CREMA-D,1.0,i would like a new alarm clock
clip_08150,train,the surface is slick,CREMA-D,1.0,the surface is slick
clip_05236,train,its 11 oclock,CREMA-D,1.0,its 11 oclock
clip_05199,train,maybe tomorrow will be cold,CREMA-D,0.9474,maybe tomorrow it will be cold
clip_06205,test,its 11 oclock,CREMA-D,1.0,its 11 oclock
clip_04680,train,i wonder what this is about,CREMA-D,1.0,i wonder what this is about
clip_03461,train,the airplane is almost full,CREMA-D,1.0,the airplane is almost full
clip_08714,train,i think ive seen this before,CREMA-D,1.0,i think ive seen this before
clip_05695,train,its 11 oclock,CREMA-D,1.0,its 11 oclock
clip_05116,train,the surface is slick,CREMA-D,1.0,the surface is slick
clip_04456,train,i think ive seen this before,CREMA-D,1.0,i think ive seen this before
clip_08667,train,well stop in a couple of minutes,CREMA-D,1.0,well stop in a couple of minutes
clip_04413,train,its 11 oclock,CREMA-D,1.0,its 11 oclock
clip_08421,train,i would like to do alarm clock,CREMA-D,0.8667,i would like a new alarm clock
clip_06180,train,its 11 oclock,CREMA-D,1.0,its 11 oclock
clip_01848,train,its 11 oclock,CREMA-D,1.0,its 11 oclock
clip_06815,test,the surface is slick,CREMA-D,1.0,the surface is slick
clip_02237,train,its 11 oclock,CREMA-D,1.0,its 11 oclock
clip_10339,test,the airplane is almost full,CREMA-D,1.0,the airplane is almost full
clip_00265,train,i wonder what this is about,CREMA-D,1.0,i wonder what this is about
clip_03083,train,i think ive seen this before,CREMA-D,1.0,i think ive seen this before
clip_06350,train,its 11 oclock,CREMA-D,1.0,its 11 oclock
clip_07584,test,i think i have a doctors appointment,CREMA-D,1.0,i think i have a doctors appointment
clip_06182,train,ill stop in a couple of minutes,CREMA-D,0.9524,well stop in a couple of minutes
clip_02547,train,i wonder what this is about,CREMA-D,1.0,i wonder what this is about
clip_02554,train,the surface is slick,CREMA-D,1.0,the surface is slick
clip_09786,train,the airplane is almost full,CREMA-D,1.0,the airplane is almost full
clip_09337,train,dont forget to jack it,CREMA-D,0.8571,dont forget a jacket
clip_10275,train,im on my way to the meeting,CREMA-D,1.0,im on my way to the meeting
clip_03021,test,i think ive seen this before,CREMA-D,1.0,i think ive seen this before
clip_05253,train,i wonder what this is about,CREMA-D,1.0,i wonder what this is about
clip_02510,train,maybe tomorrow it will be cold,CREMA-D,1.0,maybe tomorrow it will be cold
clip_00804,train,well stop in a couple of minutes,CREMA-D,1.0,well stop in a couple of minutes
clip_00814,train,i wonder what this is about,CREMA-D,1.0,i wonder what this is about
clip_09903,train,im on my way to the meeting,CREMA-D,1.0,im on my way to the meeting
clip_07639,train,its 11 oclock,CREMA-D,1.0,its 11 oclock
clip_07627,train,its 11 oclock,CREMA-D,1.0,its 11 oclock
clip_00530,train,i think ive seen this before,CREMA-D,1.0,i think ive seen this before
clip_07898,train,dont forget a jacket,CREMA-D,1.0,dont forget a jacket
clip_09740,train,its 11 oclock,CREMA-D,1.0,its 11 oclock
clip_01090,train,well stop at a couple of minutes,CREMA-D,0.9375,well stop in a couple of minutes
clip_09307,train,its 11 oclock,CREMA-D,1.0,its 11 oclock
clip_09327,train,its 11 oclock,CREMA-D,1.0,its 11 oclock
clip_10274,train,the airplane is almost full,CREMA-D,1.0,the airplane is almost full
clip_10262,train,its 11 oclock,CREMA-D,1.0,its 11 oclock
clip_03477,train,i wonder what this is about,CREMA-D,1.0,i wonder what this is about
clip_09883,test,will stop in a couple of minutes,CREMA-D,0.9688,well stop in a couple of minutes
clip_08688,train,i wonder what this is about,CREMA-D,1.0,i wonder what this is about
clip_07223,test,i wonder what this is about,CREMA-D,1.0,i wonder what this is about
clip_07224,test,i think ive seen this before,CREMA-D,1.0,i think ive seen this before
clip_02800,train,maybe tomorrow it will be cold,CREMA-D,1.0,maybe tomorrow it will be cold
clip_01034,train,i wonder what this is about,CREMA-D,1.0,i wonder what this is about
clip_03439,train,its 11 oclock,CREMA-D,1.0,its 11 oclock
clip_09291,test,im on my way to the meeting,CREMA-D,1.0,im on my way to the meeting
clip_04336,train,maybe tomorrow it will be cold,CREMA-D,1.0,maybe tomorrow it will be cold
clip_09980,train,dont forget the jacket,CREMA-D,0.9048,dont forget a jacket
clip_05128,train,the airplane is almost full,CREMA-D,1.0,the airplane is almost full
clip_04923,test,its 11 oclock,CREMA-D,1.0,its 11 oclock
clip_02340,train,i wonder what this is about,CREMA-D,1.0,i wonder what this is about
clip_02338,train,the surface is slick,CREMA-D,1.0,the surface is slick
clip_04723,train,maybe tomorrow it will be cold,CREMA-D,1.0,maybe tomorrow it will be cold
clip_10354,train,i wonder what this is about,CREMA-D,1.0,i wonder what this is about
clip_10348,train,the airplane is almost full,CREMA-D,1.0,the airplane is almost full
clip_06389,train,its 11 oclock,CREMA-D,1.0,its 11 oclock
clip_09418,train,i think ive seen this before,CREMA-D,1.0,i think ive seen this before
clip_06847,train,well stop in a couple of minutes,CREMA-D,1.0,well stop in a couple of minutes
clip_04024,test,im on my way to the meeting,CREMA-D,1.0,im on my way to the meeting
clip_09525,test,im on my way to the meeting,CREMA-D,1.0,im on my way to the meeting
clip_05142,train,i wonder what this is about,CREMA-D,1.0,i wonder what this is about
clip_06461,train,its 11 oclock,CREMA-D,1.0,its 11 oclock
clip_03228,train,its 11 oclock,CREMA-D,1.0,its 11 oclock
clip_08822,train,i would like a new alarm clock,CREMA-D,1.0,i would like a new alarm clock
clip_08222,train,well stop in a couple of minutes,CREMA-D,1.0,well stop in a couple of minutes
clip_10003,train,i think i have a doctors appointment,CREMA-D,1.0,i think i have a doctors appointment
clip_08232,train,the surface is slick,CREMA-D,1.0,the surface is slick
clip_09339,test,dont forget a jacket,CREMA-D,1.0,dont forget a jacket
clip_09310,test,the surface is slick,CREMA-D,1.0,the surface is slick
clip_03132,train,i wonder what this is about,CREMA-D,1.0,i wonder what this is about
clip_07369,train,its 11 oclock,CREMA-D,1.0,its 11 oclock
clip_03125,train,maybe tomorrow it will be cold,CREMA-D,1.0,maybe tomorrow it will be cold
clip_09535,train,i think ive seen this before,CREMA-D,1.0,i think ive seen this before
clip_09642,train,i would like a new alarm clock,CREMA-D,1.0,i would like a new alarm clock
clip_09670,train,maybe tomorrow it will be cold,CREMA-D,1.0,maybe tomorrow it will be cold
clip_05616,train,i wonder what this is about,CREMA-D,1.0,i wonder what this is about
clip_03345,train,i wonder what this is about,CREMA-D,1.0,i wonder what this is about
clip_05189,train,its 11 oclock,CREMA-D,1.0,its 11 oclock
clip_05430,test,its 11 oclock,CREMA-D,1.0,its 11 oclock
clip_04068,train,the surface is slick,CREMA-D,1.0,the surface is slick
clip_07586,train,its 11 oclock,CREMA-D,1.0,its 11 oclock
clip_03945,train,theres 11 oclock,CREMA-D,0.8276,its 11 oclock
clip_08994,train,dont forget a jacket,CREMA-D,1.0,dont forget a jacket
clip_02869,train,its 11 oclock,CREMA-D,1.0,its 11 oclock
clip_02839,train,the airplane is almost full,CREMA-D,1.0,the airplane is almost full
clip_03558,train,its 11 oclock,CREMA-D,1.0,its 11 oclock
clip_05666,train,its 11 oclock,CREMA-D,1.0,its 11 oclock
clip_07675,train,its 11 oclock,CREMA-D,1.0,its 11 oclock
clip_00329,train,the surface is slick,CREMA-D,1.0,the surface is slick
clip_02396,test,i think i have a doctors appointment,CREMA-D,1.0,i think i have a doctors appointment
clip_08103,test,dont forget to jack it,CREMA-D,0.8571,dont forget a jacket
clip_04657,test,the surface is slick,CREMA-D,1.0,the surface is slick
clip_02413,test,its 11 oclock,CREMA-D,1.0,its 11 oclock
clip_00025,test,dont forget a jacket,CREMA-D,1.0,dont forget a jacket
clip_00086,train,i wonder what this is about,CREMA-D,1.0,i wonder what this is about
clip_03602,train,i wonder what this is about,CREMA-D,1.0,i wonder what this is about
clip_03575,train,what am i waiting to be eating,UNKNOWN,0.4138,dogs are sitting by the door
clip_02493,test,its 11 oclock,CREMA-D,1.0,its 11 oclock
clip_03858,train,that is exactly what happened,CREMA-D,1.0,that is exactly what happened
clip_08565,train,i wonder what this is about,CREMA-D,1.0,i wonder what this is about
clip_08083,train,how long have i waited the meeting,CREMA-D,0.6557,im on my way to the meeting
clip_04273,train,the airplane is almost full,CREMA-D,1.0,the airplane is almost full
clip_05883,test,its 11 oclock,CREMA-D,1.0,its 11 oclock
clip_04947,train,the airplane is almost full,CREMA-D,1.0,the airplane is almost full
clip_00200,train,its 11 oclock,CREMA-D,1.0,its 11 oclock
clip_08501,test,its 11 oclock,CREMA-D,1.0,its 11 oclock
clip_03205,train,dont forget a jacket,CREMA-D,1.0,dont forget a jacket
clip_09622,train,the surface is slick,CREMA-D,1.0,the surface is slick
clip_05873,test,its 11 oclock,CREMA-D,1.0,its 11 oclock
clip_00134,test,its 11 oclock,CREMA-D,1.0,its 11 oclock
clip_03784,train,i think i have a doctors appointment,CREMA-D,1.0,i think i have a doctors appointment
clip_02089,train,i would like a new alarm clock,CREMA-D,1.0,i would like a new alarm clock
clip_00137,train,the start was a slick,CREMA-D,0.6829,the surface is slick
clip_00022,train,maybe tomorrow it will be cold,CREMA-D,1.0,maybe tomorrow it will be cold
clip_00092,train,well stop in a couple of minutes,CREMA-D,1.0,well stop in a couple of minutes
clip_00067,train,its 11 oclock,CREMA-D,1.0,its 11 oclock
clip_00037,test,dont forget a jacket,CREMA-D,1.0,dont forget a jacket
clip_03241,test,the surface is slick,CREMA-D,1.0,the surface is slick
clip_03189,test,its 11 oclock,CREMA-D,1.0,its 11 oclock
clip_09816,train,dont forget to jack it,CREMA-D,0.8571,dont forget a jacket
clip_04817,train,im on my way to the meeting,CREMA-D,1.0,im on my way to the meeting
clip_07113,train,dont forget a jacket,CREMA-D,1.0,dont forget a jacket
clip_06365,train,say the word kite,TESS,1.0,say the word
clip_07215,train,say the word fail,TESS,1.0,say the word
clip_02166,train,say the word cheek,TESS,1.0,say the word
clip_06280,train,say the word lease,TESS,1.0,say the word
clip_03919,train,say the word gap,TESS,1.0,say the word
clip_08058,train,say the word sure,TESS,1.0,say the word
clip_02799,train,say the word talk,TESS,1.0,say the word
clip_06696,train,say the word phone,TESS,1.0,say the word
clip_07618,train,say the word pool,TESS,1.0,say the word
clip_02561,train,say the word kick,TESS,1.0,say the word
clip_01591,train,say the word doll,TESS,1.0,say the word
clip_03717,train,say the word chair,TESS,1.0,say the word
clip_07377,train,say the word bar,TESS,1.0,say the word
clip_03130,train,say the word hurl,TESS,1.0,say the word
clip_09817,train,say the word gaze,TESS,1.0,say the word
clip_00985,train,say the word law,TESS,1.0,say the word
clip_01593,train,say the word self,TESS,1.0,say the word
clip_04093,train,say the word thought,TESS,1.0,say the word
clip_10521,train,say the word numb,TESS,1.0,say the word
clip_07706,train,say the word learn,TESS,1.0,say the word
clip_07350,train,well stop at a couple of minutes,CREMA-D,0.9375,well stop in a couple of minutes
clip_03200,train,well stop in a couple of minutes,CREMA-D,1.0,well stop in a couple of minutes
clip_06501,test,i think i have a doctors appointment,CREMA-D,1.0,i think i have a doctors appointment
clip_06232,train,the surface is slick,CREMA-D,1.0,the surface is slick
clip_04811,train,i think i have a doctors appointment,CREMA-D,1.0,i think i have a doctors appointment
clip_02187,train,its 11 oclock,CREMA-D,1.0,its 11 oclock
clip_01771,test,i wonder what this is about,CREMA-D,1.0,i wonder what this is about
clip_00194,train,that is exactly what happened,CREMA-D,1.0,that is exactly what happened
clip_07767,train,the surface is slick,CREMA-D,1.0,the surface is slick
clip_07139,train,its 11 oclock,CREMA-D,1.0,its 11 oclock
clip_00192,train,its 11 oclock,CREMA-D,1.0,its 11 oclock
clip_04963,train,its 11 oclock,CREMA-D,1.0,its 11 oclock
clip_01957,train,its 11 oclock,CREMA-D,1.0,its 11 oclock
clip_02648,train,dont forget to check it,CREMA-D,0.7442,dont forget a jacket
clip_06734,train,im on my way to the meeting,CREMA-D,1.0,im on my way to the meeting
clip_00036,train,that is exactly what happened,CREMA-D,1.0,that is exactly what happened
clip_10563,train,its 11 oclock,CREMA-D,1.0,its 11 oclock
clip_10659,test,well stop in a couple of minutes,CREMA-D,1.0,well stop in a couple of minutes
clip_08576,test,the surface is slick,CREMA-D,1.0,the surface is slick
clip_00155,train,its 11 oclock,CREMA-D,1.0,its 11 oclock
clip_00049,train,the airplane is almost full,CREMA-D,1.0,the airplane is almost full
clip_02198,train,im on my way to the meeting,CREMA-D,1.0,im on my way to the meeting
clip_04956,train,dont forget a jacket,CREMA-D,1.0,dont forget a jacket
clip_07746,train,i wonder what this is about,CREMA-D,1.0,i wonder what this is about
clip_08188,test,i wonder what this is about,CREMA-D,1.0,i wonder what this is about
clip_04554,test,dont forget a jacket,CREMA-D,1.0,dont forget a jacket
clip_04687,test,its 11 oclock,CREMA-D,1.0,its 11 oclock
clip_08269,test,the surface is slick,CREMA-D,1.0,the surface is slick
clip_08285,train,its 11 oclock,CREMA-D,1.0,its 11 oclock
clip_07684,train,that is exactly what happened,CREMA-D,1.0,that is exactly what happened
clip_01439,train,maybe tomorrow it will be cold,CREMA-D,1.0,maybe tomorrow it will be cold
clip_01434,train,i would like a new alarm clock,CREMA-D,1.0,i would like a new alarm clock
clip_03774,test,dont forget the jacket,CREMA-D,0.9048,dont forget a jacket
clip_08392,train,i wonder what this is about,CREMA-D,1.0,i wonder what this is about
clip_09030,train,its 11 oclock,CREMA-D,1.0,its 11 oclock
clip_02910,train,its 11 oclock,CREMA-D,1.0,its 11 oclock
clip_09174,test,i think ive seen this before,CREMA-D,1.0,i think ive seen this before
clip_05853,train,ah its 11 oclock,CREMA-D,0.8966,its 11 oclock
clip_09391,train,the surface is slick,CREMA-D,1.0,the surface is slick
clip_09989,test,dont forget a jacket,CREMA-D,1.0,dont forget a jacket
clip_08061,train,its 11 oclock,CREMA-D,1.0,its 11 oclock
clip_08556,train,the surface is slick,CREMA-D,1.0,the surface is slick
clip_07872,train,i wonder what this is about,CREMA-D,1.0,i wonder what this is about
clip_00770,train,well stop in a couple of minutes,CREMA-D,1.0,well stop in a couple of minutes
clip_01120,train,im on my way to the meeting,CREMA-D,1.0,im on my way to the meeting
clip_01104,train,i think i have a doctors appointment,CREMA-D,1.0,i think i have a doctors appointment
clip_01124,train,i would like a new alarm clock,CREMA-D,1.0,i would like a new alarm clock
clip_05294,train,im on my way to the meeting,CREMA-D,1.0,im on my way to the meeting
clip_09302,train,dont forget a jacket,CREMA-D,1.0,dont forget a jacket
clip_00836,train,its 11 oclock,CREMA-D,1.0,its 11 oclock
clip_05636,test,its 11 oclock,CREMA-D,1.0,its 11 oclock
clip_07784,test,dont forget a jacket,CREMA-D,1.0,dont forget a jacket
clip_05146,test,well stop in a couple of minutes,CREMA-D,1.0,well stop in a couple of minutes
clip_05293,train,the airplane is almost full,CREMA-D,1.0,the airplane is almost full
clip_07689,test,its 11 oclock,CREMA-D,1.0,its 11 oclock
clip_01026,train,the airplane is almost full,CREMA-D,1.0,the airplane is almost full
clip_05249,train,dont forget a jacket,CREMA-D,1.0,dont forget a jacket
clip_05184,test,maybe tomorrow it will be cold,CREMA-D,1.0,maybe tomorrow it will be cold
clip_07294,train,im on my way to the meeting,CREMA-D,1.0,im on my way to the meeting
clip_00615,train,maybe tomorrow it will be cold,CREMA-D,1.0,maybe tomorrow it will be cold
clip_00950,train,i think ive seen this before,CREMA-D,1.0,i think ive seen this before
clip_06328,train,i think i have a doctors appointment,CREMA-D,1.0,i think i have a doctors appointment
clip_00351,train,the surface is slick,CREMA-D,1.0,the surface is slick
clip_00308,test,its 11 oclock,CREMA-D,1.0,its 11 oclock
clip_00857,test,well stop in a couple of minutes,CREMA-D,1.0,well stop in a couple of minutes
clip_07978,train,dont forget a jacket,CREMA-D,1.0,dont forget a jacket
clip_04562,train,i wonder what this is about,CREMA-D,1.0,i wonder what this is about
clip_05571,train,i think ive seen this before,CREMA-D,1.0,i think ive seen this before
clip_02856,test,well stop in a couple of minutes,CREMA-D,1.0,well stop in a couple of minutes
clip_00251,train,its 11 oclock,CREMA-D,1.0,its 11 oclock
clip_09408,train,well stop in a couple of minutes,CREMA-D,1.0,well stop in a couple of minutes
clip_07800,train,maybe tomorrow it will be cold,CREMA-D,1.0,maybe tomorrow it will be cold
clip_06102,test,dont forget a jacket,CREMA-D,1.0,dont forget a jacket
clip_06248,test,i would like a new alarm clock,CREMA-D,1.0,i would like a new alarm clock
clip_04498,test,i think ive seen this before,CREMA-D,1.0,i think ive seen this before
clip_03320,train,i think ive seen this before,CREMA-D,1.0,i think ive seen this before
clip_08884,test,its 11 oclock,CREMA-D,1.0,its 11 oclock
clip_07942,train,im on my way to the meeting,CREMA-D,1.0,im on my way to the meeting
clip_02609,train,that is exactly what happened,CREMA-D,1.0,that is exactly what happened
clip_05231,test,its 11 oclock,CREMA-D,1.0,its 11 oclock
clip_00476,train,its 11 oclock,CREMA-D,1.0,its 11 oclock
clip_01537,train,im on my way to the meeting,CREMA-D,1.0,im on my way to the meeting
clip_03521,train,the surface is slick,CREMA-D,1.0,the surface is slick
clip_04612,train,the surface is slick,CREMA-D,1.0,the surface is slick
clip_08966,test,dont forget to jack it,CREMA-D,0.8571,dont forget a jacket
clip_06141,train,the surface is slick,CREMA-D,1.0,the surface is slick
clip_09104,test,well stop in a couple of minutes,CREMA-D,1.0,well stop in a couple of minutes
clip_02713,train,i would like a new alarm clock,CREMA-D,1.0,i would like a new alarm clock
clip_05197,train,that is exactly what happened,CREMA-D,1.0,that is exactly what happened
clip_06830,train,dont forget a jacket,CREMA-D,1.0,dont forget a jacket
clip_07545,train,i wonder what this is about,CREMA-D,1.0,i wonder what this is about
clip_04206,train,i wonder what this is about,CREMA-D,1.0,i wonder what this is about
clip_00709,train,i wonder what this is about,CREMA-D,1.0,i wonder what this is about
clip_06897,train,that is exactly what happened,CREMA-D,1.0,that is exactly what happened
clip_06185,train,dont forget a jacket,CREMA-D,1.0,dont forget a jacket
clip_01674,test,the airplane is almost full,CREMA-D,1.0,the airplane is almost full
clip_05382,train,maybe tomorrow it will be cold,CREMA-D,1.0,maybe tomorrow it will be cold
clip_00935,test,the surface is slick,CREMA-D,1.0,the surface is slick
clip_02123,train,i think ive seen this before,CREMA-D,1.0,i think ive seen this before
clip_05665,test,i think ive seen this before,CREMA-D,1.0,i think ive seen this before
clip_03928,train,well stop in a couple of minutes,CREMA-D,1.0,well stop in a couple of minutes
clip_08180,train,i wonder what this is about,CREMA-D,1.0,i wonder what this is about
clip_01188,test,well stop in a couple of minutes,CREMA-D,1.0,well stop in a couple of minutes
clip_01268,test,im on my way to the meeting,CREMA-D,1.0,im on my way to the meeting
clip_04490,train,i would like a new alarm clock,CREMA-D,1.0,i would like a new alarm clock
clip_01615,train,i would like a new alarm clock,CREMA-D,1.0,i would like a new alarm clock
clip_02626,train,maybe tomorrow will be cold,CREMA-D,0.9474,maybe tomorrow it will be cold
clip_06312,train,11 oclock,CREMA-D,0.8182,its 11 oclock
clip_07244,train,its 11 oclock,CREMA-D,1.0,its 11 oclock
clip_07503,train,i think ive seen this before,CREMA-D,1.0,i think ive seen this before
clip_08672,train,that is exactly what happened,CREMA-D,1.0,that is exactly what happened
clip_01000,train,that is exactly what happened,CREMA-D,1.0,that is exactly what happened
clip_08478,train,dont forget a jacket,CREMA-D,1.0,dont forget a jacket
clip_09827,train,the airplane is almost full,CREMA-D,1.0,the airplane is almost full
clip_05919,train,the airplane is almost full,CREMA-D,1.0,the airplane is almost full
clip_03677,train,say the word peg,TESS,1.0,say the word
clip_00806,train,say the word mill,TESS,1.0,say the word
clip_04784,train,say the word limb,TESS,1.0,say the word
clip_00423,train,say the word pull,TESS,1.0,say the word
clip_10682,train,say the word shout,TESS,1.0,say the word
clip_06322,train,say the word luck,TESS,1.0,say the word
clip_01886,train,say the word shawl,TESS,1.0,say the word
clip_09934,train,say the word germ,TESS,1.0,say the word
clip_02757,train,say the word white,TESS,1.0,say the word
clip_05281,train,say the word mouse,TESS,1.0,say the word
clip_07048,train,say the word home,TESS,1.0,say the word
clip_07667,train,say the word being,TESS,1.0,say the word
clip_02751,train,dont forget a jacket,CREMA-D,1.0,dont forget a jacket
clip_09665,train,dont forget a jacket,CREMA-D,1.0,dont forget a jacket
clip_07321,train,the airplane is almost full,CREMA-D,1.0,the airplane is almost full
clip_01798,train,its 11 oclock,CREMA-D,1.0,its 11 oclock
clip_07274,train,im on my way to the meeting,CREMA-D,1.0,im on my way to the meeting
clip_07648,test,the airplane is almost full,CREMA-D,1.0,the airplane is almost full
clip_05337,train,its 11 oclock,CREMA-D,1.0,its 11 oclock
clip_07480,train,the surface is slick,CREMA-D,1.0,the surface is slick
clip_01042,train,i would like a new alarm clock,CREMA-D,1.0,i would like a new alarm clock
clip_01184,train,its a clock,CREMA-D,0.8333,its 11 oclock
clip_05339,train,dont forget a jacket,CREMA-D,1.0,dont forget a jacket
clip_01256,train,its 11 oclock,CREMA-D,1.0,its 11 oclock
clip_08520,train,the airplane is almost full,CREMA-D,1.0,the airplane is almost full
clip_02921,train,maybe tomorrow it will be cold,CREMA-D,1.0,maybe tomorrow it will be cold
clip_01456,train,i wonder what this is about,CREMA-D,1.0,i wonder what this is about
clip_01432,train,the surface is slick,CREMA-D,1.0,the surface is slick
clip_03433,train,maybe tomorrow it will be cold,CREMA-D,1.0,maybe tomorrow it will be cold
clip_02214,train,i think ive seen this before,CREMA-D,1.0,i think ive seen this before
clip_09630,test,i think i have a doctors appointment,CREMA-D,1.0,i think i have a doctors appointment
clip_07391,train,dont forget a jacket,CREMA-D,1.0,dont forget a jacket
clip_06239,train,well stop in a couple of minutes,CREMA-D,1.0,well stop in a couple of minutes
clip_10018,train,i think i have a doctors appointment,CREMA-D,1.0,i think i have a doctors appointment
clip_06330,train,the airplane is almost full,CREMA-D,1.0,the airplane is almost full
clip_03825,train,i wonder what this is about,CREMA-D,1.0,i wonder what this is about
clip_03385,train,the airplane is almost full,CREMA-D,1.0,the airplane is almost full
clip_04710,test,well start in a couple of minutes,CREMA-D,0.9231,well stop in a couple of minutes
clip_05384,train,im on my way to the meeting,CREMA-D,1.0,im on my way to the meeting
clip_05376,train,i think ive seen this before,CREMA-D,1.0,i think ive seen this before
clip_03719,train,well stop in a couple of minutes,CREMA-D,1.0,well stop in a couple of minutes
clip_08536,train,i would like to do a long clock,CREMA-D,0.7541,i would like a new alarm clock
clip_07355,train,well stop in a couple of minutes,CREMA-D,1.0,well stop in a couple of minutes
clip_07590,train,dont forget to jack it,CREMA-D,0.8571,dont forget a jacket
clip_00799,train,well stop in a couple of minutes,CREMA-D,1.0,well stop in a couple of minutes
clip_00817,train,im on my way to the meeting,CREMA-D,1.0,im on my way to the meeting
clip_00787,train,i wonder what this is about,CREMA-D,1.0,i wonder what this is about
clip_08950,test,dont forget a jacket,CREMA-D,1.0,dont forget a jacket
clip_08277,train,its 11 oclock,CREMA-D,1.0,its 11 oclock
clip_02558,train,its 11 oclock,CREMA-D,1.0,its 11 oclock
clip_01475,train,its 11 oclock,CREMA-D,1.0,its 11 oclock
clip_03978,train,say the word sub,TESS,1.0,say the word
clip_00942,test,dont forget a jacket,CREMA-D,1.0,dont forget a jacket
clip_06965,train,well stop in a couple of minutes,CREMA-D,1.0,well stop in a couple of minutes
clip_04127,test,im on their way to the meeting,CREMA-D,0.8772,im on my way to the meeting
clip_07172,train,its 11 oclock,CREMA-D,1.0,its 11 oclock
clip_06680,train,i wonder what this is about,CREMA-D,1.0,i wonder what this is about
clip_07810,train,i think ive seen this before,CREMA-D,1.0,i think ive seen this before
clip_02025,train,dont forget a jacket,CREMA-D,1.0,dont forget a jacket
clip_10699,train,dont forget a jacket,CREMA-D,1.0,dont forget a jacket
clip_02001,train,its 11 oclock,CREMA-D,1.0,its 11 oclock
clip_04540,train,im on my way to the meeting,CREMA-D,1.0,im on my way to the meeting
clip_05085,train,i wonder what this is about,CREMA-D,1.0,i wonder what this is about
clip_05078,train,i think ive seen this before,CREMA-D,1.0,i think ive seen this before
clip_07185,train,i would like a new alarm clock,CREMA-D,1.0,i would like a new alarm clock
clip_10801,train,its 11 oclock,CREMA-D,1.0,its 11 oclock
clip_05626,train,the airplane is almost full,CREMA-D,1.0,the airplane is almost full
clip_06080,train,i think ive seen this before,CREMA-D,1.0,i think ive seen this before
clip_06101,train,its 11 oclock,CREMA-D,1.0,its 11 oclock
clip_06988,train,maybe tomorrow it will be cold,CREMA-D,1.0,maybe tomorrow it will be cold
clip_03033,train,i would like a new alarm clock,CREMA-D,1.0,i would like a new alarm clock
clip_02975,train,the surface is slick,CREMA-D,1.0,the surface is slick
clip_05565,train,dont forget a jacket,CREMA-D,1.0,dont forget a jacket
clip_03777,train,i wonder what this is about,CREMA-D,1.0,i wonder what this is about
clip_00299,train,its 11 oclock,CREMA-D,1.0,its 11 oclock
clip_07242,train,dont forget a jacket,CREMA-D,1.0,dont forget a jacket
clip_07167,train,im on my way to the meeting,CREMA-D,1.0,im on my way to the meeting
clip_09118,train,say the word ring,TESS,1.0,say the word
clip_00679,train,say the word name,TESS,1.0,say the word
clip_05226,train,say the word rough,TESS,1.0,say the word
clip_02297,train,say the word chat,TESS,1.0,say the word
clip_06089,train,say the word base,TESS,1.0,say the word
clip_10256,train,say the word search,TESS,1.0,say the word
clip_09978,train,say the word gun,TESS,1.0,say the word
clip_07101,train,say the word talk,TESS,1.0,say the word
clip_09055,train,say the word third,TESS,1.0,say the word
clip_01307,train,say the word cause,TESS,1.0,say the word
clip_10631,train,say the word thin,TESS,1.0,say the word
clip_02229,train,say the word haze,TESS,1.0,say the word
clip_06637,train,say the word hall,TESS,1.0,say the word
clip_02587,train,say the word haze,TESS,1.0,say the word
clip_01089,train,say the word came,TESS,1.0,say the word
clip_05483,train,say the word sour,TESS,1.0,say the word
clip_03301,train,say the word death,TESS,1.0,say the word
clip_04229,train,say the word wife,TESS,1.0,say the word
clip_00795,train,say the word juice,TESS,1.0,say the word
clip_09596,train,say the word bath,TESS,1.0,say the word
clip_01914,train,say the word should,TESS,1.0,say the word
clip_08393,train,say the word phone,TESS,1.0,say the word
clip_10469,train,say the word fail,TESS,1.0,say the word
clip_04301,train,say the word pad,TESS,1.0,say the word
clip_08836,train,say the word ring,TESS,1.0,say the word
clip_06564,train,say the word ditch,TESS,1.0,say the word
clip_03735,train,say the word rose,TESS,1.0,say the word
clip_09312,train,say the word mood,TESS,1.0,say the word
clip_04703,train,its 11 oclock,CREMA-D,1.0,its 11 oclock
clip_06710,train,the airplane is almost full,CREMA-D,1.0,the airplane is almost full
clip_00302,train,im on my way to the meeting,CREMA-D,1.0,im on my way to the meeting
clip_00307,train,well stop in a couple of minutes,CREMA-D,1.0,well stop in a couple of minutes
clip_07762,train,its 11 oclock,CREMA-D,1.0,its 11 oclock
clip_02388,train,its 11 oclock,CREMA-D,1.0,its 11 oclock
clip_09402,train,its 11 oclock,CREMA-D,1.0,its 11 oclock
clip_04842,train,im on my way to the meeting,CREMA-D,1.0,im on my way to the meeting
clip_05048,train,its 11 oclock,CREMA-D,1.0,its 11 oclock
clip_04996,train,that is exactly what happened,CREMA-D,1.0,that is exactly what happened
clip_07844,train,well stop in a couple of minutes,CREMA-D,1.0,well stop in a couple of minutes
clip_08170,test,i wonder what this is about,CREMA-D,1.0,i wonder what this is about
clip_09365,train,its 11 oclock,CREMA-D,1.0,its 11 oclock
clip_08173,test,i wonder what this is about,CREMA-D,1.0,i wonder what this is about
clip_09368,train,that is exactly what happened,CREMA-D,1.0,that is exactly what happened
clip_09347,train,dont forget a jacket,CREMA-D,1.0,dont forget a jacket
clip_00486,train,i would like a little alarm clock,CREMA-D,0.8889,i would like a new alarm clock
clip_07905,train,its 11 oclock,CREMA-D,1.0,its 11 oclock
clip_04618,train,that is exactly what happened,CREMA-D,1.0,that is exactly what happened
clip_05081,train,that is exactly what happened,CREMA-D,1.0,that is exactly what happened
clip_00389,train,i think ive seen this before,CREMA-D,1.0,i think ive seen this before
clip_07954,train,i wonder what this is about,CREMA-D,1.0,i wonder what this is about
clip_04506,train,i think i have a doctors appointment,CREMA-D,1.0,i think i have a doctors appointment
clip_05105,train,i think i have a doctors appointment,CREMA-D,1.0,i think i have a doctors appointment
clip_06563,train,dont forget the jacket,CREMA-D,0.9048,dont forget a jacket
clip_00445,train,dont forget a jacket,CREMA-D,1.0,dont forget a jacket
clip_04880,train,its 11 oclock,CREMA-D,1.0,its 11 oclock
clip_00371,train,maybe tomorrow it will be cold,CREMA-D,1.0,maybe tomorrow it will be cold
clip_05755,test,i think ive seen this before,CREMA-D,1.0,i think ive seen this before
clip_00337,train,well stop in a couple of minutes,CREMA-D,1.0,well stop in a couple of minutes
clip_00162,train,im on my way to the meeting,CREMA-D,1.0,im on my way to the meeting
clip_05764,test,its 11 oclock,CREMA-D,1.0,its 11 oclock
clip_07479,test,ive been lacking room on a clock,UNKNOWN,0.4839,i would like a new alarm clock
clip_00672,train,dont forget the jacket,CREMA-D,0.9048,dont forget a jacket
clip_00157,train,i think i have a doctors appointment,CREMA-D,1.0,i think i have a doctors appointment
clip_10820,train,well stop in a couple of minutes,CREMA-D,1.0,well stop in a couple of minutes
clip_10838,train,i think ive seen this before,CREMA-D,1.0,i think ive seen this before
clip_00209,train,maybe tomorrow it will be cold,CREMA-D,1.0,maybe tomorrow it will be cold
clip_07718,train,dont forget a jacket,CREMA-D,1.0,dont forget a jacket
clip_05927,test,i think i have a doctors appointment,CREMA-D,1.0,i think i have a doctors appointment
clip_00183,test,dont forget a jacket,CREMA-D,1.0,dont forget a jacket
clip_00077,train,the airplane is almost full,CREMA-D,1.0,the airplane is almost full
clip_06624,train,the airplane is almost full,CREMA-D,1.0,the airplane is almost full
clip_06620,train,i look like a new alarm clock,CREMA-D,0.8814,i would like a new alarm clock
clip_05694,train,the airplane is almost full,CREMA-D,1.0,the airplane is almost full
clip_06608,train,the surface is slick,CREMA-D,1.0,the surface is slick
clip_05678,train,i think i have a doctors appointment,CREMA-D,1.0,i think i have a doctors appointment
clip_07300,train,the surface is slick,CREMA-D,1.0,the surface is slick
clip_03020,train,maybe tomorrow it will be cold,CREMA-D,1.0,maybe tomorrow it will be cold
clip_08877,train,its 11 oclock,CREMA-D,1.0,its 11 oclock
clip_00682,train,i wonder what this is about,CREMA-D,1.0,i wonder what this is about
clip_06455,train,11 oclock,CREMA-D,0.8182,its 11 oclock
clip_02108,train,its 11 oclock,CREMA-D,1.0,its 11 oclock
clip_09540,train,dont forget a jacket,CREMA-D,1.0,dont forget a jacket
clip_02080,train,i think ive seen this before,CREMA-D,1.0,i think ive seen this before
clip_06081,train,its 11 oclock,CREMA-D,1.0,its 11 oclock
clip_05614,train,its 11 oclock,CREMA-D,1.0,its 11 oclock
clip_05612,train,im on my way to the meeting,CREMA-D,1.0,im on my way to the meeting
clip_08853,train,the airplane is almost full,CREMA-D,1.0,the airplane is almost full
clip_08831,train,its 11 oclock,CREMA-D,1.0,its 11 oclock
clip_09866,test,im on my way to the meeting,CREMA-D,1.0,im on my way to the meeting
clip_00791,train,the airplane is almost full,CREMA-D,1.0,the airplane is almost full
clip_10397,train,i think ive seen this before,CREMA-D,1.0,i think ive seen this before
clip_09855,test,its 11 oclock,CREMA-D,1.0,its 11 oclock
clip_05177,train,i think ive seen this before,CREMA-D,1.0,i think ive seen this before
clip_06406,train,i would like a new alarm clock,CREMA-D,1.0,i would like a new alarm clock
clip_09134,train,its 11 oclock,CREMA-D,1.0,its 11 oclock
clip_09897,train,i would like a new alarm clock,CREMA-D,1.0,i would like a new alarm clock
clip_03315,train,i think ive seen this before,CREMA-D,1.0,i think ive seen this before
clip_07347,train,well stop in a couple of minutes,CREMA-D,1.0,well stop in a couple of minutes
clip_01708,train,i think i have a doctors appointment,CREMA-D,1.0,i think i have a doctors appointment
clip_09764,train,i would like to do a long clock,CREMA-D,0.7541,i would like a new alarm clock
clip_06462,test,its 11 oclock,CREMA-D,1.0,its 11 oclock
clip_08197,train,im on my way to the meeting,CREMA-D,1.0,im on my way to the meeting
clip_00826,train,the airplane is almost full,CREMA-D,1.0,the airplane is almost full
clip_04183,train,maybe tomorrow it will be cold,CREMA-D,1.0,maybe tomorrow it will be cold
clip_01597,train,the surface is slick,CREMA-D,1.0,the surface is slick
clip_09854,train,im on my way to the meeting,CREMA-D,1.0,im on my way to the meeting
clip_03234,train,i would like a new alarm clock,CREMA-D,1.0,i would like a new alarm clock
clip_05477,train,i wonder what this is about,CREMA-D,1.0,i wonder what this is about
clip_06376,train,maybe tomorrow it will be cold,CREMA-D,1.0,maybe tomorrow it will be cold
clip_05277,train,well stop in a couple of minutes,CREMA-D,1.0,well stop in a couple of minutes
clip_07335,test,its 11 oclock,CREMA-D,1.0,its 11 oclock
clip_04308,train,maybe tomorrow it will be cold,CREMA-D,1.0,maybe tomorrow it will be cold
clip_08108,train,its 11 oclock,CREMA-D,1.0,its 11 oclock
clip_05234,train,its 11 oclock,CREMA-D,1.0,its 11 oclock
clip_07598,train,well stop in a couple of minutes,CREMA-D,1.0,well stop in a couple of minutes
clip_06372,train,i think ive seen this before,CREMA-D,1.0,i think ive seen this before
clip_06636,test,i would like a new alarm clock,CREMA-D,1.0,i would like a new alarm clock
clip_03302,train,11 oclock,CREMA-D,0.8182,its 11 oclock
clip_03906,train,its 11 oclock,CREMA-D,1.0,its 11 oclock
clip_02620,test,maybe tomorrow it will be cold,CREMA-D,1.0,maybe tomorrow it will be cold
clip_03246,train,the airplane is almost full,CREMA-D,1.0,the airplane is almost full
clip_08771,train,i wonder what this is about,CREMA-D,1.0,i wonder what this is about
clip_05472,train,i was liking to a long clock,UNKNOWN,0.5862,i would like a new alarm clock
clip_05516,train,the airplane is almost full,CREMA-D,1.0,the airplane is almost full
clip_05879,train,the airplane is almost full,CREMA-D,1.0,the airplane is almost full
clip_05877,train,i would like a new alarm clock,CREMA-D,1.0,i would like a new alarm clock
clip_09451,train,dont forget to jack it,CREMA-D,0.8571,dont forget a jacket
clip_02536,train,its 11 oclock,CREMA-D,1.0,its 11 oclock
clip_02552,train,that is exactly what happened,CREMA-D,1.0,that is exactly what happened
clip_06442,train,maybe tomorrow it will be cold,CREMA-D,1.0,maybe tomorrow it will be cold
clip_04175,test,its 11 oclock,CREMA-D,1.0,its 11 oclock
clip_06427,train,i would like a new alarm clock,CREMA-D,1.0,i would like a new alarm clock
clip_00762,train,well stop in a couple of minutes,CREMA-D,1.0,well stop in a couple of minutes
clip_00712,train,its 11 oclock,CREMA-D,1.0,its 11 oclock
clip_04030,train,i think i have a doctors appointment,CREMA-D,1.0,i think i have a doctors appointment
clip_01418,train,its 11 oclock,CREMA-D,1.0,its 11 oclock
clip_00714,train,maybe tomorrow it will be cold,CREMA-D,1.0,maybe tomorrow it will be cold
clip_00717,train,i think i have a doctors appointment,CREMA-D,1.0,i think i have a doctors appointment
clip_02709,train,its 11 oclock,CREMA-D,1.0,its 11 oclock
clip_02738,train,that is exactly what happened,CREMA-D,1.0,that is exactly what happened
clip_00534,train,dont forget a jacket,CREMA-D,1.0,dont forget a jacket
clip_09445,train,i would like a new alarm clock,CREMA-D,1.0,i would like a new alarm clock
clip_02476,train,well stop in a couple of minutes,CREMA-D,1.0,well stop in a couple of minutes
clip_02431,train,i think ive seen this before,CREMA-D,1.0,i think ive seen this before
clip_09297,train,the surface is slick,CREMA-D,1.0,the surface is slick
clip_10156,train,the surface is slick,CREMA-D,1.0,the surface is slick
clip_10132,train,im on my way to the meeting,CREMA-D,1.0,im on my way to the meeting
clip_00949,train,the airplane is almost full,CREMA-D,1.0,the airplane is almost full
clip_04512,test,its 11 oclock,CREMA-D,1.0,its 11 oclock
clip_03727,train,its a little bit of a clock,UNKNOWN,0.55,its 11 oclock
clip_01872,test,im on my way to the meeting,CREMA-D,1.0,im on my way to the meeting
clip_05792,train,i think ive seen this before,CREMA-D,1.0,i think ive seen this before
clip_04449,train,dont forget to jack it,CREMA-D,0.8571,dont forget a jacket
clip_04444,train,dont forget it jagged,CREMA-D,0.7805,dont forget a jacket
clip_04454,train,maybe tomorrow it will be cold,CREMA-D,1.0,maybe tomorrow it will be cold
clip_00523,train,its 11 oclock,CREMA-D,1.0,its 11 oclock
clip_00046,train,i think ive seen this before,CREMA-D,1.0,i think ive seen this before
clip_06275,train,well stop at a couple of minutes,CREMA-D,0.9375,well stop in a couple of minutes
clip_03622,train,i wonder what this is about,CREMA-D,1.0,i wonder what this is about
clip_03610,train,the surface is slick,CREMA-D,1.0,the surface is slick
clip_03571,train,the airplane is almost full,CREMA-D,1.0,the airplane is almost full
clip_02647,train,i think ive seen this before,CREMA-D,1.0,i think ive seen this before
clip_09200,train,well stop in a couple of minutes,CREMA-D,1.0,well stop in a couple of minutes
clip_07892,test,i think i have a doctors appointment,CREMA-D,1.0,i think i have a doctors appointment
clip_00626,train,im on my way to the meeting,CREMA-D,1.0,im on my way to the meeting
clip_07911,test,im on my way to the meeting,CREMA-D,1.0,im on my way to the meeting
clip_01824,test,its 11 oclock,CREMA-D,1.0,its 11 oclock
clip_01081,train,its 11 oclock,CREMA-D,1.0,its 11 oclock
clip_06259,train,i think i have a doctors appointment,CREMA-D,1.0,i think i have a doctors appointment
clip_00927,train,its 11 oclock,CREMA-D,1.0,its 11 oclock
clip_01447,train,i think i have a doctors appointment,CREMA-D,1.0,i think i have a doctors appointment
clip_10279,train,i think i have a doctors appointment,CREMA-D,1.0,i think i have a doctors appointment
clip_09434,train,its 11 oclock,CREMA-D,1.0,its 11 oclock
clip_09684,test,i wonder what this is about,CREMA-D,1.0,i wonder what this is about
clip_05158,test,its 11 oclock,CREMA-D,1.0,its 11 oclock
clip_01378,train,maybe tomorrow it will be cold,CREMA-D,1.0,maybe tomorrow it will be cold
clip_01352,train,the surface is slick,CREMA-D,1.0,the surface is slick
clip_05400,train,dont forget a jacket,CREMA-D,1.0,dont forget a jacket
clip_01244,train,well stop in a couple of minutes,CREMA-D,1.0,well stop in a couple of minutes
clip_05753,train,i think ive seen this before,CREMA-D,1.0,i think ive seen this before
clip_06914,test,well stop in a couple of minutes,CREMA-D,1.0,well stop in a couple of minutes
clip_08454,test,i wonder what this is about,CREMA-D,1.0,i wonder what this is about
clip_05910,train,its 11 oclock,CREMA-D,1.0,its 11 oclock
clip_03539,train,i think ive seen this before,CREMA-D,1.0,i think ive seen this before
clip_05414,train,im on my way to the meeting,CREMA-D,1.0,im on my way to the meeting
clip_06791,test,the surface is slick,CREMA-D,1.0,the surface is slick
clip_01225,train,maybe tomorrow will be cold,CREMA-D,0.9474,maybe tomorrow it will be cold
clip_01209,train,its 11 oclock,CREMA-D,1.0,its 11 oclock
clip_01974,train,im on my way to the meeting,CREMA-D,1.0,im on my way to the meeting
clip_07679,test,its 11 oclock,CREMA-D,1.0,its 11 oclock
clip_09714,train,im on my way into the meeting,CREMA-D,0.9643,im on my way to the meeting
clip_01822,train,im on our way to the meeting,CREMA-D,0.9091,im on my way to the meeting
clip_03982,test,its still in a clock,UNKNOWN,0.6061,its 11 oclock
clip_03939,test,i think i have a doctor as a flightman,CREMA-D,0.8108,i think i have a doctors appointment
clip_01488,test,well stop in a couple of minutes,CREMA-D,1.0,well stop in a couple of minutes
clip_10748,test,i wonder what this is about,CREMA-D,1.0,i wonder what this is about
clip_07046,train,well stop in a couple of minutes,CREMA-D,1.0,well stop in a couple of minutes
clip_09084,train,im on my way to the meeting,CREMA-D,1.0,im on my way to the meeting
clip_01910,train,im on my way to the meeting,CREMA-D,1.0,im on my way to the meeting
clip_07258,train,its 11 oclock,CREMA-D,1.0,its 11 oclock
clip_10545,train,and im on my way to the meeting,CREMA-D,0.931,im on my way to the meeting
clip_00413,train,maybe tomorrow it will be cold,CREMA-D,1.0,maybe tomorrow it will be cold
clip_01890,train,the surface is slick,CREMA-D,1.0,the surface is slick
clip_01887,train,dont forget a jacket,CREMA-D,1.0,dont forget a jacket
clip_07778,test,the airplane is almost full,CREMA-D,1.0,the airplane is almost full
clip_04846,train,its 11 oclock,CREMA-D,1.0,its 11 oclock
clip_03134,test,i wonder what this is about,CREMA-D,1.0,i wonder what this is about
clip_00211,train,well stop in a couple of minutes,CREMA-D,1.0,well stop in a couple of minutes
clip_05787,test,im on my way to the meeting,CREMA-D,1.0,im on my way to the meeting
clip_02787,train,its 11 oclock,CREMA-D,1.0,its 11 oclock
clip_04441,train,say the words such,TESS,1.0,say the word
clip_09584,train,say the word purl,TESS,1.0,say the word
clip_06867,train,say the word learn,TESS,1.0,say the word
clip_07001,train,say the word third,TESS,1.0,say the word
clip_00597,train,say the word tell,TESS,1.0,say the word
clip_10451,train,say the word rot,TESS,1.0,say the word
clip_03007,train,say the word shall,TESS,1.0,say the word
clip_06121,train,say the word lease,TESS,1.0,say the word
clip_02772,train,say the word pass,TESS,1.0,say the word
clip_09005,train,say the word rag,TESS,1.0,say the word
clip_07787,train,say the word book,TESS,1.0,say the word
clip_07714,train,say the word calm,TESS,1.0,say the word
clip_09154,train,say the word lean,TESS,1.0,say the word
clip_09579,train,say the word south,TESS,1.0,say the word
clip_00832,train,say the word rush,TESS,1.0,say the word
clip_05951,train,say the word match,TESS,1.0,say the word
clip_05939,train,say the word nag,TESS,1.0,say the word
clip_00221,train,say the word search,TESS,1.0,say the word
clip_09326,train,say the word rain,TESS,1.0,say the word
clip_02270,train,say the word mop,TESS,1.0,say the word
clip_01932,train,say the word pain,TESS,1.0,say the word
clip_01323,train,say the word note,TESS,1.0,say the word
clip_10216,train,say the word bath,TESS,1.0,say the word
clip_10074,train,say the word get,TESS,1.0,say the word
clip_08909,train,say the word food,TESS,1.0,say the word
clip_09749,train,say the word room,TESS,1.0,say the word
clip_02858,train,say the word gaze,TESS,1.0,say the word
clip_05580,train,say the word guess,TESS,1.0,say the word
clip_05145,train,say the word rain,TESS,1.0,say the word
clip_08263,train,say the word boat,TESS,1.0,say the word
clip_01671,train,say the word kill,TESS,1.0,say the word
clip_02754,train,say the word nice,TESS,1.0,say the word
clip_06231,train,say the word lid,TESS,1.0,say the word
clip_00230,train,say the word rag,TESS,1.0,say the word
clip_07781,train,say the word voice,TESS,1.0,say the word
clip_05298,train,say the word tape,TESS,1.0,say the word
clip_03592,train,say the word dull,TESS,1.0,say the word
clip_05728,train,say the word shirt,TESS,1.0,say the word
clip_04291,train,say the word please,TESS,1.0,say the word
clip_02966,train,say the word luck,TESS,1.0,say the word
clip_02844,train,say the word dead,TESS,1.0,say the word
clip_00716,train,say the word weak,TESS,1.0,say the word
clip_09182,train,say the word tip,TESS,1.0,say the word
clip_06383,train,say the word turn,TESS,1.0,say the word
clip_01587,train,say the word chair,TESS,1.0,say the word
clip_00882,train,say the word young,TESS,1.0,say the word
clip_08139,train,say the word raise,TESS,1.0,say the word
clip_07401,train,say the word tape,TESS,1.0,say the word
clip_03210,train,say the word jug,TESS,1.0,say the word
clip_03820,train,say the word cab,TESS,1.0,say the word
clip_06822,train,say the word young,TESS,1.0,say the word
clip_05453,train,say the word nag,TESS,1.0,say the word
clip_10092,train,say the word walk,TESS,1.0,say the word
clip_02432,train,say the word vote,TESS,1.0,say the word
clip_03013,train,say the word moon,TESS,1.0,say the word
clip_01197,train,say the word cool,TESS,1.0,say the word
clip_02236,train,say the word tell,TESS,1.0,say the word
clip_08111,train,say the word get,TESS,1.0,say the word
clip_01524,train,say the word merge,TESS,1.0,say the word
clip_05157,train,the airplane is almost full,CREMA-D,1.0,the airplane is almost full
clip_08902,train,i think ive seen this before,CREMA-D,1.0,i think ive seen this before
clip_08903,train,its 11 oclock,CREMA-D,1.0,its 11 oclock
clip_06098,train,i wonder what this is about,CREMA-D,1.0,i wonder what this is about
clip_06105,train,i think ive seen this before,CREMA-D,1.0,i think ive seen this before
clip_03022,train,im on my way to the meeting,CREMA-D,1.0,im on my way to the meeting
clip_09106,train,think of seeing this before,CREMA-D,0.8364,i think ive seen this before
clip_09115,train,its 11 oclock,CREMA-D,1.0,its 11 oclock
clip_02693,train,the surface is slick,CREMA-D,1.0,the surface is slick
clip_10433,train,i think i have a doctors appointment,CREMA-D,1.0,i think i have a doctors appointment
clip_00743,train,its 11 oclock,CREMA-D,1.0,its 11 oclock
clip_05588,train,i think ive seen this before,CREMA-D,1.0,i think ive seen this before
clip_05576,train,i think i have a doctors appointment,CREMA-D,1.0,i think i have a doctors appointment
clip_03088,train,i wonder what this is about,CREMA-D,1.0,i wonder what this is about
clip_08079,train,dont forget it jack here,CREMA-D,0.8182,dont forget a jacket
clip_05165,train,i think i have a doctors appointment,CREMA-D,1.0,i think i have a doctors appointment
clip_07491,test,well stop in a couple of minutes,CREMA-D,1.0,well stop in a couple of minutes
clip_02531,train,its 11 oclock,CREMA-D,1.0,its 11 oclock
clip_09282,train,i would like a new alarm clock,CREMA-D,1.0,i would like a new alarm clock
clip_09150,train,the surface is slick,CREMA-D,1.0,the surface is slick
clip_04287,train,that is exactly what happened,CREMA-D,1.0,that is exactly what happened
clip_06345,test,maybe tomorrow it will be cold,CREMA-D,1.0,maybe tomorrow it will be cold
clip_01578,train,maybe tomorrow it will be cold,CREMA-D,1.0,maybe tomorrow it will be cold
clip_01543,train,its 11 oclock,CREMA-D,1.0,its 11 oclock
clip_04179,train,i wonder what this is about,CREMA-D,1.0,i wonder what this is about
clip_08230,train,the surface is slick,CREMA-D,1.0,the surface is slick
clip_04220,train,dont forget to check it,CREMA-D,0.7442,dont forget a jacket
clip_02433,train,maybe the mom will be cold,CREMA-D,0.7857,maybe tomorrow it will be cold
clip_07120,train,im on my way to the meeting,CREMA-D,1.0,im on my way to the meeting
clip_05760,train,well stop in a couple of minutes,CREMA-D,1.0,well stop in a couple of minutes
clip_07221,train,its 11 oclock,CREMA-D,1.0,its 11 oclock
clip_08136,train,i think i have a doctors appointment,CREMA-D,1.0,i think i have a doctors appointment
clip_05262,train,i think i have an act as appointment,CREMA-D,0.8889,i think i have a doctors appointment
clip_00768,test,maybe tomorrow it will be cold,CREMA-D,1.0,maybe tomorrow it will be cold
clip_00831,test,i think ive seen this before,CREMA-D,1.0,i think ive seen this before
clip_04032,test,the airplane is almost full,CREMA-D,1.0,the airplane is almost full
clip_02733,train,the surface is slick,CREMA-D,1.0,the surface is slick
clip_07075,train,its 11 oclock,CREMA-D,1.0,its 11 oclock
clip_08175,train,its 11 oclock,CREMA-D,1.0,its 11 oclock
clip_08148,train,i think ive seen this before,CREMA-D,1.0,i think ive seen this before
clip_02184,train,im on my way to the meeting,CREMA-D,1.0,im on my way to the meeting
clip_05201,train,the airplane is almost full,CREMA-D,1.0,the airplane is almost full
clip_08868,train,dont forget a jacket,CREMA-D,1.0,dont forget a jacket
clip_08871,train,i wonder what this is about,CREMA-D,1.0,i wonder what this is about
clip_08855,train,its 11 oclock,CREMA-D,1.0,its 11 oclock
clip_08859,train,the airplane is almost full,CREMA-D,1.0,the airplane is almost full
clip_06250,test,maybe tomorrow it will be cold,CREMA-D,1.0,maybe tomorrow it will be cold
clip_02246,train,i think ive seen this before,CREMA-D,1.0,i think ive seen this before
clip_00700,train,i think ive seen this before,CREMA-D,1.0,i think ive seen this before
clip_04001,train,dont forget a jacket,CREMA-D,1.0,dont forget a jacket
clip_03948,train,the airplane is almost full,CREMA-D,1.0,the airplane is almost full
clip_06433,train,11 oclock,CREMA-D,0.8182,its 11 oclock
clip_06803,train,the surface is slick,CREMA-D,1.0,the surface is slick
clip_02058,train,i wonder what this is about,CREMA-D,1.0,i wonder what this is about
clip_09615,train,i think ive seen this before,CREMA-D,1.0,i think ive seen this before
clip_09890,test,i think i have a doctors appointment,CREMA-D,1.0,i think i have a doctors appointment
clip_06420,train,i think ive seen this before,CREMA-D,1.0,i think ive seen this before
clip_10326,train,its 11 oclock,CREMA-D,1.0,its 11 oclock
clip_10401,train,i would like to new alarm clock,CREMA-D,0.9508,i would like a new alarm clock
clip_07348,train,that is exactly what happened,CREMA-D,1.0,that is exactly what happened
clip_08315,train,the surface is slick,CREMA-D,1.0,the surface is slick
clip_08322,train,the airplane is almost full,CREMA-D,1.0,the airplane is almost full
clip_02182,train,well stop in a couple of minutes,CREMA-D,1.0,well stop in a couple of minutes
clip_06292,train,its 11 oclock,CREMA-D,1.0,its 11 oclock
clip_07165,train,maybe tomorrow it will be cold,CREMA-D,1.0,maybe tomorrow it will be cold
clip_02417,train,dont forget a jacket,CREMA-D,1.0,dont forget a jacket
clip_00330,train,im on my way to the meeting,CREMA-D,1.0,im on my way to the meeting
clip_10735,train,well stop in a couple of minutes,CREMA-D,1.0,well stop in a couple of minutes
clip_07799,train,its 11 oclock,CREMA-D,1.0,its 11 oclock
clip_04647,train,i think i have a doctors appointment,CREMA-D,1.0,i think i have a doctors appointment
clip_07950,train,dont forget to check it,CREMA-D,0.7442,dont forget a jacket
clip_10855,train,well stop in a couple of minutes,CREMA-D,1.0,well stop in a couple of minutes
clip_07824,train,its about a clock,CREMA-D,0.6667,its 11 oclock
clip_07790,train,i would like to do a lot of clock,CREMA-D,0.7302,i would like a new alarm clock
clip_02401,train,maybe tomorrow it will be cold,CREMA-D,1.0,maybe tomorrow it will be cold
clip_02359,train,its 11 oclock,CREMA-D,1.0,its 11 oclock
clip_02329,train,i would like a new alarm clock,CREMA-D,1.0,i would like a new alarm clock
clip_01426,test,i would like a new alarm clock,CREMA-D,1.0,i would like a new alarm clock
clip_06170,train,im on my way to the meeting,CREMA-D,1.0,im on my way to the meeting
clip_02165,train,dont forget a jacket,CREMA-D,1.0,dont forget a jacket
clip_10073,train,i think ive seen this before,CREMA-D,1.0,i think ive seen this before
clip_08236,test,its 11 oclock,CREMA-D,1.0,its 11 oclock
clip_05056,train,i think ive seen this before,CREMA-D,1.0,i think ive seen this before
clip_04363,test,hey its 11 oclock,CREMA-D,0.8667,its 11 oclock
clip_05827,train,the airplane is almost full,CREMA-D,1.0,the airplane is almost full
clip_00147,train,the airplane is almost full,CREMA-D,1.0,the airplane is almost full
clip_03258,test,i wonder what this is about,CREMA-D,1.0,i wonder what this is about
clip_06641,train,i think i have a doctors appointment,CREMA-D,1.0,i think i have a doctors appointment
clip_10784,train,i think ive seen this before,CREMA-D,1.0,i think ive seen this before
clip_10349,test,im on my way to the meeting,CREMA-D,1.0,im on my way to the meeting
clip_03204,test,the surface is slick,CREMA-D,1.0,the surface is slick
clip_06479,train,dont forget to jack it,CREMA-D,0.8571,dont forget a jacket
clip_05700,test,and what are what this is about,CREMA-D,0.7586,i wonder what this is about
clip_02877,train,its 11 oclock,CREMA-D,1.0,its 11 oclock
clip_08049,test,the service is slick,CREMA-D,0.85,the surface is slick
clip_01953,test,i wonder what this is about,CREMA-D,1.0,i wonder what this is about
clip_10220,train,its 11 oclock,CREMA-D,1.0,its 11 oclock
clip_09446,train,maybe tomorrow it will be cold,CREMA-D,1.0,maybe tomorrow it will be cold
clip_05861,train,the airplane is almost full,CREMA-D,1.0,the airplane is almost full
clip_08013,train,the airplane is almost full,CREMA-D,1.0,the airplane is almost full
clip_00603,train,maybe tomorrow will be cold,CREMA-D,0.9474,maybe tomorrow it will be cold
clip_07602,train,im on my way to the meeting,CREMA-D,1.0,im on my way to the meeting
clip_09269,train,i would like a new alarm clock,CREMA-D,1.0,i would like a new alarm clock
clip_02497,train,the surface is slick,CREMA-D,1.0,the surface is slick
clip_02981,test,the airplane is almost full,CREMA-D,1.0,the airplane is almost full
clip_10668,train,the airplane is almost full,CREMA-D,1.0,the airplane is almost full
clip_04367,test,i would like a new alarm clock,CREMA-D,1.0,i would like a new alarm clock
clip_09941,test,its a woman oclock,CREMA-D,0.7097,its 11 oclock
clip_10535,train,the airplane is almost full,CREMA-D,1.0,the airplane is almost full
clip_08156,train,dont forget to check it,CREMA-D,0.7442,dont forget a jacket
clip_02879,train,i would like a new alarm clock,CREMA-D,1.0,i would like a new alarm clock
clip_05586,train,its 11 oclock,CREMA-D,1.0,its 11 oclock
clip_02866,train,i wonder what this is about,CREMA-D,1.0,i wonder what this is about
clip_05656,train,maybe tomorrow it will be cold,CREMA-D,1.0,maybe tomorrow it will be cold
clip_06058,train,dont forget to jack it,CREMA-D,0.8571,dont forget a jacket
clip_02949,train,its 11 oclock,CREMA-D,1.0,its 11 oclock
clip_02929,train,well stop in a couple of minutes,CREMA-D,1.0,well stop in a couple of minutes
clip_09716,train,im on my way to the meeting,CREMA-D,1.0,im on my way to the meeting
clip_04674,train,i think ive seen this before,CREMA-D,1.0,i think ive seen this before
clip_05049,train,i would like a new alarm clock,CREMA-D,1.0,i would like a new alarm clock
clip_05241,test,im on my way to the meeting,CREMA-D,1.0,im on my way to the meeting
clip_05331,test,i dont know what this is about,CREMA-D,0.807,i wonder what this is about
clip_06202,train,i wonder what this is about,CREMA-D,1.0,i wonder what this is about
clip_06217,train,its 11 oclock,CREMA-D,1.0,its 11 oclock
clip_00030,train,its 11 oclock,CREMA-D,1.0,its 11 oclock
clip_05091,train,i think i have a doctors appointment,CREMA-D,1.0,i think i have a doctors appointment
clip_01675,test,i think ive seen this before,CREMA-D,1.0,i think ive seen this before
clip_09087,train,maybe tomorrow it will be cold,CREMA-D,1.0,maybe tomorrow it will be cold
clip_09073,train,im on my way to the meeting,CREMA-D,1.0,im on my way to the meeting
clip_02807,train,its 11 oclock,CREMA-D,1.0,its 11 oclock
clip_09067,train,i think ive seen this before,CREMA-D,1.0,i think ive seen this before
clip_08679,test,its 11 oclock,CREMA-D,1.0,its 11 oclock
clip_09718,train,that is exactly what happened,CREMA-D,1.0,that is exactly what happened
clip_01775,train,its 11 oclock,CREMA-D,1.0,its 11 oclock
clip_03946,test,i wonder what this is about,CREMA-D,1.0,i wonder what this is about
clip_02822,train,im on my way to the meeting,CREMA-D,1.0,im on my way to the meeting
clip_07774,test,dont forget the jacket,CREMA-D,0.9048,dont forget a jacket
clip_09664,train,i think i have a doctors appointment,CREMA-D,1.0,i think i have a doctors appointment
clip_08604,test,the surface is slick,CREMA-D,1.0,the surface is slick
clip_00081,train,well stop at a couple of minutes,CREMA-D,0.9375,well stop in a couple of minutes
clip_00070,train,that is exactly what happened,CREMA-D,1.0,that is exactly what happened
clip_06582,train,im on my way to the meeting,CREMA-D,1.0,im on my way to the meeting
clip_00485,train,its 11 oclock,CREMA-D,1.0,its 11 oclock
clip_00481,train,the surface is slick,CREMA-D,1.0,the surface is slick
clip_00425,train,the airplane is almost full,CREMA-D,1.0,the airplane is almost full
clip_04555,train,i think i have a doctors appointment,CREMA-D,1.0,i think i have a doctors appointment
clip_07989,train,dont forget to check it,CREMA-D,0.7442,dont forget a jacket
clip_01484,train,the surface is slick,CREMA-D,1.0,the surface is slick
clip_09914,train,im on my way to the meeting,CREMA-D,1.0,im on my way to the meeting
clip_01399,train,i wonder what this is about,CREMA-D,1.0,i wonder what this is about
clip_09273,test,i think ive seen this before,CREMA-D,1.0,i think ive seen this before
clip_04034,train,the airplane is almost full,CREMA-D,1.0,the airplane is almost full
clip_08765,train,well stop in a couple of minutes,CREMA-D,1.0,well stop in a couple of minutes
clip_10172,train,the airplane is almost full,CREMA-D,1.0,the airplane is almost full
clip_09484,test,its 11 oclock,CREMA-D,1.0,its 11 oclock
clip_06631,train,its 11 oclock,CREMA-D,1.0,its 11 oclock
clip_04965,train,i wonder what this is about,CREMA-D,1.0,i wonder what this is about
clip_04934,train,well stop in a couple of minutes,CREMA-D,1.0,well stop in a couple of minutes
clip_04918,train,the airplane is almost full,CREMA-D,1.0,the airplane is almost full
clip_07901,train,i would like a new alarm clock,CREMA-D,1.0,i would like a new alarm clock
clip_07909,train,the surface is slick,CREMA-D,1.0,the surface is slick
clip_01185,train,i would like a new alarm clock,CREMA-D,1.0,i would like a new alarm clock
clip_08377,test,i think ive seen this before,CREMA-D,1.0,i think ive seen this before
clip_06927,test,i think i have a doctors appointment,CREMA-D,1.0,i think i have a doctors appointment
clip_05411,train,that is exactly what happened,CREMA-D,1.0,that is exactly what happened
clip_01282,train,its 11 oclock,CREMA-D,1.0,its 11 oclock
clip_05343,train,the surface is slick,CREMA-D,1.0,the surface is slick
clip_06541,train,dont forget a jacket,CREMA-D,1.0,dont forget a jacket
clip_01960,test,i think i have a doctors appointment,CREMA-D,1.0,i think i have a doctors appointment
clip_03027,test,its 11 oclock,CREMA-D,1.0,its 11 oclock
clip_03710,train,i would like a new alarm clock,CREMA-D,1.0,i would like a new alarm clock
clip_06850,test,its 11 oclock,CREMA-D,1.0,its 11 oclock
clip_08589,train,i think i have a doctors appointment,CREMA-D,1.0,i think i have a doctors appointment
clip_03528,train,dont forget a jacket,CREMA-D,1.0,dont forget a jacket
clip_01027,train,maybe tomorrow will be cold,CREMA-D,0.9474,maybe tomorrow it will be cold
clip_05363,train,i would like a new alarm clock,CREMA-D,1.0,i would like a new alarm clock
clip_01167,train,well stop in a couple of minutes,CREMA-D,1.0,well stop in a couple of minutes
clip_04530,test,i wonder what this is about,CREMA-D,1.0,i wonder what this is about
clip_06277,train,the airplane is almost full,CREMA-D,1.0,the airplane is almost full
clip_03620,train,dont forget a jacket,CREMA-D,1.0,dont forget a jacket
clip_01959,test,its 11 oclock,CREMA-D,1.0,its 11 oclock
clip_01048,train,well stop in a couple of minutes,CREMA-D,1.0,well stop in a couple of minutes
clip_02744,train,maybe tomorrow it will be cold,CREMA-D,1.0,maybe tomorrow it will be cold
clip_03708,test,dont forget a jacket,CREMA-D,1.0,dont forget a jacket
clip_05529,train,i think ive seen this before,CREMA-D,1.0,i think ive seen this before
clip_03493,train,its 11 oclock,CREMA-D,1.0,its 11 oclock
clip_08659,train,i think i have a doctors appointment,CREMA-D,1.0,i think i have a doctors appointment
clip_08647,train,i think ive seen this before,CREMA-D,1.0,i think ive seen this before
clip_09960,train,its 11 oclock,CREMA-D,1.0,its 11 oclock
clip_10033,train,its 11 oclock,CREMA-D,1.0,its 11 oclock
clip_09794,train,well stop in a couple of minutes,CREMA-D,1.0,well stop in a couple of minutes
clip_09770,train,dont forget to jack it,CREMA-D,0.8571,dont forget a jacket
clip_05535,train,i wonder what this is about,CREMA-D,1.0,i wonder what this is about
clip_05544,train,dont forget a jacket,CREMA-D,1.0,dont forget a jacket
clip_05548,train,im on our way to the meeting,CREMA-D,0.9091,im on my way to the meeting
clip_07582,train,the surface is slick,CREMA-D,1.0,the surface is slick
clip_05524,train,the surface is slick,CREMA-D,1.0,the surface is slick
clip_08432,train,its 11 oclock,CREMA-D,1.0,its 11 oclock
clip_09131,test,its 11 oclock,CREMA-D,1.0,its 11 oclock
clip_09132,test,dont forget a jacket,CREMA-D,1.0,dont forget a jacket
clip_07331,test,i think ive seen this before,CREMA-D,1.0,i think ive seen this before
clip_01635,train,i think ive seen this before,CREMA-D,1.0,i think ive seen this before
clip_04035,test,its 11 oclock,CREMA-D,1.0,its 11 oclock
clip_08818,train,i would like a new alarm clock,CREMA-D,1.0,i would like a new alarm clock
clip_03888,train,well stop in a couple of minutes,CREMA-D,1.0,well stop in a couple of minutes
clip_06589,test,i think ive seen this before,CREMA-D,1.0,i think ive seen this before
clip_06612,test,its 11 oclock,CREMA-D,1.0,its 11 oclock
clip_05322,train,the surface is slick,CREMA-D,1.0,the surface is slick
clip_09904,train,the airplane is almost full,CREMA-D,1.0,the airplane is almost full
clip_09868,train,i think i have a doctors appointment,CREMA-D,1.0,i think i have a doctors appointment
clip_10235,train,its 11 oclock,CREMA-D,1.0,its 11 oclock
clip_08458,train,i wonder what this is about,CREMA-D,1.0,i wonder what this is about
clip_06332,train,well stop in a couple of minutes,CREMA-D,1.0,well stop in a couple of minutes
clip_06865,train,i think i have a doctors appointment,CREMA-D,1.0,i think i have a doctors appointment
clip_03527,test,its 11 oclock,CREMA-D,1.0,its 11 oclock
clip_06837,train,the airplane is almost full,CREMA-D,1.0,the airplane is almost full
clip_01505,train,the surface is slick,CREMA-D,1.0,the surface is slick
clip_01480,train,i would like to do a line clock,CREMA-D,0.7541,i would like a new alarm clock
clip_10017,train,its 11 oclock,CREMA-D,1.0,its 11 oclock
clip_09997,train,its 11 oclock,CREMA-D,1.0,its 11 oclock
clip_07520,train,i think ive seen this before,CREMA-D,1.0,i think ive seen this before
clip_03441,train,the surface is slick,CREMA-D,1.0,the surface is slick
clip_01454,train,dont forget a jacket,CREMA-D,1.0,dont forget a jacket
clip_04764,train,say the word fit,TESS,1.0,say the word
clip_03923,train,say the word fat,TESS,1.0,say the word
clip_01980,train,say the word chalk,TESS,1.0,say the word
clip_09994,train,say the word goose,TESS,1.0,say the word
clip_05103,train,say the word pull,TESS,1.0,say the word
clip_04048,train,say the word sure,TESS,1.0,say the word
clip_01609,train,say the word wag,TESS,1.0,say the word
clip_05290,train,say the word mom,TESS,1.0,say the word
clip_07345,train,say the word whip,TESS,1.0,say the word
clip_08862,train,say the word sheep,TESS,1.0,say the word
clip_07211,train,say the word judge,TESS,1.0,say the word
clip_06488,train,say the word page,TESS,1.0,say the word
clip_08739,train,say the word fat,TESS,1.0,say the word
clip_08306,train,say the word room,TESS,1.0,say the word
clip_04343,train,say the word dog,TESS,1.0,say the word
clip_05433,train,say the word when,TESS,1.0,say the word
clip_01374,train,say the word being,TESS,1.0,say the word
clip_07798,train,say the word puff,TESS,1.0,say the word
clip_00169,train,say the word most,TESS,1.0,say the word
clip_07984,train,say the word mood,TESS,1.0,say the word
clip_04653,train,say the word check,TESS,1.0,say the word
clip_08354,train,say the word dog,TESS,1.0,say the word
clip_08405,train,say the word higher,TESS,1.0,say the word
clip_10767,train,say the word hate,TESS,1.0,say the word
clip_04840,train,say the word size,TESS,1.0,say the word
clip_05213,train,say the word late,TESS,1.0,say the word
clip_06609,train,say the word chain,TESS,1.0,say the word
clip_03756,train,say the word rat,TESS,1.0,say the word
clip_09006,train,say the word wag,TESS,1.0,say the word
clip_09751,train,say the word bite,TESS,1.0,say the word
clip_06998,train,say the word bot,TESS,1.0,say the word
clip_02194,train,say the word road,TESS,1.0,say the word
clip_01617,train,say the word sees,TESS,1.0,say the word
clip_05893,train,say the word tip,TESS,1.0,say the word
clip_03540,train,say the word soup,TESS,1.0,say the word
clip_07925,train,say the word take,TESS,1.0,say the word
clip_10062,train,say the word tell,TESS,1.0,say the word
clip_10448,train,say the word lose,TESS,1.0,say the word
clip_01547,train,say the word which,TESS,1.0,say the word
clip_03377,train,say the word road,TESS,1.0,say the word
clip_05688,train,say the word judge,TESS,1.0,say the word
clip_07737,train,say the word hash,TESS,1.0,say the word
clip_04102,train,say the word haze,TESS,1.0,say the word
clip_06050,train,say the word numb,TESS,1.0,say the word
clip_01710,train,say the word nag,TESS,1.0,say the word
clip_02990,train,say the word rag,TESS,1.0,say the word
clip_02161,train,say the word peg,TESS,1.0,say the word
clip_09644,train,say the word back,TESS,1.0,say the word
clip_06601,train,say the word join,TESS,1.0,say the word
clip_00538,train,say the word jail,TESS,1.0,say the word
clip_06031,train,say the word red,TESS,1.0,say the word
clip_04892,train,say the word boat,TESS,1.0,say the word
clip_08220,train,say the word read,TESS,1.0,say the word
clip_02425,train,say the word lore,TESS,1.0,say the word
clip_00426,train,say the word team,TESS,1.0,say the word
clip_00058,train,say the word gap,TESS,1.0,say the word
clip_08351,train,say the word far,TESS,1.0,say the word
clip_00193,train,say the word came,TESS,1.0,say the word
clip_06422,train,say the word home,TESS,1.0,say the word
clip_06715,train,say the word lose,TESS,1.0,say the word
clip_02765,train,i think i have a doctors appointment,CREMA-D,1.0,i think i have a doctors appointment
clip_10891,train,the surface is slick,CREMA-D,1.0,the surface is slick
clip_10798,test,service is slick,CREMA-D,0.7222,the surface is slick
clip_09086,train,i wonder what this is about,CREMA-D,1.0,i wonder what this is about
clip_09658,train,the airplane is almost full,CREMA-D,1.0,the airplane is almost full
clip_05652,train,i would like to do an alarm clock,CREMA-D,0.8571,i would like a new alarm clock
clip_02129,test,im on my way to the meeting,CREMA-D,1.0,im on my way to the meeting
clip_10827,train,i wonder what this is about,CREMA-D,1.0,i wonder what this is about
clip_07782,train,maybe tomorrow it will be cold,CREMA-D,1.0,maybe tomorrow it will be cold
clip_07654,train,i wonder what this is about,CREMA-D,1.0,i wonder what this is about
clip_07858,train,dont forget a jacket,CREMA-D,1.0,dont forget a jacket
clip_10726,train,maybe tomorrow will be cold,CREMA-D,0.9474,maybe tomorrow it will be cold
clip_10573,test,the airplane is almost full,CREMA-D,1.0,the airplane is almost full
clip_03237,test,well stop in a couple of minutes,CREMA-D,1.0,well stop in a couple of minutes
clip_04886,train,i would like a new alarm clock,CREMA-D,1.0,i would like a new alarm clock
clip_10822,train,its 11 oclock,CREMA-D,1.0,its 11 oclock
clip_09599,train,i wonder what this is about,CREMA-D,1.0,i wonder what this is about
clip_09581,train,im on my way to the meeting,CREMA-D,1.0,im on my way to the meeting
clip_03213,train,the surface is slick,CREMA-D,1.0,the surface is slick
clip_02020,train,dont forget a jacket,CREMA-D,1.0,dont forget a jacket
clip_03149,train,im on my way to the meeting,CREMA-D,1.0,im on my way to the meeting
clip_06108,train,i think i have a doctors appointment,CREMA-D,1.0,i think i have a doctors appointment
clip_06991,train,i would like a new alarm clock,CREMA-D,1.0,i would like a new alarm clock
clip_03223,train,i think i have a doctors appointment,CREMA-D,1.0,i think i have a doctors appointment
clip_03224,train,the surface is slick,CREMA-D,1.0,the surface is slick
clip_04697,test,its 11 oclock,CREMA-D,1.0,its 11 oclock
clip_01536,train,dont forget it jacket,CREMA-D,0.9268,dont forget a jacket
clip_07439,test,its 11 oclock,CREMA-D,1.0,its 11 oclock
clip_03240,train,i think i have a doctors appointment,CREMA-D,1.0,i think i have a doctors appointment
clip_08816,train,maybe tomorrow it will be cold,CREMA-D,1.0,maybe tomorrow it will be cold
clip_06067,train,i wonder what this is about,CREMA-D,1.0,i wonder what this is about
clip_01471,train,i would like a new alarm clock,CREMA-D,1.0,i would like a new alarm clock
clip_01476,train,i wonder what this is about,CREMA-D,1.0,i wonder what this is about
clip_09021,test,dont forget a jacket,CREMA-D,1.0,dont forget a jacket
clip_03408,train,its 11 oclock,CREMA-D,1.0,its 11 oclock
clip_05442,train,the surface is slick,CREMA-D,1.0,the surface is slick
clip_06929,train,its 11 oclock,CREMA-D,1.0,its 11 oclock
clip_08621,train,maybe tomorrow it will be cold,CREMA-D,1.0,maybe tomorrow it will be cold
clip_03474,train,maybe tomorrow well be cold,CREMA-D,0.9123,maybe tomorrow it will be cold
clip_02170,test,im on my way to the meeting,CREMA-D,1.0,im on my way to the meeting
clip_01776,train,i would like a new alarm clock,CREMA-D,1.0,i would like a new alarm clock
clip_04977,test,well stop in a couple of minutes,CREMA-D,1.0,well stop in a couple of minutes
clip_09721,train,i would like a new alarm clock,CREMA-D,1.0,i would like a new alarm clock
clip_03009,train,maybe tomorrow it will be cold,CREMA-D,1.0,maybe tomorrow it will be cold
clip_09168,train,the airplane is almost full,CREMA-D,1.0,the airplane is almost full
clip_09148,train,dont forget a jacket,CREMA-D,1.0,dont forget a jacket
clip_02011,train,that is exactly what happened,CREMA-D,1.0,that is exactly what happened
clip_00015,train,maybe tomorrow we will be cold,CREMA-D,0.9333,maybe tomorrow it will be cold
clip_02566,train,that is exactly what happened,CREMA-D,1.0,that is exactly what happened
clip_02595,train,i wonder what this is about,CREMA-D,1.0,i wonder what this is about
clip_01194,train,still having a clock,UNKNOWN,0.4848,its 11 oclock
clip_10097,train,its 11 oclock,CREMA-D,1.0,its 11 oclock
clip_09425,test,i think youre seeing this before,CREMA-D,0.8667,i think ive seen this before
clip_03596,train,i think i have a doctors appointment,CREMA-D,1.0,i think i have a doctors appointment
clip_06201,train,i think i have a doctors appointment,CREMA-D,1.0,i think i have a doctors appointment
clip_05427,train,well stop in a couple of minutes,CREMA-D,1.0,well stop in a couple of minutes
clip_08692,train,well stop in a couple of minutes,CREMA-D,1.0,well stop in a couple of minutes
clip_01150,train,im on my way to the meeting,CREMA-D,1.0,im on my way to the meeting
clip_04435,test,i wonder what this is about,CREMA-D,1.0,i wonder what this is about
clip_10163,train,maybe tomorrow would be cold,CREMA-D,0.8621,maybe tomorrow it will be cold
clip_01634,test,its 11 oclock,CREMA-D,1.0,its 11 oclock
clip_08533,train,that is exactly what happened,CREMA-D,1.0,that is exactly what happened
clip_08011,test,its 11 oclock,CREMA-D,1.0,its 11 oclock
clip_02637,train,dont forget a jacket,CREMA-D,1.0,dont forget a jacket
clip_08373,train,maybe tomorrow it will be cold,CREMA-D,1.0,maybe tomorrow it will be cold
clip_03856,train,the surface is slick,CREMA-D,1.0,the surface is slick
clip_00802,test,maybe tomorrow it will be cold,CREMA-D,1.0,maybe tomorrow it will be cold
clip_02656,test,well stop in a couple of minutes,CREMA-D,1.0,well stop in a couple of minutes
clip_00918,train,maybe tomorrow it will be cold,CREMA-D,1.0,maybe tomorrow it will be cold
clip_00724,test,well stop in a couple of minutes,CREMA-D,1.0,well stop in a couple of minutes
clip_07544,train,the circus is slick,CREMA-D,0.7179,the surface is slick
clip_00930,train,maybe tomorrow it will be cold,CREMA-D,1.0,maybe tomorrow it will be cold
clip_06425,train,the surface is slick,CREMA-D,1.0,the surface is slick
clip_10373,train,its 11 oclock,CREMA-D,1.0,its 11 oclock
clip_06360,train,its 11 oclock,CREMA-D,1.0,its 11 oclock
clip_05332,train,im on my way to the meeting,CREMA-D,1.0,im on my way to the meeting
clip_03802,train,the airplane is almost full,CREMA-D,1.0,the airplane is almost full
clip_03799,train,the airplane is almost full,CREMA-D,1.0,the airplane is almost full
clip_08537,train,i would like a new alarm clock,CREMA-D,1.0,i would like a new alarm clock
clip_02173,train,dont forget a jacket,CREMA-D,1.0,dont forget a jacket
clip_06339,test,i wonder what this is about,CREMA-D,1.0,i wonder what this is about
clip_06449,train,i think i have a doctors appointment,CREMA-D,1.0,i think i have a doctors appointment
clip_06204,test,the surface is slick,CREMA-D,1.0,the surface is slick
clip_03387,test,maybe tomorrow will be cold,CREMA-D,0.9474,maybe tomorrow it will be cold
clip_06522,test,well stop in a couple of minutes,CREMA-D,1.0,well stop in a couple of minutes
clip_01865,test,its 11 oclock,CREMA-D,1.0,its 11 oclock
clip_09281,train,i think ive seen this before,CREMA-D,1.0,i think ive seen this before
clip_00602,test,dont forget a jacket,CREMA-D,1.0,dont forget a jacket
clip_10522,train,maybe tomorrow it will be cold,CREMA-D,1.0,maybe tomorrow it will be cold
clip_05788,train,the airplane is almost full,CREMA-D,1.0,the airplane is almost full
clip_10078,test,i was like a new alarm clock,CREMA-D,0.8966,i would like a new alarm clock
clip_06503,train,i think ive seen this before,CREMA-D,1.0,i think ive seen this before
clip_00611,train,its 11 oclock,CREMA-D,1.0,its 11 oclock
clip_09949,test,have you ever seen this before,CREMA-D,0.6897,i think ive seen this before
clip_05191,train,i think i have a doctors appointment,CREMA-D,1.0,i think i have a doctors appointment
clip_00737,train,i think ive seen this before,CREMA-D,1.0,i think ive seen this before
clip_00433,train,i think i have a doctors appointment,CREMA-D,1.0,i think i have a doctors appointment
clip_10035,test,its 11 oclock,CREMA-D,1.0,its 11 oclock
clip_00630,train,i wonder what this is about,CREMA-D,1.0,i wonder what this is about
clip_07976,train,well stop in a couple of minutes,CREMA-D,1.0,well stop in a couple of minutes
clip_04518,train,the airplane is almost full,CREMA-D,1.0,the airplane is almost full
clip_04538,train,i would like to do alarm clock,CREMA-D,0.8667,i would like a new alarm clock
clip_07955,train,dont forget to jack in,CREMA-D,0.8095,dont forget a jacket
clip_07959,train,that is exactly what happened,CREMA-D,1.0,that is exactly what happened
clip_00369,test,its 11 oclock,CREMA-D,1.0,its 11 oclock
clip_00361,train,its 11 oclock,CREMA-D,1.0,its 11 oclock
clip_00336,train,i think ive seen this before,CREMA-D,1.0,i think ive seen this before
clip_00359,test,dont forget a jacket,CREMA-D,1.0,dont forget a jacket
clip_07710,train,well stop in a couple of minutes,CREMA-D,1.0,well stop in a couple of minutes
clip_09356,train,its 11 oclock,CREMA-D,1.0,its 11 oclock
clip_05856,train,i think i have a doctors appointment,CREMA-D,1.0,i think i have a doctors appointment
clip_06623,train,its 11 ooh come up,UNKNOWN,0.6452,its 11 oclock
clip_05813,train,well stop in a couple of minutes,CREMA-D,1.0,well stop in a couple of minutes
clip_05082,train,dont forget to jack it,CREMA-D,0.8571,dont forget a jacket
clip_05065,train,dont forget a jacket,CREMA-D,1.0,dont forget a jacket
clip_04395,test,i would like a new alarm clock,CREMA-D,1.0,i would like a new alarm clock
clip_06580,train,maybe tomorrow it will be cold,CREMA-D,1.0,maybe tomorrow it will be cold
clip_04675,train,its 11 oclock,CREMA-D,1.0,its 11 oclock
clip_10283,test,i think i have a doctors appointment,CREMA-D,1.0,i think i have a doctors appointment
clip_05021,train,i think ive seen this before,CREMA-D,1.0,i think ive seen this before
clip_10590,test,well stop in a couple of minutes,CREMA-D,1.0,well stop in a couple of minutes
clip_07796,train,dont forget a jacket,CREMA-D,1.0,dont forget a jacket
clip_07805,train,the surface is slick,CREMA-D,1.0,the surface is slick
clip_10832,train,i think ive seen this before,CREMA-D,1.0,i think ive seen this before
clip_02192,train,the surface is slick,CREMA-D,1.0,the surface is slick
clip_05737,train,im on my way to the meeting,CREMA-D,1.0,im on my way to the meeting
clip_02659,train,dont forget a jacket,CREMA-D,1.0,dont forget a jacket
clip_05911,train,the surface is slick,CREMA-D,1.0,the surface is slick
clip_00997,test,i think i have a doctors appointment,CREMA-D,1.0,i think i have a doctors appointment
clip_08382,train,i think ive seen this before,CREMA-D,1.0,i think ive seen this before
clip_05422,train,that is exactly what happened,CREMA-D,1.0,that is exactly what happened
clip_03041,test,i think ive seen this before,CREMA-D,1.0,i think ive seen this before
clip_08496,train,maybe tomorrow it will be cold,CREMA-D,1.0,maybe tomorrow it will be cold
clip_00406,train,well stop on a couple of minutes,CREMA-D,0.9688,well stop in a couple of minutes
clip_00440,train,mayor played his almost full,CREMA-D,0.7636,the airplane is almost full
clip_03570,train,maybe tomorrow it will be cold,CREMA-D,1.0,maybe tomorrow it will be cold
clip_06200,train,i would like a new alarm clock,CREMA-D,1.0,i would like a new alarm clock
clip_09988,train,well stop in a couple of minutes,CREMA-D,1.0,well stop in a couple of minutes
clip_09211,test,im on my way to the meeting,CREMA-D,1.0,im on my way to the meeting
clip_03339,train,i think ive seen this before,CREMA-D,1.0,i think ive seen this before
clip_05501,train,im on my way to the meeting,CREMA-D,1.0,im on my way to the meeting
clip_00951,train,i wonder what this is about,CREMA-D,1.0,i wonder what this is about
clip_07069,train,dont forget a jacket,CREMA-D,1.0,dont forget a jacket
clip_00993,train,im on my way to the meeting,CREMA-D,1.0,im on my way to the meeting
clip_03025,test,the airplane is almost full,CREMA-D,1.0,the airplane is almost full
clip_02672,train,i think ive seen this before,CREMA-D,1.0,i think ive seen this before
clip_09567,train,i think ive seen this before,CREMA-D,1.0,i think ive seen this before
clip_01295,train,the airplane is almost full,CREMA-D,1.0,the airplane is almost full
clip_03529,train,i think i have a doctors appointment,CREMA-D,1.0,i think i have a doctors appointment
clip_03904,train,its 11 oclock,CREMA-D,1.0,its 11 oclock
clip_05317,train,i would like a new alarm clock,CREMA-D,1.0,i would like a new alarm clock
clip_07007,train,its a lovely clock,CREMA-D,0.7097,its 11 oclock
clip_07398,train,well stop in a couple of minutes,CREMA-D,1.0,well stop in a couple of minutes
clip_09554,test,i wonder what this is about,CREMA-D,1.0,i wonder what this is about
clip_02740,train,i wonder what this is about,CREMA-D,1.0,i wonder what this is about
clip_08130,train,the surface is slick,CREMA-D,1.0,the surface is slick
clip_03073,train,dont forget a jacket,CREMA-D,1.0,dont forget a jacket
clip_03071,train,its at 11 oclock,CREMA-D,0.8966,its 11 oclock
clip_09295,train,maybe tomorrow will be cold,CREMA-D,0.9474,maybe tomorrow it will be cold
clip_10504,train,i wonder what this is about,CREMA-D,1.0,i wonder what this is about
clip_00325,train,i think ive seen this before,CREMA-D,1.0,i think ive seen this before
clip_07008,test,im on my way to the meeting,CREMA-D,1.0,im on my way to the meeting
clip_04932,train,the airplane is almost full,CREMA-D,1.0,the airplane is almost full
clip_08532,train,the surface is slick,CREMA-D,1.0,the surface is slick
clip_02549,train,well stop in a couple of minutes,CREMA-D,1.0,well stop in a couple of minutes
clip_02261,train,dont forget a junket,CREMA-D,0.9,dont forget a jacket
clip_09692,train,the airplane is almost full,CREMA-D,1.0,the airplane is almost full
clip_03216,train,surface is slick,CREMA-D,0.8889,the surface is slick
clip_04349,train,the airplane is almost full,CREMA-D,1.0,the airplane is almost full
clip_06716,train,i would like a new alarm clock,CREMA-D,1.0,i would like a new alarm clock
clip_01924,train,its 11 oclock,CREMA-D,1.0,its 11 oclock
clip_08913,train,maybe tomorrow it will be cold,CREMA-D,1.0,maybe tomorrow it will be cold
clip_05943,train,i wonder what this is about,CREMA-D,1.0,i wonder what this is about
clip_09631,train,well stop in a couple of minutes,CREMA-D,1.0,well stop in a couple of minutes
clip_08704,test,the airplane is almost full,CREMA-D,1.0,the airplane is almost full
clip_08019,train,the surface is slick,CREMA-D,1.0,the surface is slick
clip_02283,test,maybe tomorrow it will be cold,CREMA-D,1.0,maybe tomorrow it will be cold
clip_01372,test,i think ive seen this before,CREMA-D,1.0,i think ive seen this before
clip_05459,train,its 11 oclock,CREMA-D,1.0,its 11 oclock
clip_00937,train,well stop in a couple of minutes,CREMA-D,1.0,well stop in a couple of minutes
clip_10331,train,dont forget a jacket,CREMA-D,1.0,dont forget a jacket
clip_08217,train,dont forget to jack it,CREMA-D,0.8571,dont forget a jacket
clip_08353,train,i think i have a doctors appointment,CREMA-D,1.0,i think i have a doctors appointment
clip_06417,train,i would like a new alarm clock,CREMA-D,1.0,i would like a new alarm clock
clip_02891,train,its 11 oclock,CREMA-D,1.0,its 11 oclock
clip_05821,train,its 11 oclock,CREMA-D,1.0,its 11 oclock
clip_08307,test,its 11 oclock,CREMA-D,1.0,its 11 oclock
clip_07190,train,its 11 oclock,CREMA-D,1.0,its 11 oclock
clip_02360,train,well stop in a couple of minutes,CREMA-D,1.0,well stop in a couple of minutes
clip_02322,train,i wonder what this is about,CREMA-D,1.0,i wonder what this is about
clip_02350,train,i would like a new alarm clock,CREMA-D,1.0,i would like a new alarm clock
clip_10465,test,maybe tomorrow it will be cold,CREMA-D,1.0,maybe tomorrow it will be cold
clip_04661,train,its 11 oclock,CREMA-D,1.0,its 11 oclock
clip_04014,train,say the word door,TESS,1.0,say the word
clip_05850,train,say the word hit,TESS,1.0,say the word
clip_06318,train,say the word cease,TESS,1.0,say the word
clip_10747,train,say the word soup,TESS,1.0,say the word
clip_02888,train,say the word knock,TESS,1.0,say the word
clip_07441,train,say the word whole,TESS,1.0,say the word
clip_02443,train,say the word sure,TESS,1.0,say the word
clip_10296,train,say the word sub,TESS,1.0,say the word
clip_09271,train,say the word goal,TESS,1.0,say the word
clip_10615,train,say the word chat,TESS,1.0,say the word
clip_06079,train,say the word lose,TESS,1.0,say the word
clip_10779,train,say the word gun,TESS,1.0,say the word
clip_09270,train,say the word cause,TESS,1.0,say the word
clip_04589,train,say the word judge,TESS,1.0,say the word
clip_07092,train,say the word love,TESS,1.0,say the word
clip_03456,train,say the word numb,TESS,1.0,say the word
clip_02853,train,say the word lot,TESS,1.0,say the word
clip_09746,train,say the word youth,TESS,1.0,say the word
clip_07217,train,say the word puff,TESS,1.0,say the word
clip_07013,train,say the word tough,TESS,1.0,say the word
clip_09209,train,say the word white,TESS,1.0,say the word
clip_01626,train,say the words then,TESS,1.0,say the word
clip_03215,train,say the word ring,TESS,1.0,say the word
clip_08281,train,say the word check,TESS,1.0,say the word
clip_02044,train,say the word date,TESS,1.0,say the word
clip_07021,train,say the word juice,TESS,1.0,say the word
clip_10366,train,say the word dodge,TESS,1.0,say the word
clip_10692,train,say the word name,TESS,1.0,say the word
clip_06236,train,say the word hit,TESS,1.0,say the word
clip_08498,train,say the word search,TESS,1.0,say the word
clip_00933,train,say the word date,TESS,1.0,say the word
clip_00656,train,say the word goose,TESS,1.0,say the word
clip_03644,train,say the word neat,TESS,1.0,say the word
clip_03520,train,say the word thumb,TESS,1.0,say the word
clip_05086,train,say the word hush,TESS,1.0,say the word
clip_07821,train,say the word rough,TESS,1.0,say the word
clip_02228,train,say the word walk,TESS,1.0,say the word
clip_04477,train,say the word shak,TESS,1.0,say the word
clip_08725,train,say the word hate,TESS,1.0,say the word
clip_05074,train,say the word youre,TESS,1.0,say the word
clip_00983,train,say the word guess,TESS,1.0,say the word
clip_10177,test,maybe tomorrow it will be cold,CREMA-D,1.0,maybe tomorrow it will be cold
clip_04144,train,say the word beg,TESS,1.0,say the word
clip_08978,train,say the word late,TESS,1.0,say the word
clip_09237,train,say the word lord,TESS,1.0,say the word
clip_02101,train,say the word brod,TESS,1.0,say the word
clip_05859,train,say the word fall,TESS,1.0,say the word
clip_03256,train,say the word tape,TESS,1.0,say the word
clip_05479,train,say the words said,TESS,1.0,say the word
clip_10502,train,say the word fine,TESS,1.0,say the word
clip_09550,train,say the word half,TESS,1.0,say the word
clip_03551,train,say the word choice,TESS,1.0,say the word
clip_03318,train,say the word bite,TESS,1.0,say the word
clip_08062,train,say the word red,TESS,1.0,say the word
clip_07365,train,say the word shawl,TESS,1.0,say the word
clip_07751,train,say the word mood,TESS,1.0,say the word
clip_05230,train,say the word purl,TESS,1.0,say the word
clip_05950,train,say the word get,TESS,1.0,say the word
clip_05606,train,say the word paul,TESS,1.0,say the word
clip_10752,train,say the word mill,TESS,1.0,say the word
clip_04341,train,say the word bot,TESS,1.0,say the word
clip_04637,train,say the word whip,TESS,1.0,say the word
clip_08233,train,say the word death,TESS,1.0,say the word
clip_01234,train,say the word cab,TESS,1.0,say the word
clip_02189,train,well stop in a couple of minutes,CREMA-D,1.0,well stop in a couple of minutes
clip_01606,test,its 11 oclock,CREMA-D,1.0,its 11 oclock
clip_07870,train,the airplane is almost full,CREMA-D,1.0,the airplane is almost full
clip_02605,train,the gameplay was almost full,CREMA-D,0.8,the airplane is almost full
clip_03844,test,dont forget to check it,CREMA-D,0.7442,dont forget a jacket
clip_09244,train,im on my way to the meeting,CREMA-D,1.0,im on my way to the meeting
clip_02506,train,the airplane is almost full,CREMA-D,1.0,the airplane is almost full
clip_10738,train,the surface is slick,CREMA-D,1.0,the surface is slick
clip_01693,test,i think i have a doctors appointment,CREMA-D,1.0,i think i have a doctors appointment
clip_01766,test,dont forget to check it,CREMA-D,0.7442,dont forget a jacket
clip_10681,train,11 oclock,CREMA-D,0.8182,its 11 oclock
clip_05063,train,i wonder what this is about,CREMA-D,1.0,i wonder what this is about
clip_04866,train,i think ive seen this before,CREMA-D,1.0,i think ive seen this before
clip_05094,train,i think ive seen this before,CREMA-D,1.0,i think ive seen this before
clip_02333,train,i think ive seen this before,CREMA-D,1.0,i think ive seen this before
clip_05819,test,i wonder what this is about,CREMA-D,1.0,i wonder what this is about
clip_02378,train,im on my way to the meeting,CREMA-D,1.0,im on my way to the meeting
clip_02349,train,that is exactly what happened,CREMA-D,1.0,that is exactly what happened
clip_08506,train,thats 11 oclock,CREMA-D,0.8571,its 11 oclock
clip_08534,train,i think i have a doctors appointment,CREMA-D,1.0,i think i have a doctors appointment
clip_10842,train,the airplane is almost full,CREMA-D,1.0,the airplane is almost full
clip_10461,test,its 11 oclock,CREMA-D,1.0,its 11 oclock
clip_10501,test,to live in the clock,UNKNOWN,0.56,i would like a new alarm clock
clip_10377,test,well stop in a couple of minutes,CREMA-D,1.0,well stop in a couple of minutes
clip_01988,train,the airplane is almost full,CREMA-D,1.0,the airplane is almost full
clip_01952,train,its 11 oclock,CREMA-D,1.0,its 11 oclock
clip_09369,train,the surface is slick,CREMA-D,1.0,the surface is slick
clip_01941,train,that is exactly what happened,CREMA-D,1.0,that is exactly what happened
clip_10039,test,i would like a new alarm clock,CREMA-D,1.0,i would like a new alarm clock
clip_10427,train,im on my way to the meeting,CREMA-D,1.0,im on my way to the meeting
clip_01177,train,i think i have a doctors appointment,CREMA-D,1.0,i think i have a doctors appointment
clip_03094,train,dont forget a jacket,CREMA-D,1.0,dont forget a jacket
clip_08572,test,the service is slick,CREMA-D,0.85,the surface is slick
clip_02936,train,its 11 oclock,CREMA-D,1.0,its 11 oclock
clip_08504,train,im on my way to the meeting,CREMA-D,1.0,im on my way to the meeting
clip_10037,train,i was like a new alarm clock,CREMA-D,0.8966,i would like a new alarm clock
clip_05321,test,dont forget to jack it,CREMA-D,0.8571,dont forget a jacket
clip_08401,train,i wonder what this is about,CREMA-D,1.0,i wonder what this is about
clip_03442,train,i would like a new alarm clock,CREMA-D,1.0,i would like a new alarm clock
clip_03487,train,i would like a new alarm clock,CREMA-D,1.0,i would like a new alarm clock
clip_06887,train,the airplane is almost full,CREMA-D,1.0,the airplane is almost full
clip_03515,train,the surface is slick,CREMA-D,1.0,the surface is slick
clip_03699,train,im on my way to the meeting,CREMA-D,1.0,im on my way to the meeting
clip_00999,train,dont forget to check it,CREMA-D,0.7442,dont forget a jacket
clip_10030,train,i wonder what this is about,CREMA-D,1.0,i wonder what this is about
clip_10016,train,the surface is slick,CREMA-D,1.0,the surface is slick
clip_01321,train,i think ive seen this before,CREMA-D,1.0,i think ive seen this before
clip_02941,train,im on my way to the meeting,CREMA-D,1.0,im on my way to the meeting
clip_03118,train,i wonder what this is about,CREMA-D,1.0,i wonder what this is about
clip_05648,train,its 11 oclock,CREMA-D,1.0,its 11 oclock
clip_03879,test,im on my way to the meeting,CREMA-D,1.0,im on my way to the meeting
clip_03968,test,the service is slick,CREMA-D,0.85,the surface is slick
clip_04057,train,its 11 oclock,CREMA-D,1.0,its 11 oclock
clip_04081,train,i would like a new alarm clock,CREMA-D,1.0,i would like a new alarm clock
clip_07566,train,its 11 oclock,CREMA-D,1.0,its 11 oclock
clip_01852,train,its 11 oclock,CREMA-D,1.0,its 11 oclock
clip_06074,train,dont forget a jacket,CREMA-D,1.0,dont forget a jacket
clip_03214,train,i would like a new alarm clock,CREMA-D,1.0,i would like a new alarm clock
clip_05956,train,i think ive seen this before,CREMA-D,1.0,i think ive seen this before
clip_01991,train,surface is slick,CREMA-D,0.8889,the surface is slick
clip_06800,train,the surface is slick,CREMA-D,1.0,the surface is slick
clip_04170,test,i would like a new alarm clock,CREMA-D,1.0,i would like a new alarm clock
clip_00657,train,i wonder what this is about,CREMA-D,1.0,i wonder what this is about
clip_06445,train,its 11 oclock,CREMA-D,1.0,its 11 oclock
clip_00986,train,i think ive seen this before,CREMA-D,1.0,i think ive seen this before
clip_10512,train,i think id seen this before,CREMA-D,0.9455,i think ive seen this before
clip_09810,train,he aint playing this almost full,CREMA-D,0.8136,the airplane is almost full
clip_00786,train,its 11 oclock,CREMA-D,1.0,its 11 oclock
clip_09734,train,its 11 oclock,CREMA-D,1.0,its 11 oclock
clip_01722,train,i think our scene is before,CREMA-D,0.8,i think ive seen this before
clip_01725,train,dont forget to check it,CREMA-D,0.7442,dont forget a jacket
clip_08860,train,i think ive seen this before,CREMA-D,1.0,i think ive seen this before
clip_06346,test,i think i have a doctors appointment,CREMA-D,1.0,i think i have a doctors appointment
clip_04091,train,i would like a new alarm clock,CREMA-D,1.0,i would like a new alarm clock
clip_04151,train,11 oclock,CREMA-D,0.8182,its 11 oclock
clip_00867,train,dont forget a jacket,CREMA-D,1.0,dont forget a jacket
clip_00872,train,thats 11 oclock,CREMA-D,0.8571,its 11 oclock
clip_00873,train,maybe tomorrow it will be cold,CREMA-D,1.0,maybe tomorrow it will be cold
clip_10298,train,i wonder what this is about,CREMA-D,1.0,i wonder what this is about
clip_09808,train,maybe tomorrow it will be cold,CREMA-D,1.0,maybe tomorrow it will be cold
clip_06476,test,its 11 oclock,CREMA-D,1.0,its 11 oclock
clip_04197,train,i wonder what this is about,CREMA-D,1.0,i wonder what this is about
clip_02196,test,i wonder what this is about,CREMA-D,1.0,i wonder what this is about
clip_05476,train,its 11 oclock,CREMA-D,1.0,its 11 oclock
clip_05481,train,the airplane is almost full,CREMA-D,1.0,the airplane is almost full
clip_09807,test,the airplane is almost full,CREMA-D,1.0,the airplane is almost full
clip_03998,test,dont forget to jack it,CREMA-D,0.8571,dont forget a jacket
clip_09838,train,the airplane is almost full,CREMA-D,1.0,the airplane is almost full
clip_09842,train,i wonder what this is about,CREMA-D,1.0,i wonder what this is about
clip_07407,test,dont forget a jacket,CREMA-D,1.0,dont forget a jacket
clip_01555,train,i wonder what this is about,CREMA-D,1.0,i wonder what this is about
clip_06143,train,i think ive seen this before,CREMA-D,1.0,i think ive seen this before
clip_01579,train,to let me clock,UNKNOWN,0.5333,i would like a new alarm clock
clip_02150,test,dont forget a jacket,CREMA-D,1.0,dont forget a jacket
clip_04433,train,i think ive seen this before,CREMA-D,1.0,i think ive seen this before
clip_07600,train,im on my way to the meeting,CREMA-D,1.0,im on my way to the meeting
clip_02747,test,maybe tomorrow will be cold,CREMA-D,0.9474,maybe tomorrow it will be cold
clip_05439,train,i think i have a doctors appointment,CREMA-D,1.0,i think i have a doctors appointment
clip_09862,train,im sorry this is slick,UNKNOWN,0.5714,the surface is slick
clip_01258,test,its 11 oclock,CREMA-D,1.0,its 11 oclock
clip_03423,train,the surface is slick,CREMA-D,1.0,the surface is slick
clip_03434,train,im on my way to the meeting,CREMA-D,1.0,im on my way to the meeting
clip_08724,train,its 11 oclock,CREMA-D,1.0,its 11 oclock
clip_08433,train,i think ive seen this before,CREMA-D,1.0,i think ive seen this before
clip_03815,train,dont forget a jacket,CREMA-D,1.0,dont forget a jacket
clip_01409,train,i wonder what this is about,CREMA-D,1.0,i wonder what this is about
clip_09254,test,the airplane is almost full,CREMA-D,1.0,the airplane is almost full
clip_06823,train,the airplane is almost full,CREMA-D,1.0,the airplane is almost full
clip_09497,test,the surface is slick,CREMA-D,1.0,the surface is slick
clip_09526,test,dont forget to jack in,CREMA-D,0.8095,dont forget a jacket
clip_00967,train,i think ive seen this before,CREMA-D,1.0,i think ive seen this before
clip_06329,train,i think i have a doctors appointment,CREMA-D,1.0,i think i have a doctors appointment
clip_06165,train,i would like a new alarm clock,CREMA-D,1.0,i would like a new alarm clock
clip_05248,train,i wonder what this is about,CREMA-D,1.0,i wonder what this is about
clip_10299,train,i wonder what this is about,CREMA-D,1.0,i wonder what this is about
clip_01518,train,that is exactly what happened,CREMA-D,1.0,that is exactly what happened
clip_06112,train,dont forget to joke it,CREMA-D,0.8095,dont forget a jacket
clip_09831,train,the airplane is almost full,CREMA-D,1.0,the airplane is almost full
clip_03282,train,i would like a new one block,CREMA-D,0.8276,i would like a new alarm clock
clip_09029,test,its 11 oclock,CREMA-D,1.0,its 11 oclock
clip_02112,train,im on my way to the meeting,CREMA-D,1.0,im on my way to the meeting
clip_06969,train,well stop in a couple of minutes,CREMA-D,1.0,well stop in a couple of minutes
clip_03051,test,that is exactly what happened,CREMA-D,1.0,that is exactly what happened
clip_03287,train,i think i have a doctors appointment,CREMA-D,1.0,i think i have a doctors appointment
clip_04476,train,i think ive seen this before,CREMA-D,1.0,i think ive seen this before
clip_06016,test,im on my way to the meeting,CREMA-D,1.0,im on my way to the meeting
clip_07635,train,the surface is slick,CREMA-D,1.0,the surface is slick
clip_05107,train,dont forget a jacket,CREMA-D,1.0,dont forget a jacket
clip_04771,train,well stop in a couple of minutes,CREMA-D,1.0,well stop in a couple of minutes
clip_04173,train,well stop in a couple of minutes,CREMA-D,1.0,well stop in a couple of minutes
clip_04171,train,till im in a clock,UNKNOWN,0.5161,its 11 oclock
clip_02832,test,its 11 oclock,CREMA-D,1.0,its 11 oclock
clip_05336,test,11 oclock,CREMA-D,0.8182,its 11 oclock
clip_09562,train,i wonder what this is about,CREMA-D,1.0,i wonder what this is about
clip_07100,train,its 11 oclock,CREMA-D,1.0,its 11 oclock
clip_05711,train,11 oclock,CREMA-D,0.8182,its 11 oclock
clip_02780,train,i think ive seen this before,CREMA-D,1.0,i think ive seen this before
clip_09136,train,theres 11 oclock,CREMA-D,0.8276,its 11 oclock
clip_05690,train,11 oclock,CREMA-D,0.8182,its 11 oclock
clip_07283,train,the airplane is almost full,CREMA-D,1.0,the airplane is almost full
clip_02009,test,i would like a new alarm clock,CREMA-D,1.0,i would like a new alarm clock
clip_05150,train,i think ive seen this before,CREMA-D,1.0,i think ive seen this before
clip_05162,train,maybe tomorrow it will be cold,CREMA-D,1.0,maybe tomorrow it will be cold
clip_05133,train,the airplane is almost full,CREMA-D,1.0,the airplane is almost full
clip_05136,train,well stop in a couple of minutes,CREMA-D,1.0,well stop in a couple of minutes
clip_08068,train,that is exactly what happened,CREMA-D,1.0,that is exactly what happened
clip_04446,train,they have a doctors appointment,CREMA-D,0.8657,i think i have a doctors appointment
clip_09926,train,i am on my way to the meeting,CREMA-D,0.9643,im on my way to the meeting
clip_09931,train,i wonder what this is about,CREMA-D,1.0,i wonder what this is about
clip_06950,train,its 11 oclock,CREMA-D,1.0,its 11 oclock
clip_03941,train,maybe tomorrow it will be cold,CREMA-D,1.0,maybe tomorrow it will be cold
clip_07498,train,its 11 oclock,CREMA-D,1.0,its 11 oclock
clip_03597,train,the surface is slick,CREMA-D,1.0,the surface is slick
clip_03631,train,im on my way to the meeting,CREMA-D,1.0,im on my way to the meeting
clip_01155,train,the surface is slick,CREMA-D,1.0,the surface is slick
clip_03769,train,its 11 oclock,CREMA-D,1.0,its 11 oclock
clip_06295,train,its 11 oclock,CREMA-D,1.0,its 11 oclock
clip_05316,train,dont forget to jack it,CREMA-D,0.8571,dont forget a jacket
clip_05326,train,that is exactly what happened,CREMA-D,1.0,that is exactly what happened
clip_10666,train,i wonder what this is about,CREMA-D,1.0,i wonder what this is about
clip_09495,train,its 11 oclock,CREMA-D,1.0,its 11 oclock
clip_07102,train,the surface is slick,CREMA-D,1.0,the surface is slick
clip_05908,train,i think i have a doctors appointment,CREMA-D,1.0,i think i have a doctors appointment
clip_06274,train,i think ive seen this before,CREMA-D,1.0,i think ive seen this before
clip_10628,train,i think ive seen this before,CREMA-D,1.0,i think ive seen this before
clip_10629,train,its 11 oclock,CREMA-D,1.0,its 11 oclock
clip_00446,train,that is exactly what happened,CREMA-D,1.0,that is exactly what happened
clip_00496,train,well stop in a couple of minutes,CREMA-D,1.0,well stop in a couple of minutes
clip_06316,train,maybe tomorrow it will be cold,CREMA-D,1.0,maybe tomorrow it will be cold
clip_08384,test,the surface is slick,CREMA-D,1.0,the surface is slick
clip_03775,train,i think i have a doctors appointment,CREMA-D,1.0,i think i have a doctors appointment
clip_03731,train,well stop at a couple of minutes,CREMA-D,0.9375,well stop in a couple of minutes
clip_01096,train,that is exactly what happened,CREMA-D,1.0,that is exactly what happened
clip_10191,train,its 11 oclock,CREMA-D,1.0,its 11 oclock
clip_10148,train,i think i have a doctors appointment,CREMA-D,1.0,i think i have a doctors appointment
clip_06078,test,i think ive seen this before,CREMA-D,1.0,i think ive seen this before
clip_03253,test,the service is slick,CREMA-D,0.85,the surface is slick
clip_10108,test,well stop in a couple of minutes,CREMA-D,1.0,well stop in a couple of minutes
clip_00367,train,ive all my way to the meeting,CREMA-D,0.8571,im on my way to the meeting
clip_00374,train,its 11 oclock,CREMA-D,1.0,its 11 oclock
clip_02291,train,well stop in a couple of minutes,CREMA-D,1.0,well stop in a couple of minutes
clip_02242,train,its 11 oclock,CREMA-D,1.0,its 11 oclock
clip_07107,train,the surface is slick,CREMA-D,1.0,the surface is slick
clip_10848,train,its 11 oclock,CREMA-D,1.0,its 11 oclock
clip_02898,train,its 11 oclock,CREMA-D,1.0,its 11 oclock
clip_06739,train,its 11 oclock,CREMA-D,1.0,its 11 oclock
clip_06740,train,im on my way to the meeting,CREMA-D,1.0,im on my way to the meeting
clip_02997,train,the airplane is almost full,CREMA-D,1.0,the airplane is almost full
clip_06466,train,maybe tomorrow it will be cold,CREMA-D,1.0,maybe tomorrow it will be cold
clip_02909,train,that is exactly what happened,CREMA-D,1.0,that is exactly what happened
clip_07543,test,that is exactly what happened,CREMA-D,1.0,that is exactly what happened
clip_05567,train,its 11 oclock,CREMA-D,1.0,its 11 oclock
clip_00112,test,i think i have a doctors appointment,CREMA-D,1.0,i think i have a doctors appointment
clip_04762,train,i would like a new alarm clock,CREMA-D,1.0,i would like a new alarm clock
clip_07860,train,i would like a new alarm clock,CREMA-D,1.0,i would like a new alarm clock
clip_04739,train,the surface is slick,CREMA-D,1.0,the surface is slick
clip_03288,test,im on my way to the meeting,CREMA-D,1.0,im on my way to the meeting
clip_06062,train,dont forget the jacket,CREMA-D,0.9048,dont forget a jacket
clip_04914,test,services slick,UNKNOWN,0.6471,the surface is slick
clip_05833,train,i would like a new alarm clock,CREMA-D,1.0,i would like a new alarm clock
clip_04194,train,well stop in a couple of minutes,CREMA-D,1.0,well stop in a couple of minutes
clip_08099,train,i think ive seen this before,CREMA-D,1.0,i think ive seen this before
clip_06309,test,the airplane is almost full,CREMA-D,1.0,the airplane is almost full
clip_06703,train,the surface is slick,CREMA-D,1.0,the surface is slick
clip_06671,train,i wonder what this is about,CREMA-D,1.0,i wonder what this is about
clip_06676,train,its 11 oclock,CREMA-D,1.0,its 11 oclock
clip_04734,train,the airplane is almost full,CREMA-D,1.0,the airplane is almost full
clip_05554,test,maybe tomorrow it will be cold,CREMA-D,1.0,maybe tomorrow it will be cold
clip_00093,test,the airplane is almost full,CREMA-D,1.0,the airplane is almost full
clip_10123,train,say the word deep,TESS,1.0,say the word
clip_04632,train,say the word merge,TESS,1.0,say the word
clip_01281,train,say the word cell,TESS,1.0,say the word
clip_09638,train,say the word white,TESS,1.0,say the word
clip_06640,train,say the word jinn,TESS,1.0,say the word
clip_09629,train,say the word live,TESS,1.0,say the word
clip_00600,train,say the word gas,TESS,1.0,say the word
clip_03323,train,say the word chat,TESS,1.0,say the word
clip_05265,train,say the word walk,TESS,1.0,say the word
clip_04610,train,say the word dab,TESS,1.0,say the word
clip_00159,train,say the word dodge,TESS,1.0,say the word
clip_05854,train,say the word youth,TESS,1.0,say the word
clip_00318,train,say the word dead,TESS,1.0,say the word
clip_09745,train,say the word make,TESS,1.0,say the word
clip_08620,train,say the word jug,TESS,1.0,say the word
clip_03181,train,say the word met,TESS,1.0,say the word
clip_04177,train,say the word food,TESS,1.0,say the word
clip_03648,train,say the word juice,TESS,1.0,say the word
clip_10321,train,say the word soap,TESS,1.0,say the word
clip_09677,train,say the word paul,TESS,1.0,say the word
clip_06853,train,say the word wash,TESS,1.0,say the word
clip_03568,train,say the word rush,TESS,1.0,say the word
clip_02491,train,say the word hate,TESS,1.0,say the word
clip_02719,train,say the word kick,TESS,1.0,say the word
clip_09388,train,say the word choice,TESS,1.0,say the word
clip_07985,train,say the word pool,TESS,1.0,say the word
clip_03192,train,say the word vote,TESS,1.0,say the word
clip_01008,train,say the word good,TESS,1.0,say the word
clip_08730,train,say the word have,TESS,1.0,say the word
clip_06276,train,say the word goal,TESS,1.0,say the word
clip_00545,train,say the word cool,TESS,1.0,say the word
clip_03218,train,say the word fit,TESS,1.0,say the word
clip_04949,train,say the word pike,TESS,1.0,say the word
clip_08409,train,say the word wheat,TESS,1.0,say the word
clip_06409,train,say the word door,TESS,1.0,say the word
clip_05720,train,say the word note,TESS,1.0,say the word
clip_09962,train,say the word hush,TESS,1.0,say the word
clip_07268,train,say the word jar,TESS,1.0,say the word
clip_01175,train,say the word wash,TESS,1.0,say the word
clip_03678,train,say the word hall,TESS,1.0,say the word
clip_00924,train,say the word big,TESS,1.0,say the word
clip_01497,train,say the word dodge,TESS,1.0,say the word
clip_02420,train,say the word five,TESS,1.0,say the word
clip_10572,train,say the word live,TESS,1.0,say the word
clip_09033,train,say the word keg,TESS,1.0,say the word
clip_10167,train,say the word when,TESS,1.0,say the word
clip_10883,train,say the word dead,TESS,1.0,say the word
clip_03356,train,say the word pain,TESS,1.0,say the word
clip_10284,train,say the word room,TESS,1.0,say the word
clip_04012,train,say the word being,TESS,1.0,say the word
clip_06948,train,say the word cheek,TESS,1.0,say the word
clip_04246,train,say the word time,TESS,1.0,say the word
clip_03801,train,say the word jug,TESS,1.0,say the word
clip_05395,train,say the word room,TESS,1.0,say the word
clip_06138,train,say the word more,TESS,1.0,say the word
clip_00683,train,say the word learn,TESS,1.0,say the word
clip_05990,train,say the word good,TESS,1.0,say the word
clip_06030,train,say the word mode,TESS,1.0,say the word
clip_08429,train,say the word check,TESS,1.0,say the word
clip_08932,train,say the word love,TESS,1.0,say the word
clip_08006,train,say the word lore,TESS,1.0,say the word
clip_07134,train,i think i have a doctors appointment,CREMA-D,1.0,i think i have a doctors appointment
clip_07147,train,surface is slick,CREMA-D,0.8889,the surface is slick
clip_08643,train,will stop in a couple of minutes,CREMA-D,0.9688,well stop in a couple of minutes
clip_03891,train,the surface is slick,CREMA-D,1.0,the surface is slick
clip_02249,train,maybe tomorrow will be cold,CREMA-D,0.9474,maybe tomorrow it will be cold
clip_10244,train,dont forget a jacket,CREMA-D,1.0,dont forget a jacket
clip_06300,train,the surface is slick,CREMA-D,1.0,the surface is slick
clip_08375,train,im on my way to the meeting,CREMA-D,1.0,im on my way to the meeting
clip_02296,train,i think i have a doctors appointment,CREMA-D,1.0,i think i have a doctors appointment
clip_05774,train,the airplane is almost full,CREMA-D,1.0,the airplane is almost full
clip_01850,test,dont forget a jacket,CREMA-D,1.0,dont forget a jacket
clip_06258,train,well stop in a couple of minutes,CREMA-D,1.0,well stop in a couple of minutes
clip_06898,train,its 11 oclock,CREMA-D,1.0,its 11 oclock
clip_06903,train,i think i have a doctors appointment,CREMA-D,1.0,i think i have a doctors appointment
clip_10041,train,maybe tomorrow it will be cold,CREMA-D,1.0,maybe tomorrow it will be cold
clip_08660,train,maybe tomorrow it will be cold,CREMA-D,1.0,maybe tomorrow it will be cold
clip_01126,train,im on my way to the meeting,CREMA-D,1.0,im on my way to the meeting
clip_03660,train,maybe tomorrow it will be cold,CREMA-D,1.0,maybe tomorrow it will be cold
clip_09516,train,maybe tomorrow it will be cold,CREMA-D,1.0,maybe tomorrow it will be cold
clip_02201,train,its 11 oclock,CREMA-D,1.0,its 11 oclock
clip_02205,train,well stop in a couple of minutes,CREMA-D,1.0,well stop in a couple of minutes
clip_09517,train,im on my way to the meeting,CREMA-D,1.0,im on my way to the meeting
clip_10680,train,the surface is slick,CREMA-D,1.0,the surface is slick
clip_00429,train,well stop for a couple of minutes,CREMA-D,0.9231,well stop in a couple of minutes
clip_00398,train,im on my way to the meeting,CREMA-D,1.0,im on my way to the meeting
clip_08350,test,that is exactly what happened,CREMA-D,1.0,that is exactly what happened
clip_08367,test,well stop in a couple of minutes,CREMA-D,1.0,well stop in a couple of minutes
clip_05754,train,i think i have a doctors appointment,CREMA-D,1.0,i think i have a doctors appointment
clip_08295,train,its 11 oclock,CREMA-D,1.0,its 11 oclock
clip_00913,train,the surface is slick,CREMA-D,1.0,the surface is slick
clip_00929,train,the airplane is almost full,CREMA-D,1.0,the airplane is almost full
clip_10282,train,the airplane is almost full,CREMA-D,1.0,the airplane is almost full
clip_10335,train,its 11 oclock,CREMA-D,1.0,its 11 oclock
clip_10290,train,i wonder what this is about,CREMA-D,1.0,i wonder what this is about
clip_00863,train,the surface is slick,CREMA-D,1.0,the surface is slick
clip_08368,train,im on my way to the meeting,CREMA-D,1.0,im on my way to the meeting
clip_09935,train,i think ive seen this before,CREMA-D,1.0,i think ive seen this before
clip_01383,train,the airplane is almost full,CREMA-D,1.0,the airplane is almost full
clip_09972,train,maybe tomorrow it will be cold,CREMA-D,1.0,maybe tomorrow it will be cold
clip_03935,train,i think ive seen this before,CREMA-D,1.0,i think ive seen this before
clip_07501,train,its 11 oclock,CREMA-D,1.0,its 11 oclock
clip_07202,test,its 11 oclock,CREMA-D,1.0,its 11 oclock
clip_06957,train,im on my way to the meeting,CREMA-D,1.0,im on my way to the meeting
clip_04992,test,i think ive seen this before,CREMA-D,1.0,i think ive seen this before
clip_09570,train,dont forget a jacket,CREMA-D,1.0,dont forget a jacket
clip_07071,train,the airplane is almost full,CREMA-D,1.0,the airplane is almost full
clip_02130,train,i think ive seen this before,CREMA-D,1.0,i think ive seen this before
clip_09605,train,i wonder what this is about,CREMA-D,1.0,i wonder what this is about
clip_04443,train,i think i have a doctors appointment,CREMA-D,1.0,i think i have a doctors appointment
clip_09917,test,i wonder what this is about,CREMA-D,1.0,i wonder what this is about
clip_05192,train,its 11 oclock,CREMA-D,1.0,its 11 oclock
clip_04350,train,i think ive seen this before,CREMA-D,1.0,i think ive seen this before
clip_10813,train,i would like a new alarm clock,CREMA-D,1.0,i would like a new alarm clock
clip_04326,train,the surface is slick,CREMA-D,1.0,the surface is slick
clip_10072,train,i would like a new alarm clock,CREMA-D,1.0,i would like a new alarm clock
clip_05403,train,the airplane is almost full,CREMA-D,1.0,the airplane is almost full
clip_01168,train,well stop in a couple of minutes,CREMA-D,1.0,well stop in a couple of minutes
clip_05405,train,11 oclock,CREMA-D,0.8182,its 11 oclock
clip_05409,train,well stop in a couple of minutes,CREMA-D,1.0,well stop in a couple of minutes
clip_06856,train,dont forget to check it,CREMA-D,0.7442,dont forget a jacket
clip_04966,train,i think ive seen this before,CREMA-D,1.0,i think ive seen this before
clip_10094,train,its 11 oclock,CREMA-D,1.0,its 11 oclock
clip_04989,train,im on my way to the meeting,CREMA-D,1.0,im on my way to the meeting
clip_00229,train,its 11 oclock,CREMA-D,1.0,its 11 oclock
clip_01482,train,i would like a new alarm clock,CREMA-D,1.0,i would like a new alarm clock
clip_03663,train,maybe tomorrow it will be cold,CREMA-D,1.0,maybe tomorrow it will be cold
clip_01086,test,its about one oclock,CREMA-D,0.6667,its 11 oclock
clip_04673,train,its 11 oclock,CREMA-D,1.0,its 11 oclock
clip_07912,train,i think i have a doctors appointment,CREMA-D,1.0,i think i have a doctors appointment
clip_01440,train,im on my way to the meeting,CREMA-D,1.0,im on my way to the meeting
clip_03412,train,that is exactly what happened,CREMA-D,1.0,that is exactly what happened
clip_03358,train,its 11 oclock,CREMA-D,1.0,its 11 oclock
clip_01394,train,i think ive seen this before,CREMA-D,1.0,i think ive seen this before
clip_09262,test,maybe tomorrow will be cold,CREMA-D,0.9474,maybe tomorrow it will be cold
clip_00948,train,the airplane is almost full,CREMA-D,1.0,the airplane is almost full
clip_03764,train,maybe tomorrow will be cold,CREMA-D,0.9474,maybe tomorrow it will be cold
clip_07541,train,the surface is slick,CREMA-D,1.0,the surface is slick
clip_06829,train,the surface is slick,CREMA-D,1.0,the surface is slick
clip_06825,train,how does exactly what happened,CREMA-D,0.8475,that is exactly what happened
clip_03378,train,the scent is a slick,CREMA-D,0.8,the surface is slick
clip_03410,train,that is exactly what happened,CREMA-D,1.0,that is exactly what happened
clip_07461,test,im on my way to the meeting,CREMA-D,1.0,im on my way to the meeting
clip_07279,test,i would like a new alarm clock,CREMA-D,1.0,i would like a new alarm clock
clip_08827,train,i think ive seen this before,CREMA-D,1.0,i think ive seen this before
clip_06560,test,the airplane is almost full,CREMA-D,1.0,the airplane is almost full
clip_06453,test,the airplane is almost full,CREMA-D,1.0,the airplane is almost full
clip_04196,train,i would like a new alarm clock,CREMA-D,1.0,i would like a new alarm clock
clip_09843,test,im on my way to the meeting,CREMA-D,1.0,im on my way to the meeting
clip_08225,train,i wonder what this is about,CREMA-D,1.0,i wonder what this is about
clip_03251,train,im on my way to the meeting,CREMA-D,1.0,im on my way to the meeting
clip_08777,train,well just open a couple of minutes,CREMA-D,0.9091,well stop in a couple of minutes
clip_01317,test,i would like a new alarm clock,CREMA-D,1.0,i would like a new alarm clock
clip_01355,test,i think i have a doctors appointment,CREMA-D,1.0,i think i have a doctors appointment
clip_01564,train,well start with a couple of minutes,CREMA-D,0.8657,well stop in a couple of minutes
clip_05460,train,surface is slick,CREMA-D,0.8889,the surface is slick
clip_02373,test,im on my way to the meeting,CREMA-D,1.0,im on my way to the meeting
clip_04261,train,i think i have a doctors appointment,CREMA-D,1.0,i think i have a doctors appointment
clip_09905,train,i think ive seen this before,CREMA-D,1.0,i think ive seen this before
clip_05438,train,its over in the clock,UNKNOWN,0.5882,its 11 oclock
clip_03354,train,i think ive seen this before,CREMA-D,1.0,i think ive seen this before
clip_06160,train,that is exactly what happened,CREMA-D,1.0,that is exactly what happened
clip_05504,train,that is exactly what happened,CREMA-D,1.0,that is exactly what happened
clip_03283,train,i think i have a doctors appointment,CREMA-D,1.0,i think i have a doctors appointment
clip_03902,train,its 11 oclock,CREMA-D,1.0,its 11 oclock
clip_08928,test,dont forget a jacket,CREMA-D,1.0,dont forget a jacket
clip_09885,train,well stop it a couple of minutes,CREMA-D,0.9688,well stop in a couple of minutes
clip_06113,train,i think i have a doctors appointment,CREMA-D,1.0,i think i have a doctors appointment
clip_09088,test,the surface is slick,CREMA-D,1.0,the surface is slick
clip_01511,train,its 11 oclock,CREMA-D,1.0,its 11 oclock
clip_00758,train,i think ive seen this before,CREMA-D,1.0,i think ive seen this before
clip_10434,train,so 11 oclock,CREMA-D,0.88,its 11 oclock
clip_04288,train,the surface is slick,CREMA-D,1.0,the surface is slick
clip_10422,train,dont forget to jack it,CREMA-D,0.8571,dont forget a jacket
clip_08166,train,i think i have a doctors appointment,CREMA-D,1.0,i think i have a doctors appointment
clip_06100,test,well stop in a couple of minutes,CREMA-D,1.0,well stop in a couple of minutes
clip_08858,train,well stop in a couple of minutes,CREMA-D,1.0,well stop in a couple of minutes
clip_03203,train,maybe tomorrow it will be cold,CREMA-D,1.0,maybe tomorrow it will be cold
clip_08894,train,ive been looking to alone clock,UNKNOWN,0.4407,kids are talking by the door
clip_05608,train,its 11 oclock,CREMA-D,1.0,its 11 oclock
clip_10470,train,its 11 oclock,CREMA-D,1.0,its 11 oclock
clip_01673,train,i would like a new alarm clock,CREMA-D,1.0,i would like a new alarm clock
clip_09803,train,im on my way to the meeting,CREMA-D,1.0,im on my way to the meeting
clip_04635,test,i think i have a doctors appointment,CREMA-D,1.0,i think i have a doctors appointment
clip_07353,train,i would like a new alarm clock,CREMA-D,1.0,i would like a new alarm clock
clip_03162,train,the surface is slick,CREMA-D,1.0,the surface is slick
clip_09801,train,well stop in a couple of minutes,CREMA-D,1.0,well stop in a couple of minutes
clip_03164,train,well stop in a couple of minutes,CREMA-D,1.0,well stop in a couple of minutes
clip_04156,train,i would like a new alarm clock,CREMA-D,1.0,i would like a new alarm clock
clip_00454,train,well stop in a couple of minutes,CREMA-D,1.0,well stop in a couple of minutes
clip_04053,train,i think i have a doctors appointment,CREMA-D,1.0,i think i have a doctors appointment
clip_09695,test,the airplane is almost full,CREMA-D,1.0,the airplane is almost full
clip_04031,train,i wonder what this is about,CREMA-D,1.0,i wonder what this is about
clip_05440,test,and well stop in a couple of minutes,CREMA-D,0.9412,well stop in a couple of minutes
clip_05457,test,the airplane is almost full,CREMA-D,1.0,the airplane is almost full
clip_01992,train,dont forget a jacket,CREMA-D,1.0,dont forget a jacket
clip_01995,train,i think ive seen this before,CREMA-D,1.0,i think ive seen this before
clip_01964,train,maybe tomorrow it will be cold,CREMA-D,1.0,maybe tomorrow it will be cold
clip_08715,test,i wonder what this is about,CREMA-D,1.0,i wonder what this is about
clip_10579,train,im on my way to the meeting,CREMA-D,1.0,im on my way to the meeting
clip_00601,test,the surface is sleek,CREMA-D,0.9,the surface is slick
clip_02959,train,its 11 oclock,CREMA-D,1.0,its 11 oclock
clip_09008,train,dont forget a jacket,CREMA-D,1.0,dont forget a jacket
clip_02943,train,i think i have a doctors appointment,CREMA-D,1.0,i think i have a doctors appointment
clip_09025,train,i would like a new alarm clock,CREMA-D,1.0,i would like a new alarm clock
clip_03079,train,11 oclock,CREMA-D,0.8182,its 11 oclock
clip_05980,train,the surface is slick,CREMA-D,1.0,the surface is slick
clip_02987,train,i would like a new alarm clock,CREMA-D,1.0,i would like a new alarm clock
clip_02988,train,the surface is slick,CREMA-D,1.0,the surface is slick
clip_05631,train,that is exactly what happened,CREMA-D,1.0,that is exactly what happened
clip_04532,test,im on my way to the meeting,CREMA-D,1.0,im on my way to the meeting
clip_01799,train,i wonder what this is about,CREMA-D,1.0,i wonder what this is about
clip_01843,train,the surface is slick,CREMA-D,1.0,the surface is slick
clip_03076,train,the surface is slick,CREMA-D,1.0,the surface is slick
clip_02900,train,the airplane is almost full,CREMA-D,1.0,the airplane is almost full
clip_03414,test,i wonder what this is about,CREMA-D,1.0,i wonder what this is about
clip_05224,train,the surface is slick,CREMA-D,1.0,the surface is slick
clip_01561,test,that is exactly what happened,CREMA-D,1.0,that is exactly what happened
clip_03061,train,stop in a couple of minutes,CREMA-D,0.9153,well stop in a couple of minutes
clip_05986,test,its 11 oclock,CREMA-D,1.0,its 11 oclock
clip_07638,train,i think i have a doctors appointment,CREMA-D,1.0,i think i have a doctors appointment
clip_04432,test,the surface is slick,CREMA-D,1.0,the surface is slick
clip_08529,train,that is exactly what happened,CREMA-D,1.0,that is exactly what happened
clip_06504,train,i think i have a doctors appointment,CREMA-D,1.0,i think i have a doctors appointment
clip_00497,train,i think i have a doctors appointment,CREMA-D,1.0,i think i have a doctors appointment
clip_03045,test,dont forget a jacket,CREMA-D,1.0,dont forget a jacket
clip_00466,train,its 11 oclock,CREMA-D,1.0,its 11 oclock
clip_00448,train,i think ive seen this before,CREMA-D,1.0,i think ive seen this before
clip_02068,train,the surface is slick,CREMA-D,1.0,the surface is slick
clip_02669,train,the airplane is almost full,CREMA-D,1.0,the airplane is almost full
clip_02036,train,maybe tomorrow it will be cold,CREMA-D,1.0,maybe tomorrow it will be cold
clip_09109,train,maybe tomorrow it will be cold,CREMA-D,1.0,maybe tomorrow it will be cold
clip_02677,train,i think i have a doctors appointment,CREMA-D,1.0,i think i have a doctors appointment
clip_08064,train,the surface is slick,CREMA-D,1.0,the surface is slick
clip_07275,train,the surface is slick,CREMA-D,1.0,the surface is slick
clip_02770,train,may you tomorrow it will be cold,CREMA-D,0.9032,maybe tomorrow it will be cold
clip_08540,train,i would like to be with lauren clark,CREMA-D,0.697,i would like a new alarm clock
clip_00393,train,i wonder what this is about,CREMA-D,1.0,i wonder what this is about
clip_06314,train,its 11 oclock,CREMA-D,1.0,its 11 oclock
clip_03533,train,i think ive seen this before,CREMA-D,1.0,i think ive seen this before
clip_03512,train,i think ive seen this before,CREMA-D,1.0,i think ive seen this before
clip_08550,train,i think im seeing this before,CREMA-D,0.9123,i think ive seen this before
clip_03751,train,maybe tomorrow it would be cold,CREMA-D,0.918,maybe tomorrow it will be cold
clip_01122,train,the surface is slick,CREMA-D,1.0,the surface is slick
clip_04463,test,its 11 oclock,CREMA-D,1.0,its 11 oclock
clip_00383,train,the surface is slick,CREMA-D,1.0,the surface is slick
clip_00373,train,i would like a new alarm clock,CREMA-D,1.0,i would like a new alarm clock
clip_10121,train,the airplane is almost full,CREMA-D,1.0,the airplane is almost full
clip_02462,train,well stop in a couple of minutes,CREMA-D,1.0,well stop in a couple of minutes
clip_04560,train,i wonder what this is about,CREMA-D,1.0,i wonder what this is about
clip_06701,train,i think ive seen this before,CREMA-D,1.0,i think ive seen this before
clip_06714,train,i wonder what this is about,CREMA-D,1.0,i wonder what this is about
clip_10110,test,i think ive seen this before,CREMA-D,1.0,i think ive seen this before
clip_05845,train,im on my way to the meeting,CREMA-D,1.0,im on my way to the meeting
clip_03500,train,i wonder what this is about,CREMA-D,1.0,i wonder what this is about
clip_10186,test,the surface is slick,CREMA-D,1.0,the surface is slick
clip_08093,test,im on my way to the meeting,CREMA-D,1.0,im on my way to the meeting
clip_09199,train,its 11 oclock,CREMA-D,1.0,its 11 oclock
clip_00356,train,its 11 oclock,CREMA-D,1.0,its 11 oclock
clip_04376,test,i wonder what this is about,CREMA-D,1.0,i wonder what this is about
clip_06533,train,i think ive seen this before,CREMA-D,1.0,i think ive seen this before
clip_02385,train,its 11 oclock,CREMA-D,1.0,its 11 oclock
clip_02152,train,i wonder what this is about,CREMA-D,1.0,i wonder what this is about
clip_05812,train,dont forgive it check it,CREMA-D,0.6818,dont forget a jacket
clip_02327,train,im on my way to the meeting,CREMA-D,1.0,im on my way to the meeting
clip_04921,train,the surface is slick,CREMA-D,1.0,the surface is slick
clip_05824,test,its 11 oclock,CREMA-D,1.0,its 11 oclock
clip_07764,train,i would like it to be a warm clock,CREMA-D,0.8125,i would like a new alarm clock
clip_02254,train,its 11 oclock,CREMA-D,1.0,its 11 oclock
clip_00020,train,im on my way to the meeting,CREMA-D,1.0,im on my way to the meeting
clip_04832,train,the airplane is almost full,CREMA-D,1.0,the airplane is almost full
clip_04726,train,the surface is slick,CREMA-D,1.0,the surface is slick
clip_04766,train,i would like a new alarm clock,CREMA-D,1.0,i would like a new alarm clock
clip_04622,train,i think ive seen this before,CREMA-D,1.0,i think ive seen this before
clip_10727,train,its 11 oclock,CREMA-D,1.0,its 11 oclock
clip_04986,train,the airplane is almost full,CREMA-D,1.0,the airplane is almost full
clip_00115,train,i think ive seen this before,CREMA-D,1.0,i think ive seen this before
clip_10593,test,the surface is slick,CREMA-D,1.0,the surface is slick
clip_00120,train,i think ive seen this before,CREMA-D,1.0,i think ive seen this before
clip_00085,test,i think ive seen this before,CREMA-D,1.0,i think ive seen this before
clip_10601,test,i think ive seen this before,CREMA-D,1.0,i think ive seen this before
clip_00001,test,im on my way to the meeting,CREMA-D,1.0,im on my way to the meeting
clip_10594,test,im on my way to the meeting,CREMA-D,1.0,im on my way to the meeting
clip_04780,train,the airplane is almost full,CREMA-D,1.0,the airplane is almost full
clip_00190,test,its 11 oclock,CREMA-D,1.0,its 11 oclock
clip_03627,train,the airplane is almost full,CREMA-D,1.0,the airplane is almost full
clip_05848,train,well stop in a couple of minutes,CREMA-D,1.0,well stop in a couple of minutes
clip_08965,train,say the words such,TESS,1.0,say the word
clip_04592,train,say the word jinn,TESS,1.0,say the word
clip_09995,train,say the word life,TESS,1.0,say the word
clip_09587,train,say the word cab,TESS,1.0,say the word
clip_04712,train,say the word purl,TESS,1.0,say the word
clip_00556,train,say the word red,TESS,1.0,say the word
clip_09636,train,say the word phone,TESS,1.0,say the word
clip_05750,train,say the word witch,TESS,1.0,say the word
clip_01643,train,say the word pick,TESS,1.0,say the word
clip_00160,train,say the word rough,TESS,1.0,say the word
clip_02917,train,say the word half,TESS,1.0,say the word
clip_09453,train,say the word soup,TESS,1.0,say the word
clip_01327,train,say the word raid,TESS,1.0,say the word
clip_02032,train,say the word knock,TESS,1.0,say the word
clip_04195,train,say the word chat,TESS,1.0,say the word
clip_02604,train,say the word date,TESS,1.0,say the word
clip_03300,train,say the word full,TESS,1.0,say the word
clip_02846,train,say the word voice,TESS,1.0,say the word
clip_07979,train,say the word shall,TESS,1.0,say the word
clip_09518,train,say the word met,TESS,1.0,say the word
clip_06167,train,say the word learn,TESS,1.0,say the word
clip_03913,train,say the word have,TESS,1.0,say the word
clip_07943,train,say the word search,TESS,1.0,say the word
clip_07212,train,say the word pad,TESS,1.0,say the word
clip_06443,train,say the word puff,TESS,1.0,say the word
clip_01411,train,say the word yes,TESS,1.0,say the word
clip_08535,train,say the word door,TESS,1.0,say the word
clip_08117,train,say the word dab,TESS,1.0,say the word
clip_01370,train,say the word deep,TESS,1.0,say the word
clip_09032,train,say the word calm,TESS,1.0,say the word
clip_01382,train,say the word five,TESS,1.0,say the word
clip_04061,train,say the word witch,TESS,1.0,say the word
clip_01696,train,say the word team,TESS,1.0,say the word
clip_03505,train,say the word rat,TESS,1.0,say the word
clip_02230,train,say the word merge,TESS,1.0,say the word
clip_01363,train,say the word shawl,TESS,1.0,say the word
clip_10495,train,say the word wheat,TESS,1.0,say the word
clip_07152,train,say the word hit,TESS,1.0,say the word
clip_07218,train,say the word good,TESS,1.0,say the word
clip_00276,train,say the word read,TESS,1.0,say the word
clip_06175,train,say the word jail,TESS,1.0,say the word
clip_10674,train,say the word wire,TESS,1.0,say the word
clip_00135,train,say the word pick,TESS,1.0,say the word
clip_03097,train,say the word bath,TESS,1.0,say the word
clip_03823,train,say the word pick,TESS,1.0,say the word
clip_05209,train,say the word king,TESS,1.0,say the word
clip_01291,train,say the word match,TESS,1.0,say the word
clip_10484,train,say the word half,TESS,1.0,say the word
clip_09925,train,say the word lid,TESS,1.0,say the word
clip_00605,train,say the word born,TESS,1.0,say the word
clip_07455,train,say the word name,TESS,1.0,say the word
clip_10277,train,say the word lean,TESS,1.0,say the word
clip_06723,train,say the word shout,TESS,1.0,say the word
clip_09928,train,say the word weak,TESS,1.0,say the word
clip_09034,train,say the word take,TESS,1.0,say the word
clip_00616,train,say the word mess,TESS,1.0,say the word
clip_10525,train,say the word cause,TESS,1.0,say the word
clip_06953,train,the surface is slick,CREMA-D,1.0,the surface is slick
clip_05870,train,dont forget a jacket,CREMA-D,1.0,dont forget a jacket
clip_07145,train,maybe tomorrow it will be cold,CREMA-D,1.0,maybe tomorrow it will be cold
clip_07135,train,i would like a new alarm clock,CREMA-D,1.0,i would like a new alarm clock
clip_03260,train,i think ive seen this before,CREMA-D,1.0,i think ive seen this before
clip_08797,train,the surface is slick,CREMA-D,1.0,the surface is slick
clip_07447,test,im on my way to the meeting,CREMA-D,1.0,im on my way to the meeting
clip_07482,train,i think ive seen this before,CREMA-D,1.0,i think ive seen this before
clip_10493,train,im all my way to the meeting,CREMA-D,0.9091,im on my way to the meeting
clip_09062,test,its 11 oclock,CREMA-D,1.0,its 11 oclock
clip_04845,train,maybe tomorrow it will be cold,CREMA-D,1.0,maybe tomorrow it will be cold
clip_10008,train,i wonder what this is about,CREMA-D,1.0,i wonder what this is about
clip_08452,train,well stop in a couple of minutes,CREMA-D,1.0,well stop in a couple of minutes
clip_06163,train,i think ive seen this before,CREMA-D,1.0,i think ive seen this before
clip_00436,train,i would like a new alarm clock,CREMA-D,1.0,i would like a new alarm clock
clip_10112,train,i wonder what this is about,CREMA-D,1.0,i wonder what this is about
clip_01153,train,the airplane is almost full,CREMA-D,1.0,the airplane is almost full
clip_06937,train,maybe tomorrow im looking cold,CREMA-D,0.7667,maybe tomorrow it will be cold
clip_06142,train,its 11 oclock,CREMA-D,1.0,its 11 oclock
clip_06370,train,maybe tomorrow it will be cold,CREMA-D,1.0,maybe tomorrow it will be cold
clip_07776,train,its 11 oclock,CREMA-D,1.0,its 11 oclock
clip_05217,train,well stop in a couple of minutes,CREMA-D,1.0,well stop in a couple of minutes
clip_10444,train,i think i have a doctors appointment,CREMA-D,1.0,i think i have a doctors appointment
clip_09916,train,dont forget a jacket,CREMA-D,1.0,dont forget a jacket
clip_01433,train,i wonder what this is about,CREMA-D,1.0,i wonder what this is about
clip_04227,test,its 11 oclock,CREMA-D,1.0,its 11 oclock
clip_01585,test,the airplane is almost full,CREMA-D,1.0,the airplane is almost full
clip_05934,train,maybe tomorrow it will be cold,CREMA-D,1.0,maybe tomorrow it will be cold
clip_06632,test,i think ive seen this before,CREMA-D,1.0,i think ive seen this before
clip_01285,test,i think i have a doctors appointment,CREMA-D,1.0,i think i have a doctors appointment
clip_03603,test,maybe tomorrow it will be cold,CREMA-D,1.0,maybe tomorrow it will be cold
clip_03295,train,i think i have a doctors appointment,CREMA-D,1.0,i think i have a doctors appointment
clip_03167,train,the surface is slick,CREMA-D,1.0,the surface is slick
clip_03165,train,well stop in a couple of minutes,CREMA-D,1.0,well stop in a couple of minutes
clip_05532,train,well stop in a couple of minutes,CREMA-D,1.0,well stop in a couple of minutes
clip_08303,test,the surface is slick,CREMA-D,1.0,the surface is slick
clip_06209,train,its 11 oclock,CREMA-D,1.0,its 11 oclock
clip_10750,train,its 11 oclock,CREMA-D,1.0,its 11 oclock
clip_04728,train,that is exactly what happened,CREMA-D,1.0,that is exactly what happened
clip_04724,train,dont forget to check it,CREMA-D,0.7442,dont forget a jacket
clip_04677,train,dont forget to jack it,CREMA-D,0.8571,dont forget a jacket
clip_09530,test,im on my way to the meeting,CREMA-D,1.0,im on my way to the meeting
clip_09724,train,well stop in a couple of minutes,CREMA-D,1.0,well stop in a couple of minutes
clip_03867,train,the airplane is almost full,CREMA-D,1.0,the airplane is almost full
clip_08383,train,i would like a new alarm clock,CREMA-D,1.0,i would like a new alarm clock
clip_05878,test,maybe tomorrow will be cold,CREMA-D,0.9474,maybe tomorrow it will be cold
clip_05809,test,well stop in a couple of minutes,CREMA-D,1.0,well stop in a couple of minutes
clip_03179,test,11 oclock,CREMA-D,0.8182,its 11 oclock
clip_05289,train,dont forget a jacket,CREMA-D,1.0,dont forget a jacket
clip_05279,train,dont forget a jacket,CREMA-D,1.0,dont forget a jacket
clip_03449,train,the airplane is almost full,CREMA-D,1.0,the airplane is almost full
clip_02716,train,the airplane is almost full,CREMA-D,1.0,the airplane is almost full
clip_09137,train,im on my way to the meeting,CREMA-D,1.0,im on my way to the meeting
clip_00464,train,the surface is slick,CREMA-D,1.0,the surface is slick
clip_00451,train,well stop in a couple of minutes,CREMA-D,1.0,well stop in a couple of minutes
clip_09240,train,i think i have a doctors appointment,CREMA-D,1.0,i think i have a doctors appointment
clip_05167,train,i would like a new alarm clock,CREMA-D,1.0,i would like a new alarm clock
clip_03543,train,its 11,UNKNOWN,0.6316,its 11 oclock
clip_09536,train,im on my way to the meeting,CREMA-D,1.0,im on my way to the meeting
clip_03497,train,that is exactly what happened,CREMA-D,1.0,that is exactly what happened
clip_08630,train,that is exactly what happened,CREMA-D,1.0,that is exactly what happened
clip_07157,test,that is exactly what happened,CREMA-D,1.0,that is exactly what happened
clip_05475,test,i wonder what this is about,CREMA-D,1.0,i wonder what this is about
clip_09559,train,the surface is slick,CREMA-D,1.0,the surface is slick
clip_08555,train,i think ive seen this before,CREMA-D,1.0,i think ive seen this before
clip_03605,train,dont forget to jack it,CREMA-D,0.8571,dont forget a jacket
clip_04021,test,the surface is slick,CREMA-D,1.0,the surface is slick
clip_04022,test,dont forget to check it,CREMA-D,0.7442,dont forget a jacket
clip_03983,test,i wonder what this is about,CREMA-D,1.0,i wonder what this is about
clip_00728,train,i think i have a doctors appointment,CREMA-D,1.0,i think i have a doctors appointment
clip_09245,train,i wonder what this is about,CREMA-D,1.0,i wonder what this is about
clip_01106,train,i was like a new alarm clock,CREMA-D,0.8966,i would like a new alarm clock
clip_05152,train,its 11 oclock,CREMA-D,1.0,its 11 oclock
clip_00032,train,maybe tomorrow will be cold,CREMA-D,0.9474,maybe tomorrow it will be cold
clip_10744,test,that is exactly what happened,CREMA-D,1.0,that is exactly what happened
clip_06577,train,i think i have a doctors appointment,CREMA-D,1.0,i think i have a doctors appointment
clip_01098,train,well stop in a couple of minutes,CREMA-D,1.0,well stop in a couple of minutes
clip_10885,train,im on my way to the meeting,CREMA-D,1.0,im on my way to the meeting
clip_10175,train,the surface is slick,CREMA-D,1.0,the surface is slick
clip_01115,train,that is exactly what happened,CREMA-D,1.0,that is exactly what happened
clip_04268,train,i would like a new alarm clock,CREMA-D,1.0,i would like a new alarm clock
clip_01053,train,its 11 oclock,CREMA-D,1.0,its 11 oclock
clip_08437,train,im on my way to the meeting,CREMA-D,1.0,im on my way to the meeting
clip_09688,train,i wonder what this is about,CREMA-D,1.0,i wonder what this is about
clip_01825,train,the airplane is almost full,CREMA-D,1.0,the airplane is almost full
clip_01804,train,its 11 oclock,CREMA-D,1.0,its 11 oclock
clip_01501,train,that is exactly what happened,CREMA-D,1.0,that is exactly what happened
clip_00677,train,the surface is slick,CREMA-D,1.0,the surface is slick
clip_00680,train,the airplane is almost full,CREMA-D,1.0,the airplane is almost full
clip_04869,train,i think ive seen this before,CREMA-D,1.0,i think ive seen this before
clip_10704,train,that is exactly what happened,CREMA-D,1.0,that is exactly what happened
clip_00397,test,well stop in a couple of minutes,CREMA-D,1.0,well stop in a couple of minutes
clip_01929,test,dont forget to jack it,CREMA-D,0.8571,dont forget a jacket
clip_00827,train,dont forget a jacket,CREMA-D,1.0,dont forget a jacket
clip_07732,train,that is exactly what happened,CREMA-D,1.0,that is exactly what happened
clip_06959,test,i think i have a doctors appointment,CREMA-D,1.0,i think i have a doctors appointment
clip_02034,train,dont forget a jacket,CREMA-D,1.0,dont forget a jacket
clip_08439,train,dont forget to jack it,CREMA-D,0.8571,dont forget a jacket
clip_06759,train,i wonder what this is about,CREMA-D,1.0,i wonder what this is about
clip_02505,test,im on my way to the meeting,CREMA-D,1.0,im on my way to the meeting
clip_07651,train,i wonder what this is about,CREMA-D,1.0,i wonder what this is about
clip_03615,train,i think i have a doctors appointment,CREMA-D,1.0,i think i have a doctors appointment
clip_03618,train,11 oclock,CREMA-D,0.8182,its 11 oclock
clip_00370,train,well stop in a couple of minutes,CREMA-D,1.0,well stop in a couple of minutes
clip_06022,train,i think i have a doctors appointment,CREMA-D,1.0,i think i have a doctors appointment
clip_06006,train,i would like a new alarm clock,CREMA-D,1.0,i would like a new alarm clock
clip_09217,test,its 11 oclock,CREMA-D,1.0,its 11 oclock
clip_02247,train,im on my way to the meeting,CREMA-D,1.0,im on my way to the meeting
clip_02055,train,i look like a new alarm clock,CREMA-D,0.8814,i would like a new alarm clock
clip_02821,train,i think ive seen this before,CREMA-D,1.0,i think ive seen this before
clip_10815,train,i think i have a doctors appointment,CREMA-D,1.0,i think i have a doctors appointment
clip_09436,train,maybe tomorrow will be cold,CREMA-D,0.9474,maybe tomorrow it will be cold
clip_02231,train,i think ive seen this before,CREMA-D,1.0,i think ive seen this before
clip_01727,test,the surface is slick,CREMA-D,1.0,the surface is slick
clip_01759,test,its 11 oclock,CREMA-D,1.0,its 11 oclock
clip_01702,test,well stop in a couple of minutes,CREMA-D,1.0,well stop in a couple of minutes
clip_04215,train,i would like a new alarm clock,CREMA-D,1.0,i would like a new alarm clock
clip_02748,test,i think i have a doctors appointment,CREMA-D,1.0,i think i have a doctors appointment
clip_08168,train,that is exactly what happened,CREMA-D,1.0,that is exactly what happened
clip_08043,train,the surface is slick,CREMA-D,1.0,the surface is slick
clip_08036,train,i think i have a doctors appointment,CREMA-D,1.0,i think i have a doctors appointment
clip_08037,train,that is exactly what happened to him,CREMA-D,0.8923,that is exactly what happened
clip_04354,train,well stop in a couple of minutes,CREMA-D,1.0,well stop in a couple of minutes
clip_10850,train,i think i have a doctors appointment,CREMA-D,1.0,i think i have a doctors appointment
clip_04162,train,im on my way to the meeting,CREMA-D,1.0,im on my way to the meeting
clip_04430,train,well stop on a couple of minutes,CREMA-D,0.9688,well stop in a couple of minutes
clip_07462,test,dont forget a jacket,CREMA-D,1.0,dont forget a jacket
clip_02983,train,dont forget in jacket,CREMA-D,0.9268,dont forget a jacket
clip_02944,train,dont forget a jacket,CREMA-D,1.0,dont forget a jacket
clip_09805,train,that is exactly what happened,CREMA-D,1.0,that is exactly what happened
clip_09049,train,maybe tomorrow it will be cold,CREMA-D,1.0,maybe tomorrow it will be cold
clip_07287,train,the surface is slick,CREMA-D,1.0,the surface is slick
clip_05075,test,its 11 oclock,CREMA-D,1.0,its 11 oclock
clip_00063,train,dont forget a jacket,CREMA-D,1.0,dont forget a jacket
clip_00131,train,its 11 oclock,CREMA-D,1.0,its 11 oclock
clip_06738,train,i wonder what this is about,CREMA-D,1.0,i wonder what this is about
clip_09499,train,11 oclock,CREMA-D,0.8182,its 11 oclock
clip_09417,train,i wonder what this is about,CREMA-D,1.0,i wonder what this is about
clip_03749,test,im on my way to the meeting,CREMA-D,1.0,im on my way to the meeting
clip_03759,test,dont forget a jacket,CREMA-D,1.0,dont forget a jacket
clip_03679,test,well stop in a couple of minutes,CREMA-D,1.0,well stop in a couple of minutes
clip_02999,train,i wonder what this is about,CREMA-D,1.0,i wonder what this is about
clip_00578,train,its 11 oclock,CREMA-D,1.0,its 11 oclock
clip_01657,train,the airplane is almost full,CREMA-D,1.0,the airplane is almost full
clip_09834,train,well stop in a couple of minutes,CREMA-D,1.0,well stop in a couple of minutes
clip_09811,train,i would like a new alarm clock,CREMA-D,1.0,i would like a new alarm clock
clip_03039,train,i think ive seen this before,CREMA-D,1.0,i think ive seen this before
clip_08964,train,im on my way to the meeting,CREMA-D,1.0,im on my way to the meeting
clip_10241,train,the airplane is almost full,CREMA-D,1.0,the airplane is almost full
clip_04455,train,the airplane is almost full,CREMA-D,1.0,the airplane is almost full
clip_04414,train,im on my way to the meeting,CREMA-D,1.0,im on my way to the meeting
clip_03198,train,that is exactly what happened,CREMA-D,1.0,that is exactly what happened
clip_09594,train,im on my way to the meeting,CREMA-D,1.0,im on my way to the meeting
clip_09583,train,its 11 oclock,CREMA-D,1.0,its 11 oclock
clip_08237,train,its 11 oclock,CREMA-D,1.0,its 11 oclock
clip_08238,train,i think i have a doctors appointment,CREMA-D,1.0,i think i have a doctors appointment
clip_05947,test,service is slick,CREMA-D,0.7222,the surface is slick
clip_05955,test,that is exactly what happened,CREMA-D,1.0,that is exactly what happened
clip_00975,train,i would like a new alarm clock,CREMA-D,1.0,i would like a new alarm clock
clip_00979,train,the airplane is almost full,CREMA-D,1.0,the airplane is almost full
clip_04626,train,the airplane is almost full,CREMA-D,1.0,the airplane is almost full
clip_04570,train,i wonder what this is about,CREMA-D,1.0,i wonder what this is about
clip_05446,train,maybe tomorrow it will be cooled,CREMA-D,0.9677,maybe tomorrow it will be cold
clip_05451,train,i wonder what this is about,CREMA-D,1.0,i wonder what this is about
clip_06585,train,maybe tomorrow it will be cold,CREMA-D,1.0,maybe tomorrow it will be cold
clip_04641,train,the surface is slick,CREMA-D,1.0,the surface is slick
clip_09099,train,its a love and a clock,UNKNOWN,0.6286,its 11 oclock
clip_07646,test,its 11 oclock,CREMA-D,1.0,its 11 oclock
clip_09785,train,the airplane is almost full,CREMA-D,1.0,the airplane is almost full
clip_03075,train,i think ive seen this before,CREMA-D,1.0,i think ive seen this before
clip_01652,train,well stop in a couple of minutes,CREMA-D,1.0,well stop in a couple of minutes
clip_05514,train,i wonder what this is about,CREMA-D,1.0,i wonder what this is about
clip_04549,train,i think ive seen this before,CREMA-D,1.0,i think ive seen this before
clip_08231,train,its 11 oclock,CREMA-D,1.0,its 11 oclock
clip_08210,train,its 11 oclock,CREMA-D,1.0,its 11 oclock
clip_01997,train,i wonder what this is about,CREMA-D,1.0,i wonder what this is about
clip_09100,train,the surface is slick,CREMA-D,1.0,the surface is slick
clip_07890,train,well stop in a couple of minutes,CREMA-D,1.0,well stop in a couple of minutes
clip_04660,train,i would like a new alarm clock,CREMA-D,1.0,i would like a new alarm clock
clip_06805,train,i think i have a doctors appointment,CREMA-D,1.0,i think i have a doctors appointment
clip_06294,train,maybe tomorrow it will be cold,CREMA-D,1.0,maybe tomorrow it will be cold
clip_00856,test,i would like a new alarm clock,CREMA-D,1.0,i would like a new alarm clock
clip_08327,train,well stop in a couple of minutes,CREMA-D,1.0,well stop in a couple of minutes
clip_08358,train,maybe tomorrow it will be cold,CREMA-D,1.0,maybe tomorrow it will be cold
clip_01230,train,the airplane is almost full,CREMA-D,1.0,the airplane is almost full
clip_01205,train,i think ive seen this before,CREMA-D,1.0,i think ive seen this before
clip_05761,train,i would like a new alarm clock,CREMA-D,1.0,i would like a new alarm clock
clip_01568,train,dont forget it jacket,CREMA-D,0.9268,dont forget a jacket
clip_03185,train,maybe tomorrow it will be cold,CREMA-D,1.0,maybe tomorrow it will be cold
clip_05188,test,its 11 oclock,CREMA-D,1.0,its 11 oclock
clip_00631,test,its 11 oclock,CREMA-D,1.0,its 11 oclock
clip_07262,test,its 11 oclock,CREMA-D,1.0,its 11 oclock
clip_03226,train,that is exactly what happened,CREMA-D,1.0,that is exactly what happened
clip_07298,test,dont forget a jacket,CREMA-D,1.0,dont forget a jacket
clip_02375,test,well stop in a couple of minutes,CREMA-D,1.0,well stop in a couple of minutes
clip_00567,train,the surface is slick,CREMA-D,1.0,the surface is slick
clip_10568,train,that is exactly what happened,CREMA-D,1.0,that is exactly what happened
clip_10571,train,im on my way to the meeting,CREMA-D,1.0,im on my way to the meeting
clip_10559,train,the surface is slick,CREMA-D,1.0,the surface is slick
clip_07220,train,maybe tomorrow will be cold,CREMA-D,0.9474,maybe tomorrow it will be cold
clip_07166,train,the airplane is almost full,CREMA-D,1.0,the airplane is almost full
clip_01567,train,im on my way to the meeting,CREMA-D,1.0,im on my way to the meeting
clip_01576,train,im on my way to the meeting,CREMA-D,1.0,im on my way to the meeting
clip_09727,train,dont forget a jacket,CREMA-D,1.0,dont forget a jacket
clip_07173,train,say the word hurl,TESS,1.0,say the word
clip_05731,train,say the word haze,TESS,1.0,say the word
clip_01954,train,say the word chair,TESS,1.0,say the word
clip_02475,train,say the word dime,TESS,1.0,say the word
clip_08808,train,say the word whip,TESS,1.0,say the word
clip_07514,train,say the word mob,TESS,1.0,say the word
clip_01831,train,say the word chief,TESS,1.0,say the word
clip_08027,train,say the word vine,TESS,1.0,say the word
clip_07412,train,say the word gun,TESS,1.0,say the word
clip_01238,train,say the word fall,TESS,1.0,say the word
clip_03392,train,say the word lose,TESS,1.0,say the word
clip_08469,train,say the word for,TESS,1.0,say the word
clip_08563,train,say the word mode,TESS,1.0,say the word
clip_10236,train,say the word came,TESS,1.0,say the word
clip_10202,train,say the word chalk,TESS,1.0,say the word
clip_02565,train,say the word keen,TESS,1.0,say the word
clip_09278,train,say the word limb,TESS,1.0,say the word
clip_10245,train,say the word third,TESS,1.0,say the word
clip_00550,train,say the word rot,TESS,1.0,say the word
clip_02065,train,say the word purl,TESS,1.0,say the word
clip_09066,train,say the word wife,TESS,1.0,say the word
clip_06645,train,say the word time,TESS,1.0,say the word
clip_09822,train,say the word shout,TESS,1.0,say the word
clip_02636,train,say the word lot,TESS,1.0,say the word
clip_09314,train,say the word vote,TESS,1.0,say the word
clip_03782,train,say the word death,TESS,1.0,say the word
clip_09733,train,say the word hall,TESS,1.0,say the word
clip_08709,train,say the word shaq,TESS,1.0,say the word
clip_10368,train,say the word far,TESS,1.0,say the word
clip_08431,train,say the word dog,TESS,1.0,say the word
clip_07250,train,say the word live,TESS,1.0,say the word
clip_09725,train,say the word luck,TESS,1.0,say the word
clip_02111,train,say the word came,TESS,1.0,say the word
clip_00740,train,say the word dog,TESS,1.0,say the word
clip_01412,train,say the word fat,TESS,1.0,say the word
clip_08120,train,say the word king,TESS,1.0,say the word
clip_07939,train,say the word void,TESS,1.0,say the word
clip_06933,train,say the word food,TESS,1.0,say the word
clip_03511,train,say the word voice,TESS,1.0,say the word
clip_08084,train,say the word note,TESS,1.0,say the word
clip_05172,train,say the word mess,TESS,1.0,say the word
clip_03513,train,say the word said,TESS,1.0,say the word
clip_07715,train,say the word note,TESS,1.0,say the word
clip_08106,train,say the word weaned,TESS,1.0,say the word
clip_01325,train,say the word met,TESS,1.0,say the word
clip_06621,train,say the word which,TESS,1.0,say the word
clip_06958,train,say the word base,TESS,1.0,say the word
clip_08678,train,say the word weak,TESS,1.0,say the word
clip_03135,train,say the word king,TESS,1.0,say the word
clip_00029,train,say the word make,TESS,1.0,say the word
clip_07569,train,say the word mouse,TESS,1.0,say the word
clip_10114,train,say the word tool,TESS,1.0,say the word
clip_10380,train,say the word nice,TESS,1.0,say the word
clip_01758,train,say the word bar,TESS,1.0,say the word
clip_05683,train,say the word reach,TESS,1.0,say the word
clip_02118,train,its 11 oclock,CREMA-D,1.0,its 11 oclock
clip_02098,train,im on my way to the meeting,CREMA-D,1.0,im on my way to the meeting
clip_08123,train,i wonder what this is about,CREMA-D,1.0,i wonder what this is about
clip_00111,train,the airplane is almost full,CREMA-D,1.0,the airplane is almost full
clip_06752,train,well stop in a couple of minutes,CREMA-D,1.0,well stop in a couple of minutes
clip_09529,train,well stop in a couple of minutes,CREMA-D,1.0,well stop in a couple of minutes
clip_09492,train,dont forget a jacket,CREMA-D,1.0,dont forget a jacket
clip_05674,train,im on my way to the meeting,CREMA-D,1.0,im on my way to the meeting
clip_02955,train,i wonder what this is about,CREMA-D,1.0,i wonder what this is about
clip_07299,train,well stop at a couple of minutes,CREMA-D,0.9375,well stop in a couple of minutes
clip_05119,test,im on my way to the meeting,CREMA-D,1.0,im on my way to the meeting
clip_05659,train,maybe tomorrow will be cold,CREMA-D,0.9474,maybe tomorrow it will be cold
clip_02918,train,the airplane is almost full,CREMA-D,1.0,the airplane is almost full
clip_02946,train,all my ways to the meeting,CREMA-D,0.8302,im on my way to the meeting
clip_02897,train,i think i have a doctors appointment,CREMA-D,1.0,i think i have a doctors appointment
clip_02884,train,that is exactly what happened,CREMA-D,1.0,that is exactly what happened
clip_02148,train,the airplane is almost full,CREMA-D,1.0,the airplane is almost full
clip_04330,train,its 11 oclock,CREMA-D,1.0,its 11 oclock
clip_04318,train,dont forget to jack it,CREMA-D,0.8571,dont forget a jacket
clip_04312,train,im on my way to the meeting,CREMA-D,1.0,im on my way to the meeting
clip_04272,train,that is exactly what happened,CREMA-D,1.0,that is exactly what happened
clip_04130,train,the airplane is almost full,CREMA-D,1.0,the airplane is almost full
clip_04222,train,the surface is slick,CREMA-D,1.0,the surface is slick
clip_02168,train,i would like a new alarm clock,CREMA-D,1.0,i would like a new alarm clock
clip_00152,train,i think ive seen this before,CREMA-D,1.0,i think ive seen this before
clip_02100,train,dont forget to check it,CREMA-D,0.7442,dont forget a jacket
clip_01078,train,its 11 oclock,CREMA-D,1.0,its 11 oclock
clip_00185,train,maybe tomorrow it will be cold,CREMA-D,1.0,maybe tomorrow it will be cold
clip_09486,train,i would like a new alarm clock,CREMA-D,1.0,i would like a new alarm clock
clip_06788,train,the airplane is almost full,CREMA-D,1.0,the airplane is almost full
clip_10374,train,well stop in a couple of minutes,CREMA-D,1.0,well stop in a couple of minutes
clip_05059,train,its 11 oclock,CREMA-D,1.0,its 11 oclock
clip_10425,train,well stop in a couple of minutes,CREMA-D,1.0,well stop in a couple of minutes
clip_10424,train,the airplane is almost full,CREMA-D,1.0,the airplane is almost full
clip_01364,train,its 11 oclock,CREMA-D,1.0,its 11 oclock
clip_01335,train,the airplane is almost full,CREMA-D,1.0,the airplane is almost full
clip_08004,test,i wonder what this is about,CREMA-D,1.0,i wonder what this is about
clip_03463,train,i would like a new alarm clock,CREMA-D,1.0,i would like a new alarm clock
clip_01442,train,will stop in a couple of minutes,CREMA-D,0.9688,well stop in a couple of minutes
clip_09930,train,dont forget a jacket,CREMA-D,1.0,dont forget a jacket
clip_05140,train,maybe tomorrow it will be cold,CREMA-D,1.0,maybe tomorrow it will be cold
clip_05110,train,the surface is slick,CREMA-D,1.0,the surface is slick
clip_03959,test,the surface is slick,CREMA-D,1.0,the surface is slick
clip_04656,test,that is exactly what happened,CREMA-D,1.0,that is exactly what happened
clip_01904,train,its 11 oclock,CREMA-D,1.0,its 11 oclock
clip_01469,test,maybe tomorrow will be cold,CREMA-D,0.9474,maybe tomorrow it will be cold
clip_06073,train,the surface is slick,CREMA-D,1.0,the surface is slick
clip_02551,train,the airplane is almost full,CREMA-D,1.0,the airplane is almost full
clip_09181,train,i think i have a doctors appointment,CREMA-D,1.0,i think i have a doctors appointment
clip_00368,train,dont forget a jacket,CREMA-D,1.0,dont forget a jacket
clip_03471,train,that is exactly what happened,CREMA-D,1.0,that is exactly what happened
clip_08694,train,well stop in a couple of minutes,CREMA-D,1.0,well stop in a couple of minutes
clip_08698,train,that is exactly what happened,CREMA-D,1.0,that is exactly what happened
clip_05252,train,the airplane is on his pole,CREMA-D,0.7037,the airplane is almost full
clip_08605,train,maybe tomorrow it will be cold,CREMA-D,1.0,maybe tomorrow it will be cold
clip_03466,train,i think ive seen this before,CREMA-D,1.0,i think ive seen this before
clip_01897,test,i think ive seen this before,CREMA-D,1.0,i think ive seen this before
clip_03793,train,the surface is slick,CREMA-D,1.0,the surface is slick
clip_06793,test,i wonder what this is about,CREMA-D,1.0,i wonder what this is about
clip_03637,train,the surface is slick,CREMA-D,1.0,the surface is slick
clip_07673,train,that is exactly what happened,CREMA-D,1.0,that is exactly what happened
clip_00777,train,the surface is slick,CREMA-D,1.0,the surface is slick
clip_09710,test,i wonder what this is about,CREMA-D,1.0,i wonder what this is about
clip_09160,train,i think i have a doctors appointment,CREMA-D,1.0,i think i have a doctors appointment
clip_07791,test,its a little in a clock,UNKNOWN,0.5556,its 11 oclock
clip_09929,train,well stop at a couple of minutes,CREMA-D,0.9375,well stop in a couple of minutes
clip_08485,train,i think ive seen this before,CREMA-D,1.0,i think ive seen this before
clip_08475,train,well stop in a couple of minutes,CREMA-D,1.0,well stop in a couple of minutes
clip_04883,train,i think ive seen this before,CREMA-D,1.0,i think ive seen this before
clip_08476,train,i think ive seen this before,CREMA-D,1.0,i think ive seen this before
clip_04864,train,im on my way to the meeting,CREMA-D,1.0,im on my way to the meeting
clip_03758,train,the service is slick,CREMA-D,0.85,the surface is slick
clip_04985,train,im on my way to the meeting,CREMA-D,1.0,im on my way to the meeting
clip_00850,train,i think ive seen this before,CREMA-D,1.0,i think ive seen this before
clip_10363,train,dont forget a jacket,CREMA-D,1.0,dont forget a jacket
clip_10351,train,i would like a new alarm clock,CREMA-D,1.0,i would like a new alarm clock
clip_10333,train,the surface is slick,CREMA-D,1.0,the surface is slick
clip_10325,train,the surface is slick,CREMA-D,1.0,the surface is slick
clip_10243,test,i think i have a doctors appointment,CREMA-D,1.0,i think i have a doctors appointment
clip_06083,train,i would like a new alarm clock,CREMA-D,1.0,i would like a new alarm clock
clip_02583,train,i wonder what this is about,CREMA-D,1.0,i wonder what this is about
clip_02585,train,dont forget to check it,CREMA-D,0.7442,dont forget a jacket
clip_08930,test,the airplane is almost full,CREMA-D,1.0,the airplane is almost full
clip_09875,train,its 11 oclock,CREMA-D,1.0,its 11 oclock
clip_01483,train,its 11 oclock,CREMA-D,1.0,its 11 oclock
clip_10462,train,im on my way to the meeting,CREMA-D,1.0,im on my way to the meeting
clip_07030,train,the surface is slick,CREMA-D,1.0,the surface is slick
clip_05898,train,i would like a new long clock,CREMA-D,0.8814,i would like a new alarm clock
clip_01420,train,i think i have a doctors appointment,CREMA-D,1.0,i think i have a doctors appointment
clip_02649,train,im on my way to the meeting,CREMA-D,1.0,im on my way to the meeting
clip_02634,train,its 11 oclock,CREMA-D,1.0,its 11 oclock
clip_02638,train,i think ive seen this before,CREMA-D,1.0,i think ive seen this before
clip_09679,train,its 11 oclock,CREMA-D,1.0,its 11 oclock
clip_02625,train,dont forget a jacket,CREMA-D,1.0,dont forget a jacket
clip_07570,train,dont forget a jacket,CREMA-D,1.0,dont forget a jacket
clip_10441,train,i wonder what this is about,CREMA-D,1.0,i wonder what this is about
clip_02705,train,dont forget the jacket,CREMA-D,0.9048,dont forget a jacket
clip_10021,train,dont forget a jacket,CREMA-D,1.0,dont forget a jacket
clip_10005,train,11 oclock,CREMA-D,0.8182,its 11 oclock
clip_01288,train,i think ive seen this before,CREMA-D,1.0,i think ive seen this before
clip_03806,train,i would like a new alarm clock,CREMA-D,1.0,i would like a new alarm clock
clip_05379,train,its 11 oclock,CREMA-D,1.0,its 11 oclock
clip_05381,train,i would like a new alarm clock,CREMA-D,1.0,i would like a new alarm clock
clip_00710,train,its 11 oclock,CREMA-D,1.0,its 11 oclock
clip_09298,train,11 oclock,CREMA-D,0.8182,its 11 oclock
clip_03730,train,the airplane is almost 4,CREMA-D,0.902,the airplane is almost full
clip_08499,train,the airplane is almost full,CREMA-D,1.0,the airplane is almost full
clip_09639,train,i wonder what this is about,CREMA-D,1.0,i wonder what this is about
clip_00249,train,dont forget a jacket,CREMA-D,1.0,dont forget a jacket
clip_10715,train,i think ive seen this before,CREMA-D,1.0,i think ive seen this before
clip_03121,test,its 11 oclock,CREMA-D,1.0,its 11 oclock
clip_03818,train,i think ive seen this before,CREMA-D,1.0,i think ive seen this before
clip_07534,train,its 11 oclock,CREMA-D,1.0,its 11 oclock
clip_02815,train,i think ive seen this before,CREMA-D,1.0,i think ive seen this before
clip_08713,train,i think ive seen this before,CREMA-D,1.0,i think ive seen this before
clip_09152,train,dont forget a jacket,CREMA-D,1.0,dont forget a jacket
clip_05287,train,i wonder what this is about,CREMA-D,1.0,i wonder what this is about
clip_00458,train,its 11 oclock,CREMA-D,1.0,its 11 oclock
clip_06190,train,its 11 oclock,CREMA-D,1.0,its 11 oclock
clip_00877,train,i think ive seen this before,CREMA-D,1.0,i think ive seen this before
clip_10304,train,its 11 oclock,CREMA-D,1.0,its 11 oclock
clip_10311,train,i am on my way to the meeting,CREMA-D,0.9643,im on my way to the meeting
clip_10067,train,well stop in a couple of minutes,CREMA-D,1.0,well stop in a couple of minutes
clip_05817,test,dont forget a jacket,CREMA-D,1.0,dont forget a jacket
clip_08415,train,the surface is slick,CREMA-D,1.0,the surface is slick
clip_04778,train,i think i have doctors appointment,CREMA-D,0.9714,i think i have a doctors appointment
clip_00881,train,the surface is slick,CREMA-D,1.0,the surface is slick
clip_05270,train,i would like to know a long clock,CREMA-D,0.7937,i would like a new alarm clock
clip_06690,train,dont forget it jacket,CREMA-D,0.9268,dont forget a jacket
clip_10565,test,the airplane is almost full,CREMA-D,1.0,the airplane is almost full
clip_06713,train,its 11 oclock,CREMA-D,1.0,its 11 oclock
clip_04390,train,well stop at a couple of minutes,CREMA-D,0.9375,well stop in a couple of minutes
clip_06836,train,its 11 oclock,CREMA-D,1.0,its 11 oclock
clip_10390,test,i think i have a doctors appointment,CREMA-D,1.0,i think i have a doctors appointment
clip_03089,test,im on my way to the meeting,CREMA-D,1.0,im on my way to the meeting
clip_03019,test,well stop in a couple of minutes,CREMA-D,1.0,well stop in a couple of minutes
clip_05701,train,that is exactly what happened,CREMA-D,1.0,that is exactly what happened
clip_02932,test,the airplane is almost full,CREMA-D,1.0,the airplane is almost full
clip_01931,train,i think i have a doctors appointment,CREMA-D,1.0,i think i have a doctors appointment
clip_06687,test,its 11 oclock,CREMA-D,1.0,its 11 oclock
clip_08250,test,the surface is slick,CREMA-D,1.0,the surface is slick
clip_02415,train,well stop in a couple of minutes,CREMA-D,1.0,well stop in a couple of minutes
clip_06257,train,maybe tomorrow will be cold,CREMA-D,0.9474,maybe tomorrow it will be cold
clip_06265,train,i think i have a doctors appointment,CREMA-D,1.0,i think i have a doctors appointment
clip_05423,train,i would like a new alarm clock,CREMA-D,1.0,i would like a new alarm clock
clip_03296,train,well stop in a couple of minutes,CREMA-D,1.0,well stop in a couple of minutes
clip_03290,train,the airplane is almost full,CREMA-D,1.0,the airplane is almost full
clip_05499,train,well stop in a couple of minutes,CREMA-D,1.0,well stop in a couple of minutes
clip_03231,train,well stop in a couple of minutes,CREMA-D,1.0,well stop in a couple of minutes
clip_03190,train,i wonder what this is about,CREMA-D,1.0,i wonder what this is about
clip_00637,train,they mourned my way to the meeting,CREMA-D,0.8197,im on my way to the meeting
clip_03559,test,i wonder what this is about,CREMA-D,1.0,i wonder what this is about
clip_07158,train,dont forget a jacket,CREMA-D,1.0,dont forget a jacket
clip_05799,train,i wonder what this is about,CREMA-D,1.0,i wonder what this is about
clip_05770,train,i want my way to the meeting,CREMA-D,0.9091,im on my way to the meeting
clip_05775,train,i would like a new alarm clock,CREMA-D,1.0,i would like a new alarm clock
clip_02209,test,maybe tomorrow it will be cold,CREMA-D,1.0,maybe tomorrow it will be cold
clip_07730,test,i think i have a doctors appointment,CREMA-D,1.0,i think i have a doctors appointment
clip_07178,train,i think i have a doctors appointment,CREMA-D,1.0,i think i have a doctors appointment
clip_00723,test,its 11 oclock,CREMA-D,1.0,its 11 oclock
clip_08320,train,i think ive seen this before,CREMA-D,1.0,i think ive seen this before
clip_09333,train,i would like a new alarm clock,CREMA-D,1.0,i would like a new alarm clock
clip_01076,test,dont forget a jacket,CREMA-D,1.0,dont forget a jacket
clip_01084,test,the surface is slick,CREMA-D,1.0,the surface is slick
clip_00943,test,that is exactly what happened,CREMA-D,1.0,that is exactly what happened
clip_01228,train,well snap on a couple of minutes,CREMA-D,0.9062,well stop in a couple of minutes
clip_01190,train,the service is slick,CREMA-D,0.85,the surface is slick
clip_09375,train,i think ive seen this before,CREMA-D,1.0,i think ive seen this before
clip_06817,train,i wonder what this is about,CREMA-D,1.0,i wonder what this is about
clip_06858,train,well stop in a couple of minutes,CREMA-D,1.0,well stop in a couple of minutes
clip_04415,test,so im gonna clock,UNKNOWN,0.4667,its 11 oclock
clip_02485,train,its 11 oclock,CREMA-D,1.0,its 11 oclock
clip_04561,train,i think i have a doctors appointment,CREMA-D,1.0,i think i have a doctors appointment
clip_01967,train,i would like a new alarm clock,CREMA-D,1.0,i would like a new alarm clock
clip_08134,test,i think i have a doctors appointment,CREMA-D,1.0,i think i have a doctors appointment
clip_02136,test,the surface is slick,CREMA-D,1.0,the surface is slick
clip_02127,test,its 11 oclock,CREMA-D,1.0,its 11 oclock
clip_07832,test,its 11 oclock,CREMA-D,1.0,its 11 oclock
clip_03064,train,the surface is slick,CREMA-D,1.0,the surface is slick
clip_07420,train,i think i have a doctors appointment,CREMA-D,1.0,i think i have a doctors appointment
clip_01723,train,i think ive seen this before,CREMA-D,1.0,i think ive seen this before
clip_03950,train,maybe tomorrow it will be cold,CREMA-D,1.0,maybe tomorrow it will be cold
clip_00565,test,well stop at a couple of minutes,CREMA-D,0.9375,well stop in a couple of minutes
clip_05216,test,the airplane is almost full,CREMA-D,1.0,the airplane is almost full
clip_07948,train,maybe tomorrow will be cold,CREMA-D,0.9474,maybe tomorrow it will be cold
clip_04109,train,maybe tomorrow it will be cold,CREMA-D,1.0,maybe tomorrow it will be cold
clip_04095,train,i think i have a doctors appointment,CREMA-D,1.0,i think i have a doctors appointment
clip_03926,train,that is exactly what happened,CREMA-D,1.0,that is exactly what happened
clip_10322,test,im on my way to the meeting,CREMA-D,1.0,im on my way to the meeting
clip_10514,test,its 11 oclock,CREMA-D,1.0,its 11 oclock
clip_09399,train,i think i have a doctors appointment,CREMA-D,1.0,i think i have a doctors appointment
clip_04089,train,i think ive seen this before,CREMA-D,1.0,i think ive seen this before
clip_10857,train,maybe tomorrow will be cold,CREMA-D,0.9474,maybe tomorrow it will be cold
clip_04303,test,maybe tomorrow it will be cold,CREMA-D,1.0,maybe tomorrow it will be cold
clip_10638,test,dont forget to check it,CREMA-D,0.7442,dont forget a jacket
clip_06699,train,the surface is slick,CREMA-D,1.0,the surface is slick
clip_00188,train,i wonder what this is about,CREMA-D,1.0,i wonder what this is about
clip_01105,train,the surface is slick,CREMA-D,1.0,the surface is slick
clip_10656,test,i think ive seen this before,CREMA-D,1.0,i think ive seen this before
clip_00100,train,well stop in a couple of minutes,CREMA-D,1.0,well stop in a couple of minutes
clip_04121,test,i wonder what this is about,CREMA-D,1.0,i wonder what this is about
clip_04074,test,its 11 oclock,CREMA-D,1.0,its 11 oclock
clip_01616,train,its 11 oclock,CREMA-D,1.0,its 11 oclock
clip_08911,train,its 11 oclock,CREMA-D,1.0,its 11 oclock
clip_05653,train,the surface is slick,CREMA-D,1.0,the surface is slick
clip_05697,train,its 11 oclock,CREMA-D,1.0,its 11 oclock
clip_07200,train,i wonder what this is about,CREMA-D,1.0,i wonder what this is about
clip_09016,train,maybe tomorrow it will be cold,CREMA-D,1.0,maybe tomorrow it will be cold
clip_04203,test,im on what way to the meeting,CREMA-D,0.8929,im on my way to the meeting
clip_06444,test,the airplane is almost full,CREMA-D,1.0,the airplane is almost full
clip_05556,train,i think i have a doctors appointment,CREMA-D,1.0,i think i have a doctors appointment
clip_07380,train,that is exactly what happened,CREMA-D,1.0,that is exactly what happened
clip_01145,train,that is exactly what happened,CREMA-D,1.0,that is exactly what happened
clip_01549,train,the surface is slick,CREMA-D,1.0,the surface is slick
clip_06545,test,its 11 oclock,CREMA-D,1.0,its 11 oclock
clip_06486,test,its 11 oclock,CREMA-D,1.0,its 11 oclock
clip_06397,train,im on my way to the meeting,CREMA-D,1.0,im on my way to the meeting
clip_01046,train,i would like a new alarm clock,CREMA-D,1.0,i would like a new alarm clock
clip_08227,train,i think i have a doctors appointment,CREMA-D,1.0,i think i have a doctors appointment
clip_06434,train,dont forget a jacket,CREMA-D,1.0,dont forget a jacket
clip_10215,train,its 11 oclock,CREMA-D,1.0,its 11 oclock
clip_06386,train,well stop in a couple of minutes,CREMA-D,1.0,well stop in a couple of minutes
clip_01649,train,say the word cool,TESS,1.0,say the word
clip_06020,train,say the word five,TESS,1.0,say the word
clip_05684,train,say the word germ,TESS,1.0,say the word
clip_03117,train,say the word join,TESS,1.0,say the word
clip_09712,train,say the word reach,TESS,1.0,say the word
clip_01721,train,say the word size,TESS,1.0,say the word
clip_00551,train,say the word pass,TESS,1.0,say the word
clip_09551,train,say the word lod,TESS,1.0,say the word
clip_07632,train,say the word gun,TESS,1.0,say the word
clip_08661,train,say the word sub,TESS,1.0,say the word
clip_00756,train,say the word tire,TESS,1.0,say the word
clip_04624,train,say the word cell,TESS,1.0,say the word
clip_00407,train,say the word near,TESS,1.0,say the word
clip_05099,train,say the word fail,TESS,1.0,say the word
clip_09403,train,say the word gays,TESS,1.0,say the word
clip_08544,train,say the word make,TESS,1.0,say the word
clip_08656,train,say the word moon,TESS,1.0,say the word
clip_09027,train,say the word raid,TESS,1.0,say the word
clip_06879,train,say the word page,TESS,1.0,say the word
clip_00750,train,say the word jar,TESS,1.0,say the word
clip_02865,train,say the word tire,TESS,1.0,say the word
clip_00544,train,say the word jar,TESS,1.0,say the word
clip_05729,train,say the word book,TESS,1.0,say the word
clip_02441,train,say the word goose,TESS,1.0,say the word
clip_00899,train,say the word life,TESS,1.0,say the word
clip_10651,train,say the word talk,TESS,1.0,say the word
clip_04834,train,say the word cause,TESS,1.0,say the word
clip_06195,train,say the word mop,TESS,1.0,say the word
clip_07245,train,say the word sure,TESS,1.0,say the word
clip_04461,train,say the word cause,TESS,1.0,say the word
clip_00143,train,say the word kill,TESS,1.0,say the word
clip_05902,train,say the word thin,TESS,1.0,say the word
clip_03599,train,say the word tough,TESS,1.0,say the word
clip_00622,train,say the word right,TESS,1.0,say the word
clip_09338,train,say the word seize,TESS,1.0,say the word
clip_04908,train,say the word ring,TESS,1.0,say the word
clip_03589,train,say the word third,TESS,1.0,say the word
clip_06600,train,say the word chief,TESS,1.0,say the word
clip_02364,train,say the word need,TESS,1.0,say the word
clip_08376,train,say the word tape,TESS,1.0,say the word
clip_08153,train,say the word lid,TESS,1.0,say the word
clip_06125,train,say the word but,TESS,1.0,say the word
clip_03974,train,say the word team,TESS,1.0,say the word
clip_02801,train,say the word turn,TESS,1.0,say the word
clip_02515,train,say the word choice,TESS,1.0,say the word
clip_05239,train,say the word sail,TESS,1.0,say the word
clip_05906,train,say the word far,TESS,1.0,say the word
clip_06976,train,say the word mood,TESS,1.0,say the word
clip_06458,train,say the word knock,TESS,1.0,say the word
clip_04352,train,say the word date,TESS,1.0,say the word
clip_08260,train,say the word bone,TESS,1.0,say the word
clip_02310,train,its 11 oclock,CREMA-D,1.0,its 11 oclock
clip_10119,train,the surface is slick,CREMA-D,1.0,the surface is slick
clip_06421,train,its 11 oclock,CREMA-D,1.0,its 11 oclock
clip_01645,train,its 11 oclock,CREMA-D,1.0,its 11 oclock
clip_04205,test,well stop in a couple of minutes,CREMA-D,1.0,well stop in a couple of minutes
clip_04028,test,i think ive seen this before,CREMA-D,1.0,i think ive seen this before
clip_04157,test,i would like a new alarm clock,CREMA-D,1.0,i would like a new alarm clock
clip_00604,train,i think i have a doctors appointment,CREMA-D,1.0,i think i have a doctors appointment
clip_09967,test,im on my way to the meeting,CREMA-D,1.0,im on my way to the meeting
clip_10012,test,i would like a new alarm clock,CREMA-D,1.0,i would like a new alarm clock
clip_09026,train,the airplane is almost full,CREMA-D,1.0,the airplane is almost full
clip_01572,train,i would like a new alarm clock,CREMA-D,1.0,i would like a new alarm clock
clip_01565,train,i would like to do a warm clock,CREMA-D,0.8197,i would like a new alarm clock
clip_04067,train,the surface is slick,CREMA-D,1.0,the surface is slick
clip_02074,train,i am on my way to the meeting,CREMA-D,0.9643,im on my way to the meeting
clip_10419,test,the airplane is almost full,CREMA-D,1.0,the airplane is almost full
clip_07995,train,i think ive seen this before,CREMA-D,1.0,i think ive seen this before
clip_01038,train,its 11 oclock,CREMA-D,1.0,its 11 oclock
clip_01023,train,the surface is slick,CREMA-D,1.0,the surface is slick
clip_04138,train,maybe tomorrow it will be cold,CREMA-D,1.0,maybe tomorrow it will be cold
clip_10207,train,its 11 oclock,CREMA-D,1.0,its 11 oclock
clip_10223,train,i think ive seen this before,CREMA-D,1.0,i think ive seen this before
clip_01015,train,its 11 oclock,CREMA-D,1.0,its 11 oclock
clip_07553,test,dont forget a jacket,CREMA-D,1.0,dont forget a jacket
clip_03040,train,i think i have a doctor in supportment,CREMA-D,0.8649,i think i have a doctors appointment
clip_07338,train,i think i have a doctors appointment,CREMA-D,1.0,i think i have a doctors appointment
clip_07324,train,im all in my way to the meeting,CREMA-D,0.8966,im on my way to the meeting
clip_04315,test,im on my way to the meeting,CREMA-D,1.0,im on my way to the meeting
clip_10865,test,the service is slick,CREMA-D,0.85,the surface is slick
clip_10624,test,i think i have a doctors appointment,CREMA-D,1.0,i think i have a doctors appointment
clip_00024,train,the surface is slick,CREMA-D,1.0,the surface is slick
clip_00922,train,i think i have a doctors appointment,CREMA-D,1.0,i think i have a doctors appointment
clip_00779,test,im on my way to the meeting,CREMA-D,1.0,im on my way to the meeting
clip_01003,train,i think ive seen this before,CREMA-D,1.0,i think ive seen this before
clip_04504,train,that is exactly what happens,CREMA-D,0.9474,that is exactly what happened
clip_01193,train,the surface is slick,CREMA-D,1.0,the surface is slick
clip_10250,train,i wonder what this is about,CREMA-D,1.0,i wonder what this is about
clip_06015,test,that is exactly what happened,CREMA-D,1.0,that is exactly what happened
clip_01180,train,its 11 oclock,CREMA-D,1.0,its 11 oclock
clip_00252,train,i think ive seen this before,CREMA-D,1.0,i think ive seen this before
clip_00555,train,the surface is slick,CREMA-D,1.0,the surface is slick
clip_07232,train,i would like a new alarm clock,CREMA-D,1.0,i would like a new alarm clock
clip_00463,test,or maybe tomorrow it will be cold,CREMA-D,0.9524,maybe tomorrow it will be cold
clip_01195,train,its 11 oclock,CREMA-D,1.0,its 11 oclock
clip_08845,test,the airplane is almost full,CREMA-D,1.0,the airplane is almost full
clip_07309,train,dont forget to check it,CREMA-D,0.7442,dont forget a jacket
clip_05583,train,the airplane is almost full,CREMA-D,1.0,the airplane is almost full
clip_06870,train,i think i have a doctors appointment,CREMA-D,1.0,i think i have a doctors appointment
clip_02455,train,maybe tomorrow it will be cold,CREMA-D,1.0,maybe tomorrow it will be cold
clip_02399,train,the surface is slick,CREMA-D,1.0,the surface is slick
clip_06881,train,the surface is slick,CREMA-D,1.0,the surface is slick
clip_08221,train,the surface is slick,CREMA-D,1.0,the surface is slick
clip_04575,train,dont forget a jacket,CREMA-D,1.0,dont forget a jacket
clip_08129,test,the airplane is almost full,CREMA-D,1.0,the airplane is almost full
clip_04559,train,the surface is slick,CREMA-D,1.0,the surface is slick
clip_06210,train,i wonder what this is about,CREMA-D,1.0,i wonder what this is about
clip_04579,train,the surface is slick,CREMA-D,1.0,the surface is slick
clip_06187,train,the surface is slick,CREMA-D,1.0,the surface is slick
clip_06213,train,that is exactly what happened,CREMA-D,1.0,that is exactly what happened
clip_02021,train,that is exactly what happened,CREMA-D,1.0,that is exactly what happened
clip_00840,test,i think ive seen this before,CREMA-D,1.0,i think ive seen this before
clip_04104,train,its 11 oclock,CREMA-D,1.0,its 11 oclock
clip_08271,train,dont forget to jump it,CREMA-D,0.7143,dont forget a jacket
clip_03582,test,maybe tomorrow it will be cold,CREMA-D,1.0,maybe tomorrow it will be cold
clip_03616,test,its 11 oclock,CREMA-D,1.0,its 11 oclock
clip_02422,train,its 11 oclock,CREMA-D,1.0,its 11 oclock
clip_01192,train,i think i have a doctors appointment,CREMA-D,1.0,i think i have a doctors appointment
clip_04682,train,that is exactly what happened,CREMA-D,1.0,that is exactly what happened
clip_04788,train,i think i have a doctors appointment,CREMA-D,1.0,i think i have a doctors appointment
clip_02617,test,maybe tomorrow will be cold,CREMA-D,0.9474,maybe tomorrow it will be cold
clip_04693,train,the surface is slick,CREMA-D,1.0,the surface is slick
clip_00293,train,its 11 oclock,CREMA-D,1.0,its 11 oclock
clip_07329,test,the surface is slick,CREMA-D,1.0,the surface is slick
clip_02262,test,im on my way to the meeting,CREMA-D,1.0,im on my way to the meeting
clip_05161,test,dont forget a jacket,CREMA-D,1.0,dont forget a jacket
clip_05401,train,dont forget a jacket,CREMA-D,1.0,dont forget a jacket
clip_04738,train,im on my way to the meeting,CREMA-D,1.0,im on my way to the meeting
clip_07834,train,i wonder what this is about,CREMA-D,1.0,i wonder what this is about
clip_10137,test,i wonder what this is about,CREMA-D,1.0,i wonder what this is about
clip_03973,train,i think i have a doctors appointment,CREMA-D,1.0,i think i have a doctors appointment
clip_00977,train,the surface is slick,CREMA-D,1.0,the surface is slick
clip_02289,train,its 11 oclock,CREMA-D,1.0,its 11 oclock
clip_02301,train,i would like a new alarm clock,CREMA-D,1.0,i would like a new alarm clock
clip_09407,train,that is exactly what happened,CREMA-D,1.0,that is exactly what happened
clip_04649,train,i think i have a doctors appointment,CREMA-D,1.0,i think i have a doctors appointment
clip_04616,train,i think ive seen this before,CREMA-D,1.0,i think ive seen this before
clip_10221,train,i wonder what this is about,CREMA-D,1.0,i wonder what this is about
clip_10113,train,i wonder what this is about,CREMA-D,1.0,i wonder what this is about
clip_04293,train,i think i have a doctors appointment,CREMA-D,1.0,i think i have a doctors appointment
clip_01073,train,i think ive seen this before,CREMA-D,1.0,i think ive seen this before
clip_01069,train,the surface is slick,CREMA-D,1.0,the surface is slick
clip_04337,test,the surface is slick,CREMA-D,1.0,the surface is slick
clip_02952,train,maybe tomorrow it will be cold,CREMA-D,1.0,maybe tomorrow it will be cold
clip_02922,train,i wonder what this is about,CREMA-D,1.0,i wonder what this is about
clip_02924,train,the airplane is almost full,CREMA-D,1.0,the airplane is almost full
clip_00026,test,i think ive seen this before,CREMA-D,1.0,i think ive seen this before
clip_06634,train,its 11 oclock,CREMA-D,1.0,its 11 oclock
clip_09433,test,its 11 oclock,CREMA-D,1.0,its 11 oclock
clip_04760,train,the airplane is almost full,CREMA-D,1.0,the airplane is almost full
clip_03264,test,the surface is slick,CREMA-D,1.0,the surface is slick
clip_03852,train,the surface is slick,CREMA-D,1.0,the surface is slick
clip_08390,train,im on my way to the meeting,CREMA-D,1.0,im on my way to the meeting
clip_08413,train,that is exactly what happened,CREMA-D,1.0,that is exactly what happened
clip_03476,test,that is exactly what happened,CREMA-D,1.0,that is exactly what happened
clip_03122,test,the airplane is almost full,CREMA-D,1.0,the airplane is almost full
clip_01305,train,i think ive seen this before,CREMA-D,1.0,i think ive seen this before
clip_03230,train,say the word half,TESS,1.0,say the word
clip_02213,test,maybe tomorrow will be cold,CREMA-D,0.9474,maybe tomorrow it will be cold
clip_07484,train,i think i have a doctors appointment,CREMA-D,1.0,i think i have a doctors appointment
clip_05818,test,that is exactly what happened,CREMA-D,1.0,that is exactly what happened
clip_04844,train,im on my way to the meeting,CREMA-D,1.0,im on my way to the meeting
clip_10701,train,i think ive seen this before,CREMA-D,1.0,i think ive seen this before
clip_09722,train,the airplane is almost full,CREMA-D,1.0,the airplane is almost full
clip_02745,train,the airplane is almost full,CREMA-D,1.0,the airplane is almost full
clip_08929,test,i would like a new alarm clock,CREMA-D,1.0,i would like a new alarm clock
clip_02559,train,i think ive seen this before,CREMA-D,1.0,i think ive seen this before
clip_08800,train,i wonder what this is about,CREMA-D,1.0,i wonder what this is about
clip_10144,test,the surface is slick,CREMA-D,1.0,the surface is slick
clip_08790,train,dont forget to jack it,CREMA-D,0.8571,dont forget a jacket
clip_08479,train,i would like a new alarm clock,CREMA-D,1.0,i would like a new alarm clock
clip_01290,train,i would like a new alarm clock,CREMA-D,1.0,i would like a new alarm clock
clip_05771,train,that is exactly what happened,CREMA-D,1.0,that is exactly what happened
clip_03208,train,i think ive seen this before,CREMA-D,1.0,i think ive seen this before
clip_07164,train,i think i have a doctors appointment,CREMA-D,1.0,i think i have a doctors appointment
clip_10002,train,that is exactly what happened,CREMA-D,1.0,that is exactly what happened
clip_08728,test,i would like to do a long clock,CREMA-D,0.7541,i would like a new alarm clock
clip_03723,train,i would like a new alarm clock,CREMA-D,1.0,i would like a new alarm clock
clip_04633,test,i wonder what this is about,CREMA-D,1.0,i wonder what this is about
clip_02499,test,i would like the new alarm clock,CREMA-D,0.9355,i would like a new alarm clock
clip_07688,train,i think ive seen this before,CREMA-D,1.0,i think ive seen this before
clip_06767,test,the surface is slick,CREMA-D,1.0,the surface is slick
clip_04958,train,the surface is slick,CREMA-D,1.0,the surface is slick
clip_08523,train,i wonder what this is about,CREMA-D,1.0,i wonder what this is about
clip_07442,train,i think ive seen this before,CREMA-D,1.0,i think ive seen this before
clip_00788,train,its 11 oclock,CREMA-D,1.0,its 11 oclock
clip_07149,train,maybe tomorrow it will be cold,CREMA-D,1.0,maybe tomorrow it will be cold
clip_03257,train,that is exactly what happened,CREMA-D,1.0,that is exactly what happened
clip_08810,train,i think ive seen this before,CREMA-D,1.0,i think ive seen this before
clip_08820,train,i would like a new alarm clock,CREMA-D,1.0,i would like a new alarm clock
clip_00478,train,dont forget the jacket,CREMA-D,0.9048,dont forget a jacket
clip_07129,train,im on my way to the meeting,CREMA-D,1.0,im on my way to the meeting
clip_09149,train,well stop in a couple of minutes,CREMA-D,1.0,well stop in a couple of minutes
clip_06862,test,its 11 oclock,CREMA-D,1.0,its 11 oclock
clip_03981,test,maybe tomorrow will be cold,CREMA-D,0.9474,maybe tomorrow it will be cold
clip_09123,train,i wonder what this is about,CREMA-D,1.0,i wonder what this is about
clip_05264,train,im on my way to the meeting,CREMA-D,1.0,im on my way to the meeting
clip_09128,train,the airplane is almost full,CREMA-D,1.0,the airplane is almost full
clip_08719,train,the airplane is almost full,CREMA-D,1.0,the airplane is almost full
clip_01892,train,i think ive seen this before,CREMA-D,1.0,i think ive seen this before
clip_01880,train,well stop in a couple of minutes,CREMA-D,1.0,well stop in a couple of minutes
clip_03432,train,i think i have a doctors appointment,CREMA-D,1.0,i think i have a doctors appointment
clip_08574,train,maybe tomorrow it will be cold,CREMA-D,1.0,maybe tomorrow it will be cold
clip_00239,test,well stop in a couple of minutes,CREMA-D,1.0,well stop in a couple of minutes
clip_07766,train,its 11 oclock,CREMA-D,1.0,its 11 oclock
clip_04911,train,the airplane is almost full,CREMA-D,1.0,the airplane is almost full
clip_07644,train,well stop in a couple of minutes,CREMA-D,1.0,well stop in a couple of minutes
clip_08669,test,youll stop in a couple of minutes,CREMA-D,0.9231,well stop in a couple of minutes
clip_03767,train,i think i have a doctors appointment,CREMA-D,1.0,i think i have a doctors appointment
clip_02521,train,the surface is slick,CREMA-D,1.0,the surface is slick
clip_10870,train,i think i have a doctors appointment,CREMA-D,1.0,i think i have a doctors appointment
clip_10876,train,im on my way to the meeting,CREMA-D,1.0,im on my way to the meeting
clip_03965,test,im on my way to the meeting,CREMA-D,1.0,im on my way to the meeting
clip_02640,train,will stop in a couple of minutes,CREMA-D,0.9688,well stop in a couple of minutes
clip_01417,test,well stop in a couple of minutes,CREMA-D,1.0,well stop in a couple of minutes
clip_01888,train,i wonder what this is about,CREMA-D,1.0,i wonder what this is about
clip_04545,test,the surface is slick,CREMA-D,1.0,the surface is slick
clip_02708,train,the surface is slick,CREMA-D,1.0,the surface is slick
clip_00701,train,dont forget a jacket,CREMA-D,1.0,dont forget a jacket
clip_05069,train,im on my way to the meeting,CREMA-D,1.0,im on my way to the meeting
clip_05068,train,the airplane is almost full,CREMA-D,1.0,the airplane is almost full
clip_00693,train,dont forget a jacket,CREMA-D,1.0,dont forget a jacket
clip_01344,train,the airplane is almost full,CREMA-D,1.0,the airplane is almost full
clip_08074,test,the surface is slick,CREMA-D,1.0,the surface is slick
clip_07951,test,i wonder what this is about,CREMA-D,1.0,i wonder what this is about
clip_10689,train,i think i have a doctors appointment,CREMA-D,1.0,i think i have a doctors appointment
clip_03518,train,the airplane is almost full,CREMA-D,1.0,the airplane is almost full
clip_07089,train,i wonder what this is about,CREMA-D,1.0,i wonder what this is about
clip_09891,train,i think ive seen this before,CREMA-D,1.0,i think ive seen this before
clip_09686,train,im on my way to the meeting,CREMA-D,1.0,im on my way to the meeting
clip_02621,train,the surface is slick,CREMA-D,1.0,the surface is slick
clip_01401,train,dont forget a jacket,CREMA-D,1.0,dont forget a jacket
clip_01402,train,i wonder what this is about,CREMA-D,1.0,i wonder what this is about
clip_05987,train,the airplane is almost full,CREMA-D,1.0,the airplane is almost full
clip_00749,train,maybe tomorrow will be cold,CREMA-D,0.9474,maybe tomorrow it will be cold
clip_09936,train,i would like a new alarm clock,CREMA-D,1.0,i would like a new alarm clock
clip_05398,test,that is exactly what happened,CREMA-D,1.0,that is exactly what happened
clip_05338,test,i think ive seen this before,CREMA-D,1.0,i think ive seen this before
clip_03458,test,its 11 oclock,CREMA-D,1.0,its 11 oclock
clip_01369,train,i think ive seen this before,CREMA-D,1.0,i think ive seen this before
clip_01346,train,so left of the left i dont know,UNKNOWN,0.4407,dogs are sitting by the door
clip_01340,train,im on my way to the meeting,CREMA-D,1.0,im on my way to the meeting
clip_00184,test,its 11 oclock,CREMA-D,1.0,its 11 oclock
clip_10884,train,the airplane is almost full,CREMA-D,1.0,the airplane is almost full
clip_03507,train,i think ive seen this before,CREMA-D,1.0,i think ive seen this before
clip_09225,test,the airplane is almost full,CREMA-D,1.0,the airplane is almost full
clip_00181,test,but that is exactly what happened,CREMA-D,0.9355,that is exactly what happened
clip_06192,test,the surface is slick,CREMA-D,1.0,the surface is slick
clip_09165,train,the surface is slick,CREMA-D,1.0,the surface is slick
clip_03462,train,dont forget it jacket,CREMA-D,0.9268,dont forget a jacket
clip_09521,train,i think i have a doctors appointment,CREMA-D,1.0,i think i have a doctors appointment
clip_04262,train,the surface is slick,CREMA-D,1.0,the surface is slick
clip_06495,train,and all my way to the meeting,CREMA-D,0.8214,im on my way to the meeting
clip_09507,train,the airplane is almost full,CREMA-D,1.0,the airplane is almost full
clip_08417,test,the air pipe is almost full,CREMA-D,0.8889,the airplane is almost full
clip_06460,train,i would like a new alarm clock,CREMA-D,1.0,i would like a new alarm clock
clip_10835,train,the surface is slick,CREMA-D,1.0,the surface is slick
clip_10818,test,i think ive seen this before,CREMA-D,1.0,i think ive seen this before
clip_05219,train,say the word pool,TESS,1.0,say the word
clip_08943,train,say the word raise,TESS,1.0,say the word
clip_00388,train,say the word gaze,TESS,1.0,say the word
clip_05839,train,say the word juice,TESS,1.0,say the word
clip_03563,train,say the word thumb,TESS,1.0,say the word
clip_06628,train,say the word wire,TESS,1.0,say the word
clip_04400,train,say the word thought,TESS,1.0,say the word
clip_02867,train,say the word cheap,TESS,1.0,say the word
clip_04424,train,say the word long,TESS,1.0,say the word
clip_10878,train,say the word kite,TESS,1.0,say the word
clip_02107,train,say the word fit,TESS,1.0,say the word
clip_05661,train,say the word vine,TESS,1.0,say the word
clip_02144,train,say the word late,TESS,1.0,say the word
clip_02857,train,say the word sub,TESS,1.0,say the word
clip_04248,train,say the word king,TESS,1.0,say the word
clip_05572,train,say the word jail,TESS,1.0,say the word
clip_03692,train,say the word ditch,TESS,1.0,say the word
clip_02828,train,say the word five,TESS,1.0,say the word
clip_01811,train,say the word whole,TESS,1.0,say the word
clip_03884,train,say the word ditch,TESS,1.0,say the word
clip_08206,train,say the word mom,TESS,1.0,say the word
clip_01319,train,say the word bolt,TESS,1.0,say the word
clip_02840,train,say the word came,TESS,1.0,say the word
clip_09059,train,say the word five,TESS,1.0,say the word
clip_02980,train,say the word chain,TESS,1.0,say the word
clip_06123,train,say the word higher,TESS,1.0,say the word
clip_09708,train,say the word keep,TESS,1.0,say the word
clip_05278,train,say the word perch,TESS,1.0,say the word
clip_03608,train,say the word ripe,TESS,1.0,say the word
clip_08517,train,say the word when,TESS,1.0,say the word
clip_03783,train,say the word hush,TESS,1.0,say the word
clip_09575,train,say the word wag,TESS,1.0,say the word
clip_10599,train,say the word tool,TESS,1.0,say the word
clip_04994,train,say the word near,TESS,1.0,say the word
clip_04137,train,say the word perch,TESS,1.0,say the word
clip_01876,train,say the word pike,TESS,1.0,say the word
clip_05540,train,say the word chalk,TESS,1.0,say the word
clip_02880,train,say the word time,TESS,1.0,say the word
clip_09164,train,say the word cheek,TESS,1.0,say the word
clip_08312,train,say the word rough,TESS,1.0,say the word
clip_00884,train,say the word void,TESS,1.0,say the word
clip_06220,train,say the word cool,TESS,1.0,say the word
clip_05347,train,say the word back,TESS,1.0,say the word
clip_01466,train,say the word calm,TESS,1.0,say the word
clip_07392,train,say the word rain,TESS,1.0,say the word
clip_05748,train,say the word life,TESS,1.0,say the word
clip_09620,train,say the word wife,TESS,1.0,say the word
clip_01004,train,say the word ditch,TESS,1.0,say the word
clip_02714,train,say the word raid,TESS,1.0,say the word
clip_03317,train,say the word lot,TESS,1.0,say the word
clip_00069,train,i think i have a doctors appointment,CREMA-D,1.0,i think i have a doctors appointment
clip_08077,train,i wonder what this is about,CREMA-D,1.0,i wonder what this is about
clip_04305,train,dont forget a jacket,CREMA-D,1.0,dont forget a jacket
clip_08026,train,the airplane is almost full,CREMA-D,1.0,the airplane is almost full
clip_08092,train,its 11 oclock,CREMA-D,1.0,its 11 oclock
clip_01054,train,well stop in a couple of minutes,CREMA-D,1.0,well stop in a couple of minutes
clip_06506,train,the airplane is almost full,CREMA-D,1.0,the airplane is almost full
clip_06480,train,i think thats seen this before,CREMA-D,0.8621,i think ive seen this before
clip_00138,train,im on my way to the meeting,CREMA-D,1.0,im on my way to the meeting
clip_02105,train,the airplane is almost full,CREMA-D,1.0,the airplane is almost full
clip_00079,train,i think i have a doctors appointment,CREMA-D,1.0,i think i have a doctors appointment
clip_02145,train,i would like a new alarm clock,CREMA-D,1.0,i would like a new alarm clock
clip_07440,train,i wouldnt make a new owner in clark,CREMA-D,0.6769,i would like a new alarm clock
clip_03604,test,i wonder what this is about,CREMA-D,1.0,i wonder what this is about
clip_00187,train,i think ive seen this before,CREMA-D,1.0,i think ive seen this before
clip_04231,train,i wonder what this is about,CREMA-D,1.0,i wonder what this is about
clip_02154,train,i wonder what this is about,CREMA-D,1.0,i wonder what this is about
clip_08547,test,i would like a new alarm clock,CREMA-D,1.0,i would like a new alarm clock
clip_04244,test,i would like a new alarm clock,CREMA-D,1.0,i would like a new alarm clock
clip_10019,train,i think i have a doctors appointment,CREMA-D,1.0,i think i have a doctors appointment
clip_00617,train,dont forget the jacket,CREMA-D,0.9048,dont forget a jacket
clip_00632,train,i would like a new alarm clock,CREMA-D,1.0,i would like a new alarm clock
clip_01068,train,the airplane is almost full,CREMA-D,1.0,the airplane is almost full
clip_07435,train,that is exactly what happened,CREMA-D,1.0,that is exactly what happened
clip_02961,test,its 11 oclock,CREMA-D,1.0,its 11 oclock
clip_02833,test,i think i have a doctors appointment,CREMA-D,1.0,i think i have a doctors appointment
clip_06398,train,that is exactly what happened,CREMA-D,1.0,that is exactly what happened
clip_02383,train,the airplane is almost full,CREMA-D,1.0,the airplane is almost full
clip_01427,train,maybe tomorrow it will be cold,CREMA-D,1.0,maybe tomorrow it will be cold
clip_05474,test,its 11 oclock,CREMA-D,1.0,its 11 oclock
clip_00755,train,its 11 oclock,CREMA-D,1.0,its 11 oclock
clip_09657,test,i would like a new alarm clock,CREMA-D,1.0,i would like a new alarm clock
clip_08283,train,that is exactly what happened,CREMA-D,1.0,that is exactly what happened
clip_10886,test,its 11 oclock,CREMA-D,1.0,its 11 oclock
clip_06638,train,dont forget a jacket,CREMA-D,1.0,dont forget a jacket
clip_04295,test,,UNKNOWN,0.0,
clip_05998,train,i wonder what this is about,CREMA-D,1.0,i wonder what this is about
clip_07081,train,its 11 oclock,CREMA-D,1.0,its 11 oclock
clip_10540,train,the airplane is almost full,CREMA-D,1.0,the airplane is almost full
clip_10160,train,i think i have a doctors appointment,CREMA-D,1.0,i think i have a doctors appointment
clip_08699,train,its 11 oclock,CREMA-D,1.0,its 11 oclock
clip_09185,train,its 11 oclock,CREMA-D,1.0,its 11 oclock
clip_02663,train,i think i have a doctors appointment,CREMA-D,1.0,i think i have a doctors appointment
clip_03338,test,its 11 oclock,CREMA-D,1.0,its 11 oclock
clip_03361,train,well stop in a couple of minutes,CREMA-D,1.0,well stop in a couple of minutes
clip_03394,train,i think i have a doctors appointment,CREMA-D,1.0,i think i have a doctors appointment
clip_03316,test,the airplane is almost full,CREMA-D,1.0,the airplane is almost full
clip_05112,test,the surface is slick,CREMA-D,1.0,the surface is slick
clip_06072,train,the surface is slick,CREMA-D,1.0,the surface is slick
clip_06054,train,dont forget that jacket,CREMA-D,0.9302,dont forget a jacket
clip_06084,train,i would like a new alarm clock,CREMA-D,1.0,i would like a new alarm clock
clip_05581,train,its a limited clock,UNKNOWN,0.625,its 11 oclock
clip_04297,test,dont forget a jacket,CREMA-D,1.0,dont forget a jacket
clip_09204,test,i think ive seen this before,CREMA-D,1.0,i think ive seen this before
clip_10646,train,im on my way to the meeting,CREMA-D,1.0,im on my way to the meeting
clip_01951,train,well stop at a couple of minutes,CREMA-D,0.9375,well stop in a couple of minutes
clip_01947,train,i think ive seen this before,CREMA-D,1.0,i think ive seen this before
clip_04695,test,well stop in a couple of minutes,CREMA-D,1.0,well stop in a couple of minutes
clip_03889,test,i think ive seen this before,CREMA-D,1.0,i think ive seen this before
clip_03623,train,dont forget to check it,CREMA-D,0.7442,dont forget a jacket
clip_03642,train,i dont think ive seen this before,CREMA-D,0.918,i think ive seen this before
clip_03585,train,well stop in a couple of minutes,CREMA-D,1.0,well stop in a couple of minutes
clip_01878,train,maybe tomorrow it will be cold,CREMA-D,1.0,maybe tomorrow it will be cold
clip_05169,train,airplane is almost full,CREMA-D,0.92,the airplane is almost full
clip_00352,train,dont forget a jacket,CREMA-D,1.0,dont forget a jacket
clip_00342,test,its 11 oclock,CREMA-D,1.0,its 11 oclock
clip_04905,train,lets surface the slick,CREMA-D,0.7619,the surface is slick
clip_01906,test,i think i have a doctors appointment,CREMA-D,1.0,i think i have a doctors appointment
clip_03927,train,well stop in a couple of minutes,CREMA-D,1.0,well stop in a couple of minutes
clip_02292,train,that is exactly what happened,CREMA-D,1.0,that is exactly what happened
clip_02931,test,the airplane is almost full,CREMA-D,1.0,the airplane is almost full
clip_08194,train,i would like a new alarm clock,CREMA-D,1.0,i would like a new alarm clock
clip_05342,train,the airplane is almost full,CREMA-D,1.0,the airplane is almost full
clip_07621,train,well stop in a couple of minutes,CREMA-D,1.0,well stop in a couple of minutes
clip_10658,train,maybe tomorrow it will be cold,CREMA-D,1.0,maybe tomorrow it will be cold
clip_08063,test,the surface is sleek,CREMA-D,0.9,the surface is slick
clip_00362,train,its 11 oclock,CREMA-D,1.0,its 11 oclock
clip_06009,train,well stop in a couple of minutes,CREMA-D,1.0,well stop in a couple of minutes
clip_02688,train,its 11 oclock,CREMA-D,1.0,its 11 oclock
clip_00214,test,maybe tomorrow it will be cold,CREMA-D,1.0,maybe tomorrow it will be cold
clip_07695,train,maybe tomorrow it will be cold,CREMA-D,1.0,maybe tomorrow it will be cold
clip_04481,test,that is exactly what happened,CREMA-D,1.0,that is exactly what happened
clip_00956,test,its 11 oclock,CREMA-D,1.0,its 11 oclock
clip_02507,train,the airplane is almost full,CREMA-D,1.0,the airplane is almost full
clip_08515,train,maybe tomorrow will be cold,CREMA-D,0.9474,maybe tomorrow it will be cold
clip_08837,test,well stop in a couple of minutes,CREMA-D,1.0,well stop in a couple of minutes
clip_00784,train,i wonder what this is about,CREMA-D,1.0,i wonder what this is about
clip_10328,train,im on my way to the meeting,CREMA-D,1.0,im on my way to the meeting
clip_09698,test,its 11 oclock,CREMA-D,1.0,its 11 oclock
clip_10613,train,its 11 oclock,CREMA-D,1.0,its 11 oclock
clip_03795,train,the airplane is almost full,CREMA-D,1.0,the airplane is almost full
clip_05047,train,its 11 oclock,CREMA-D,1.0,its 11 oclock
clip_07460,train,its 11 oclock,CREMA-D,1.0,its 11 oclock
clip_10273,train,its 11 oclock,CREMA-D,1.0,its 11 oclock
clip_07727,train,im on my way to the meeting,CREMA-D,1.0,im on my way to the meeting
clip_03242,train,maybe tomorrow it will be cold,CREMA-D,1.0,maybe tomorrow it will be cold
clip_01808,test,i would like a new alarm clock,CREMA-D,1.0,i would like a new alarm clock
clip_04953,train,i think ive seen this before,CREMA-D,1.0,i think ive seen this before
clip_10205,test,its 11 oclock,CREMA-D,1.0,its 11 oclock
clip_00404,test,dont forget to jack it,CREMA-D,0.8571,dont forget a jacket
clip_01923,test,i wonder what this is about,CREMA-D,1.0,i wonder what this is about
clip_06989,train,that is exactly what happened,CREMA-D,1.0,that is exactly what happened
clip_00344,train,dont forget to jack it,CREMA-D,0.8571,dont forget a jacket
clip_03343,train,i would like to do a long clock,CREMA-D,0.7541,i would like a new alarm clock
clip_10486,train,i was like a new alarm clock,CREMA-D,0.8966,i would like a new alarm clock
clip_05335,train,the airplane is almost full,CREMA-D,1.0,the airplane is almost full
clip_00706,train,i wonder what this is about,CREMA-D,1.0,i wonder what this is about
clip_07454,train,i would like an alarm clock,CREMA-D,0.9474,i would like a new alarm clock
clip_09647,train,well stop in a couple of minutes,CREMA-D,1.0,well stop in a couple of minutes
clip_07186,train,i think i have a doctors appointment,CREMA-D,1.0,i think i have a doctors appointment
clip_05791,train,dont forget a jacket,CREMA-D,1.0,dont forget a jacket
clip_07883,train,and that is exactly what happened,CREMA-D,0.9355,that is exactly what happened
clip_05784,train,i think ive seen this before,CREMA-D,1.0,i think ive seen this before
clip_05780,train,its 11 oclock,CREMA-D,1.0,its 11 oclock
clip_06159,train,well stop in a couple of minutes,CREMA-D,1.0,well stop in a couple of minutes
clip_03797,train,the surface is slick,CREMA-D,1.0,the surface is slick
clip_06164,train,i would like a new alarm clock,CREMA-D,1.0,i would like a new alarm clock
clip_00281,train,the airplane is almost full,CREMA-D,1.0,the airplane is almost full
clip_06131,train,its 11 oclock,CREMA-D,1.0,its 11 oclock
clip_05500,train,im on my way to the meeting,CREMA-D,1.0,im on my way to the meeting
clip_05515,train,dont forget a jacket,CREMA-D,1.0,dont forget a jacket
clip_07364,train,im on my way to the meeting,CREMA-D,1.0,im on my way to the meeting
clip_01699,train,i think i have a doctors appointment,CREMA-D,1.0,i think i have a doctors appointment
clip_05601,train,maybe tomorrow it will be cold,CREMA-D,1.0,maybe tomorrow it will be cold
clip_05560,train,maybe tomorrow it will be cold,CREMA-D,1.0,maybe tomorrow it will be cold
clip_09750,train,the surface is slick,CREMA-D,1.0,the surface is slick
clip_05903,test,the airplane is almost full,CREMA-D,1.0,the airplane is almost full
clip_05901,test,11 oclock,CREMA-D,0.8182,its 11 oclock
clip_08916,train,i think ive seen this before,CREMA-D,1.0,i think ive seen this before
clip_07340,train,that is exactly what happened,CREMA-D,1.0,that is exactly what happened
clip_07342,train,the airplane is almost full,CREMA-D,1.0,the airplane is almost full
clip_02317,train,the surface is slick,CREMA-D,1.0,the surface is slick
clip_00210,train,maybe tomorrow itll be cold,CREMA-D,0.9474,maybe tomorrow it will be cold
clip_08273,train,the surface is slick,CREMA-D,1.0,the surface is slick
clip_07463,test,maybe tomorrow it will be cold,CREMA-D,1.0,maybe tomorrow it will be cold
clip_07339,train,i think ive seen this before,CREMA-D,1.0,i think ive seen this before
clip_05675,train,i think ive seen this before,CREMA-D,1.0,i think ive seen this before
clip_05702,train,maybe tomorrow it would be cold,CREMA-D,0.918,maybe tomorrow it will be cold
clip_07265,train,the surface is slick,CREMA-D,1.0,the surface is slick
clip_10860,train,its 11 oclock,CREMA-D,1.0,its 11 oclock
clip_02841,train,the airplane is almost full,CREMA-D,1.0,the airplane is almost full
clip_10778,train,its 11 oclock,CREMA-D,1.0,its 11 oclock
clip_10386,test,its 11 oclock,CREMA-D,1.0,its 11 oclock
clip_02345,train,i think ive seen this before,CREMA-D,1.0,i think ive seen this before
clip_04962,test,yeah playing is almost full,CREMA-D,0.7778,the airplane is almost full
clip_08995,train,i wonder what this is about,CREMA-D,1.0,i wonder what this is about
clip_07288,train,i wonder what this is about,CREMA-D,1.0,i wonder what this is about
clip_10059,train,its 11 oclock,CREMA-D,1.0,its 11 oclock
clip_04605,train,that is exactly what happened,CREMA-D,1.0,that is exactly what happened
clip_07916,train,maybe tomorrow it will be cold,CREMA-D,1.0,maybe tomorrow it will be cold
clip_05797,train,i think i have a doctors appointment,CREMA-D,1.0,i think i have a doctors appointment
clip_06808,train,its 11 oclock,CREMA-D,1.0,its 11 oclock
clip_00780,test,im on my way to the meeting,CREMA-D,1.0,im on my way to the meeting
clip_03997,train,dont forget a jacket,CREMA-D,1.0,dont forget a jacket
clip_10294,train,its 11 oclock,CREMA-D,1.0,its 11 oclock
clip_00849,train,i think ive seen this before,CREMA-D,1.0,i think ive seen this before
clip_03875,train,its 11 oclock,CREMA-D,1.0,its 11 oclock
clip_03848,train,its 11 oclock,CREMA-D,1.0,its 11 oclock
clip_01946,train,its 11 oclock,CREMA-D,1.0,its 11 oclock
clip_01944,train,its 11 oclock,CREMA-D,1.0,its 11 oclock
clip_03175,train,i would like a new alarm clock,CREMA-D,1.0,i would like a new alarm clock
clip_01095,test,the surface is slick,CREMA-D,1.0,the surface is slick
clip_03787,train,well stop in a couple of minutes,CREMA-D,1.0,well stop in a couple of minutes
clip_03757,train,its 11 oclock,CREMA-D,1.0,its 11 oclock
clip_05297,test,dont forget a jacket,CREMA-D,1.0,dont forget a jacket
clip_01049,test,i wonder what this is about,CREMA-D,1.0,i wonder what this is about
clip_03115,test,im on my way to the meeting,CREMA-D,1.0,im on my way to the meeting
clip_05804,test,i think ive seen this before,CREMA-D,1.0,i think ive seen this before
clip_06722,test,it was like a new alarm clock,CREMA-D,0.8814,i would like a new alarm clock
clip_01072,test,the airplane is almost full,CREMA-D,1.0,the airplane is almost full
clip_00972,train,its 11 oclock,CREMA-D,1.0,its 11 oclock
clip_03836,train,its 11 oclock,CREMA-D,1.0,its 11 oclock
clip_07835,train,i wonder what this is about,CREMA-D,1.0,i wonder what this is about
clip_09294,test,maybe tomorrow will be cold,CREMA-D,0.9474,maybe tomorrow it will be cold
clip_06144,train,well stop in a couple of minutes,CREMA-D,1.0,well stop in a couple of minutes
clip_03761,train,that is exactly what happened,CREMA-D,1.0,that is exactly what happened
clip_04757,train,i would like a new alarm clock,CREMA-D,1.0,i would like a new alarm clock
clip_03156,train,the airplane is almost full,CREMA-D,1.0,the airplane is almost full
clip_03821,train,i would like a new alarm clock,CREMA-D,1.0,i would like a new alarm clock
clip_00204,test,the airplane is almost full,CREMA-D,1.0,the airplane is almost full
clip_06343,train,i would like to do a long clock,CREMA-D,0.7541,i would like a new alarm clock
clip_06333,train,i would like a new alarm clock,CREMA-D,1.0,i would like a new alarm clock
clip_02027,train,maybe tomorrow it will be cold,CREMA-D,1.0,maybe tomorrow it will be cold
clip_06838,train,i wonder what this is about,CREMA-D,1.0,i wonder what this is about
clip_05706,train,well stop in a couple of minutes,CREMA-D,1.0,well stop in a couple of minutes
clip_08937,test,its 11 oclock,CREMA-D,1.0,its 11 oclock
clip_01663,train,the surface is slick,CREMA-D,1.0,the surface is slick
clip_10507,train,i think i have a doctors appointment,CREMA-D,1.0,i think i have a doctors appointment
clip_00684,train,its 11 oclock,CREMA-D,1.0,its 11 oclock
clip_03334,train,the airplane is almost full,CREMA-D,1.0,the airplane is almost full
clip_03331,train,its 11 oclock,CREMA-D,1.0,its 11 oclock
clip_08154,train,say the word base,TESS,1.0,say the word
clip_05649,train,say the word germ,TESS,1.0,say the word
clip_09387,train,say the word perch,TESS,1.0,say the word
clip_02592,train,say the word void,TESS,1.0,say the word
clip_10721,train,say the word walk,TESS,1.0,say the word
clip_03305,train,say the word love,TESS,1.0,say the word
clip_02281,train,say the word size,TESS,1.0,say the word
clip_00887,train,say the word such,TESS,1.0,say the word
clip_03271,train,say the word wash,TESS,1.0,say the word
clip_08161,train,say the word cheek,TESS,1.0,say the word
clip_08813,train,say the word yes,TESS,1.0,say the word
clip_04451,train,say the word dime,TESS,1.0,say the word
clip_03835,train,say the word bag,TESS,1.0,say the word
clip_01676,train,say the word cab,TESS,1.0,say the word
clip_09404,train,say the word bath,TESS,1.0,say the word
clip_04082,train,say the word shall,TESS,1.0,say the word
clip_06109,train,say the word soap,TESS,1.0,say the word
clip_07826,train,say the word turn,TESS,1.0,say the word
clip_04857,train,say the word jug,TESS,1.0,say the word
clip_00889,train,say the word chair,TESS,1.0,say the word
clip_08891,train,say the word yes,TESS,1.0,say the word
clip_07847,train,say the word goose,TESS,1.0,say the word
clip_01169,train,say the word walk,TESS,1.0,say the word
clip_00511,train,say the word deep,TESS,1.0,say the word
clip_10619,train,say the word kill,TESS,1.0,say the word
clip_09661,train,say the word yearn,TESS,1.0,say the word
clip_10295,train,say the word least,TESS,1.0,say the word
clip_05126,train,say the word shock,TESS,1.0,say the word
clip_03729,train,say the word witch,TESS,1.0,say the word
clip_02612,train,say the word mode,TESS,1.0,say the word
clip_08304,train,say the word youre,TESS,1.0,say the word
clip_04596,train,say the word pike,TESS,1.0,say the word
clip_04855,train,say the word pig,TESS,1.0,say the word
clip_10716,train,say the word pain,TESS,1.0,say the word
clip_07445,train,say the word tape,TESS,1.0,say the word
clip_02537,train,say the word love,TESS,1.0,say the word
clip_03736,train,say the word dog,TESS,1.0,say the word
clip_06895,train,say the word mess,TESS,1.0,say the word
clip_08999,train,the surface is slick,CREMA-D,1.0,the surface is slick
clip_00118,train,i think i have a doctors appointment,CREMA-D,1.0,i think i have a doctors appointment
clip_03086,train,dont forget to jack it,CREMA-D,0.8571,dont forget a jacket
clip_02842,test,maybe tomorrow it will be cold,CREMA-D,1.0,maybe tomorrow it will be cold
clip_01035,train,well stop in a couple of minutes,CREMA-D,1.0,well stop in a couple of minutes
clip_04139,train,well stop in a couple of minutes,CREMA-D,1.0,well stop in a couple of minutes
clip_04401,train,hes at 11 oclock,CREMA-D,0.7586,its 11 oclock
clip_01064,train,well stop in a couple of minutes,CREMA-D,1.0,well stop in a couple of minutes
clip_00038,train,i think ive seen this before,CREMA-D,1.0,i think ive seen this before
clip_04290,train,i think ive seen this before,CREMA-D,1.0,i think ive seen this before
clip_08080,train,i think i have a doctors appointment,CREMA-D,1.0,i think i have a doctors appointment
clip_10213,train,i wonder what this is about,CREMA-D,1.0,i wonder what this is about
clip_06155,test,its 11 oclock,CREMA-D,1.0,its 11 oclock
clip_06561,train,the airplane is almost full,CREMA-D,1.0,the airplane is almost full
clip_06161,test,i think i have a doctors appointment,CREMA-D,1.0,i think i have a doctors appointment
clip_02155,train,i wonder what this is about,CREMA-D,1.0,i wonder what this is about
clip_10093,test,i think i have a doctors appointment,CREMA-D,1.0,i think i have a doctors appointment
clip_00087,train,the airplane is almost full,CREMA-D,1.0,the airplane is almost full
clip_06744,train,maybe tomorrow it would be cold,CREMA-D,0.918,maybe tomorrow it will be cold
clip_08446,test,its 11 oclock,CREMA-D,1.0,its 11 oclock
clip_02164,train,that is exactly what happened,CREMA-D,1.0,that is exactly what happened
clip_01650,test,i would like a new alarm clock,CREMA-D,1.0,i would like a new alarm clock
clip_00197,train,that is exactly what happened,CREMA-D,1.0,that is exactly what happened
clip_08564,test,maybe tomorrow it will be cold,CREMA-D,1.0,maybe tomorrow it will be cold
clip_01294,train,maybe tomorrow it will be cold,CREMA-D,1.0,maybe tomorrow it will be cold
clip_05441,train,i think i have a doctors appointment,CREMA-D,1.0,i think i have a doctors appointment
clip_00640,train,its 11 oclock,CREMA-D,1.0,its 11 oclock
clip_09352,test,well stop in a couple of minutes,CREMA-D,1.0,well stop in a couple of minutes
clip_04814,train,i wonder what this is about,CREMA-D,1.0,i wonder what this is about
clip_09374,test,well stop in a couple of minutes,CREMA-D,1.0,well stop in a couple of minutes
clip_08418,train,its 11 oclock,CREMA-D,1.0,its 11 oclock
clip_04800,train,well start being a couple of minutes,CREMA-D,0.8824,well stop in a couple of minutes
clip_06146,train,that is exactly what happened,CREMA-D,1.0,that is exactly what happened
clip_05766,train,its 11 oclock,CREMA-D,1.0,its 11 oclock
clip_08878,train,the surface is slick,CREMA-D,1.0,the surface is slick
clip_03137,train,its 11 oclock,CREMA-D,1.0,its 11 oclock
clip_05268,test,im on my way to the meeting,CREMA-D,1.0,im on my way to the meeting
clip_09422,test,its 11 oclock,CREMA-D,1.0,its 11 oclock
clip_02578,test,that is exactly what happened,CREMA-D,1.0,that is exactly what happened
clip_10324,train,maybe tomorrow it will be cold,CREMA-D,1.0,maybe tomorrow it will be cold
clip_07863,train,i wonder what this is about,CREMA-D,1.0,i wonder what this is about
clip_10061,train,i wonder what this is about,CREMA-D,1.0,i wonder what this is about
clip_07429,train,im on my way to the meeting,CREMA-D,1.0,im on my way to the meeting
clip_03110,train,their plane is almost full,CREMA-D,0.9434,the airplane is almost full
clip_03880,train,i think ive seen this before,CREMA-D,1.0,i think ive seen this before
clip_04747,train,i wonder what this is about,CREMA-D,1.0,i wonder what this is about
clip_09133,test,the airplane is almost full,CREMA-D,1.0,the airplane is almost full
clip_07389,train,that is exactly what happened,CREMA-D,1.0,that is exactly what happened
clip_09120,test,well stop in a couple of minutes,CREMA-D,1.0,well stop in a couple of minutes
clip_02804,train,its 11 oclock,CREMA-D,1.0,its 11 oclock
clip_08721,test,its 11 oclock,CREMA-D,1.0,its 11 oclock
clip_02524,train,maybe tomorrow it will be cold,CREMA-D,1.0,maybe tomorrow it will be cold
clip_02774,train,fear playing is almost full,CREMA-D,0.8148,the airplane is almost full
clip_06172,train,well stop in a couple of minutes,CREMA-D,1.0,well stop in a couple of minutes
clip_10722,train,that is exactly what happened,CREMA-D,1.0,that is exactly what happened
clip_09625,train,maybe tomorrow will be cold,CREMA-D,0.9474,maybe tomorrow it will be cold
clip_02776,train,the airplane is almost full,CREMA-D,1.0,the airplane is almost full
clip_04655,train,i think ive seen this before,CREMA-D,1.0,i think ive seen this before
clip_10742,train,dont forget a jacket,CREMA-D,1.0,dont forget a jacket
clip_09342,train,its 11 oclock,CREMA-D,1.0,its 11 oclock
clip_06916,train,i would like a new alarm clock,CREMA-D,1.0,i would like a new alarm clock
clip_06247,train,i think i have a doctors appointment,CREMA-D,1.0,i think i have a doctors appointment
clip_02033,train,im on my way to the meeting,CREMA-D,1.0,im on my way to the meeting
clip_06285,train,its 11 oclock,CREMA-D,1.0,its 11 oclock
clip_07744,test,dont forget to check it,CREMA-D,0.7442,dont forget a jacket
clip_06810,test,its 11 oclock,CREMA-D,1.0,its 11 oclock
clip_09170,test,the airplane is almost full,CREMA-D,1.0,the airplane is almost full
clip_10353,train,that is exactly what happened,CREMA-D,1.0,that is exactly what happened
clip_01981,test,that is exactly what happened,CREMA-D,1.0,that is exactly what happened
clip_02404,train,i wonder what this is about,CREMA-D,1.0,i wonder what this is about
clip_02406,train,i think ive seen this before,CREMA-D,1.0,i think ive seen this before
clip_02424,train,maybe tomorrow it will be cold,CREMA-D,1.0,maybe tomorrow it will be cold
clip_00915,train,im on my way to the meeting,CREMA-D,1.0,im on my way to the meeting
clip_00908,train,dont forget to check it,CREMA-D,0.7442,dont forget a jacket
clip_08317,train,well stop in a couple of minutes,CREMA-D,1.0,well stop in a couple of minutes
clip_06193,train,i think i have a doctors appointment,CREMA-D,1.0,i think i have a doctors appointment
clip_09259,train,i wonder what this is about,CREMA-D,1.0,i wonder what this is about
clip_09070,train,the surface is slick,CREMA-D,1.0,the surface is slick
clip_09065,train,i wonder what this is about,CREMA-D,1.0,i wonder what this is about
clip_08798,train,i think ive seen this before,CREMA-D,1.0,i think ive seen this before
clip_00549,test,i would like a new alarm clock,CREMA-D,1.0,i would like a new alarm clock
clip_07705,train,dont forget a jacket,CREMA-D,1.0,dont forget a jacket
clip_07467,test,well stop in a couple of minutes,CREMA-D,1.0,well stop in a couple of minutes
clip_10577,train,its 11 oclock,CREMA-D,1.0,its 11 oclock
clip_05383,train,the airplane is almost full,CREMA-D,1.0,the airplane is almost full
clip_01928,test,its 11 oclock,CREMA-D,1.0,its 11 oclock
clip_10188,test,its alive in a clock,UNKNOWN,0.6061,its 11 oclock
clip_06990,train,i would like a new alarm clock,CREMA-D,1.0,i would like a new alarm clock
clip_01749,train,i wonder what this is about,CREMA-D,1.0,i wonder what this is about
clip_02057,test,im on my way to a meeting,CREMA-D,0.9231,im on my way to the meeting
clip_00542,train,dont forget a jacket,CREMA-D,1.0,dont forget a jacket
clip_10584,train,well stop in a couple of minutes,CREMA-D,1.0,well stop in a couple of minutes
clip_00501,train,its 11 oclock,CREMA-D,1.0,its 11 oclock
clip_02470,train,maybe tomorrow it will be cold,CREMA-D,1.0,maybe tomorrow it will be cold
clip_00821,test,well stop in a couple of minutes,CREMA-D,1.0,well stop in a couple of minutes
clip_05549,train,im on my way to the meeting,CREMA-D,1.0,im on my way to the meeting
clip_02811,test,its 11 oclock,CREMA-D,1.0,its 11 oclock
clip_07789,test,im on my way to the meeting,CREMA-D,1.0,im on my way to the meeting
clip_04174,train,i would like a new alarm clock,CREMA-D,1.0,i would like a new alarm clock
clip_02868,test,i think ive seen this before,CREMA-D,1.0,i think ive seen this before
clip_04585,train,maybe tomorrow it will be cold,CREMA-D,1.0,maybe tomorrow it will be cold
clip_01803,test,i think ive seen this before,CREMA-D,1.0,i think ive seen this before
clip_03672,train,its 11 oclock,CREMA-D,1.0,its 11 oclock
clip_06876,train,dont forget to check it,CREMA-D,0.7442,dont forget a jacket
clip_06877,train,im on my way to the meeting,CREMA-D,1.0,im on my way to the meeting
clip_04492,test,i think ive seen this before,CREMA-D,1.0,i think ive seen this before
clip_04429,test,that is exactly what happened,CREMA-D,1.0,that is exactly what happened
clip_07672,train,i think ive seen this before,CREMA-D,1.0,i think ive seen this before
clip_10343,train,i would like a new alarm clock,CREMA-D,1.0,i would like a new alarm clock
clip_05030,train,i think i have a doctors appointment,CREMA-D,1.0,i think i have a doctors appointment
clip_00805,train,im on my way to the meeting,CREMA-D,1.0,im on my way to the meeting
clip_10408,train,i think ive seen this before,CREMA-D,1.0,i think ive seen this before
clip_05864,train,i think i have a doctors appointment,CREMA-D,1.0,i think i have a doctors appointment
clip_00495,train,will stop and a couple of minutes,CREMA-D,0.9231,well stop in a couple of minutes
clip_02697,train,the airplane is almost full,CREMA-D,1.0,the airplane is almost full
clip_05868,train,but its 11 oclock,CREMA-D,0.8667,its 11 oclock
clip_05272,train,i would like a new alarm clock,CREMA-D,1.0,i would like a new alarm clock
clip_08254,train,i think i have a doctors appointment,CREMA-D,1.0,i think i have a doctors appointment
clip_08252,train,the airplane is almost full,CREMA-D,1.0,the airplane is almost full
clip_05907,train,i would like a new alarm clock,CREMA-D,1.0,i would like a new alarm clock
clip_08275,train,maybe tomorrow will be cold,CREMA-D,0.9474,maybe tomorrow it will be cold
clip_01241,test,i think ive seen this before,CREMA-D,1.0,i think ive seen this before
clip_03960,train,the surface is slick,CREMA-D,1.0,the surface is slick
clip_01273,test,i think ive seen this before,CREMA-D,1.0,i think ive seen this before
clip_07961,train,its 11 oclock,CREMA-D,1.0,its 11 oclock
clip_08248,train,well stop in a couple of minutes,CREMA-D,1.0,well stop in a couple of minutes
clip_09400,train,dont forget a jacket,CREMA-D,1.0,dont forget a jacket
clip_08310,train,maybe tomorrow itll be cold,CREMA-D,0.9474,maybe tomorrow it will be cold
clip_06603,train,the airplane is almost full,CREMA-D,1.0,the airplane is almost full
clip_04973,test,its 11 oclock,CREMA-D,1.0,its 11 oclock
clip_06588,train,i wonder what this is about,CREMA-D,1.0,i wonder what this is about
clip_10609,test,i wonder what this is about,CREMA-D,1.0,i wonder what this is about
clip_04387,test,i think i have a doctors appointment,CREMA-D,1.0,i think i have a doctors appointment
clip_02673,train,i would like a new alarm clock,CREMA-D,1.0,i would like a new alarm clock
clip_08364,test,the airplane is almost full,CREMA-D,1.0,the airplane is almost full
clip_00156,test,the surface is slick,CREMA-D,1.0,the surface is slick
clip_06539,train,i would like a new alarm clock,CREMA-D,1.0,i would like a new alarm clock
clip_08687,train,its 11 oclock,CREMA-D,1.0,its 11 oclock
clip_03424,test,i think ive seen this before,CREMA-D,1.0,i think ive seen this before
clip_03368,test,maybe tomorrow it will be cold,CREMA-D,1.0,maybe tomorrow it will be cold
clip_09531,test,i would like a new alarm clock,CREMA-D,1.0,i would like a new alarm clock
clip_06394,test,i would like a new alarm clock,CREMA-D,1.0,i would like a new alarm clock
clip_10431,test,its 11 oclock,CREMA-D,1.0,its 11 oclock
clip_00489,train,dont forget a jacket,CREMA-D,1.0,dont forget a jacket
clip_09956,train,im on my way to the meeting,CREMA-D,1.0,im on my way to the meeting
clip_00403,train,maybe tomorrow it will be cold,CREMA-D,1.0,maybe tomorrow it will be cold
clip_01882,train,its 11 oclock,CREMA-D,1.0,its 11 oclock
clip_09140,train,maybe tomorrow it will be cold,CREMA-D,1.0,maybe tomorrow it will be cold
clip_03601,train,im on my way to the meeting,CREMA-D,1.0,im on my way to the meeting
clip_04696,test,im on my way to the meeting,CREMA-D,1.0,im on my way to the meeting
clip_10653,train,the airplane is almost full,CREMA-D,1.0,the airplane is almost full
clip_00365,train,i think i have a doctors appointment,CREMA-D,1.0,i think i have a doctors appointment
clip_10660,train,i think ive seen this before,CREMA-D,1.0,i think ive seen this before
clip_07637,train,that is exactly what happened,CREMA-D,1.0,that is exactly what happened
clip_07065,train,dont forget a jacket,CREMA-D,1.0,dont forget a jacket
clip_05098,train,well stop in a couple of minutes,CREMA-D,1.0,well stop in a couple of minutes
clip_01786,train,i think i have a doctors appointment,CREMA-D,1.0,i think i have a doctors appointment
clip_05154,train,its 11 oclock,CREMA-D,1.0,its 11 oclock
clip_05076,train,i would like a new alarm clock,CREMA-D,1.0,i would like a new alarm clock
clip_00678,train,i think i have a doctors appointment,CREMA-D,1.0,i think i have a doctors appointment
clip_02234,train,i would like a new alarm clock,CREMA-D,1.0,i would like a new alarm clock
clip_10165,train,the airplane is almost full,CREMA-D,1.0,the airplane is almost full
clip_02051,train,the surface is slick,CREMA-D,1.0,the surface is slick
clip_04373,train,its 11 oclock,CREMA-D,1.0,its 11 oclock
clip_01502,train,its 11 oclock,CREMA-D,1.0,its 11 oclock
clip_07382,train,im on my way to the meeting,CREMA-D,1.0,im on my way to the meeting
clip_05698,train,im on my way to the meeting,CREMA-D,1.0,im on my way to the meeting
clip_03739,test,that is exactly what happened,CREMA-D,1.0,that is exactly what happened
clip_02320,train,well stop in a couple of minutes,CREMA-D,1.0,well stop in a couple of minutes
clip_04045,train,maybe tomorrow it will be cold,CREMA-D,1.0,maybe tomorrow it will be cold
clip_01546,train,i would like to do a long clock,CREMA-D,0.7541,i would like a new alarm clock
clip_04192,train,that is exactly what happened,CREMA-D,1.0,that is exactly what happened
clip_05630,train,i was like a new old fuck,CREMA-D,0.6545,i would like a new alarm clock
clip_07336,train,i wonder what this is about,CREMA-D,1.0,i wonder what this is about
clip_05726,train,maybe tomorrow it will be cold,CREMA-D,1.0,maybe tomorrow it will be cold
clip_02351,train,its 11 oclock,CREMA-D,1.0,its 11 oclock
clip_09454,train,i think ive seen this before,CREMA-D,1.0,i think ive seen this before
clip_08149,train,its 11 oclock,CREMA-D,1.0,its 11 oclock
clip_06371,train,the airplane is almost full,CREMA-D,1.0,the airplane is almost full
clip_04056,test,im on my way to the meeting,CREMA-D,1.0,im on my way to the meeting
clip_03371,train,its 11 oclock,CREMA-D,1.0,its 11 oclock
clip_08624,train,i would like a new and long clock,CREMA-D,0.8571,i would like a new alarm clock
clip_05205,train,im on my way to the meeting,CREMA-D,1.0,im on my way to the meeting
clip_08616,train,i wonder what this is about,CREMA-D,1.0,i wonder what this is about
clip_05922,train,i wonder what this is about,CREMA-D,1.0,i wonder what this is about
clip_02730,train,its 11 oclock,CREMA-D,1.0,its 11 oclock
clip_06431,train,i would like a new alarm clock,CREMA-D,1.0,i would like a new alarm clock
clip_09560,train,im on my way to the meeting,CREMA-D,1.0,im on my way to the meeting
clip_05746,train,its 11 oclock,CREMA-D,1.0,its 11 oclock
clip_10881,train,say the word moon,TESS,1.0,say the word
clip_10766,train,say the word keying,TESS,1.0,say the word
clip_08132,train,say the word whole,TESS,1.0,say the word
clip_01580,train,say the word tyre,TESS,1.0,say the word
clip_08357,train,say the word name,TESS,1.0,say the word
clip_01520,train,say the word hash,TESS,1.0,say the word
clip_01793,train,say the word make,TESS,1.0,say the word
clip_04652,train,say the word young,TESS,1.0,say the word
clip_04640,train,say the word sail,TESS,1.0,say the word
clip_06814,train,say the word nice,TESS,1.0,say the word
clip_06482,train,say the word loaf,TESS,1.0,say the word
clip_04541,train,say the word way,TESS,1.0,say the word
clip_05970,train,say the word south,TESS,1.0,say the word
clip_00931,train,say the word kick,TESS,1.0,say the word
clip_04795,train,say the word dodge,TESS,1.0,say the word
clip_10547,train,say the word soup,TESS,1.0,say the word
clip_03944,train,say the word dip,TESS,1.0,say the word
clip_10829,train,say the word have,TESS,1.0,say the word
clip_02650,train,say the word merge,TESS,1.0,say the word
clip_03666,train,say the word right,TESS,1.0,say the word
clip_02902,train,say the word witch,TESS,1.0,say the word
clip_07608,train,say the word judge,TESS,1.0,say the word
clip_10861,train,say the word voice,TESS,1.0,say the word
clip_09943,train,say the word germ,TESS,1.0,say the word
clip_06691,train,say the word mess,TESS,1.0,say the word
clip_09456,train,say the word weak,TESS,1.0,say the word
clip_06423,train,say the word dip,TESS,1.0,say the word
clip_05578,train,say the word one,TESS,1.0,say the word
clip_00108,train,say the word goal,TESS,1.0,say the word
clip_08001,train,say the word talk,TESS,1.0,say the word
clip_06782,train,say the word shawl,TESS,1.0,say the word
clip_03588,train,say the word mouse,TESS,1.0,say the word
clip_10052,train,say the word jase,TESS,1.0,say the word
clip_10308,train,say the word haze,TESS,1.0,say the word
clip_05982,train,say the words should,TESS,1.0,say the word
clip_06743,train,i bought my way to the meeting,CREMA-D,0.8772,im on my way to the meeting
clip_06724,train,id like a new long clock,CREMA-D,0.7778,i would like a new alarm clock
clip_02128,train,its 11 oclock,CREMA-D,1.0,its 11 oclock
clip_10518,test,i think i have a doctors appointment,CREMA-D,1.0,i think i have a doctors appointment
clip_00033,train,well stop in a couple of minutes,CREMA-D,1.0,well stop in a couple of minutes
clip_10830,test,i think ive seen this before,CREMA-D,1.0,i think ive seen this before
clip_06430,train,maybe tomorrow it will be cold,CREMA-D,1.0,maybe tomorrow it will be cold
clip_02250,train,the airplane is almost full,CREMA-D,1.0,the airplane is almost full
clip_02252,train,the surface is slick,CREMA-D,1.0,the surface is slick
clip_04378,train,11 oclock,CREMA-D,0.8182,its 11 oclock
clip_10233,train,its 11 oclock,CREMA-D,1.0,its 11 oclock
clip_04131,train,the surface is slick,CREMA-D,1.0,the surface is slick
clip_04184,train,well stop in a couple of minutes,CREMA-D,1.0,well stop in a couple of minutes
clip_04191,train,the surface is slick,CREMA-D,1.0,the surface is slick
clip_06821,train,well stop in a couple of minutes,CREMA-D,1.0,well stop in a couple of minutes
clip_00234,train,i would like to know a lot about you,UNKNOWN,0.6364,i would like a new alarm clock
clip_08883,train,i wonder what this is about,CREMA-D,1.0,i wonder what this is about
clip_05547,train,i wonder what this is about,CREMA-D,1.0,i wonder what this is about
clip_05318,train,i think i have a doctors appointment,CREMA-D,1.0,i think i have a doctors appointment
clip_05304,train,maybe tomorrow it will be cold,CREMA-D,1.0,maybe tomorrow it will be cold
clip_07459,train,the surface is slick,CREMA-D,1.0,the surface is slick
clip_07370,test,i wonder what this is about,CREMA-D,1.0,i wonder what this is about
clip_03284,train,i would like a new alarm clock,CREMA-D,1.0,i would like a new alarm clock
clip_05419,train,maybe tomorrow it will be cold,CREMA-D,1.0,maybe tomorrow it will be cold
clip_05388,train,to live in a clock,UNKNOWN,0.625,i would like a new alarm clock
clip_05267,train,airplane is almost full,CREMA-D,0.92,the airplane is almost full
clip_00662,train,i would like a new alarm clock,CREMA-D,1.0,i would like a new alarm clock
clip_07502,train,the airplane is almost full,CREMA-D,1.0,the airplane is almost full
clip_01474,train,the surface is slick,CREMA-D,1.0,the surface is slick
clip_08956,test,i wonder what this is about,CREMA-D,1.0,i wonder what this is about
clip_05489,train,i think i have a doctors appointment,CREMA-D,1.0,i think i have a doctors appointment
clip_05437,train,i would like a new alarm clock,CREMA-D,1.0,i would like a new alarm clock
clip_06512,test,im on my way to the meeting,CREMA-D,1.0,im on my way to the meeting
clip_02380,train,maybe tomorrow it will be cold,CREMA-D,1.0,maybe tomorrow it will be cold
clip_05496,train,i think ive seen this before,CREMA-D,1.0,i think ive seen this before
clip_03056,train,the airplane is almost full,CREMA-D,1.0,the airplane is almost full
clip_09829,train,i would like a new alarm clock,CREMA-D,1.0,i would like a new alarm clock
clip_01646,train,i would like a new alone clock,CREMA-D,0.9,i would like a new alarm clock
clip_05645,train,maybe tomorrow it will be cold,CREMA-D,1.0,maybe tomorrow it will be cold
clip_05621,train,im on my way to the meeting,CREMA-D,1.0,im on my way to the meeting
clip_10510,train,i wonder what this is about,CREMA-D,1.0,i wonder what this is about
clip_03369,train,that is exactly what happened,CREMA-D,1.0,that is exactly what happened
clip_03418,train,i think i have a doctors appointment,CREMA-D,1.0,i think i have a doctors appointment
clip_03376,train,the surface is slick,CREMA-D,1.0,the surface is slick
clip_07533,test,the airplane is almost full,CREMA-D,1.0,the airplane is almost full
clip_08695,train,dont forget a jacket,CREMA-D,1.0,dont forget a jacket
clip_08893,train,the surface is slick,CREMA-D,1.0,the surface is slick
clip_07556,test,that is exactly what happened,CREMA-D,1.0,that is exactly what happened
clip_09791,train,its 11 oclock,CREMA-D,1.0,its 11 oclock
clip_05005,test,i would like a new alarm clock,CREMA-D,1.0,i would like a new alarm clock
clip_00220,train,i would like a new alarm clock,CREMA-D,1.0,i would like a new alarm clock
clip_00201,train,its 11 oclock,CREMA-D,1.0,its 11 oclock
clip_00233,train,i couldve seen this before,CREMA-D,0.7778,i think ive seen this before
clip_02323,train,its 11 oclock,CREMA-D,1.0,its 11 oclock
clip_09548,test,im on my way to the meeting,CREMA-D,1.0,im on my way to the meeting
clip_08009,train,well stop in a couple of minutes,CREMA-D,1.0,well stop in a couple of minutes
clip_10022,test,that is exactly what happened,CREMA-D,1.0,that is exactly what happened
clip_05125,test,well stop at a couple of minutes,CREMA-D,0.9375,well stop in a couple of minutes
clip_03760,test,the airplane is almost full,CREMA-D,1.0,the airplane is almost full
clip_05704,train,the airplane is almost full,CREMA-D,1.0,the airplane is almost full
clip_00760,train,i think i have a doctors appointment,CREMA-D,1.0,i think i have a doctors appointment
clip_08677,train,i would like a new alarm clock,CREMA-D,1.0,i would like a new alarm clock
clip_08979,train,im on my way to the meeting,CREMA-D,1.0,im on my way to the meeting
clip_08976,train,well start for a couple of minutes,CREMA-D,0.8485,well stop in a couple of minutes
clip_10034,train,i would like a new alarm clock,CREMA-D,1.0,i would like a new alarm clock
clip_00400,test,the airplane is almost full,CREMA-D,1.0,the airplane is almost full
clip_06168,train,i wonder what this is about,CREMA-D,1.0,i wonder what this is about
clip_06176,train,maybe tomorrow it will be cold,CREMA-D,1.0,maybe tomorrow it will be cold
clip_09977,train,i wonder what this is about,CREMA-D,1.0,i wonder what this is about
clip_10344,train,that is exactly what happened,CREMA-D,1.0,that is exactly what happened
clip_03832,test,its 11 oclock,CREMA-D,1.0,its 11 oclock
clip_05733,train,that is exactly what happened,CREMA-D,1.0,that is exactly what happened
clip_05143,train,maybe tomorrow it will be cold,CREMA-D,1.0,maybe tomorrow it will be cold
clip_02864,train,i would like a new alarm clock,CREMA-D,1.0,i would like a new alarm clock
clip_09774,train,i think ive seen this before,CREMA-D,1.0,i think ive seen this before
clip_01688,train,dont forget to check it,CREMA-D,0.7442,dont forget a jacket
clip_03314,test,well stop in a couple of minutes,CREMA-D,1.0,well stop in a couple of minutes
clip_03482,train,maybe tomorrow it will be cold,CREMA-D,1.0,maybe tomorrow it will be cold
clip_03308,test,i would like a new alarm clock,CREMA-D,1.0,i would like a new alarm clock
clip_03395,test,its 11 oclock,CREMA-D,1.0,its 11 oclock
clip_02484,test,its 11 oclock,CREMA-D,1.0,its 11 oclock
clip_01002,train,dont wonder what this is about,CREMA-D,0.9123,i wonder what this is about
clip_04522,train,maybe tomorrow it will be cold,CREMA-D,1.0,maybe tomorrow it will be cold
clip_04110,train,i think ive seen this before,CREMA-D,1.0,i think ive seen this before
clip_02035,train,i would like a new alarm clock,CREMA-D,1.0,i would like a new alarm clock
clip_06918,train,its 11 oclock,CREMA-D,1.0,its 11 oclock
clip_09799,train,that is exactly what happened,CREMA-D,1.0,that is exactly what happened
clip_05589,test,im on my way to the meeting,CREMA-D,1.0,im on my way to the meeting
clip_03564,train,that is exactly what happened,CREMA-D,1.0,that is exactly what happened
clip_08590,train,maybe tomorrow it will be cold,CREMA-D,1.0,maybe tomorrow it will be cold
clip_01754,train,i think ive seen this before,CREMA-D,1.0,i think ive seen this before
clip_07235,train,maybe tomorrow it will be cold,CREMA-D,1.0,maybe tomorrow it will be cold
clip_02794,train,its a little clunk,UNKNOWN,0.5161,its 11 oclock
clip_02768,train,i would like a new alarm clock,CREMA-D,1.0,i would like a new alarm clock
clip_05778,train,i think i have a doctors appointment,CREMA-D,1.0,i think i have a doctors appointment
clip_01373,train,well stop in a couple of minutes,CREMA-D,1.0,well stop in a couple of minutes
clip_04821,train,i wonder what this is about,CREMA-D,1.0,i wonder what this is about
clip_07707,train,im on my way to the meeting,CREMA-D,1.0,im on my way to the meeting
clip_03695,train,i am on my way to the meeting,CREMA-D,0.9643,im on my way to the meeting
clip_04972,train,its 11 oclock,CREMA-D,1.0,its 11 oclock
clip_09284,train,maybe tomorrow it will be cold,CREMA-D,1.0,maybe tomorrow it will be cold
clip_00493,train,maybe tomorrow it will be cold,CREMA-D,1.0,maybe tomorrow it will be cold
clip_03628,train,thats exactly what happened,CREMA-D,0.9643,that is exactly what happened
clip_03629,train,i wonder what this is about,CREMA-D,1.0,i wonder what this is about
clip_04638,train,dont forget to check it,CREMA-D,0.7442,dont forget a jacket
clip_04997,train,its 11 oclock,CREMA-D,1.0,its 11 oclock
clip_07922,train,that is exactly what happened,CREMA-D,1.0,that is exactly what happened
clip_07952,train,maybe tomorrow it will be cold,CREMA-D,1.0,maybe tomorrow it will be cold
clip_04023,train,its 11 oclock,CREMA-D,1.0,its 11 oclock
clip_08301,train,i think ive seen this before,CREMA-D,1.0,i think ive seen this before
clip_03994,train,i wonder what this is about,CREMA-D,1.0,i wonder what this is about
clip_03995,train,the airplane is almost full,CREMA-D,1.0,the airplane is almost full
clip_08514,train,that is exactly what happened,CREMA-D,1.0,that is exactly what happened
clip_05912,train,i think i have a doctors appointment,CREMA-D,1.0,i think i have a doctors appointment
clip_04944,train,i think i have a doctors appointment,CREMA-D,1.0,i think i have a doctors appointment
clip_08467,train,i think i have a doctors appointment,CREMA-D,1.0,i think i have a doctors appointment
clip_04899,train,i wonder what this is about,CREMA-D,1.0,i wonder what this is about
clip_04897,train,i think i have a doctors appointment,CREMA-D,1.0,i think i have a doctors appointment
clip_04903,train,maybe tomorrow it will be cold,CREMA-D,1.0,maybe tomorrow it will be cold
clip_07698,train,the airplane is almost full,CREMA-D,1.0,the airplane is almost full
clip_07757,train,so this is slick,CREMA-D,0.6667,the surface is slick
clip_04881,train,i would like a new alarm clock,CREMA-D,1.0,i would like a new alarm clock
clip_04891,train,the surface is slick,CREMA-D,1.0,the surface is slick
clip_04877,train,dont forget a jacket,CREMA-D,1.0,dont forget a jacket
clip_07747,train,that is exactly what happened,CREMA-D,1.0,that is exactly what happened
clip_03274,test,i think ive seen this before,CREMA-D,1.0,i think ive seen this before
clip_03163,test,the surface is slick,CREMA-D,1.0,the surface is slick
clip_04829,train,the surface is slick,CREMA-D,1.0,the surface is slick
clip_02095,train,its 11 oclock,CREMA-D,1.0,its 11 oclock
clip_10859,train,the airplane is almost full,CREMA-D,1.0,the airplane is almost full
clip_00125,test,i think i have a doctors appointment,CREMA-D,1.0,i think i have a doctors appointment
clip_04382,test,that is exactly what happened,CREMA-D,1.0,that is exactly what happened
clip_09442,train,the airplane is almost full,CREMA-D,1.0,the airplane is almost full
clip_04108,test,the airplane is almost full,CREMA-D,1.0,the airplane is almost full
clip_03183,train,that is exactly what happened,CREMA-D,1.0,that is exactly what happened
clip_02391,test,the airplane is almost full,CREMA-D,1.0,the airplane is almost full
clip_00066,test,maybe tomorrow that will be cold,CREMA-D,0.9355,maybe tomorrow it will be cold
clip_06553,train,the airplane is almost full,CREMA-D,1.0,the airplane is almost full
clip_04224,train,maybe tomorrow it will be cold,CREMA-D,1.0,maybe tomorrow it will be cold
clip_04269,train,i would like a new alarm clock,CREMA-D,1.0,i would like a new alarm clock
clip_06707,train,the surface is slick,CREMA-D,1.0,the surface is slick
clip_00939,train,im on my way to the meeting,CREMA-D,1.0,im on my way to the meeting
clip_07634,test,i think ive seen this before,CREMA-D,1.0,i think ive seen this before
clip_07121,train,i wonder what this is about,CREMA-D,1.0,i wonder what this is about
clip_03967,test,i think i have a doctors appointment,CREMA-D,1.0,i think i have a doctors appointment
clip_08689,test,maybe tomorrow it will be cold,CREMA-D,1.0,maybe tomorrow it will be cold
clip_04000,train,i think ive seen this before,CREMA-D,1.0,i think ive seen this before
clip_07885,train,maybe tomorrow it will be cold,CREMA-D,1.0,maybe tomorrow it will be cold
clip_07874,train,maybe tomorrow it will be cold,CREMA-D,1.0,maybe tomorrow it will be cold
clip_04667,train,i would like a new alarm clock,CREMA-D,1.0,i would like a new alarm clock
clip_08330,train,well stop in a couple of minutes,CREMA-D,1.0,well stop in a couple of minutes
clip_01232,train,dont forget to jack it,CREMA-D,0.8571,dont forget a jacket
clip_01550,test,i wonder what this is about,CREMA-D,1.0,i wonder what this is about
clip_07093,train,i think ive seen this before,CREMA-D,1.0,i think ive seen this before
clip_07038,train,that is exactly what happened,CREMA-D,1.0,that is exactly what happened
clip_09680,train,i think i have a doctors appointment,CREMA-D,1.0,i think i have a doctors appointment
clip_09159,train,i think ive seen this before,CREMA-D,1.0,i think ive seen this before
clip_01557,test,well stop in a couple of minutes,CREMA-D,1.0,well stop in a couple of minutes
clip_07056,train,maybe tomorrow will be cold,CREMA-D,0.9474,maybe tomorrow it will be cold
clip_10323,train,i think ive seen this before,CREMA-D,1.0,i think ive seen this before
clip_03826,train,i think i have a doctors appointment,CREMA-D,1.0,i think i have a doctors appointment
clip_03803,train,i would like to do a barn clock,CREMA-D,0.7869,i would like a new alarm clock
clip_08460,train,maybe tomorrow it will be cold,CREMA-D,1.0,maybe tomorrow it will be cold
clip_01261,train,maybe tomorrow it will be cold,CREMA-D,1.0,maybe tomorrow it will be cold
clip_02568,train,i would like a new alarm clock,CREMA-D,1.0,i would like a new alarm clock
clip_09998,train,well stop in a couple of minutes,CREMA-D,1.0,well stop in a couple of minutes
clip_09477,test,dont forget a jacket,CREMA-D,1.0,dont forget a jacket
clip_06095,train,the airplane is almost full,CREMA-D,1.0,the airplane is almost full
clip_02655,test,im on my way to the meeting,CREMA-D,1.0,im on my way to the meeting
clip_02553,test,the surface is slick,CREMA-D,1.0,the surface is slick
clip_01249,train,i think i have a doctors appointment,CREMA-D,1.0,i think i have a doctors appointment
clip_10075,train,im on my way to the meeting,CREMA-D,1.0,im on my way to the meeting
clip_00954,train,that is exactly what happened,CREMA-D,1.0,that is exactly what happened
clip_04386,train,well stop in a couple of minutes,CREMA-D,1.0,well stop in a couple of minutes
clip_00363,train,i look like a new alarm clock,CREMA-D,0.8814,i would like a new alarm clock
clip_04725,train,im on my way to the leading,CREMA-D,0.8889,im on my way to the meeting
clip_07828,train,well stop in a couple of minutes,CREMA-D,1.0,well stop in a couple of minutes
clip_08386,train,i would like a new alarm clock,CREMA-D,1.0,i would like a new alarm clock
clip_08048,test,i wonder what this is about,CREMA-D,1.0,i wonder what this is about
clip_09234,train,i would like a new alarm clock,CREMA-D,1.0,i would like a new alarm clock
clip_01912,train,that is exactly what happened,CREMA-D,1.0,that is exactly what happened
clip_06037,train,well start in a couple of minutes,CREMA-D,0.9231,well stop in a couple of minutes
clip_03831,train,i wonder what this is about,CREMA-D,1.0,i wonder what this is about
clip_03837,train,well stop in a couple of minutes,CREMA-D,1.0,well stop in a couple of minutes
clip_06194,test,im on my way to the meeting,CREMA-D,1.0,im on my way to the meeting
clip_06616,train,i think i have a doctors appointment,CREMA-D,1.0,i think i have a doctors appointment
clip_03871,train,that is exactly what happened,CREMA-D,1.0,that is exactly what happened
clip_09308,test,i would like a new alarm clock,CREMA-D,1.0,i would like a new alarm clock
clip_09568,train,the airplane is almost full,CREMA-D,1.0,the airplane is almost full
clip_04322,train,i would like a new alarm clock,CREMA-D,1.0,i would like a new alarm clock
clip_08069,train,im on my way to the meeting,CREMA-D,1.0,im on my way to the meeting
clip_03081,train,say the word life,TESS,1.0,say the word
clip_03383,train,say the word sail,TESS,1.0,say the word
clip_05680,train,say the word pad,TESS,1.0,say the word
clip_10170,train,say the word keep,TESS,1.0,say the word
clip_10239,train,say the word keg,TESS,1.0,say the word
clip_04774,train,say the word raise,TESS,1.0,say the word
clip_01962,train,say the word rose,TESS,1.0,say the word
clip_08602,train,say the word ton,TESS,1.0,say the word
clip_10586,train,say the word shirt,TESS,1.0,say the word
clip_03649,train,say the word chat,TESS,1.0,say the word
clip_05406,train,say the word most,TESS,1.0,say the word
clip_09795,train,say the word pass,TESS,1.0,say the word
clip_10650,train,say the word far,TESS,1.0,say the word
clip_02717,train,say the word such,TESS,1.0,say the word
clip_04848,train,say the word lien,TESS,1.0,say the word
clip_07058,train,say the word wire,TESS,1.0,say the word
clip_06228,train,say the word team,TESS,1.0,say the word
clip_01300,train,say the word rolls,TESS,1.0,say the word
clip_08910,train,say the word size,TESS,1.0,say the word
clip_08109,train,i think i have a doctors appointment,CREMA-D,1.0,i think i have a doctors appointment
clip_04249,train,its 11 oclock,CREMA-D,1.0,its 11 oclock
clip_08131,train,the surface is slick,CREMA-D,1.0,the surface is slick
clip_04243,test,that is exactly what happened,CREMA-D,1.0,that is exactly what happened
clip_06610,train,that is exactly what happened,CREMA-D,1.0,that is exactly what happened
clip_04389,train,its 11 oclock,CREMA-D,1.0,its 11 oclock
clip_04311,train,well stop in a couple of minutes,CREMA-D,1.0,well stop in a couple of minutes
clip_00071,train,its 11 oclock,CREMA-D,1.0,its 11 oclock
clip_10293,train,that is exactly what happened,CREMA-D,1.0,that is exactly what happened
clip_04745,train,maybe tomorrow it will be cold,CREMA-D,1.0,maybe tomorrow it will be cold
clip_09452,test,its 11 oclock,CREMA-D,1.0,its 11 oclock
clip_07818,train,that is exactly what happened,CREMA-D,1.0,that is exactly what happened
clip_03828,train,dont forget to check it,CREMA-D,0.7442,dont forget a jacket
clip_01905,train,the surface is slick,CREMA-D,1.0,the surface is slick
clip_10683,train,that is exactly what happened,CREMA-D,1.0,that is exactly what happened
clip_03896,test,well stop in a couple of minutes,CREMA-D,1.0,well stop in a couple of minutes
clip_07404,test,i wonder what this is about,CREMA-D,1.0,i wonder what this is about
clip_08786,train,maybe tomorrow it will be cold,CREMA-D,1.0,maybe tomorrow it will be cold
clip_07966,test,i would like a new alarm clock,CREMA-D,1.0,i would like a new alarm clock
clip_07914,test,i think i have a doctors appointment,CREMA-D,1.0,i think i have a doctors appointment
clip_01849,train,maybe tomorrow will be cold,CREMA-D,0.9474,maybe tomorrow it will be cold
clip_04683,train,the surface is slick,CREMA-D,1.0,the surface is slick
clip_08918,train,i would like a new alarm clock,CREMA-D,1.0,i would like a new alarm clock
clip_03104,train,well stop in a couple of minutes,CREMA-D,1.0,well stop in a couple of minutes
clip_08745,train,i would like an oldarm clock,CREMA-D,0.8966,i would like a new alarm clock
clip_03552,test,the airplane is almost full,CREMA-D,1.0,the airplane is almost full
clip_03142,train,i think i have a doctors appointment,CREMA-D,1.0,i think i have a doctors appointment
clip_07488,train,i think i have a doctors appointment,CREMA-D,1.0,i think i have a doctors appointment
clip_05377,train,that is exactly what happened,CREMA-D,1.0,that is exactly what happened
clip_05327,train,well stop in a couple of minutes,CREMA-D,1.0,well stop in a couple of minutes
clip_05523,train,i think i have a doctors appointment,CREMA-D,1.0,i think i have a doctors appointment
clip_03277,train,well stop in a couple of minutes,CREMA-D,1.0,well stop in a couple of minutes
clip_02641,train,that is exactly what happened,CREMA-D,1.0,that is exactly what happened
clip_07930,test,maybe tomorrow it will be cold,CREMA-D,1.0,maybe tomorrow it will be cold
clip_07857,test,i would like a new alarm clock,CREMA-D,1.0,i would like a new alarm clock
clip_10009,train,well stop in a couple of minutes,CREMA-D,1.0,well stop in a couple of minutes
clip_02668,train,im on my way to the meeting,CREMA-D,1.0,im on my way to the meeting
clip_09190,train,i think ive seen this before,CREMA-D,1.0,i think ive seen this before
clip_02923,test,dont forget a jacket,CREMA-D,1.0,dont forget a jacket
clip_06321,train,well stop in a couple of minutes,CREMA-D,1.0,well stop in a couple of minutes
clip_03893,train,i would like a new alarm clock,CREMA-D,1.0,i would like a new alarm clock
clip_04126,train,i would like a new alarm clock,CREMA-D,1.0,i would like a new alarm clock
clip_04128,train,the surface is slick,CREMA-D,1.0,the surface is slick
clip_02614,test,its 11 oclock,CREMA-D,1.0,its 11 oclock
clip_07014,train,im on my way to the meeting,CREMA-D,1.0,im on my way to the meeting
clip_06082,train,the surface is slick,CREMA-D,1.0,the surface is slick
clip_02546,train,i think i have a doctors appointment,CREMA-D,1.0,i think i have a doctors appointment
clip_02579,train,the airplane is almost full,CREMA-D,1.0,the airplane is almost full
clip_07052,train,maybe tomorrow it will be cold,CREMA-D,1.0,maybe tomorrow it will be cold
clip_02685,train,its 11 oclock,CREMA-D,1.0,its 11 oclock
clip_05971,train,the airplane is almost full,CREMA-D,1.0,the airplane is almost full
clip_05961,train,i would like a new alarm clock,CREMA-D,1.0,i would like a new alarm clock
clip_05233,train,maybe tomorrow it will be cold,CREMA-D,1.0,maybe tomorrow it will be cold
clip_05557,train,maybe tomorrow will be cold,CREMA-D,0.9474,maybe tomorrow it will be cold
clip_00864,train,i think i have a doctors appointment,CREMA-D,1.0,i think i have a doctors appointment
clip_00888,train,the airplane is almost full,CREMA-D,1.0,the airplane is almost full
clip_08761,train,maybe tomorrow will be cold,CREMA-D,0.9474,maybe tomorrow it will be cold
clip_09878,train,its 11 oclock,CREMA-D,1.0,its 11 oclock
clip_05250,train,its 11 oclock,CREMA-D,1.0,its 11 oclock
clip_03335,train,well stop in a couple of minutes,CREMA-D,1.0,well stop in a couple of minutes
clip_00564,test,dont forget it jacket,CREMA-D,0.9268,dont forget a jacket
clip_01532,train,that is exactly what happened,CREMA-D,1.0,that is exactly what happened
clip_09847,train,well stop in a couple of minutes,CREMA-D,1.0,well stop in a couple of minutes
clip_07577,train,that is exactly what happened,CREMA-D,1.0,that is exactly what happened
clip_03659,train,the airplane is almost full,CREMA-D,1.0,the airplane is almost full
clip_06962,test,that is exactly what happened,CREMA-D,1.0,that is exactly what happened
clip_06843,test,the surface is slick,CREMA-D,1.0,the surface is slick
clip_05889,test,dont forget a jacket,CREMA-D,1.0,dont forget a jacket
clip_06283,train,i think i have a doctors appointment,CREMA-D,1.0,i think i have a doctors appointment
clip_07273,train,its 11 oclock,CREMA-D,1.0,its 11 oclock
clip_01127,train,or maybe tomorrow it will be cold,CREMA-D,0.9524,maybe tomorrow it will be cold
clip_06289,train,i would like a new alarm clock,CREMA-D,1.0,i would like a new alarm clock
clip_07607,test,i would like a new alarm clock,CREMA-D,1.0,i would like a new alarm clock
clip_00670,train,well stop in a couple of minutes,CREMA-D,1.0,well stop in a couple of minutes
clip_03112,train,the surface is slick,CREMA-D,1.0,the surface is slick
clip_07515,train,maybe tomorrow it will be cold,CREMA-D,1.0,maybe tomorrow it will be cold
clip_01009,test,i would like a new alarm clock,CREMA-D,1.0,i would like a new alarm clock
clip_03912,train,the surface is slick,CREMA-D,1.0,the surface is slick
clip_05991,train,i think ive seen this before,CREMA-D,1.0,i think ive seen this before
clip_03101,train,i would like a new alarm lock,CREMA-D,0.9831,i would like a new alarm clock
clip_00772,test,the airplane is almost full,CREMA-D,1.0,the airplane is almost full
clip_08362,train,i think ive seen this before,CREMA-D,1.0,i think ive seen this before
clip_04665,train,maybe tomorrow itll be cold,CREMA-D,0.9474,maybe tomorrow it will be cold
clip_09277,train,i think ive seen this before,CREMA-D,1.0,i think ive seen this before
clip_06053,train,i think i have a doctors appointment,CREMA-D,1.0,i think i have a doctors appointment
clip_07018,train,i would like to do a long clock,CREMA-D,0.7541,i would like a new alarm clock
clip_00921,train,dont forget to check,CREMA-D,0.75,dont forget a jacket
clip_00734,test,the surface is slick,CREMA-D,1.0,the surface is slick
clip_08582,test,the surface is slick,CREMA-D,1.0,the surface is slick
clip_01919,train,i think ive seen this before,CREMA-D,1.0,i think ive seen this before
clip_01937,train,im on my way to the meeting,CREMA-D,1.0,im on my way to the meeting
clip_03738,train,just 11 oclock,CREMA-D,0.8148,its 11 oclock
clip_05088,test,im on my way to the meeting,CREMA-D,1.0,im on my way to the meeting
clip_08420,train,that is exactly what happened,CREMA-D,1.0,that is exactly what happened
clip_03779,train,maybe tomorrow it will be cold,CREMA-D,1.0,maybe tomorrow it will be cold
clip_03732,train,dont forget a jacket,CREMA-D,1.0,dont forget a jacket
clip_09144,train,the airplane is almost full,CREMA-D,1.0,the airplane is almost full
clip_01809,train,well stop in a couple of minutes,CREMA-D,1.0,well stop in a couple of minutes
clip_07019,test,dont forget a jacket,CREMA-D,1.0,dont forget a jacket
clip_03664,train,i think i have a doctors appointment,CREMA-D,1.0,i think i have a doctors appointment
clip_03199,test,the surface is slick,CREMA-D,1.0,the surface is slick
clip_04839,train,i think ive seen this before,CREMA-D,1.0,i think ive seen this before
clip_04967,train,i would like a new alarm clock,CREMA-D,1.0,i would like a new alarm clock
clip_10302,test,the airplane is almost full,CREMA-D,1.0,the airplane is almost full
clip_09427,train,its 11 oclock,CREMA-D,1.0,its 11 oclock
clip_02386,train,the airplane is almost full,CREMA-D,1.0,the airplane is almost full
clip_06551,test,i wonder what this is about,CREMA-D,1.0,i wonder what this is about
clip_09390,train,im on my way to the meeting,CREMA-D,1.0,im on my way to the meeting
clip_00238,train,its 11 oclock,CREMA-D,1.0,its 11 oclock
clip_07780,train,i think i have a doctors appointment,CREMA-D,1.0,i think i have a doctors appointment
clip_05574,train,i wonder what this is about,CREMA-D,1.0,i wonder what this is about
clip_07564,train,i think i have a doctors appointment,CREMA-D,1.0,i think i have a doctors appointment
clip_03572,train,its 11 oclock,CREMA-D,1.0,its 11 oclock
clip_07678,test,i think i have a doctors appointment,CREMA-D,1.0,i think i have a doctors appointment
clip_02482,train,that is exactly what happened,CREMA-D,1.0,that is exactly what happened
clip_02487,train,i would like a new alarm clock,CREMA-D,1.0,i would like a new alarm clock
clip_08299,train,well stop in a couple of minutes,CREMA-D,1.0,well stop in a couple of minutes
clip_09362,test,im on my way to the meeting,CREMA-D,1.0,im on my way to the meeting
clip_09276,train,i would like a new alarm clock,CREMA-D,1.0,i would like a new alarm clock
clip_02464,train,im on my way to the meeting,CREMA-D,1.0,im on my way to the meeting
clip_06158,train,i wonder what this is about,CREMA-D,1.0,i wonder what this is about
clip_01752,train,well stop in a couple of minutes,CREMA-D,1.0,well stop in a couple of minutes
clip_09126,train,im on my way to the meeting,CREMA-D,1.0,im on my way to the meeting
clip_10621,train,im on my way to the meeting,CREMA-D,1.0,im on my way to the meeting
clip_00462,train,i figure i have a doctors appointment,CREMA-D,0.8767,i think i have a doctors appointment
clip_05946,train,i wonder what this is about,CREMA-D,1.0,i wonder what this is about
clip_09702,train,the surface is flick,CREMA-D,0.95,the surface is slick
clip_09696,train,that is exactly what happened,CREMA-D,1.0,that is exactly what happened
clip_02102,train,i think i have a doctors appointment,CREMA-D,1.0,i think i have a doctors appointment
clip_02104,train,the surface is slick,CREMA-D,1.0,the surface is slick
clip_02094,train,the surface is slick,CREMA-D,1.0,the surface is slick
clip_09491,train,maybe tomorrow it will be cold,CREMA-D,1.0,maybe tomorrow it will be cold
clip_02122,train,i think i have a doctors appointment,CREMA-D,1.0,i think i have a doctors appointment
clip_09534,train,i think ive seen this before,CREMA-D,1.0,i think ive seen this before
clip_06754,train,i think i have a doctors appointment,CREMA-D,1.0,i think i have a doctors appointment
clip_04142,train,i think i have a doctors appointment,CREMA-D,1.0,i think i have a doctors appointment
clip_06654,train,i would like it to alarm clock,CREMA-D,0.8667,i would like a new alarm clock
clip_04399,test,i wonder what this is about,CREMA-D,1.0,i wonder what this is about
clip_04368,test,i think ive seen this before,CREMA-D,1.0,i think ive seen this before
clip_00520,test,the surface is slick,CREMA-D,1.0,the surface is slick
clip_00658,train,i think i have a doctors appointment,CREMA-D,1.0,i think i have a doctors appointment
clip_03197,train,that is exactly what happened,CREMA-D,1.0,that is exactly what happened
clip_01388,test,i think ive seen this before,CREMA-D,1.0,i think ive seen this before
clip_02355,train,maybe tomorrow will be cold,CREMA-D,0.9474,maybe tomorrow it will be cold
clip_06392,train,maybe tomorrow it will be cold,CREMA-D,1.0,maybe tomorrow it will be cold
clip_01380,train,its 11 oclock,CREMA-D,1.0,its 11 oclock
clip_04828,test,i think i have a doctors appointment,CREMA-D,1.0,i think i have a doctors appointment
clip_07620,train,well stop in a couple of minutes,CREMA-D,1.0,well stop in a couple of minutes
clip_02854,train,the airplane is almost full,CREMA-D,1.0,the airplane is almost full
clip_10387,train,maybe tomorrow it will be cold,CREMA-D,1.0,maybe tomorrow it will be cold
clip_05752,train,maybe tomorrow will be cold,CREMA-D,0.9474,maybe tomorrow it will be cold
clip_09228,test,well stop at a couple of minutes,CREMA-D,0.9375,well stop in a couple of minutes
clip_08996,train,i think i have a doctors appointment,CREMA-D,1.0,i think i have a doctors appointment
clip_00721,train,its only been a clock,UNKNOWN,0.5882,its 11 oclock
clip_10415,train,that is exactly what happened,CREMA-D,1.0,that is exactly what happened
clip_07278,train,maybe tomorrow will be cold,CREMA-D,0.9474,maybe tomorrow it will be cold
clip_06249,train,well stop in a couple of minutes,CREMA-D,1.0,well stop in a couple of minutes
clip_06266,train,i think i have a doctors appointment,CREMA-D,1.0,i think i have a doctors appointment
clip_08270,train,the surface is slick,CREMA-D,1.0,the surface is slick
clip_10032,test,i would like a new alarm clock,CREMA-D,1.0,i would like a new alarm clock
clip_10381,train,its 11 oclock,CREMA-D,1.0,its 11 oclock
clip_05719,test,its 11 oclock,CREMA-D,1.0,its 11 oclock
clip_09893,test,its 11 oclock,CREMA-D,1.0,its 11 oclock
clip_09083,train,i think ive seen this before,CREMA-D,1.0,i think ive seen this before
clip_05948,test,the airplane is almost full,CREMA-D,1.0,the airplane is almost full
clip_05993,test,i was like a new alarm clock,CREMA-D,0.8966,i would like a new alarm clock
clip_05959,test,i would like a new alarm clock,CREMA-D,1.0,i would like a new alarm clock
clip_04055,train,well stop at a couple of minutes,CREMA-D,0.9375,well stop in a couple of minutes
clip_09380,train,i wonder what this is about,CREMA-D,1.0,i wonder what this is about
clip_06003,test,i think i have a doctors appointment,CREMA-D,1.0,i think i have a doctors appointment
clip_05960,test,i would like a new alarm clock,CREMA-D,1.0,i would like a new alarm clock
clip_04468,train,i think i have a doctors appointment,CREMA-D,1.0,i think i have a doctors appointment
clip_09357,train,i think ive seen this before,CREMA-D,1.0,i think ive seen this before
clip_02753,train,its 11 oclock,CREMA-D,1.0,its 11 oclock
clip_03313,test,i think i have a doctors appointment,CREMA-D,1.0,i think i have a doctors appointment
clip_02002,train,im on my way to the meeting,CREMA-D,1.0,im on my way to the meeting
clip_00506,train,dont forget a jacket,CREMA-D,1.0,dont forget a jacket
clip_07226,train,maybe tomorrow it will be cold,CREMA-D,1.0,maybe tomorrow it will be cold
clip_00509,train,dont forget a jacket,CREMA-D,1.0,dont forget a jacket
clip_07236,train,on my way to the meeting,CREMA-D,0.9412,im on my way to the meeting
clip_10338,train,that is exactly what happened,CREMA-D,1.0,that is exactly what happened
clip_02509,test,i would like a new alarm clock,CREMA-D,1.0,i would like a new alarm clock
clip_01314,train,im on my way to the meeting,CREMA-D,1.0,im on my way to the meeting
clip_01365,train,maybe tomorrow it will be cold,CREMA-D,1.0,maybe tomorrow it will be cold
clip_07418,test,well stop in a couple of minutes,CREMA-D,1.0,well stop in a couple of minutes
clip_10180,train,i think ive seen this before,CREMA-D,1.0,i think ive seen this before
clip_01110,train,its 11 oclock,CREMA-D,1.0,its 11 oclock
clip_06593,train,i would like the new alarm clock,CREMA-D,0.9355,i would like a new alarm clock
clip_09766,train,its 11 oclock,CREMA-D,1.0,its 11 oclock
clip_02018,test,i think ive seen this before,CREMA-D,1.0,i think ive seen this before
clip_05681,test,the airplane is almost full,CREMA-D,1.0,the airplane is almost full
clip_09704,test,i wonder what this is about,CREMA-D,1.0,i wonder what this is about
clip_02755,test,well stop in a couple of minutes,CREMA-D,1.0,well stop in a couple of minutes
clip_06378,train,its 11 oclock,CREMA-D,1.0,its 11 oclock
clip_02202,train,the airplane is almost full,CREMA-D,1.0,the airplane is almost full
clip_08566,test,i think i have a doctors appointment,CREMA-D,1.0,i think i have a doctors appointment
clip_06471,train,airplane is almost full,CREMA-D,0.92,the airplane is almost full
clip_08066,train,maybe tomorrow will be cold,CREMA-D,0.9474,maybe tomorrow it will be cold
clip_08089,train,maybe tomorrow it will be cold,CREMA-D,1.0,maybe tomorrow it will be cold
clip_00009,train,the airplane is almost full,CREMA-D,1.0,the airplane is almost full
clip_10208,train,that is exactly what happened,CREMA-D,1.0,that is exactly what happened
clip_02260,train,im on my way to the meeting,CREMA-D,1.0,im on my way to the meeting
clip_01020,train,i think ive seen this before,CREMA-D,1.0,i think ive seen this before
clip_01021,train,im on my way to the meeting,CREMA-D,1.0,im on my way to the meeting
clip_06418,train,its 11 oclock,CREMA-D,1.0,its 11 oclock
clip_10198,train,i would like a new alarm clock,CREMA-D,1.0,i would like a new alarm clock
clip_02956,train,say the word rose,TESS,1.0,say the word
clip_04694,train,say the word loaf,TESS,1.0,say the word
clip_04264,train,say the word mop,TESS,1.0,say the word
clip_08495,train,say the word youth,TESS,1.0,say the word
clip_04071,train,say the word wife,TESS,1.0,say the word
clip_05259,train,say the word tape,TESS,1.0,say the word
clip_08802,train,say the word reach,TESS,1.0,say the word
clip_06272,train,say the word kite,TESS,1.0,say the word
clip_04546,train,say the word death,TESS,1.0,say the word
clip_07755,train,say the word shout,TESS,1.0,say the word
clip_09113,train,say the word get,TESS,1.0,say the word
clip_04681,train,say the word youth,TESS,1.0,say the word
clip_05945,train,say the word judge,TESS,1.0,say the word
clip_00217,train,say the word keep,TESS,1.0,say the word
clip_07838,train,say the word jews,TESS,1.0,say the word
clip_08889,train,say the word white,TESS,1.0,say the word
clip_08770,train,say the word nag,TESS,1.0,say the word
clip_01101,train,say the word ditch,TESS,1.0,say the word
clip_02873,train,say the word need,TESS,1.0,say the word
clip_02889,train,say the word dead,TESS,1.0,say the word
clip_09813,train,say the word page,TESS,1.0,say the word
clip_07410,train,say the word nice,TESS,1.0,say the word
clip_10429,train,say the word wash,TESS,1.0,say the word
clip_01760,train,say the word bar,TESS,1.0,say the word
clip_05463,train,say the word check,TESS,1.0,say the word
clip_02139,train,maybe tomorrow will be cold,CREMA-D,0.9474,maybe tomorrow it will be cold
clip_06720,train,the airplane is almost full,CREMA-D,1.0,the airplane is almost full
clip_00007,train,i would like a new along clock,CREMA-D,0.9,i would like a new alarm clock
clip_06513,train,and on my way to the meeting,CREMA-D,0.9091,im on my way to the meeting
clip_00094,train,i think ive seen this before,CREMA-D,1.0,i think ive seen this before
clip_00021,train,well stop in a couple of minutes,CREMA-D,1.0,well stop in a couple of minutes
clip_10640,test,its 11 oclock,CREMA-D,1.0,its 11 oclock
clip_09489,train,i think i have a doctors appointment,CREMA-D,1.0,i think i have a doctors appointment
clip_10232,train,its 11 oclock,CREMA-D,1.0,its 11 oclock
clip_06804,train,the airplane is almost full,CREMA-D,1.0,the airplane is almost full
clip_06778,train,the airplane is almost full,CREMA-D,1.0,the airplane is almost full
clip_09476,train,i wonder what this is about,CREMA-D,1.0,i wonder what this is about
clip_02030,train,im on my way to the meeting,CREMA-D,1.0,im on my way to the meeting
clip_00084,train,maybe tomorrow it will be cold,CREMA-D,1.0,maybe tomorrow it will be cold
clip_04134,train,its 11 oclock,CREMA-D,1.0,its 11 oclock
clip_02257,train,the airplane is almost full,CREMA-D,1.0,the airplane is almost full
clip_09462,train,i would like a new alarm clock,CREMA-D,1.0,i would like a new alarm clock
clip_06773,train,i think i have a doctors appointment,CREMA-D,1.0,i think i have a doctors appointment
clip_00165,train,i think ive seen this before,CREMA-D,1.0,i think ive seen this before
clip_04182,train,i think ive seen this before,CREMA-D,1.0,i think ive seen this before
clip_00146,train,its 11 oclock,CREMA-D,1.0,its 11 oclock
clip_10819,train,i think ive seen this before,CREMA-D,1.0,i think ive seen this before
clip_06401,train,i wonder what this is about,CREMA-D,1.0,i wonder what this is about
clip_01737,test,im on my way to the meeting,CREMA-D,1.0,im on my way to the meeting
clip_00610,train,its 11 oclock,CREMA-D,1.0,its 11 oclock
clip_00627,train,i wonder what this is about,CREMA-D,1.0,i wonder what this is about
clip_02387,test,i think ive seen this before,CREMA-D,1.0,i think ive seen this before
clip_10837,train,i wonder what this is about,CREMA-D,1.0,i wonder what this is about
clip_09906,test,maybe tomorrow it will be cold,CREMA-D,1.0,maybe tomorrow it will be cold
clip_00514,train,im on my way to the meeting,CREMA-D,1.0,im on my way to the meeting
clip_05805,train,that is exactly what happened,CREMA-D,1.0,that is exactly what happened
clip_05842,train,that is exactly what happened,CREMA-D,1.0,that is exactly what happened
clip_10251,train,i think ive seen this before,CREMA-D,1.0,i think ive seen this before
clip_09331,train,im on my way to the meeting,CREMA-D,1.0,im on my way to the meeting
clip_01840,train,well stop in a couple of minutes,CREMA-D,1.0,well stop in a couple of minutes
clip_02803,train,well stop in a couple of minutes,CREMA-D,1.0,well stop in a couple of minutes
clip_02016,train,i think ive seen this before,CREMA-D,1.0,i think ive seen this before
clip_02024,train,that is exactly what happened,CREMA-D,1.0,that is exactly what happened
clip_05800,train,the airplane is almost full,CREMA-D,1.0,the airplane is almost full
clip_10595,train,i think ive seen this before,CREMA-D,1.0,i think ive seen this before
clip_03375,test,i would like a new alarm clock,CREMA-D,1.0,i would like a new alarm clock
clip_03360,test,im on my way to the meeting,CREMA-D,1.0,im on my way to the meeting
clip_03388,test,i would like a new along the clock,CREMA-D,0.8438,i would like a new alarm clock
clip_01976,train,maybe tomorrow will be cold,CREMA-D,0.9474,maybe tomorrow it will be cold
clip_09588,train,im on my way to the meeting,CREMA-D,1.0,im on my way to the meeting
clip_06033,test,the airplane is almost full,CREMA-D,1.0,the airplane is almost full
clip_07629,train,maybe tomorrow it will be cold,CREMA-D,1.0,maybe tomorrow it will be cold
clip_05638,train,well start up in a couple of minutes,CREMA-D,0.9118,well stop in a couple of minutes
clip_00761,train,well stop in a couple of minutes,CREMA-D,1.0,well stop in a couple of minutes
clip_01431,train,i think i have a doctors appointment,CREMA-D,1.0,i think i have a doctors appointment
clip_03460,train,i think ive seen this before,CREMA-D,1.0,i think ive seen this before
clip_07067,test,i think i have a doctors appointment,CREMA-D,1.0,i think i have a doctors appointment
clip_08992,train,the surface is slick,CREMA-D,1.0,the surface is slick
clip_04528,train,i think i have a doctors appointment,CREMA-D,1.0,i think i have a doctors appointment
clip_07990,train,its 11 oclock,CREMA-D,1.0,its 11 oclock
clip_09611,train,that is exactly what happened,CREMA-D,1.0,that is exactly what happened
clip_03024,train,the airplane is almost full,CREMA-D,1.0,the airplane is almost full
clip_05147,train,dont forget a jacket,CREMA-D,1.0,dont forget a jacket
clip_09915,train,i think ive seen this before,CREMA-D,1.0,i think ive seen this before
clip_09018,train,well stop in a couple of minutes,CREMA-D,1.0,well stop in a couple of minutes
clip_07199,train,maybe tomorrow it will be cold,CREMA-D,1.0,maybe tomorrow it will be cold
clip_07239,train,i think i have a doctors appointment,CREMA-D,1.0,i think i have a doctors appointment
clip_10375,train,i think i have a doctors appointment,CREMA-D,1.0,i think i have a doctors appointment
clip_00735,train,that is exactly what happened,CREMA-D,1.0,that is exactly what happened
clip_03031,test,well stop in a couple of minutes,CREMA-D,1.0,well stop in a couple of minutes
clip_07945,train,i would like him to alarm clock,CREMA-D,0.8525,i would like a new alarm clock
clip_00432,train,the surface is slick,CREMA-D,1.0,the surface is slick
clip_00431,test,i think i have a doctors appointment,CREMA-D,1.0,i think i have a doctors appointment
clip_03673,train,maybe tomorrow it will be cold,CREMA-D,1.0,maybe tomorrow it will be cold
clip_06978,test,i would like a new alarm clock,CREMA-D,1.0,i would like a new alarm clock
clip_00798,train,that is exactly what happened,CREMA-D,1.0,that is exactly what happened
clip_09948,train,i think i have a doctors appointment,CREMA-D,1.0,i think i have a doctors appointment
clip_07206,test,i wonder what this is about,CREMA-D,1.0,i wonder what this is about
clip_03530,train,that is exactly what happened,CREMA-D,1.0,that is exactly what happened
clip_08826,test,i think i have a doctors appointment,CREMA-D,1.0,i think i have a doctors appointment
clip_01679,train,that is exactly what happened,CREMA-D,1.0,that is exactly what happened
clip_09080,train,well stop in a couple of minutes,CREMA-D,1.0,well stop in a couple of minutes
clip_00828,train,that is exactly what happened,CREMA-D,1.0,that is exactly what happened
clip_09162,test,i think ive seen this before,CREMA-D,1.0,i think ive seen this before
clip_04727,test,well stop in a couple of minutes,CREMA-D,1.0,well stop in a couple of minutes
clip_04482,test,i think i have a doctors appointment,CREMA-D,1.0,i think i have a doctors appointment
clip_04418,test,the airplane is almost full,CREMA-D,1.0,the airplane is almost full
clip_09968,train,i wonder what this is about,CREMA-D,1.0,i wonder what this is about
clip_03580,train,its 11 oclock,CREMA-D,1.0,its 11 oclock
clip_08570,train,i would like to do a long quirk,CREMA-D,0.6557,i would like a new alarm clock
clip_05018,train,the surface is slick,CREMA-D,1.0,the surface is slick
clip_05019,train,its 11 oclock,CREMA-D,1.0,its 11 oclock
clip_07929,train,that is exactly what happened,CREMA-D,1.0,that is exactly what happened
clip_04621,train,well stop at a couple of minutes,CREMA-D,0.9375,well stop in a couple of minutes
clip_04615,train,the surface is slick,CREMA-D,1.0,the surface is slick
clip_02427,train,airplane is almost full,CREMA-D,0.92,the airplane is almost full
clip_02460,train,dont forget a jacket,CREMA-D,1.0,dont forget a jacket
clip_02448,train,i wonder what this is about,CREMA-D,1.0,i wonder what this is about
clip_04033,train,that is exactly what happened,CREMA-D,1.0,that is exactly what happened
clip_10703,train,i would like a new alarm clock,CREMA-D,1.0,i would like a new alarm clock
clip_04427,test,i think ive seen this before,CREMA-D,1.0,i think ive seen this before
clip_06516,test,maybe tomorrow it will be cold,CREMA-D,1.0,maybe tomorrow it will be cold
clip_02986,test,i am on my way to the meeting,CREMA-D,0.9643,im on my way to the meeting
clip_09555,test,i wonder what this is about,CREMA-D,1.0,i wonder what this is about
clip_00228,train,maybe tomorrow it will be cold,CREMA-D,1.0,maybe tomorrow it will be cold
clip_06812,train,its 11 oclock,CREMA-D,1.0,its 11 oclock
clip_06308,train,dont forget a jacket,CREMA-D,1.0,dont forget a jacket
clip_01958,train,and the airplane is almost full,CREMA-D,0.931,the airplane is almost full
clip_10409,train,i think ive seen this before,CREMA-D,1.0,i think ive seen this before
clip_06854,test,the surface is slick,CREMA-D,1.0,the surface is slick
clip_04955,train,well stop in a couple of minutes,CREMA-D,1.0,well stop in a couple of minutes
clip_03159,test,maybe tomorrow it will be cold,CREMA-D,1.0,maybe tomorrow it will be cold
clip_08527,train,i wonder what this is about,CREMA-D,1.0,i wonder what this is about
clip_02269,train,dont forget a jacket,CREMA-D,1.0,dont forget a jacket
clip_05559,train,that is exactly what happened,CREMA-D,1.0,that is exactly what happened
clip_07468,test,that is exactly what happened,CREMA-D,1.0,that is exactly what happened
clip_05390,test,maybe tomorrow it will be cold,CREMA-D,1.0,maybe tomorrow it will be cold
clip_04927,train,well stop in a couple of minutes,CREMA-D,1.0,well stop in a couple of minutes
clip_01142,train,i think ive seen this before,CREMA-D,1.0,i think ive seen this before
clip_04971,test,the airplane is almost full,CREMA-D,1.0,the airplane is almost full
clip_06542,test,that is exactly what happened,CREMA-D,1.0,that is exactly what happened
clip_07879,train,i think ive seen this before,CREMA-D,1.0,i think ive seen this before
clip_09660,train,the airplane is almost full,CREMA-D,1.0,the airplane is almost full
clip_09683,test,dont forget to check it,CREMA-D,0.7442,dont forget a jacket
clip_00571,train,the airplane is almost full,CREMA-D,1.0,the airplane is almost full
clip_08355,train,its 11 oclock,CREMA-D,1.0,its 11 oclock
clip_07025,train,i would like a new alarm clock,CREMA-D,1.0,i would like a new alarm clock
clip_02722,test,i think i have a doctors appointment,CREMA-D,1.0,i think i have a doctors appointment
clip_09635,train,i wonder what this is about,CREMA-D,1.0,i wonder what this is about
clip_02701,test,maybe tomorrow it will be cold,CREMA-D,1.0,maybe tomorrow it will be cold
clip_08731,test,i would like to leave a line clock,CREMA-D,0.75,i would like a new alarm clock
clip_08650,test,i would like a new alarm clock,CREMA-D,1.0,i would like a new alarm clock
clip_07875,train,i would like a new alarm clock,CREMA-D,1.0,i would like a new alarm clock
clip_06284,test,im on my way to the meeting,CREMA-D,1.0,im on my way to the meeting
clip_00620,train,that is exactly what happened,CREMA-D,1.0,that is exactly what happened
clip_00953,train,that is exactly what happened,CREMA-D,1.0,that is exactly what happened
clip_06672,test,dont forget to check it,CREMA-D,0.7442,dont forget a jacket
clip_01510,test,i wonder what this is about,CREMA-D,1.0,i wonder what this is about
clip_01898,train,its 11 oclock,CREMA-D,1.0,its 11 oclock
clip_04160,train,its 11 oclock,CREMA-D,1.0,its 11 oclock
clip_07477,train,the airplane is almost full,CREMA-D,1.0,the airplane is almost full
clip_08791,train,well stop in a couple of minutes,CREMA-D,1.0,well stop in a couple of minutes
clip_03988,test,maybe tomorrow it will be cold,CREMA-D,1.0,maybe tomorrow it will be cold
clip_01525,train,maybe tomorrow it will be cold,CREMA-D,1.0,maybe tomorrow it will be cold
clip_09876,train,that is exactly what happened,CREMA-D,1.0,that is exactly what happened
clip_05256,train,i think i have a doctors appointment,CREMA-D,1.0,i think i have a doctors appointment
clip_03373,train,that is exactly what happened,CREMA-D,1.0,that is exactly what happened
clip_05220,test,surface is slick,CREMA-D,0.8889,the surface is slick
clip_00644,test,i wonder what this is about,CREMA-D,1.0,i wonder what this is about
clip_09255,train,i wonder what this is about,CREMA-D,1.0,i wonder what this is about
clip_01275,train,baby tomorrow will be cold,CREMA-D,0.8214,maybe tomorrow it will be cold
clip_09192,train,its 11 oclock,CREMA-D,1.0,its 11 oclock
clip_05647,train,well stop in a couple of minutes,CREMA-D,1.0,well stop in a couple of minutes
clip_05634,train,the surface is slick,CREMA-D,1.0,the surface is slick
clip_07579,train,that is exactly what happened,CREMA-D,1.0,that is exactly what happened
clip_07576,train,well stop in a couple of minutes,CREMA-D,1.0,well stop in a couple of minutes
clip_09171,train,well stop in a couple of minutes,CREMA-D,1.0,well stop in a couple of minutes
clip_02550,train,i think i have a doctors appointment,CREMA-D,1.0,i think i have a doctors appointment
clip_03868,train,i think ive seen this before,CREMA-D,1.0,i think ive seen this before
clip_02915,test,that is exactly what happened,CREMA-D,1.0,that is exactly what happened
clip_09593,train,i would like a new alarm clock,CREMA-D,1.0,i would like a new alarm clock
clip_05512,train,the surface is slick,CREMA-D,1.0,the surface is slick
clip_10053,train,i think i have a doctors appointment,CREMA-D,1.0,i think i have a doctors appointment
clip_00306,test,the airplane is almost full,CREMA-D,1.0,the airplane is almost full
clip_02591,test,dont forget a jacket,CREMA-D,1.0,dont forget a jacket
clip_10800,test,i would like a new alarm clock,CREMA-D,1.0,i would like a new alarm clock
clip_07815,train,the airplane is almost full,CREMA-D,1.0,the airplane is almost full
clip_03854,train,i would like a new alarm clock,CREMA-D,1.0,i would like a new alarm clock
clip_06662,train,im on my way to the meeting,CREMA-D,1.0,im on my way to the meeting
clip_00180,train,its 11 oclock,CREMA-D,1.0,its 11 oclock
clip_08414,train,dont forget to jack it,CREMA-D,0.8571,dont forget a jacket
clip_06056,train,its 11 oclock,CREMA-D,1.0,its 11 oclock
clip_00378,train,i would like a new alarm clock,CREMA-D,1.0,i would like a new alarm clock
clip_08946,train,that is exactly what happened,CREMA-D,1.0,that is exactly what happened
clip_05484,train,i think ive seen this before,CREMA-D,1.0,i think ive seen this before
clip_01573,train,i wonder what this is about,CREMA-D,1.0,i wonder what this is about
clip_07368,train,i would like a new alarm clock,CREMA-D,1.0,i would like a new alarm clock
clip_03522,test,maybe tomorrow it will be cold,CREMA-D,1.0,maybe tomorrow it will be cold
clip_05306,train,im on my way to the meeting,CREMA-D,1.0,im on my way to the meeting
clip_03492,test,the airplane is almost full,CREMA-D,1.0,the airplane is almost full
clip_01742,train,say the word sheep,TESS,1.0,say the word
clip_00274,train,say the word sour,TESS,1.0,say the word
clip_00357,train,say the word gas,TESS,1.0,say the word
clip_00141,train,say the word should,TESS,1.0,say the word
clip_09952,train,say the word jen,TESS,1.0,say the word
clip_10583,train,say the word doll,TESS,1.0,say the word
clip_07292,train,say the word raise,TESS,1.0,say the word
clip_01358,train,say the word voice,TESS,1.0,say the word
clip_10043,train,say the word cease,TESS,1.0,say the word
clip_08592,train,say the word merge,TESS,1.0,say the word
clip_01477,train,say the word base,TESS,1.0,say the word
clip_01940,train,say the word rough,TESS,1.0,say the word
clip_08970,train,say the words south,TESS,1.0,say the word
clip_00896,train,say the word tip,TESS,1.0,say the word
clip_09177,train,say the word cause,TESS,1.0,say the word
clip_07109,train,say the word gas,TESS,1.0,say the word
clip_09673,train,say the word hush,TESS,1.0,say the word
clip_10745,test,its 11 oclock,CREMA-D,1.0,its 11 oclock
clip_06747,train,its 11 oclock,CREMA-D,1.0,its 11 oclock
clip_06731,train,i want my way to the meeting,CREMA-D,0.9091,im on my way to the meeting
clip_00065,test,i was like a new alarm clock,CREMA-D,0.8966,i would like a new alarm clock
clip_08174,train,i think i have a doctors appointment,CREMA-D,1.0,i think i have a doctors appointment
clip_06665,train,the surface is slick,CREMA-D,1.0,the surface is slick
clip_09511,train,the surface is slick,CREMA-D,1.0,the surface is slick
clip_09500,train,im on my way to the meeting,CREMA-D,1.0,im on my way to the meeting
clip_04242,train,i think ive seen this before,CREMA-D,1.0,i think ive seen this before
clip_08147,train,i wonder what this is about,CREMA-D,1.0,i wonder what this is about
clip_08022,train,the airplane is almost full,CREMA-D,1.0,the airplane is almost full
clip_10166,train,the airplane is almost full,CREMA-D,1.0,the airplane is almost full
clip_01058,train,its 11 oclock,CREMA-D,1.0,its 11 oclock
clip_05292,train,well stop in a couple of minutes,CREMA-D,1.0,well stop in a couple of minutes
clip_07452,train,that is exactly what happened,CREMA-D,1.0,that is exactly what happened
clip_05362,train,i think ive seen this before,CREMA-D,1.0,i think ive seen this before
clip_10494,train,im on my way to the meeting,CREMA-D,1.0,im on my way to the meeting
clip_10496,train,its 11 oclock,CREMA-D,1.0,its 11 oclock
clip_10488,train,well stop in a couple of minutes,CREMA-D,1.0,well stop in a couple of minutes
clip_03102,train,im on my way into the meeting,CREMA-D,0.9643,im on my way to the meeting
clip_08959,train,i would like a new alarm clock,CREMA-D,1.0,i would like a new alarm clock
clip_08895,train,is that love a clock,UNKNOWN,0.6061,its 11 oclock
clip_01655,train,its 11 oclock,CREMA-D,1.0,its 11 oclock
clip_03409,train,i wonder what this is about,CREMA-D,1.0,i wonder what this is about
clip_02303,train,dont forget a jacket,CREMA-D,1.0,dont forget a jacket
clip_01141,train,its 11 oclock,CREMA-D,1.0,its 11 oclock
clip_09614,test,im on my way to the meeting,CREMA-D,1.0,im on my way to the meeting
clip_09432,train,i would like to do alarm clock,CREMA-D,0.8667,i would like a new alarm clock
clip_03379,train,the surface is slick,CREMA-D,1.0,the surface is slick
clip_06324,train,im on my way to the meaning,CREMA-D,0.9259,im on my way to the meeting
clip_05434,test,its 11 oclock,CREMA-D,1.0,its 11 oclock
clip_00823,train,well stop in a couple of minutes,CREMA-D,1.0,well stop in a couple of minutes
clip_02402,train,i wonder what this is about,CREMA-D,1.0,i wonder what this is about
clip_10405,train,its 11 oclock,CREMA-D,1.0,its 11 oclock
clip_03662,train,well stop in a couple of minutes,CREMA-D,1.0,well stop in a couple of minutes
clip_08531,train,well stop in a couple of minutes,CREMA-D,1.0,well stop in a couple of minutes
clip_03704,train,dont forget to check it,CREMA-D,0.7442,dont forget a jacket
clip_05931,train,dont forget to check it,CREMA-D,0.7442,dont forget a jacket
clip_01829,train,i think i have a doctors appointment,CREMA-D,1.0,i think i have a doctors appointment
clip_00490,train,im on my way to the meeting,CREMA-D,1.0,im on my way to the meeting
clip_01270,train,that is exactly what happened,CREMA-D,1.0,that is exactly what happened
clip_08482,train,i think im a doctors appointment,CREMA-D,0.9118,i think i have a doctors appointment
clip_04875,train,i think i have a doctors appointment,CREMA-D,1.0,i think i have a doctors appointment
clip_05904,test,i would like a new alarm clock,CREMA-D,1.0,i would like a new alarm clock
clip_08466,train,its 11 oclock,CREMA-D,1.0,its 11 oclock
clip_07043,train,its 11 oclock,CREMA-D,1.0,its 11 oclock
clip_07061,train,well stop in a couple of minutes,CREMA-D,1.0,well stop in a couple of minutes
clip_03805,train,i think i have a doctors appointment,CREMA-D,1.0,i think i have a doctors appointment
clip_09364,train,its 11 oclock,CREMA-D,1.0,its 11 oclock
clip_01595,train,i would like a new alarm clock,CREMA-D,1.0,i would like a new alarm clock
clip_01001,train,maybe tomorrow it will be cold,CREMA-D,1.0,maybe tomorrow it will be cold
clip_03382,train,that is exactly what happened,CREMA-D,1.0,that is exactly what happened
clip_03363,train,its a lego clock,CREMA-D,0.7586,its 11 oclock
clip_09990,test,maybe tomorrow it will be cold,CREMA-D,1.0,maybe tomorrow it will be cold
clip_09818,train,i think ive seen this before,CREMA-D,1.0,i think ive seen this before
clip_09841,train,the surface is slick,CREMA-D,1.0,the surface is slick
clip_01966,train,i wonder what this is about,CREMA-D,1.0,i wonder what this is about
clip_09604,train,dont forget a jacket,CREMA-D,1.0,dont forget a jacket
clip_10449,train,that is exactly what happened,CREMA-D,1.0,that is exactly what happened
clip_07063,test,that is exactly what happened,CREMA-D,1.0,that is exactly what happened
clip_10138,train,well stop in a couple of minutes,CREMA-D,1.0,well stop in a couple of minutes
clip_10100,train,well stop at a couple of minutes,CREMA-D,0.9375,well stop in a couple of minutes
clip_10115,train,i think ive seen this before,CREMA-D,1.0,i think ive seen this before
clip_06857,train,i think i have a doctors appointment,CREMA-D,1.0,i think i have a doctors appointment
clip_02586,train,that is exactly what happened,CREMA-D,1.0,that is exactly what happened
clip_09741,train,i would like a new alarm clock,CREMA-D,1.0,i would like a new alarm clock
clip_04603,train,its 11 oclock,CREMA-D,1.0,its 11 oclock
clip_04594,train,the airplane is almost full,CREMA-D,1.0,the airplane is almost full
clip_07933,train,its 11 oclock,CREMA-D,1.0,its 11 oclock
clip_07935,train,well stop in a couple of minutes,CREMA-D,1.0,well stop in a couple of minutes
clip_02023,test,i think ive seen this before,CREMA-D,1.0,i think ive seen this before
clip_03916,train,i would like to do a long clock,CREMA-D,0.7541,i would like a new alarm clock
clip_08568,train,i think i have a doctors appointment,CREMA-D,1.0,i think i have a doctors appointment
clip_04988,train,i wont by way to the meeting,CREMA-D,0.9091,im on my way to the meeting
clip_02040,test,dont forget to check it,CREMA-D,0.7442,dont forget a jacket
clip_00771,train,well stop in a couple of minutes,CREMA-D,1.0,well stop in a couple of minutes
clip_04898,test,that is exactly what happened,CREMA-D,1.0,that is exactly what happened
clip_07118,train,i think i have a doctors appointment,CREMA-D,1.0,i think i have a doctors appointment
clip_08379,train,i think i have a doctors appointment,CREMA-D,1.0,i think i have a doctors appointment
clip_03811,train,i think ive seen this before,CREMA-D,1.0,i think ive seen this before
clip_01601,test,will stop in a couple of minutes,CREMA-D,0.9688,well stop in a couple of minutes
clip_03446,train,maybe tomorrow it will be cold,CREMA-D,1.0,maybe tomorrow it will be cold
clip_04735,train,i think i have a doctors appointment,CREMA-D,1.0,i think i have a doctors appointment
clip_07865,train,its 11 oclock,CREMA-D,1.0,its 11 oclock
clip_07866,train,dont forget to jack it,CREMA-D,0.8571,dont forget a jacket
clip_04619,test,i think ive seen this before,CREMA-D,1.0,i think ive seen this before
clip_06066,train,that is exactly what happened,CREMA-D,1.0,that is exactly what happened
clip_01869,train,its 11 oclock,CREMA-D,1.0,its 11 oclock
clip_07271,train,its 11 oclock,CREMA-D,1.0,its 11 oclock
clip_05008,test,i think ive seen this before,CREMA-D,1.0,i think ive seen this before
clip_08977,train,i think i have a doctors appointment,CREMA-D,1.0,i think i have a doctors appointment
clip_02991,train,the surface is slick,CREMA-D,1.0,the surface is slick
clip_07277,train,i think i have a doctors appointment,CREMA-D,1.0,i think i have a doctors appointment
clip_10101,test,i think ive seen this before,CREMA-D,1.0,i think ive seen this before
clip_05164,train,think ive seen this before,CREMA-D,0.963,i think ive seen this before
clip_04969,test,i would like a new alarm clock,CREMA-D,1.0,i would like a new alarm clock
clip_09783,train,the airplane is almost full,CREMA-D,1.0,the airplane is almost full
clip_01444,train,lets stop in a couple of minutes,CREMA-D,0.9062,well stop in a couple of minutes
clip_02113,test,im on my way to the meeting,CREMA-D,1.0,im on my way to the meeting
clip_02010,test,that is exactly what happened,CREMA-D,1.0,that is exactly what happened
clip_03895,train,i think i have a doctors appointment,CREMA-D,1.0,i think i have a doctors appointment
clip_06709,test,i wonder what this is about,CREMA-D,1.0,i wonder what this is about
clip_02437,train,dont forget it jacket,CREMA-D,0.9268,dont forget a jacket
clip_00341,train,stop in a couple of minutes,CREMA-D,0.9153,well stop in a couple of minutes
clip_00296,train,that is exactly what happened,CREMA-D,1.0,that is exactly what happened
clip_08642,train,i think ive seen this before,CREMA-D,1.0,i think ive seen this before
clip_08622,train,well stop in a couple of minutes,CREMA-D,1.0,well stop in a couple of minutes
clip_09907,test,i think i have a doctors appointment,CREMA-D,1.0,i think i have a doctors appointment
clip_09800,test,the airplane is almost full,CREMA-D,1.0,the airplane is almost full
clip_09687,test,dont forget a jacket,CREMA-D,1.0,dont forget a jacket
clip_00500,train,i think ive seen this before,CREMA-D,1.0,i think ive seen this before
clip_02066,test,the surface is slick,CREMA-D,1.0,the surface is slick
clip_08898,test,i think i have a doctors appointment,CREMA-D,1.0,i think i have a doctors appointment
clip_03490,train,well stop in a couple of minutes,CREMA-D,1.0,well stop in a couple of minutes
clip_08617,train,maybe tomorrow it will be cold,CREMA-D,1.0,maybe tomorrow it will be cold
clip_07189,test,that is exactly what happened,CREMA-D,1.0,that is exactly what happened
clip_06094,train,i would like a new alarm clock,CREMA-D,1.0,i would like a new alarm clock
clip_00379,test,its 11 oclock,CREMA-D,1.0,its 11 oclock
clip_02791,test,i think i have a doctors appointment,CREMA-D,1.0,i think i have a doctors appointment
clip_05180,test,its 11 oclock,CREMA-D,1.0,its 11 oclock
clip_01334,train,its 11 oclock,CREMA-D,1.0,its 11 oclock
clip_08287,train,i think i have a doctors appointment,CREMA-D,1.0,i think i have a doctors appointment
clip_10247,test,well stop in a couple of minutes,CREMA-D,1.0,well stop in a couple of minutes
clip_00287,train,i think i have a doctors appointment,CREMA-D,1.0,i think i have a doctors appointment
clip_09280,train,well stop in a couple of minutes,CREMA-D,1.0,well stop in a couple of minutes
clip_07895,train,dont forget a jacket,CREMA-D,1.0,dont forget a jacket
clip_05721,train,the airplane is almost full,CREMA-D,1.0,the airplane is almost full
clip_02837,train,that is exactly what happened,CREMA-D,1.0,that is exactly what happened
clip_02197,train,well stop in a couple of minutes,CREMA-D,1.0,well stop in a couple of minutes
clip_02181,train,airplane is almost full,CREMA-D,0.92,the airplane is almost full
clip_00163,train,maybe tomorrow it will be cold,CREMA-D,1.0,maybe tomorrow it will be cold
clip_00164,train,we will stop in a couple of minutes,CREMA-D,0.9552,well stop in a couple of minutes
clip_01687,test,maybe tomorrow it will be cold,CREMA-D,1.0,maybe tomorrow it will be cold
clip_09485,train,i wonder what this is about,CREMA-D,1.0,i wonder what this is about
clip_09569,train,well stop in a couple of minutes,CREMA-D,1.0,well stop in a couple of minutes
clip_02206,train,im on my way to the meeting,CREMA-D,1.0,im on my way to the meeting
clip_06693,train,i think i have a doctors appointment,CREMA-D,1.0,i think i have a doctors appointment
clip_10168,train,i think ive seen this before,CREMA-D,1.0,i think ive seen this before
clip_02810,test,maybe tomorrow it will be cold,CREMA-D,1.0,maybe tomorrow it will be cold
clip_02783,test,i think i have a doctors appointment,CREMA-D,1.0,i think i have a doctors appointment
clip_02342,train,still having a fuck,UNKNOWN,0.4103,dont forget a jacket
clip_06388,train,its 11 oclock,CREMA-D,1.0,its 11 oclock
clip_10817,train,i think i have a doctors appointment,CREMA-D,1.0,i think i have a doctors appointment
clip_00172,train,dont forget a jacket,CREMA-D,1.0,dont forget a jacket
clip_06216,test,maybe tomorrow it will be cold,CREMA-D,1.0,maybe tomorrow it will be cold
clip_00176,train,im on my way to the meeting,CREMA-D,1.0,im on my way to the meeting
clip_08481,test,im on my way to the meeting,CREMA-D,1.0,im on my way to the meeting
clip_00668,train,maybe tomorrow it will be cold,CREMA-D,1.0,maybe tomorrow it will be cold
clip_07527,train,well start in a couple of minutes,CREMA-D,0.9231,well stop in a couple of minutes
clip_05273,train,well stop in a couple of minutes,CREMA-D,1.0,well stop in a couple of minutes
clip_00663,train,the surface is slick,CREMA-D,1.0,the surface is slick
clip_05988,train,maybe tomorrow it will be cold,CREMA-D,1.0,maybe tomorrow it will be cold
clip_02343,test,the surface is slick,CREMA-D,1.0,the surface is slick
clip_02316,test,maybe tomorrow it will be cold,CREMA-D,1.0,maybe tomorrow it will be cold
clip_08115,train,youll stop in a couple of minutes,CREMA-D,0.9231,well stop in a couple of minutes
clip_06704,train,its 11 oclock,CREMA-D,1.0,its 11 oclock
clip_03304,train,i think i have a doctors appointment,CREMA-D,1.0,i think i have a doctors appointment
clip_00642,train,i wonder what this is about,CREMA-D,1.0,i wonder what this is about
clip_08942,train,say the word sour,TESS,1.0,say the word
clip_10025,train,say the word mill,TESS,1.0,say the word
clip_01647,train,say the word fail,TESS,1.0,say the word
clip_08653,train,say the word rush,TESS,1.0,say the word
clip_10139,train,say the word kick,TESS,1.0,say the word
clip_04847,train,say the word soap,TESS,1.0,say the word
clip_02545,train,say the word witch,TESS,1.0,say the word
clip_00645,train,say the word south,TESS,1.0,say the word
clip_00498,train,say the word chain,TESS,1.0,say the word
clip_02063,train,say the word cell,TESS,1.0,say the word
clip_06852,train,say the word lease,TESS,1.0,say the word
clip_00477,train,say the word keep,TESS,1.0,say the word
clip_08159,train,i would like a new alarm clock,CREMA-D,1.0,i would like a new alarm clock
clip_03297,train,maybe tomorrow it will be cold,CREMA-D,1.0,maybe tomorrow it will be cold
clip_03298,train,well stop in a couple of minutes,CREMA-D,1.0,well stop in a couple of minutes
clip_07470,train,dont forget to check it,CREMA-D,0.7442,dont forget a jacket
clip_06786,train,well stop in a couple of minutes,CREMA-D,1.0,well stop in a couple of minutes
clip_00148,train,its 11 oclock,CREMA-D,1.0,its 11 oclock
clip_01361,test,its 11 oclock,CREMA-D,1.0,its 11 oclock
clip_03220,train,i think ive seen this before,CREMA-D,1.0,i think ive seen this before
clip_06650,train,i think i have a doctors appointment,CREMA-D,1.0,i think i have a doctors appointment
clip_03193,train,i would like a new alarm clock,CREMA-D,1.0,i would like a new alarm clock
clip_05410,train,the surface is slick,CREMA-D,1.0,the surface is slick
clip_02627,train,maybe tomorrow it will be cold,CREMA-D,1.0,maybe tomorrow it will be cold
clip_07526,train,im on my way to the meeting,CREMA-D,1.0,im on my way to the meeting
clip_00174,train,maybe tomorrow it will be cold,CREMA-D,1.0,maybe tomorrow it will be cold
clip_02060,train,the airplane is almost full,CREMA-D,1.0,the airplane is almost full
clip_04217,test,its 11 oclock,CREMA-D,1.0,its 11 oclock
clip_07357,train,i would like a new alarm clock,CREMA-D,1.0,i would like a new alarm clock
clip_06777,train,maybe tomorrow it will be cold,CREMA-D,1.0,maybe tomorrow it will be cold
clip_06349,train,i think ive seen this before,CREMA-D,1.0,i think ive seen this before
clip_04143,train,i wonder what this is about,CREMA-D,1.0,i wonder what this is about
clip_10218,train,i wonder what this is about,CREMA-D,1.0,i wonder what this is about
clip_09542,train,i would like a new alarm clock,CREMA-D,1.0,i would like a new alarm clock
clip_02088,train,the surface is slick,CREMA-D,1.0,the surface is slick
clip_01083,train,its 11 oclock,CREMA-D,1.0,its 11 oclock
clip_03337,train,the airplane is almost full,CREMA-D,1.0,the airplane is almost full
clip_03166,train,dont forget a jacket,CREMA-D,1.0,dont forget a jacket
clip_05328,test,i would like a new alarm clock,CREMA-D,1.0,i would like a new alarm clock
clip_09886,train,i think ive seen this before,CREMA-D,1.0,i think ive seen this before
clip_06150,train,dont forget to check it,CREMA-D,0.7442,dont forget a jacket
clip_01528,train,im on my way to the meeting,CREMA-D,1.0,im on my way to the meeting
clip_04008,train,the airplane is almost full,CREMA-D,1.0,the airplane is almost full
clip_05051,train,well stop in a couple of minutes,CREMA-D,1.0,well stop in a couple of minutes
clip_02600,train,i wonder what this is about,CREMA-D,1.0,i wonder what this is about
clip_10393,train,that is exactly what happened,CREMA-D,1.0,that is exactly what happened
clip_02520,test,i think ive seen this before,CREMA-D,1.0,i think ive seen this before
clip_00753,test,maybe tomorrow it will be cold,CREMA-D,1.0,maybe tomorrow it will be cold
clip_01921,train,i would like a new alarm clock i would like a new alarm clock i would like a new alarm clock i would like a new alarm clock i would like a new alarm clock i would like a new alarm clock i would like a new alarm clock i would like a new alarm clock i would like a new alarm clock i would like a new alarm clock i would like a new alarm clock i would like a new alarm clock i would like a new alarm clock i would like a new alarm clock i would like a new alarm clock i would like a new alarm clock i would like a new alarm clock i would like a new alarm clock i would like a new alarm clock i would like a new alarm clock i would like a new alarm clock i would like a new alarm clock i would like,UNKNOWN,0.0829,i would like a new alarm clock
clip_06171,train,and theres exactly what happened,CREMA-D,0.8197,that is exactly what happened
clip_06162,train,well start in a couple of minutes,CREMA-D,0.9231,well stop in a couple of minutes
clip_10724,train,i wonder what this is about,CREMA-D,1.0,i wonder what this is about
clip_05724,train,i wonder what this is about,CREMA-D,1.0,i wonder what this is about
clip_07216,train,that is exactly what happened,CREMA-D,1.0,that is exactly what happened
clip_02951,train,im on my way to the meeting,CREMA-D,1.0,im on my way to the meeting
clip_02548,test,i would like a new alarm clock,CREMA-D,1.0,i would like a new alarm clock
clip_03925,train,i think i have a doctors appointment,CREMA-D,1.0,i think i have a doctors appointment
clip_03501,train,i think i have a doctors appointment,CREMA-D,1.0,i think i have a doctors appointment
clip_08614,train,i will let the new alarm clock,CREMA-D,0.8,i would like a new alarm clock
clip_08762,test,i would like a new alarm clock,CREMA-D,1.0,i would like a new alarm clock
clip_02645,test,the airplane is almost full,CREMA-D,1.0,the airplane is almost full
clip_02564,train,i think i have a doctors appointment,CREMA-D,1.0,i think i have a doctors appointment
clip_03877,test,i wonder what this is about,CREMA-D,1.0,i wonder what this is about
clip_06071,train,i think ive seen this before,CREMA-D,1.0,i think ive seen this before
clip_03915,train,the surface is slick,CREMA-D,1.0,the surface is slick
clip_00962,train,i think ive seen this before,CREMA-D,1.0,i think ive seen this before
clip_10077,train,its 11 oclock,CREMA-D,1.0,its 11 oclock
clip_06659,test,i wonder what this is about,CREMA-D,1.0,i wonder what this is about
clip_02398,test,im on my way to the meeting,CREMA-D,1.0,im on my way to the meeting
clip_09754,train,maybe tomorrow it will be cold,CREMA-D,1.0,maybe tomorrow it will be cold
clip_09061,train,that is exactly what happened,CREMA-D,1.0,that is exactly what happened
clip_09063,train,dont forget to check it,CREMA-D,0.7442,dont forget a jacket
clip_03534,train,well stop in a couple of minutes,CREMA-D,1.0,well stop in a couple of minutes
clip_07842,train,its 11 oclock,CREMA-D,1.0,its 11 oclock
clip_00304,train,that is exactly what happens,CREMA-D,0.9474,that is exactly what happened
clip_00566,train,its 11 oclock,CREMA-D,1.0,its 11 oclock
clip_09345,train,i wonder what this is about,CREMA-D,1.0,i wonder what this is about
clip_06296,train,that is exactly what happened,CREMA-D,1.0,that is exactly what happened
clip_06179,train,well stop in a couple of minutes,CREMA-D,1.0,well stop in a couple of minutes
clip_04092,train,i think ive seen this before,CREMA-D,1.0,i think ive seen this before
clip_04083,train,were stopping a couple of minutes,CREMA-D,0.8923,well stop in a couple of minutes
clip_04118,train,maybe tomorrow will be cold,CREMA-D,0.9474,maybe tomorrow it will be cold
clip_04643,train,the surface is slick,CREMA-D,1.0,the surface is slick
clip_02473,train,yeah the plane is almost full,CREMA-D,0.8571,the airplane is almost full
clip_06211,train,that is exactly what happened,CREMA-D,1.0,that is exactly what happened
clip_09782,train,i would like a new alarm clock,CREMA-D,1.0,i would like a new alarm clock
clip_05004,test,maybe tomorrow it will be cold,CREMA-D,1.0,maybe tomorrow it will be cold
clip_00742,train,im on my way to the meeting,CREMA-D,1.0,im on my way to the meeting
clip_00744,train,i think ive seen this before,CREMA-D,1.0,i think ive seen this before
clip_05203,train,i think i have a doctors appointment,CREMA-D,1.0,i think i have a doctors appointment
clip_02938,train,the airplane is almost full,CREMA-D,1.0,the airplane is almost full
clip_00408,train,well stop in a couple of minutes,CREMA-D,1.0,well stop in a couple of minutes
clip_09213,train,i would like a new alarm clock,CREMA-D,1.0,i would like a new alarm clock
clip_06026,train,i would like to do a long clock,CREMA-D,0.7541,i would like a new alarm clock
clip_10669,train,i would like a new alarm clock,CREMA-D,1.0,i would like a new alarm clock
clip_04796,train,the airplane is almost full,CREMA-D,1.0,the airplane is almost full
clip_04730,train,i wonder what this is about,CREMA-D,1.0,i wonder what this is about
clip_08545,train,well stop in a couple of minutes,CREMA-D,1.0,well stop in a couple of minutes
clip_03598,train,that is exactly what happened,CREMA-D,1.0,that is exactly what happened
clip_10341,train,its 11 oclock,CREMA-D,1.0,its 11 oclock
clip_04775,test,im on my way to the meeting,CREMA-D,1.0,im on my way to the meeting
clip_07181,train,i think ive seen this before,CREMA-D,1.0,i think ive seen this before
clip_00990,test,i think ive seen this before,CREMA-D,1.0,i think ive seen this before
clip_01224,train,that is exactly what happened,CREMA-D,1.0,that is exactly what happened
clip_02014,test,i think ive seen this before,CREMA-D,1.0,i think ive seen this before
clip_05545,test,well stop in a couple of minutes,CREMA-D,1.0,well stop in a couple of minutes
clip_10140,train,that is exactly what happened,CREMA-D,1.0,that is exactly what happened
clip_10106,train,i would like a new alarm clock,CREMA-D,1.0,i would like a new alarm clock
clip_04465,train,i think i have a doctors appointment,CREMA-D,1.0,i think i have a doctors appointment
clip_07141,train,the airplane is almost full,CREMA-D,1.0,the airplane is almost full
clip_06299,train,that is exactly what happened,CREMA-D,1.0,that is exactly what happened
clip_00988,train,maybe tomorrow it would be cold,CREMA-D,0.918,maybe tomorrow it will be cold
clip_03362,train,well stop in a couple of minutes,CREMA-D,1.0,well stop in a couple of minutes
clip_00594,train,i would like a new alarm clock,CREMA-D,1.0,i would like a new alarm clock
clip_09833,train,i think i have a doctors appointment,CREMA-D,1.0,i think i have a doctors appointment
clip_07322,train,i wonder what this is about,CREMA-D,1.0,i wonder what this is about
clip_00576,train,the surface is slick,CREMA-D,1.0,the surface is slick
clip_01309,train,the airplane is almost full,CREMA-D,1.0,the airplane is almost full
clip_02651,train,i would like a new alarm clock,CREMA-D,1.0,i would like a new alarm clock
clip_07022,train,the airplane is almost full,CREMA-D,1.0,the airplane is almost full
clip_07128,train,dont forget a jacket,CREMA-D,1.0,dont forget a jacket
clip_07748,train,i think i have a doctors appointment,CREMA-D,1.0,i think i have a doctors appointment
clip_08470,train,the airplane is almost full,CREMA-D,1.0,the airplane is almost full
clip_07078,train,that is exactly what happened,CREMA-D,1.0,that is exactly what happened
clip_06489,test,i think i have a doctors appointment,CREMA-D,1.0,i think i have a doctors appointment
clip_03380,train,i would like a new alarm clock,CREMA-D,1.0,i would like a new alarm clock
clip_00402,train,that is exactly what happened,CREMA-D,1.0,that is exactly what happened
clip_03693,train,that is exactly what happened,CREMA-D,1.0,that is exactly what happened
clip_07729,train,well stop in a couple of minutes,CREMA-D,1.0,well stop in a couple of minutes
clip_06935,test,its 11 oclock,CREMA-D,1.0,its 11 oclock
clip_06839,train,its 11 oclock,CREMA-D,1.0,its 11 oclock
clip_02926,test,i wonder what this is about,CREMA-D,1.0,i wonder what this is about
clip_02332,train,well stop in a couple of minutes,CREMA-D,1.0,well stop in a couple of minutes
clip_02298,train,i would like a new alarm clock,CREMA-D,1.0,i would like a new alarm clock
clip_10253,train,maybe tomorrow will be cold,CREMA-D,0.9474,maybe tomorrow it will be cold
clip_10242,train,its 11 oclock,CREMA-D,1.0,its 11 oclock
clip_02368,train,the surface is slick,CREMA-D,1.0,the surface is slick
clip_03419,train,the airplane is almost full,CREMA-D,1.0,the airplane is almost full
clip_07318,train,that is exactly what happened,CREMA-D,1.0,that is exactly what happened
clip_05543,train,baby tomorrow it will be cold,CREMA-D,0.8814,maybe tomorrow it will be cold
clip_02141,train,the airplane is almost full,CREMA-D,1.0,the airplane is almost full
clip_08018,train,the airplane is almost full,CREMA-D,1.0,the airplane is almost full
clip_04361,train,i think i have a doctors appointment,CREMA-D,1.0,i think i have a doctors appointment
clip_05266,train,i think ive seen this before,CREMA-D,1.0,i think ive seen this before
clip_03390,train,i think i have a doctors appointment,CREMA-D,1.0,i think i have a doctors appointment
clip_01125,train,its 11 oclock,CREMA-D,1.0,its 11 oclock
clip_08933,train,surface is slick,CREMA-D,0.8889,the surface is slick
clip_07578,test,maybe tomorrow it will be cold,CREMA-D,1.0,maybe tomorrow it will be cold
clip_07381,train,its 11 oclock,CREMA-D,1.0,its 11 oclock
clip_01575,train,i think i have a doctors appointment,CREMA-D,1.0,i think i have a doctors appointment
clip_08124,train,maybe tomorrow it will be cold,CREMA-D,1.0,maybe tomorrow it will be cold
clip_08116,train,well stop in a couple of minutes,CREMA-D,1.0,well stop in a couple of minutes
clip_04202,train,its 11 oclock,CREMA-D,1.0,its 11 oclock
clip_10896,train,im on my way to the meeting,CREMA-D,1.0,im on my way to the meeting
clip_10811,test,maybe tomorrow it will be cold,CREMA-D,1.0,maybe tomorrow it will be cold
clip_08056,train,the airplane is almost full,CREMA-D,1.0,the airplane is almost full
clip_04365,train,its 11 oclock,CREMA-D,1.0,its 11 oclock
clip_02225,train,say the word bite,TESS,1.0,say the word
clip_01247,train,say the word surge,TESS,1.0,say the word
clip_08493,train,say the word pass,TESS,1.0,say the word
clip_08059,train,say the word match,TESS,1.0,say the word
clip_02750,test,the airplane is almost cool,CREMA-D,0.8889,the airplane is almost full
clip_02788,test,the surface is slick,CREMA-D,1.0,the surface is slick
clip_04276,test,maybe tomorrow it will be cold,CREMA-D,1.0,maybe tomorrow it will be cold
clip_06523,test,that is exactly what happened,CREMA-D,1.0,that is exactly what happened
clip_08998,test,i would like a new alarm clock,CREMA-D,1.0,i would like a new alarm clock
clip_01506,train,i think i have a doctors appointment,CREMA-D,1.0,i think i have a doctors appointment
clip_01496,train,i would like a new alarm clock,CREMA-D,1.0,i would like a new alarm clock
clip_06364,train,the surface is slick,CREMA-D,1.0,the surface is slick
clip_10892,train,i am on my way to the meeting,CREMA-D,0.9643,im on my way to the meeting
clip_10788,test,dont forget a jacket,CREMA-D,1.0,dont forget a jacket
clip_02061,train,its 11 oclock,CREMA-D,1.0,its 11 oclock
clip_02274,train,i would like a new alarm clock,CREMA-D,1.0,i would like a new alarm clock
clip_03467,test,dont forget a jacket,CREMA-D,1.0,dont forget a jacket
clip_01030,train,i would like a new alarm clock,CREMA-D,1.0,i would like a new alarm clock
clip_00635,test,its 11 oclock,CREMA-D,1.0,its 11 oclock
clip_01391,test,i wonder what this is about,CREMA-D,1.0,i wonder what this is about
clip_02544,train,i wonder what this is about,CREMA-D,1.0,i wonder what this is about
clip_03219,train,maybe tomorrow it will be cold,CREMA-D,1.0,maybe tomorrow it will be cold
clip_00028,train,its 11 oclock,CREMA-D,1.0,its 11 oclock
clip_01349,test,must stop in a couple of minutes,CREMA-D,0.875,well stop in a couple of minutes
clip_04380,train,i think ive seen this before,CREMA-D,1.0,i think ive seen this before
clip_08051,train,i think ive seen this before,CREMA-D,1.0,i think ive seen this before
clip_09481,train,its 11 oclock,CREMA-D,1.0,its 11 oclock
clip_06088,train,im on my way to the meeting,CREMA-D,1.0,im on my way to the meeting
clip_10489,test,the airplane is almost full,CREMA-D,1.0,the airplane is almost full
clip_03876,train,that is exactly what happened,CREMA-D,1.0,that is exactly what happened
clip_06092,train,its 11 oclock,CREMA-D,1.0,its 11 oclock
clip_09961,train,well stop at a couple of minutes,CREMA-D,0.9375,well stop in a couple of minutes
clip_07574,train,that is exactly what happened,CREMA-D,1.0,that is exactly what happened
clip_05385,test,maybe tomorrow it will be cold,CREMA-D,1.0,maybe tomorrow it will be cold
clip_08934,train,i think i have a doctors appointment,CREMA-D,1.0,i think i have a doctors appointment
clip_03023,train,i would like a new alarm clock,CREMA-D,1.0,i would like a new alarm clock
clip_07931,train,that is exactly what happened,CREMA-D,1.0,that is exactly what happened
clip_07311,train,i think i have a doctors appointment,CREMA-D,1.0,i think i have a doctors appointment
clip_00575,train,its 11 oclock,CREMA-D,1.0,its 11 oclock
clip_10696,train,i think ive seen this before,CREMA-D,1.0,i think ive seen this before
clip_04539,test,its 11 oclock,CREMA-D,1.0,its 11 oclock
clip_09224,train,i wonder what this is about,CREMA-D,1.0,i wonder what this is about
clip_04744,train,maybe tomorrow it will be cold,CREMA-D,1.0,maybe tomorrow it will be cold
clip_00824,train,i think i had a doctors appointment,CREMA-D,0.9577,i think i have a doctors appointment
clip_03716,train,the airplane is almost full,CREMA-D,1.0,the airplane is almost full
clip_03701,train,i think ive seen this before,CREMA-D,1.0,i think ive seen this before
clip_04487,test,hes loving a clock,UNKNOWN,0.5161,its 11 oclock
clip_03459,train,the airplane is almost full of it,CREMA-D,0.9,the airplane is almost full
clip_09205,test,well stop in a couple of minutes,CREMA-D,1.0,well stop in a couple of minutes
clip_08666,train,im on my way to the meeting,CREMA-D,1.0,im on my way to the meeting
clip_09923,train,i think i have a doctors appointment,CREMA-D,1.0,i think i have a doctors appointment
clip_03952,train,that is exactly what happened,CREMA-D,1.0,that is exactly what happened
clip_03883,test,its 11 oclock,CREMA-D,1.0,its 11 oclock
clip_02913,train,well stop in a couple of minutes,CREMA-D,1.0,well stop in a couple of minutes
clip_07269,train,maybe tomorrow will be cold,CREMA-D,0.9474,maybe tomorrow it will be cold
clip_02265,train,maybe tomorrow it will be cold,CREMA-D,1.0,maybe tomorrow it will be cold
clip_04422,train,the airplane is almost full,CREMA-D,1.0,the airplane is almost full
clip_09649,test,the airplane is almost full,CREMA-D,1.0,the airplane is almost full
clip_00213,train,im on my way to the meeting,CREMA-D,1.0,im on my way to the meeting
clip_04438,train,i think ive seen this before,CREMA-D,1.0,i think ive seen this before
clip_09074,train,i wonder what this is about,CREMA-D,1.0,i wonder what this is about
clip_04945,test,well stop in a couple of minutes,CREMA-D,1.0,well stop in a couple of minutes
clip_10356,train,dont forget a jacket,CREMA-D,1.0,dont forget a jacket
clip_09089,train,well stop in a couple of minutes,CREMA-D,1.0,well stop in a couple of minutes
clip_09421,test,the airplane is almost full,CREMA-D,1.0,the airplane is almost full
clip_04808,train,im on my way to the meeting,CREMA-D,1.0,im on my way to the meeting
clip_07801,train,i think ive seen this before,CREMA-D,1.0,i think ive seen this before
clip_07187,train,i think ive seen this before,CREMA-D,1.0,i think ive seen this before
clip_00900,train,i wonder what this is about,CREMA-D,1.0,i wonder what this is about
clip_04019,train,i think ive seen this before,CREMA-D,1.0,i think ive seen this before
clip_08606,test,im on my way to the meeting,CREMA-D,1.0,im on my way to the meeting
clip_06153,train,im on my way to the meeting,CREMA-D,1.0,im on my way to the meeting
clip_08325,train,its 11 oclock,CREMA-D,1.0,its 11 oclock
clip_08313,train,i think ive seen this before,CREMA-D,1.0,i think ive seen this before
clip_02836,train,its 11 oclock,CREMA-D,1.0,its 11 oclock
clip_07619,train,that is exactly what happened,CREMA-D,1.0,that is exactly what happened
clip_05064,train,well stop at a couple of minutes,CREMA-D,0.9375,well stop in a couple of minutes
clip_07633,train,i would like a new alarm clock,CREMA-D,1.0,i would like a new alarm clock
clip_07207,train,the hairplate is almost full,CREMA-D,0.9455,the airplane is almost full
clip_05739,train,that is exactly what happened,CREMA-D,1.0,that is exactly what happened
clip_06093,test,the surface is slick,CREMA-D,1.0,the surface is slick
clip_08272,train,i wonder what this is about,CREMA-D,1.0,i wonder what this is about
clip_04519,train,the surface is slick,CREMA-D,1.0,the surface is slick
clip_10416,train,im all my way to the meeting,CREMA-D,0.9091,im on my way to the meeting
clip_02409,train,i wonder what this is about,CREMA-D,1.0,i wonder what this is about
clip_06878,train,its 11 oclock,CREMA-D,1.0,its 11 oclock
clip_06869,train,and stopping a couple of minutes,CREMA-D,0.8438,well stop in a couple of minutes
clip_09898,test,the surface is slick,CREMA-D,1.0,the surface is slick
clip_09732,train,its 11 oclock,CREMA-D,1.0,its 11 oclock
clip_04671,train,that is exactly what happened,CREMA-D,1.0,that is exactly what happened
clip_02500,train,surface is like,CREMA-D,0.8,the surface is slick
clip_03502,train,i think i have a doctors appointment,CREMA-D,1.0,i think i have a doctors appointment
clip_05542,train,i would like to new alarm clock,CREMA-D,0.9508,i would like a new alarm clock
clip_04086,train,i wonder what this is about,CREMA-D,1.0,i wonder what this is about
clip_08095,train,the surface is slick,CREMA-D,1.0,the surface is slick
clip_07384,train,i would like a new lab clock,CREMA-D,0.931,i would like a new alarm clock
clip_03055,train,that is exactly what happened,CREMA-D,1.0,that is exactly what happened
clip_08690,train,that is exactly what happened,CREMA-D,1.0,that is exactly what happened
clip_07525,train,the airplane is almost full,CREMA-D,1.0,the airplane is almost full
clip_08003,train,surface is slick,CREMA-D,0.8889,the surface is slick
clip_05497,train,the airplane is almost full,CREMA-D,1.0,the airplane is almost full
clip_03436,train,im on my way to the meeting,CREMA-D,1.0,im on my way to the meeting
clip_03420,train,i think i have a doctors appointment,CREMA-D,1.0,i think i have a doctors appointment
clip_08717,train,i think ive seen this before,CREMA-D,1.0,i think ive seen this before
clip_05944,train,the surface is slick,CREMA-D,1.0,the surface is slick
clip_01263,train,well stop in a couple of minutes,CREMA-D,1.0,well stop in a couple of minutes
clip_00880,train,i think ive seen this before,CREMA-D,1.0,i think ive seen this before
clip_06012,train,well stop in a couple of minutes,CREMA-D,1.0,well stop in a couple of minutes
clip_03195,test,the surface is slick,CREMA-D,1.0,the surface is slick
clip_07290,test,well stop in a couple of minutes,CREMA-D,1.0,well stop in a couple of minutes
clip_02339,test,i think i have a doctors appointment,CREMA-D,1.0,i think i have a doctors appointment
clip_10173,train,i think i have a doctors appointment,CREMA-D,1.0,i think i have a doctors appointment
clip_10695,train,the airplane is almost full,CREMA-D,1.0,the airplane is almost full
clip_03796,train,i think ive seen this before,CREMA-D,1.0,i think ive seen this before
clip_01782,train,im on my way to the meeting,CREMA-D,1.0,im on my way to the meeting
clip_04887,train,maybe tomorrow it will be cold,CREMA-D,1.0,maybe tomorrow it will be cold
clip_00474,test,its 11 oclock,CREMA-D,1.0,its 11 oclock
clip_00479,train,maybe tomorrow it will be cold,CREMA-D,1.0,maybe tomorrow it will be cold
clip_00482,train,i wonder what this is about,CREMA-D,1.0,i wonder what this is about
clip_08425,train,the airplane is almost full,CREMA-D,1.0,the airplane is almost full
clip_04304,train,maybe tomorrow it will be cold,CREMA-D,1.0,maybe tomorrow it will be cold
clip_08852,train,i think ive seen this before,CREMA-D,1.0,i think ive seen this before
clip_10879,train,say the word perch,TESS,1.0,say the word
clip_00291,train,say the word lose,TESS,1.0,say the word
clip_10456,train,maybe tomorrow it will be cold,CREMA-D,1.0,maybe tomorrow it will be cold
clip_03128,train,that is exactly what happened,CREMA-D,1.0,that is exactly what happened
clip_01559,train,that is exactly what happened,CREMA-D,1.0,that is exactly what happened
clip_01551,train,dont forget a jacket,CREMA-D,1.0,dont forget a jacket
clip_01351,test,im on my way to the meeting,CREMA-D,1.0,im on my way to the meeting
clip_07437,test,that is exactly what happened,CREMA-D,1.0,that is exactly what happened
clip_08861,train,i would like to do alarm clock,CREMA-D,0.8667,i would like a new alarm clock
clip_08869,train,i wonder what this is about,CREMA-D,1.0,i wonder what this is about
clip_09996,train,i think i have a doctors appointment,CREMA-D,1.0,i think i have a doctors appointment
clip_01267,train,that is exactly what happened,CREMA-D,1.0,that is exactly what happened
clip_10607,train,i wonder what this is about,CREMA-D,1.0,i wonder what this is about
clip_03657,train,the airplane is almost full,CREMA-D,1.0,the airplane is almost full
clip_04929,train,i think ive seen this before,CREMA-D,1.0,i think ive seen this before
clip_01858,train,im on my way to the meeting,CREMA-D,1.0,im on my way to the meeting
clip_05899,train,the airplane is almost full,CREMA-D,1.0,the airplane is almost full
clip_07072,train,its 11 oclock,CREMA-D,1.0,its 11 oclock
clip_07383,train,the airplane is almost full,CREMA-D,1.0,the airplane is almost full
clip_01253,train,maybe tomorrow it will be cold,CREMA-D,1.0,maybe tomorrow it will be cold
clip_05905,train,well stop in a couple of minutes,CREMA-D,1.0,well stop in a couple of minutes
clip_01768,train,its 11 oclock,CREMA-D,1.0,its 11 oclock
clip_08833,train,im on my way to the meeting,CREMA-D,1.0,im on my way to the meeting
clip_10171,train,the surface is slick,CREMA-D,1.0,the surface is slick
clip_06550,train,i think ive seen this before,CREMA-D,1.0,i think ive seen this before
clip_01656,train,i wonder what this is about,CREMA-D,1.0,i wonder what this is about
clip_03349,train,well stop in a couple of minutes,CREMA-D,1.0,well stop in a couple of minutes
clip_06357,train,well stop in a couple of minutes,CREMA-D,1.0,well stop in a couple of minutes
clip_00875,train,that is exactly what happened,CREMA-D,1.0,that is exactly what happened
clip_01240,train,the surface is slick,CREMA-D,1.0,the surface is slick
clip_01137,train,maybe tomorrow will be cold,CREMA-D,0.9474,maybe tomorrow it will be cold
clip_03426,train,well stop in a couple of minutes,CREMA-D,1.0,well stop in a couple of minutes
clip_03074,train,maybe tomorrow it will be cold,CREMA-D,1.0,maybe tomorrow it will be cold
clip_02083,train,the surface is slick,CREMA-D,1.0,the surface is slick
clip_01182,train,dont forget a jacket,CREMA-D,1.0,dont forget a jacket
clip_04664,train,its 11 oclock,CREMA-D,1.0,its 11 oclock
clip_06227,train,the airplane is almost full,CREMA-D,1.0,the airplane is almost full
clip_03480,train,i would like a new alarm clock,CREMA-D,1.0,i would like a new alarm clock
clip_04098,train,well stop in a couple of minutes,CREMA-D,1.0,well stop in a couple of minutes
clip_06223,train,its 11 oclock,CREMA-D,1.0,its 11 oclock
clip_06347,test,im all my way to the meeting,CREMA-D,0.9091,im on my way to the meeting
clip_00537,train,i think i have a doctors appointment,CREMA-D,1.0,i think i have a doctors appointment
clip_06212,train,that is exactly what happened,CREMA-D,1.0,that is exactly what happened
clip_05763,train,maybe tomorrow it will be cold,CREMA-D,1.0,maybe tomorrow it will be cold
clip_00332,train,i think ive seen this before,CREMA-D,1.0,i think ive seen this before
clip_00335,train,i would like a new alarm clock,CREMA-D,1.0,i would like a new alarm clock
clip_02480,train,i think i have a doctors appointment,CREMA-D,1.0,i think i have a doctors appointment
clip_04569,train,its 11 oclock,CREMA-D,1.0,its 11 oclock
clip_02511,test,that is exactly what happened,CREMA-D,1.0,that is exactly what happened
clip_10128,test,i think i have a doctors appointment,CREMA-D,1.0,i think i have a doctors appointment
clip_05744,train,i may have a doctors appointment,CREMA-D,0.8529,i think i have a doctors appointment
clip_06428,test,the airplane is almost full,CREMA-D,1.0,the airplane is almost full
clip_09737,train,i think ive seen this before,CREMA-D,1.0,i think ive seen this before
clip_01690,train,the airplane is almost full,CREMA-D,1.0,the airplane is almost full
clip_01761,train,well stop in a couple of minutes,CREMA-D,1.0,well stop in a couple of minutes
clip_00349,train,i think i have a doctors appointment,CREMA-D,1.0,i think i have a doctors appointment
clip_09858,test,its 11 oclock,CREMA-D,1.0,its 11 oclock
clip_08593,train,dont forget to jack it,CREMA-D,0.8571,dont forget a jacket
clip_09589,train,its 11 oclock,CREMA-D,1.0,its 11 oclock
clip_00996,train,i think i have a doctors appointment,CREMA-D,1.0,i think i have a doctors appointment
clip_02503,test,im on my way to the meeting,CREMA-D,1.0,im on my way to the meeting
clip_04669,train,maybe tomorrow it will be cold,CREMA-D,1.0,maybe tomorrow it will be cold
clip_07597,train,well stop in a couple of minutes,CREMA-D,1.0,well stop in a couple of minutes
clip_04047,train,the surface is slick,CREMA-D,1.0,the surface is slick
clip_07957,train,its 11 oclock,CREMA-D,1.0,its 11 oclock
clip_06811,train,i think i have a doctors appointment,CREMA-D,1.0,i think i have a doctors appointment
clip_09643,test,the surface is slick,CREMA-D,1.0,the surface is slick
clip_05240,train,maybe tomorrow it will be cold,CREMA-D,1.0,maybe tomorrow it will be cold
clip_06336,train,i think i have a doctors appointment,CREMA-D,1.0,i think i have a doctors appointment
clip_02759,test,maybe tomorrow it will be cold,CREMA-D,1.0,maybe tomorrow it will be cold
clip_00246,train,i think i have a doctors appointment,CREMA-D,1.0,i think i have a doctors appointment
clip_07893,train,im on my way to the meeting,CREMA-D,1.0,im on my way to the meeting
clip_00844,test,maybe tomorrow it will be cold,CREMA-D,1.0,maybe tomorrow it will be cold
clip_07249,train,i think i have a doctors appointment,CREMA-D,1.0,i think i have a doctors appointment
clip_03789,test,i would like a new alarm clock,CREMA-D,1.0,i would like a new alarm clock
clip_06913,train,maybe tomorrow will be cold,CREMA-D,0.9474,maybe tomorrow it will be cold
clip_08187,test,i think i have a doctors appointment,CREMA-D,1.0,i think i have a doctors appointment
clip_09060,train,im on my way to the meeting,CREMA-D,1.0,im on my way to the meeting
clip_09013,train,its 11 oclock,CREMA-D,1.0,its 11 oclock
clip_05712,train,maybe tomorrow will be cold,CREMA-D,0.9474,maybe tomorrow it will be cold
clip_01215,train,its 11 oclock,CREMA-D,1.0,its 11 oclock
clip_02695,test,its 11 oclock,CREMA-D,1.0,its 11 oclock
clip_03953,train,i think i have a doctors appointment,CREMA-D,1.0,i think i have a doctors appointment
clip_08288,train,i would like a new alarm clock,CREMA-D,1.0,i would like a new alarm clock
clip_08294,train,its 11 oclock,CREMA-D,1.0,its 11 oclock
clip_03977,train,its 11 oclock,CREMA-D,1.0,its 11 oclock
clip_07117,train,this surface is slick,CREMA-D,0.9268,the surface is slick
clip_06166,train,i think ive seen this before,CREMA-D,1.0,i think ive seen this before
clip_07878,train,i would like a new alarm clock,CREMA-D,1.0,i would like a new alarm clock
clip_09260,train,the airplane is almost full,CREMA-D,1.0,the airplane is almost full
clip_01832,train,well stop in a couple of minutes,CREMA-D,1.0,well stop in a couple of minutes
clip_07812,train,11 oclock,CREMA-D,0.8182,its 11 oclock
clip_09413,test,i think ive seen this before,CREMA-D,1.0,i think ive seen this before
clip_09068,train,its 11 oclock,CREMA-D,1.0,its 11 oclock
clip_05566,test,maybe tomorrow would be cold,CREMA-D,0.8621,maybe tomorrow it will be cold
clip_00568,train,the surface is slick,CREMA-D,1.0,the surface is slick
clip_05759,train,im on my way to the meeting,CREMA-D,1.0,im on my way to the meeting
clip_09098,train,im on my way to the meeting,CREMA-D,1.0,im on my way to the meeting
clip_07563,train,i would like a new alarm clock,CREMA-D,1.0,i would like a new alarm clock
clip_07032,test,well stop in a couple of minutes,CREMA-D,1.0,well stop in a couple of minutes
clip_07793,train,i would like to do a lord clock,CREMA-D,0.7869,i would like a new alarm clock
clip_04770,train,i wonder what this is about,CREMA-D,1.0,i wonder what this is about
clip_05847,train,i would like them to alarm clock,CREMA-D,0.8387,i would like a new alarm clock
clip_10421,train,maybe tomorrow it will be cold,CREMA-D,1.0,maybe tomorrow it will be cold
clip_02295,train,maybe tomorrow it will be cold,CREMA-D,1.0,maybe tomorrow it will be cold
clip_06354,train,its 11 oclock,CREMA-D,1.0,its 11 oclock
clip_10799,train,im on my way in the meeting,CREMA-D,0.9259,im on my way to the meeting
clip_04428,train,i wonder what this is about,CREMA-D,1.0,i wonder what this is about
clip_04567,train,the airplane is almost full,CREMA-D,1.0,the airplane is almost full
clip_09947,test,i wonder what this is about,CREMA-D,1.0,i wonder what this is about
clip_10442,train,i wonder what this is about,CREMA-D,1.0,i wonder what this is about
clip_02026,train,the airplane is always full,CREMA-D,0.8889,the airplane is almost full
clip_08662,train,that is exactly what happened,CREMA-D,1.0,that is exactly what happened
clip_03431,test,the airplane is almost full,CREMA-D,1.0,the airplane is almost full
clip_08416,train,i think i have a doctors appointment,CREMA-D,1.0,i think i have a doctors appointment
clip_10536,train,maybe tomorrow it will be cold,CREMA-D,1.0,maybe tomorrow it will be cold
clip_05536,test,i wonder what this is about,CREMA-D,1.0,i wonder what this is about
clip_09844,train,i think ive seen this before,CREMA-D,1.0,i think ive seen this before
clip_03058,train,i think i have a doctors appointment,CREMA-D,1.0,i think i have a doctors appointment
clip_07722,train,11 oclock,CREMA-D,0.8182,its 11 oclock
clip_02618,train,maybe tomorrow it will be cold,CREMA-D,1.0,maybe tomorrow it will be cold
clip_04556,test,the surface is slick,CREMA-D,1.0,the surface is slick
clip_09918,train,the surface is slick,CREMA-D,1.0,the surface is slick
clip_08957,train,i think i have a doctors appointment,CREMA-D,1.0,i think i have a doctors appointment
clip_02302,train,well stop in a couple of minutes,CREMA-D,1.0,well stop in a couple of minutes
clip_01099,test,i think i have a doctors appointment,CREMA-D,1.0,i think i have a doctors appointment
clip_09993,test,maybe tomorrow itll be cold,CREMA-D,0.9474,maybe tomorrow it will be cold
clip_05374,test,that is exactly what happened,CREMA-D,1.0,that is exactly what happened
clip_05223,train,i think ive seen this before,CREMA-D,1.0,i think ive seen this before
clip_01614,train,the airplane is almost full,CREMA-D,1.0,the airplane is almost full
clip_00096,train,i think ive seen this before,CREMA-D,1.0,i think ive seen this before
clip_06511,train,i would like a new alarm clock,CREMA-D,1.0,i would like a new alarm clock
clip_10880,train,that is exactly what happened,CREMA-D,1.0,that is exactly what happened
clip_01523,train,i would like a new alarm clock,CREMA-D,1.0,i would like a new alarm clock
clip_04120,train,im on my way to the meeting,CREMA-D,1.0,im on my way to the meeting
clip_03655,train,maybe tomorrow it will be cold,CREMA-D,1.0,maybe tomorrow it will be cold
clip_05046,train,youre playing with its almost hope,UNKNOWN,0.5574,the airplane is almost full
clip_09987,train,the airplane is almost full,CREMA-D,1.0,the airplane is almost full
clip_00829,train,the airplane is almost full,CREMA-D,1.0,the airplane is almost full
clip_05003,train,that is exactly what happened,CREMA-D,1.0,that is exactly what happened
clip_01612,test,maybe tomorrow it will be cold,CREMA-D,1.0,maybe tomorrow it will be cold
clip_06069,train,its 11 oclock,CREMA-D,1.0,its 11 oclock
clip_06984,train,i wonder what this is about,CREMA-D,1.0,i wonder what this is about
clip_02529,train,the airplane is almost full,CREMA-D,1.0,the airplane is almost full
clip_02287,test,i wonder what this is about,CREMA-D,1.0,i wonder what this is about
clip_04403,train,maybe tomorrow it will be cold,CREMA-D,1.0,maybe tomorrow it will be cold
clip_02207,train,i think ive seen this before,CREMA-D,1.0,i think ive seen this before
clip_01748,test,maybe tomorrow it will be cold,CREMA-D,1.0,maybe tomorrow it will be cold
clip_07095,train,i dont like a new alarm clock,CREMA-D,0.8814,i would like a new alarm clock
clip_05969,train,im on my way to the meeting,CREMA-D,1.0,im on my way to the meeting
clip_03267,train,i think i have a doctors appointment,CREMA-D,1.0,i think i have a doctors appointment
clip_08735,train,i wonder what this is about,CREMA-D,1.0,i wonder what this is about
clip_08081,train,that is exactly what happened,CREMA-D,1.0,that is exactly what happened
clip_02082,train,will stop in a couple of minutes,CREMA-D,0.9688,well stop in a couple of minutes
clip_08135,train,maybe tomorrow it will be cold,CREMA-D,1.0,maybe tomorrow it will be cold
clip_10853,train,this surface is slick,CREMA-D,0.9268,the surface is slick
clip_10844,train,im on my way to the meeting,CREMA-D,1.0,im on my way to the meeting
clip_10769,test,i wonder what this is about,CREMA-D,1.0,i wonder what this is about
clip_01043,train,baby tomorrow it will be cold,CREMA-D,0.8814,maybe tomorrow it will be cold
clip_10790,test,i think i have a doctors appointment,CREMA-D,1.0,i think i have a doctors appointment
clip_02240,train,its 11 oclock,CREMA-D,1.0,its 11 oclock
clip_10882,train,i would like a new alarm clock,CREMA-D,1.0,i would like a new alarm clock
clip_09571,train,dont forget to jack it,CREMA-D,0.8571,dont forget a jacket
clip_09323,train,say the word peg,TESS,1.0,say the word
clip_03560,train,say the word match,TESS,1.0,say the word
clip_01322,train,say the word join,TESS,1.0,say the word
clip_05517,train,say the word rag,TESS,1.0,say the word
clip_10500,train,say the word sees,TESS,1.0,say the word
clip_01795,test,its 11 oclock,CREMA-D,1.0,its 11 oclock
clip_02516,train,i think i have a doctors appointment,CREMA-D,1.0,i think i have a doctors appointment
clip_08370,train,well stop in a couple of minutes,CREMA-D,1.0,well stop in a couple of minutes
clip_03990,train,i would like a new alarm clock,CREMA-D,1.0,i would like a new alarm clock
clip_06226,test,i wonder what this is about,CREMA-D,1.0,i wonder what this is about
clip_06379,test,the airplane is almost full,CREMA-D,1.0,the airplane is almost full
clip_06240,test,maybe tomorrow will be cold,CREMA-D,0.9474,maybe tomorrow it will be cold
clip_03594,train,i think i have a doctors appointment,CREMA-D,1.0,i think i have a doctors appointment
clip_10852,train,i would like a new alarm clock,CREMA-D,1.0,i would like a new alarm clock
clip_06505,train,we saw them in the cloud,UNKNOWN,0.4815,maybe tomorrow it will be cold
clip_09974,train,maybe tomorrow it will be cold,CREMA-D,1.0,maybe tomorrow it will be cold
clip_06790,train,that is exactly what happened,CREMA-D,1.0,that is exactly what happened
clip_01306,train,the surface is slick,CREMA-D,1.0,the surface is slick
clip_02335,train,its 11 oclock,CREMA-D,1.0,its 11 oclock
clip_05936,test,maybe tomorrow it will be cold,CREMA-D,1.0,maybe tomorrow it will be cold
clip_03745,train,the surface is slick,CREMA-D,1.0,the surface is slick
clip_08639,train,im on my way to the meeting,CREMA-D,1.0,im on my way to the meeting
clip_05070,train,well stop at a couple of minutes,CREMA-D,0.9375,well stop in a couple of minutes
clip_10400,train,maybe tomorrow it would be cold,CREMA-D,0.918,maybe tomorrow it will be cold
clip_09180,train,that is exactly what happened,CREMA-D,1.0,that is exactly what happened
clip_01453,test,maybe tomorrow it will be cold,CREMA-D,1.0,maybe tomorrow it will be cold
clip_01465,test,well stop in a couple of minutes,CREMA-D,1.0,well stop in a couple of minutes
clip_09179,train,i think i have a doctors appointment,CREMA-D,1.0,i think i have a doctors appointment
clip_09169,train,that is exactly what happened,CREMA-D,1.0,that is exactly what happened
clip_09227,train,im on my way to the meeting,CREMA-D,1.0,im on my way to the meeting
clip_01854,train,i think ive seen this before,CREMA-D,1.0,i think ive seen this before
clip_06993,train,well stop in a couple of minutes,CREMA-D,1.0,well stop in a couple of minutes
clip_00327,test,maybe tomorrow it will be cold,CREMA-D,1.0,maybe tomorrow it will be cold
clip_04820,train,maybe tomorrow it will be cold,CREMA-D,1.0,maybe tomorrow it will be cold
clip_10287,train,i would like a new alarm clock,CREMA-D,1.0,i would like a new alarm clock
clip_03634,train,i think i have a doctors appointment,CREMA-D,1.0,i think i have a doctors appointment
clip_08554,train,im in like a new alarm clock,CREMA-D,0.8621,i would like a new alarm clock
clip_03422,train,im on my way to the meeting,CREMA-D,1.0,im on my way to the meeting
clip_01310,train,its 11 oclock,CREMA-D,1.0,its 11 oclock
clip_07636,train,its 11 oclock,CREMA-D,1.0,its 11 oclock
clip_00813,train,i would like a new arm clock,CREMA-D,0.9655,i would like a new alarm clock
clip_04981,train,maybe tomorrow it will be cold,CREMA-D,1.0,maybe tomorrow it will be cold
clip_07131,test,the surface is slick,CREMA-D,1.0,the surface is slick
clip_01455,train,im on my way to the meeting,CREMA-D,1.0,im on my way to the meeting
clip_01446,train,that is exactly what happened,CREMA-D,1.0,that is exactly what happened
clip_03833,train,the airplane is almost full,CREMA-D,1.0,the airplane is almost full
clip_08697,train,that is exactly what happened,CREMA-D,1.0,that is exactly what happened
clip_05062,train,i would like a new alarm clock,CREMA-D,1.0,i would like a new alarm clock
clip_02984,train,i think ive seen this before,CREMA-D,1.0,i think ive seen this before
clip_03391,train,i would like a new alarm clock,CREMA-D,1.0,i would like a new alarm clock
clip_05319,test,its 11 oclock,CREMA-D,1.0,its 11 oclock
clip_05428,train,maybe tomorrow it will be cold,CREMA-D,1.0,maybe tomorrow it will be cold
clip_05454,train,i think ive seen this before,CREMA-D,1.0,i think ive seen this before
clip_05916,train,the airplane is almost full,CREMA-D,1.0,the airplane is almost full
clip_03495,test,dont forget a jacket,CREMA-D,1.0,dont forget a jacket
clip_01203,test,its 11 oclock,CREMA-D,1.0,its 11 oclock
clip_01570,train,dont forget a jacket,CREMA-D,1.0,dont forget a jacket
clip_00759,train,that is exactly what happened,CREMA-D,1.0,that is exactly what happened
clip_03951,test,dont forget a jacket,CREMA-D,1.0,dont forget a jacket
clip_02734,train,maybe tomorrow it will be cold,CREMA-D,1.0,maybe tomorrow it will be cold
clip_07136,train,that is exactly what happened,CREMA-D,1.0,that is exactly what happened
clip_00366,train,well stop in a couple of minutes,CREMA-D,1.0,well stop in a couple of minutes
clip_04698,test,the surface is slick,CREMA-D,1.0,the surface is slick
clip_06040,train,i wonder what this is about,CREMA-D,1.0,i wonder what this is about
clip_02611,test,i think i have a doctors appointment,CREMA-D,1.0,i think i have a doctors appointment
clip_09465,test,im on my way to the meeting,CREMA-D,1.0,im on my way to the meeting
clip_00848,test,even tomorrow it would be cold,CREMA-D,0.8,maybe tomorrow it will be cold
clip_00898,train,that is exactly what happened,CREMA-D,1.0,that is exactly what happened
clip_04634,train,that is exactly what happened,CREMA-D,1.0,that is exactly what happened
clip_04440,train,that is exactly what happened,CREMA-D,1.0,that is exactly what happened
clip_05994,test,i think ive seen this before,CREMA-D,1.0,i think ive seen this before
clip_09397,train,i think ive seen this before,CREMA-D,1.0,i think ive seen this before
clip_08897,test,its 11 oclock,CREMA-D,1.0,its 11 oclock
clip_06027,test,time of it its 11 oclock,CREMA-D,0.7027,its 11 oclock
clip_03080,test,i think i have a doctors appointment,CREMA-D,1.0,i think i have a doctors appointment
clip_06046,test,the airplane is almost full,CREMA-D,1.0,the airplane is almost full
clip_08835,test,i wonder what this is about,CREMA-D,1.0,i wonder what this is about
clip_07227,train,well stop in a couple of minutes,CREMA-D,1.0,well stop in a couple of minutes
clip_02132,test,the airplane is almost full,CREMA-D,1.0,the airplane is almost full
clip_00559,train,the airplane is almost full,CREMA-D,1.0,the airplane is almost full
clip_10526,train,i would like a new alarm clock,CREMA-D,1.0,i would like a new alarm clock
clip_03772,test,i wonder what this is about,CREMA-D,1.0,i wonder what this is about
clip_03746,test,the surface is slick,CREMA-D,1.0,the surface is slick
clip_10602,train,the airplane is almost full,CREMA-D,1.0,the airplane is almost full
clip_08939,train,at the back of new alarm clock,CREMA-D,0.6667,i would like a new alarm clock
clip_10102,test,i think ive seen this before,CREMA-D,1.0,i think ive seen this before
clip_08776,train,i would like a new alarm clock,CREMA-D,1.0,i would like a new alarm clock
clip_01773,test,i think i have a doctors appointment,CREMA-D,1.0,i think i have a doctors appointment
clip_02151,train,the airplane is almost full,CREMA-D,1.0,the airplane is almost full
clip_09523,train,i would like a new alarm clock,CREMA-D,1.0,i would like a new alarm clock
clip_01172,train,i think ive seen this before,CREMA-D,1.0,i think ive seen this before
clip_04145,train,i would like a new alarm clock,CREMA-D,1.0,i would like a new alarm clock
clip_04155,train,i would like a new alarm clock,CREMA-D,1.0,i would like a new alarm clock
clip_06359,train,well stop in a couple of minutes,CREMA-D,1.0,well stop in a couple of minutes
clip_06366,train,well stop in a couple of minutes,CREMA-D,1.0,well stop in a couple of minutes
clip_02434,train,dont forget to check it,CREMA-D,0.7442,dont forget a jacket
clip_10802,train,the airplane is almost full,CREMA-D,1.0,the airplane is almost full
clip_10741,train,the airplane was almost full,CREMA-D,0.9455,the airplane is almost full
clip_06173,train,i think i have a doctors appointment,CREMA-D,1.0,i think i have a doctors appointment
clip_02007,train,maybe tomorrow it will be cold,CREMA-D,1.0,maybe tomorrow it will be cold
clip_09592,train,its 11 oclock,CREMA-D,1.0,its 11 oclock
clip_00595,test,the surface is slick,CREMA-D,1.0,the surface is slick
clip_07315,train,i think ive seen this before,CREMA-D,1.0,i think ive seen this before
clip_00837,train,i think i have a doctors appointment,CREMA-D,1.0,i think i have a doctors appointment
clip_04950,train,the airplane is almost full,CREMA-D,1.0,the airplane is almost full
clip_07897,test,that is exactly what happened,CREMA-D,1.0,that is exactly what happened
clip_03626,train,i would like a new alarm clock,CREMA-D,1.0,i would like a new alarm clock
clip_01108,test,dont forget a jacket,CREMA-D,1.0,dont forget a jacket
clip_08981,train,maybe tomorrow it will be cold,CREMA-D,1.0,maybe tomorrow it will be cold
clip_09736,test,i wonder what this is about,CREMA-D,1.0,i wonder what this is about
clip_10051,train,well stop in a couple of minutes,CREMA-D,1.0,well stop in a couple of minutes
clip_03348,train,its 11 oclock,CREMA-D,1.0,its 11 oclock
clip_05387,train,maybe tomorrow will be cold,CREMA-D,0.9474,maybe tomorrow it will be cold
clip_05404,train,the surface is slick,CREMA-D,1.0,the surface is slick
clip_09717,train,maybe tomorrow it will be cold,CREMA-D,1.0,maybe tomorrow it will be cold
clip_07124,train,i think i have a doctors appointment,CREMA-D,1.0,i think i have a doctors appointment
clip_00469,train,maybe tomorrow will be cold,CREMA-D,0.9474,maybe tomorrow it will be cold
clip_08045,train,im on my way to the meeting,CREMA-D,1.0,im on my way to the meeting
clip_08098,train,i think i have a doctors appointment,CREMA-D,1.0,i think i have a doctors appointment
clip_03096,test,im on my way to the meeting,CREMA-D,1.0,im on my way to the meeting
clip_08255,train,im on my way to the meeting,CREMA-D,1.0,im on my way to the meeting
clip_03917,train,im on my way to the meeting,CREMA-D,1.0,im on my way to the meeting
clip_04339,test,maybe tomorrow it will be cold,CREMA-D,1.0,maybe tomorrow it will be cold
clip_08152,train,i think i have a doctors appointment,CREMA-D,1.0,i think i have a doctors appointment
clip_08703,train,i wonder what this is about,CREMA-D,1.0,i wonder what this is about
clip_06448,train,its 11 oclock,CREMA-D,1.0,its 11 oclock
clip_02533,train,i think ive seen this before,CREMA-D,1.0,i think ive seen this before
clip_05836,test,the airplane is almost full,CREMA-D,1.0,the airplane is almost full
clip_01853,test,well stop in a couple of minutes,CREMA-D,1.0,well stop in a couple of minutes
clip_06286,train,maybe tomorrow it will be cold,CREMA-D,1.0,maybe tomorrow it will be cold
clip_06493,train,i think ive seen this before,CREMA-D,1.0,i think ive seen this before
clip_01348,train,i would like a new alarm clock,CREMA-D,1.0,i would like a new alarm clock
clip_10164,train,i think i have a doctors appointment,CREMA-D,1.0,i think i have a doctors appointment
clip_02773,test,i would like a new alarm clock,CREMA-D,1.0,i would like a new alarm clock
clip_04136,train,the airplane is almost full,CREMA-D,1.0,the airplane is almost full
clip_06547,train,im on my way to the meeting,CREMA-D,1.0,im on my way to the meeting
clip_09466,train,airplane is almost full,CREMA-D,0.92,the airplane is almost full
clip_01066,train,i think ive seen this before,CREMA-D,1.0,i think ive seen this before
clip_07953,train,that is exactly what happened,CREMA-D,1.0,that is exactly what happened
clip_10751,test,i would like a new alarm clock,CREMA-D,1.0,i would like a new alarm clock
clip_08834,test,its 11 oclock,CREMA-D,1.0,its 11 oclock
clip_08767,test,i think ive seen this before,CREMA-D,1.0,i think ive seen this before
clip_05508,train,maybe tomorrow it will be cold,CREMA-D,1.0,maybe tomorrow it will be cold
clip_08888,train,i think ive seen this before,CREMA-D,1.0,i think ive seen this before
clip_03140,train,i think ive seen this before,CREMA-D,1.0,i think ive seen this before
clip_07293,train,the airplane is almost full,CREMA-D,1.0,the airplane is almost full
clip_10104,test,maybe tomorrow will be cold,CREMA-D,0.9474,maybe tomorrow it will be cold
clip_10754,train,the airplane is almost full,CREMA-D,1.0,the airplane is almost full
clip_09324,train,its 11 oclock,CREMA-D,1.0,its 11 oclock
clip_01173,train,its 11 oclock,CREMA-D,1.0,its 11 oclock
clip_02096,train,its 11 oclock,CREMA-D,1.0,its 11 oclock
clip_10031,train,say the word choice,TESS,1.0,say the word
clip_03958,train,say the word dab,TESS,1.0,say the word
clip_01987,train,i think i have a doctors appointment,CREMA-D,1.0,i think i have a doctors appointment
clip_09590,train,that is exactly what happened,CREMA-D,1.0,that is exactly what happened
clip_05825,test,well stop in a couple of minutes,CREMA-D,1.0,well stop in a couple of minutes
clip_02191,train,i think i have a doctors appointment,CREMA-D,1.0,i think i have a doctors appointment
clip_00047,train,its 11 oclock,CREMA-D,1.0,its 11 oclock
clip_01796,test,i would like a new alarm clock,CREMA-D,1.0,i would like a new alarm clock
clip_02071,train,well stop in a couple of minutes,CREMA-D,1.0,well stop in a couple of minutes
clip_08402,test,i wonder what this is about,CREMA-D,1.0,i wonder what this is about
clip_01040,train,that is exactly what happened,CREMA-D,1.0,that is exactly what happened
clip_04412,train,maybe tomorrow it will be cold,CREMA-D,1.0,maybe tomorrow it will be cold
clip_04392,train,that is exactly what happened,CREMA-D,1.0,that is exactly what happened
clip_04286,test,im on my way to the meeting,CREMA-D,1.0,im on my way to the meeting
clip_06303,train,i dont like a new unlock pack,UNKNOWN,0.6441,i would like a new alarm clock
clip_06353,train,i think ive seen this before,CREMA-D,1.0,i think ive seen this before
clip_06499,train,its 11 oclock,CREMA-D,1.0,its 11 oclock
clip_06490,train,i wonder what this is about,CREMA-D,1.0,i wonder what this is about
clip_06736,train,i think i have a doctors appointment,CREMA-D,1.0,i think i have a doctors appointment
clip_04230,test,i think ive seen this before,CREMA-D,1.0,i think ive seen this before
clip_10851,train,well stop in a couple of minutes,CREMA-D,1.0,well stop in a couple of minutes
clip_01111,train,well stop in a couple of minutes,CREMA-D,1.0,well stop in a couple of minutes
clip_01276,train,its 11 oclock,CREMA-D,1.0,its 11 oclock
clip_04038,train,i would like a new alarm clock,CREMA-D,1.0,i would like a new alarm clock
clip_08226,train,the airplane is almost full,CREMA-D,1.0,the airplane is almost full
clip_09012,train,well maybe tomorrow it will be cold,CREMA-D,0.9231,maybe tomorrow it will be cold
clip_07214,train,i think ive seen this before,CREMA-D,1.0,i think ive seen this before
clip_07692,test,that is exactly what happened,CREMA-D,1.0,that is exactly what happened
clip_06068,train,maybe tomorrow it will be cold,CREMA-D,1.0,maybe tomorrow it will be cold
clip_06992,train,i would like a new alarm clock,CREMA-D,1.0,i would like a new alarm clock
clip_06995,train,that is exactly what happened,CREMA-D,1.0,that is exactly what happened
clip_10124,test,that is exactly what happened,CREMA-D,1.0,that is exactly what happened
clip_10320,train,the airplane is almost full,CREMA-D,1.0,the airplane is almost full
clip_10314,train,well stop in a couple of minutes,CREMA-D,1.0,well stop in a couple of minutes
clip_00886,train,i think i have a doctors appointment,CREMA-D,1.0,i think i have a doctors appointment
clip_03625,train,i think ive seen this before,CREMA-D,1.0,i think ive seen this before
clip_07788,train,maybe tomorrow it will be cold,CREMA-D,1.0,maybe tomorrow it will be cold
clip_04787,train,i think ive seen this before,CREMA-D,1.0,i think ive seen this before
clip_00879,train,that is exactly what happened,CREMA-D,1.0,that is exactly what happened
clip_00858,train,the surface is slick,CREMA-D,1.0,the surface is slick
clip_09964,train,well stop in a couple of minutes,CREMA-D,1.0,well stop in a couple of minutes
clip_01379,train,that is exactly what happened,CREMA-D,1.0,that is exactly what happened
clip_04247,test,the surface is slick,CREMA-D,1.0,the surface is slick
clip_00102,train,maybe tomorrow it will be cold,CREMA-D,1.0,maybe tomorrow it will be cold
clip_00018,train,i think ive seen this before,CREMA-D,1.0,i think ive seen this before
clip_00012,test,i would like a new alarm clock,CREMA-D,1.0,i would like a new alarm clock
clip_10541,test,i wonder what this is about,CREMA-D,1.0,i wonder what this is about
clip_00060,train,maybe tomorrow it will be cold,CREMA-D,1.0,maybe tomorrow it will be cold
clip_07284,train,its 11 oclock,CREMA-D,1.0,its 11 oclock
clip_03671,test,i would like me to run the book,UNKNOWN,0.5574,i would like a new alarm clock
clip_00694,train,and that is exactly what happened,CREMA-D,0.9355,that is exactly what happened
clip_10478,train,i wonder what this is about,CREMA-D,1.0,i wonder what this is about
clip_05478,train,maybe tomorrow it will be cold,CREMA-D,1.0,maybe tomorrow it will be cold
clip_05534,train,maybe tomorrow it will be cold,CREMA-D,1.0,maybe tomorrow it will be cold
clip_09830,train,i would like a new long clock,CREMA-D,0.8814,i would like a new alarm clock
clip_10070,test,i think ive seen this before,CREMA-D,1.0,i think ive seen this before
clip_00633,train,that is exactly what happened,CREMA-D,1.0,that is exactly what happened
clip_07433,train,i wonder what this is about,CREMA-D,1.0,i wonder what this is about
clip_05300,test,that is exactly what happened,CREMA-D,1.0,that is exactly what happened
clip_09806,train,the airplane is almost full,CREMA-D,1.0,the airplane is almost full
clip_09788,train,the airplane is almost full,CREMA-D,1.0,the airplane is almost full
clip_02885,train,im all my way to the meeting,CREMA-D,0.9091,im on my way to the meeting
clip_02887,train,i would like a new alarm clock,CREMA-D,1.0,i would like a new alarm clock
clip_08807,train,the surface is slick,CREMA-D,1.0,the surface is slick
clip_08686,train,i think i have a doctors appointment,CREMA-D,1.0,i think i have a doctors appointment
clip_08839,train,im on my way to the meeting,CREMA-D,1.0,im on my way to the meeting
clip_05120,train,on my way to the meeting,CREMA-D,0.9412,im on my way to the meeting
clip_10392,train,i wonder what this is about,CREMA-D,1.0,i wonder what this is about
clip_07626,train,that is exactly what happened,CREMA-D,1.0,that is exactly what happened
clip_02631,train,im on my way to the meeting,CREMA-D,1.0,im on my way to the meeting
clip_02686,train,the airplane is almost full,CREMA-D,1.0,the airplane is almost full
clip_01492,test,well stop in a couple of minutes,CREMA-D,1.0,well stop in a couple of minutes
clip_01517,test,i wonder what this is about,CREMA-D,1.0,i wonder what this is about
clip_00338,test,the airplane is almost full,CREMA-D,1.0,the airplane is almost full
clip_06111,train,the surface is slick,CREMA-D,1.0,the surface is slick
clip_07009,train,well stop in a couple of minutes,CREMA-D,1.0,well stop in a couple of minutes
clip_06932,train,i think ive seen this before,CREMA-D,1.0,i think ive seen this before
clip_02571,train,its 11 oclock,CREMA-D,1.0,its 11 oclock
clip_07330,test,that is exactly what happened,CREMA-D,1.0,that is exactly what happened
clip_03235,train,maybe tomorrow it will be cold,CREMA-D,1.0,maybe tomorrow it will be cold
clip_00746,train,i think ive seen this before,CREMA-D,1.0,i think ive seen this before
clip_10438,train,the surface is slick,CREMA-D,1.0,the surface is slick
clip_05215,train,that is exactly what happened,CREMA-D,1.0,that is exactly what happened
clip_03577,test,and so 11 oclock,CREMA-D,0.7586,its 11 oclock
clip_01198,test,its 11 oclock,CREMA-D,1.0,its 11 oclock
clip_05368,train,that is exactly what happened,CREMA-D,1.0,that is exactly what happened
clip_05350,train,the airplane is almost full,CREMA-D,1.0,the airplane is almost full
clip_05386,train,thats 11 oclock,CREMA-D,0.8571,its 11 oclock
clip_05885,train,that is exactly what happened,CREMA-D,1.0,that is exactly what happened
clip_04722,test,the airplane is almost full,CREMA-D,1.0,the airplane is almost full
clip_04799,test,maybe tomorrow it will be cold,CREMA-D,1.0,maybe tomorrow it will be cold
clip_04902,test,maybe tomorrow it will be cold,CREMA-D,1.0,maybe tomorrow it will be cold
clip_04823,test,well stop in a couple of minutes,CREMA-D,1.0,well stop in a couple of minutes
clip_02699,train,i wonder what this is about,CREMA-D,1.0,i wonder what this is about
clip_09090,train,the airplane is almost full,CREMA-D,1.0,the airplane is almost full
clip_07655,test,im on my way to the meeting,CREMA-D,1.0,im on my way to the meeting
clip_06708,test,dont forget to check it,CREMA-D,0.7442,dont forget a jacket
clip_06719,test,i think ive seen this before,CREMA-D,1.0,i think ive seen this before
clip_01183,train,dont forget a jacket,CREMA-D,1.0,dont forget a jacket
clip_02741,test,i think i have a doctors appointment,CREMA-D,1.0,i think i have a doctors appointment
clip_04761,train,i wonder what this is about,CREMA-D,1.0,i wonder what this is about
clip_04756,train,i think ive seen this before,CREMA-D,1.0,i think ive seen this before
clip_03800,train,i think ive seen this before,CREMA-D,1.0,i think ive seen this before
clip_07099,test,i think ive seen this before,CREMA-D,1.0,i think ive seen this before
clip_08612,train,i think i have a doctors appointment,CREMA-D,1.0,i think i have a doctors appointment
clip_03486,train,the surface is slick,CREMA-D,1.0,the surface is slick
clip_04523,train,i think ive seen this before,CREMA-D,1.0,i think ive seen this before
clip_04329,train,the airplane is almost full,CREMA-D,1.0,the airplane is almost full
clip_08088,train,the airplane is almost full,CREMA-D,1.0,the airplane is almost full
clip_00998,train,i think i have a doctors appointment,CREMA-D,1.0,i think i have a doctors appointment
clip_09640,test,i think i have a doctors appointment,CREMA-D,1.0,i think i have a doctors appointment
clip_04542,train,i would like a new alarm clock,CREMA-D,1.0,i would like a new alarm clock
clip_00976,train,i think i have a doctors appointment,CREMA-D,1.0,i think i have a doctors appointment
clip_10267,train,i wonder what this is about,CREMA-D,1.0,i wonder what this is about
clip_04423,test,i wonder what this is about,CREMA-D,1.0,i wonder what this is about
clip_07385,train,its 11 oclock,CREMA-D,1.0,its 11 oclock
clip_02407,test,maybe tomorrow it will be cold,CREMA-D,1.0,maybe tomorrow it will be cold
clip_03554,train,the airplane is almost full,CREMA-D,1.0,the airplane is almost full
clip_02490,test,i would like a new alarm clock,CREMA-D,1.0,i would like a new alarm clock
clip_01336,train,maybe tomorrow it will be cold,CREMA-D,1.0,maybe tomorrow it will be cold
clip_06872,train,i think i have a doctors appointment,CREMA-D,1.0,i think i have a doctors appointment
clip_01158,train,that is exactly what happened,CREMA-D,1.0,that is exactly what happened
clip_10729,train,that is exactly what happened,CREMA-D,1.0,that is exactly what happened
clip_02370,train,i think ive seen this before,CREMA-D,1.0,i think ive seen this before
clip_10734,train,well stop in a couple of minutes,CREMA-D,1.0,well stop in a couple of minutes
clip_06261,train,its 11 oclock,CREMA-D,1.0,its 11 oclock
clip_09392,train,well stop in a couple of minutes,CREMA-D,1.0,well stop in a couple of minutes
clip_00288,train,i think i have a doctors appointment,CREMA-D,1.0,i think i have a doctors appointment
clip_04253,train,maybe tomorrow it will be cold,CREMA-D,1.0,maybe tomorrow it will be cold
clip_02363,train,its 11 oclock,CREMA-D,1.0,its 11 oclock
clip_09265,train,i think ive seen this before,CREMA-D,1.0,i think ive seen this before
clip_01213,train,that is exactly what happened,CREMA-D,1.0,that is exactly what happened
clip_08102,train,that is exactly what happened,CREMA-D,1.0,that is exactly what happened
clip_02720,train,say the word raise,TESS,1.0,say the word
clip_04027,train,say the word page,TESS,1.0,say the word
clip_03846,train,say the word chief,TESS,1.0,say the word
clip_01028,test,its 11 oclock,CREMA-D,1.0,its 11 oclock
clip_10174,train,maybe the violent will be cold,CREMA-D,0.7667,maybe tomorrow it will be cold
clip_09279,train,i wonder what this is about,CREMA-D,1.0,i wonder what this is about
clip_08598,test,i think i have a doctors appointment,CREMA-D,1.0,i think i have a doctors appointment
clip_03899,train,tomorrow it will be cold,CREMA-D,0.8889,maybe tomorrow it will be cold
clip_10720,train,i would like a new alarm clock,CREMA-D,1.0,i would like a new alarm clock
clip_09573,train,even tomorrow we will be cold,CREMA-D,0.8136,maybe tomorrow it will be cold
clip_06107,test,i think ive seen this before,CREMA-D,1.0,i think ive seen this before
clip_06219,test,maybe tomorrow it will be cold,CREMA-D,1.0,maybe tomorrow it will be cold
clip_06189,train,the surface is slick,CREMA-D,1.0,the surface is slick
clip_04470,test,the airplane is almost full,CREMA-D,1.0,the airplane is almost full
clip_02472,train,i would like a new alarm clock,CREMA-D,1.0,i would like a new alarm clock
clip_09309,train,i think i have a doctors appointment,CREMA-D,1.0,i think i have a doctors appointment
clip_10792,test,well stop in a couple of minutes,CREMA-D,1.0,well stop in a couple of minutes
clip_00247,train,i wonder what this is about,CREMA-D,1.0,i wonder what this is about
clip_10499,test,its 11 oclock,CREMA-D,1.0,its 11 oclock
clip_04069,test,that is exactly what happened,CREMA-D,1.0,that is exactly what happened
clip_01313,train,dont forget a jacket,CREMA-D,1.0,dont forget a jacket
clip_04501,test,dont forget a jacket,CREMA-D,1.0,dont forget a jacket
clip_04511,test,well stop in a couple of minutes,CREMA-D,1.0,well stop in a couple of minutes
clip_06298,train,well stop in a couple of minutes,CREMA-D,1.0,well stop in a couple of minutes
clip_10013,test,i think i have a doctors appointment,CREMA-D,1.0,i think i have a doctors appointment
clip_09052,train,the airplane is almost full,CREMA-D,1.0,the airplane is almost full
clip_02078,test,maybe tomorrow will be cold,CREMA-D,0.9474,maybe tomorrow it will be cold
clip_09151,test,that is exactly what happened,CREMA-D,1.0,that is exactly what happened
clip_08571,train,the airplane is almost full,CREMA-D,1.0,the airplane is almost full
clip_03509,train,maybe tomorrow it will be cold,CREMA-D,1.0,maybe tomorrow it will be cold
clip_08856,test,that is exactly what happened,CREMA-D,1.0,that is exactly what happened
clip_09577,test,that is exactly what happened,CREMA-D,1.0,that is exactly what happened
clip_00980,train,its 11 oclock,CREMA-D,1.0,its 11 oclock
clip_08070,train,that is exactly what happened,CREMA-D,1.0,that is exactly what happened
clip_08054,train,that is exactly what happened,CREMA-D,1.0,that is exactly what happened
clip_08090,train,i would like a new alarm clock,CREMA-D,1.0,i would like a new alarm clock
clip_08038,train,thats exactly what happened,CREMA-D,0.9643,that is exactly what happened
clip_04508,train,i think ive seen this before,CREMA-D,1.0,i think ive seen this before
clip_00781,train,its 11 oclock,CREMA-D,1.0,its 11 oclock
clip_07125,test,its 11 oclock,CREMA-D,1.0,its 11 oclock
clip_07170,test,that is exactly what happened,CREMA-D,1.0,that is exactly what happened
clip_10069,train,i think i have a doctors appointment,CREMA-D,1.0,i think i have a doctors appointment
clip_10063,train,i think ive seen this before,CREMA-D,1.0,i think ive seen this before
clip_06606,test,that is exactly what happened,CREMA-D,1.0,that is exactly what happened
clip_00906,train,well stop in a couple of minutes,CREMA-D,1.0,well stop in a couple of minutes
clip_04704,train,i think i have a doctors appointment,CREMA-D,1.0,i think i have a doctors appointment
clip_07846,train,the airplane is almost full,CREMA-D,1.0,the airplane is almost full
clip_07849,train,the airplane is almost full,CREMA-D,1.0,the airplane is almost full
clip_07837,train,well stop in a couple of minutes,CREMA-D,1.0,well stop in a couple of minutes
clip_09836,test,that is exactly what happened,CREMA-D,1.0,that is exactly what happened
clip_09781,test,i think ive seen this before,CREMA-D,1.0,i think ive seen this before
clip_10370,train,dont forget a jacket,CREMA-D,1.0,dont forget a jacket
clip_07868,train,i think ive seen this before,CREMA-D,1.0,i think ive seen this before
clip_05981,train,its 11 oclock,CREMA-D,1.0,its 11 oclock
clip_10667,train,i think i have a doctors appointment,CREMA-D,1.0,i think i have a doctors appointment
clip_06051,train,the surface is slick,CREMA-D,1.0,the surface is slick
clip_04631,test,its 11 oclock,CREMA-D,1.0,its 11 oclock
clip_04720,test,the airplane is almost full,CREMA-D,1.0,the airplane is almost full
clip_07133,train,well stop in a couple of minutes,CREMA-D,1.0,well stop in a couple of minutes
clip_01818,train,maybe tomorrow it will be cold,CREMA-D,1.0,maybe tomorrow it will be cold
clip_02781,train,that is exactly what happened,CREMA-D,1.0,that is exactly what happened
clip_07446,train,maybe tomorrow it will be cold,CREMA-D,1.0,maybe tomorrow it will be cold
clip_10612,train,the airplane is almost full,CREMA-D,1.0,the airplane is almost full
clip_00504,train,airplane is almost full,CREMA-D,0.92,the airplane is almost full
clip_00494,train,the airplane is almost full,CREMA-D,1.0,the airplane is almost full
clip_07682,test,maybe tomorrow will be cold,CREMA-D,0.9474,maybe tomorrow it will be cold
clip_04733,test,will stop in a couple of minutes,CREMA-D,0.9688,well stop in a couple of minutes
clip_02251,test,i think i have a doctors appointment,CREMA-D,1.0,i think i have a doctors appointment
clip_10457,train,i think i have a doctors appointment,CREMA-D,1.0,i think i have a doctors appointment
clip_05344,train,im on my way to the meeting,CREMA-D,1.0,im on my way to the meeting
clip_07469,train,that is exactly what happened,CREMA-D,1.0,that is exactly what happened
clip_05531,test,maybe tomorrow it will be cold,CREMA-D,1.0,maybe tomorrow it will be cold
clip_01278,test,i think i have a doctors appointment,CREMA-D,1.0,i think i have a doctors appointment
clip_06954,train,maybe tomorrow it will be cold,CREMA-D,1.0,maybe tomorrow it will be cold
clip_02619,train,i think i have a doctors appointment,CREMA-D,1.0,i think i have a doctors appointment
clip_08078,test,i think ive seen this before,CREMA-D,1.0,i think ive seen this before
clip_02678,train,im on my way to the meeting,CREMA-D,1.0,im on my way to the meeting
clip_07104,train,im on my way to the meeting,CREMA-D,1.0,im on my way to the meeting
clip_05962,train,maybe tomorrow it will be cold,CREMA-D,1.0,maybe tomorrow it will be cold
clip_09220,train,the airplane is almost full,CREMA-D,1.0,the airplane is almost full
clip_02622,train,im on my way to the meeting,CREMA-D,1.0,im on my way to the meeting
clip_10403,train,i wonder what this is about,CREMA-D,1.0,i wonder what this is about
clip_00820,train,that is exactly what happened,CREMA-D,1.0,that is exactly what happened
clip_04993,train,the surface is slick,CREMA-D,1.0,the surface is slick
clip_07616,train,the airplane is almost full,CREMA-D,1.0,the airplane is almost full
clip_05092,train,well stop at a couple of minutes,CREMA-D,0.9375,well stop in a couple of minutes
clip_07669,train,that is exactly what happened,CREMA-D,1.0,that is exactly what happened
clip_03447,train,i think i have a doctors appointment,CREMA-D,1.0,i think i have a doctors appointment
clip_08670,train,maybe tomorrow it will be cold,CREMA-D,1.0,maybe tomorrow it will be cold
clip_08676,train,i think i have a doctors appointment,CREMA-D,1.0,i think i have a doctors appointment
clip_09191,test,i think ive seen this before,CREMA-D,1.0,i think ive seen this before
clip_09221,test,the airplane is almost full,CREMA-D,1.0,the airplane is almost full
clip_04896,train,i wonder what this is about,CREMA-D,1.0,i wonder what this is about
clip_02965,train,i would like a new alarm clock,CREMA-D,1.0,i would like a new alarm clock
clip_05285,train,i think i have a doctors appointment,CREMA-D,1.0,i think i have a doctors appointment
clip_08821,train,its 11 oclock,CREMA-D,1.0,its 11 oclock
clip_01508,train,its a lovely clock,CREMA-D,0.7097,its 11 oclock
clip_05251,test,its 11 oclock,CREMA-D,1.0,its 11 oclock
clip_09793,train,well stop in a couple of minutes,CREMA-D,1.0,well stop in a couple of minutes
clip_08947,train,maybe tomorrow it will be cold,CREMA-D,1.0,maybe tomorrow it will be cold
clip_01633,train,maybe tomorrow it will be cold,CREMA-D,1.0,maybe tomorrow it will be cold
clip_07263,train,maybe tomorrow it will be cold,CREMA-D,1.0,maybe tomorrow it will be cold
clip_03850,test,i think i have a doctors appointment,CREMA-D,1.0,i think i have a doctors appointment
clip_01668,train,i wonder what this is about,CREMA-D,1.0,i wonder what this is about
clip_07508,test,the airplane is almost full,CREMA-D,1.0,the airplane is almost full
clip_08896,train,i wonder what this is about,CREMA-D,1.0,i wonder what this is about
clip_08870,train,i would like a new alarm clock,CREMA-D,1.0,i would like a new alarm clock
clip_06604,train,that is exactly what happened,CREMA-D,1.0,that is exactly what happened
clip_00062,train,i think ive seen this before,CREMA-D,1.0,i think ive seen this before
clip_02149,train,i think i have a doctors appointment,CREMA-D,1.0,i think i have a doctors appointment
clip_00883,train,its 11 oclock,CREMA-D,1.0,its 11 oclock
clip_08209,train,its 11 oclock,CREMA-D,1.0,its 11 oclock
clip_02193,train,maybe tomorrow it will be cold,CREMA-D,1.0,maybe tomorrow it will be cold
clip_01730,test,the surface is slick,CREMA-D,1.0,the surface is slick
clip_10317,train,dont forget a jacket,CREMA-D,1.0,dont forget a jacket
clip_03233,test,the airplane is almost full,CREMA-D,1.0,the airplane is almost full
clip_04792,train,i would like a new alarm clock,CREMA-D,1.0,i would like a new alarm clock
clip_06982,train,i would like a new alarm clock,CREMA-D,1.0,i would like a new alarm clock
clip_10303,train,i wonder what this is about,CREMA-D,1.0,i wonder what this is about
clip_07241,train,maybe tomorrow it will be cold,CREMA-D,1.0,maybe tomorrow it will be cold
clip_07225,train,i wonder what this is about,CREMA-D,1.0,i wonder what this is about
clip_00526,train,i wonder what this is about,CREMA-D,1.0,i wonder what this is about
clip_00516,train,i think ive seen this before,CREMA-D,1.0,i think ive seen this before
clip_05925,train,the airplane is almost full,CREMA-D,1.0,the airplane is almost full
clip_06403,test,i think ive seen this before,CREMA-D,1.0,i think ive seen this before
clip_01714,train,well stop in a couple of minutes,CREMA-D,1.0,well stop in a couple of minutes
clip_01750,train,maybe tomorrow it will be cold,CREMA-D,1.0,maybe tomorrow it will be cold
clip_09761,train,that is exactly what happened,CREMA-D,1.0,that is exactly what happened
clip_09768,train,let me show them up in a car,UNKNOWN,0.4,im on my way to the meeting
clip_06415,train,im on my way to the kneading,CREMA-D,0.8727,im on my way to the meeting
clip_00161,train,its 11 oclock,CREMA-D,1.0,its 11 oclock
clip_07756,train,the airplane is almost full,CREMA-D,1.0,the airplane is almost full
clip_08512,train,that is exactly what happened,CREMA-D,1.0,that is exactly what happened
clip_08491,train,im on my way to the meeting,CREMA-D,1.0,im on my way to the meeting
clip_06880,train,that is exactly what happened,CREMA-D,1.0,that is exactly what happened
clip_06520,train,the surface is slick,CREMA-D,1.0,the surface is slick
clip_06524,train,i would like a new alarm clock,CREMA-D,1.0,i would like a new alarm clock
clip_02973,test,i wonder what this is about,CREMA-D,1.0,i wonder what this is about
clip_06594,train,maybe tomorrow will be cold,CREMA-D,0.9474,maybe tomorrow it will be cold
clip_02046,train,the airplane is almost full,CREMA-D,1.0,the airplane is almost full
clip_09441,train,i think i have a doctors appointment,CREMA-D,1.0,i think i have a doctors appointment
clip_00130,train,that is exactly what happened,CREMA-D,1.0,that is exactly what happened
clip_00126,train,baby tomorrow will be cold,CREMA-D,0.8214,maybe tomorrow it will be cold
clip_00076,test,i would like a new alarm clock,CREMA-D,1.0,i would like a new alarm clock
clip_10862,train,maybe tomorrow it will be cold,CREMA-D,1.0,maybe tomorrow it will be cold
clip_01781,test,that is exactly what happened,CREMA-D,1.0,that is exactly what happened
clip_10435,test,i wonder what this is about,CREMA-D,1.0,i wonder what this is about
clip_06766,train,the airplane is almost full,CREMA-D,1.0,the airplane is almost full
clip_03709,train,i would like a new alarm clock,CREMA-D,1.0,i would like a new alarm clock
clip_03770,train,that is exactly what happened,CREMA-D,1.0,that is exactly what happened
clip_01252,train,i would like a new alarm clock,CREMA-D,1.0,i would like a new alarm clock
clip_09999,train,that is exactly what happened,CREMA-D,1.0,that is exactly what happened
clip_10312,train,i think i have a doctors appointment,CREMA-D,1.0,i think i have a doctors appointment
clip_08562,train,well stop in a couple of minutes,CREMA-D,1.0,well stop in a couple of minutes
clip_04801,train,im on my way to the meeting,CREMA-D,1.0,im on my way to the meeting
clip_08557,train,11 oclock,CREMA-D,0.8182,its 11 oclock
clip_08641,train,im on my way to the meeting,CREMA-D,1.0,im on my way to the meeting
clip_08684,train,well stop at a couple of minutes,CREMA-D,0.9375,well stop in a couple of minutes
clip_01451,train,well stop in a couple of minutes,CREMA-D,1.0,well stop in a couple of minutes
clip_10359,train,the surface is slick,CREMA-D,1.0,the surface is slick
clip_05563,test,maybe tomorrow it will be cold,CREMA-D,1.0,maybe tomorrow it will be cold
clip_04922,train,the airplane is almost full,CREMA-D,1.0,the airplane is almost full
clip_00810,train,i wonder what this is about,CREMA-D,1.0,i wonder what this is about
clip_00833,train,that is exactly what happened,CREMA-D,1.0,that is exactly what happened
clip_00818,train,well stop in a couple of minutes,CREMA-D,1.0,well stop in a couple of minutes
clip_05083,train,that is exactly what happened,CREMA-D,1.0,that is exactly what happened
clip_03299,test,the surface is slick,CREMA-D,1.0,the surface is slick
clip_10080,train,the surface is slick,CREMA-D,1.0,the surface is slick
clip_03898,train,maybe tomorrow will be cold,CREMA-D,0.9474,maybe tomorrow it will be cold
clip_00718,test,i wonder what this is about,CREMA-D,1.0,i wonder what this is about
clip_08395,train,that is exactly what happened,CREMA-D,1.0,that is exactly what happened
clip_04713,train,that is exactly what happened,CREMA-D,1.0,that is exactly what happened
clip_08410,train,surface is slick,CREMA-D,0.8889,the surface is slick
clip_08755,train,i think i have a doctors appointment,CREMA-D,1.0,i think i have a doctors appointment
clip_00625,train,maybe tomorrow itll be cold,CREMA-D,0.9474,maybe tomorrow it will be cold
clip_05345,test,that is exactly what happened,CREMA-D,1.0,that is exactly what happened
clip_03321,train,its 11 oclock,CREMA-D,1.0,its 11 oclock
clip_03450,test,i think i have a doctors appointment,CREMA-D,1.0,i think i have a doctors appointment
clip_05229,train,i think ive seen this before,CREMA-D,1.0,i think ive seen this before
clip_00752,train,that is exactly what happened,CREMA-D,1.0,that is exactly what happened
clip_05200,train,well stop in a couple of minutes,CREMA-D,1.0,well stop in a couple of minutes
clip_01357,test,i think i have the doctors appointment,CREMA-D,0.9459,i think i have a doctors appointment
clip_01271,test,its 11 oclock,CREMA-D,1.0,its 11 oclock
clip_07395,test,i think i have a doctors appointment,CREMA-D,1.0,i think i have a doctors appointment
clip_05187,train,i think ive seen this before,CREMA-D,1.0,i think ive seen this before
clip_08876,train,well stop in a couple of minutes,CREMA-D,1.0,well stop in a couple of minutes
clip_05341,train,that is exactly what happened,CREMA-D,1.0,that is exactly what happened
clip_01171,test,the surface is slick,CREMA-D,1.0,the surface is slick
clip_07483,train,the surface is slick,CREMA-D,1.0,the surface is slick
clip_00715,train,its 11 oclock,CREMA-D,1.0,its 11 oclock
clip_08020,train,maybe tomorrow it will be cold,CREMA-D,1.0,maybe tomorrow it will be cold
clip_10498,train,i would like a new alarm clock,CREMA-D,1.0,i would like a new alarm clock
clip_05356,train,airplane is almost full,CREMA-D,0.92,the airplane is almost full
clip_03069,train,that is exactly what happened,CREMA-D,1.0,that is exactly what happened
clip_03154,train,its still up in a clock,UNKNOWN,0.5556,its 11 oclock
clip_03014,train,maybe tomorrow it will be cold,CREMA-D,1.0,maybe tomorrow it will be cold
clip_01637,train,i think i have a doctors appointment,CREMA-D,1.0,i think i have a doctors appointment
clip_01639,train,maybe tomorrow it will be cold,CREMA-D,1.0,maybe tomorrow it will be cold
clip_08334,train,its 11 oclock,CREMA-D,1.0,its 11 oclock
clip_08890,test,stop in a couple of minutes,CREMA-D,0.9153,well stop in a couple of minutes
clip_02881,train,dont forget a jacket,CREMA-D,1.0,dont forget a jacket
clip_01012,train,i think ive seen this before,CREMA-D,1.0,i think ive seen this before
clip_05130,test,the airplane is almost full,CREMA-D,1.0,the airplane is almost full
clip_07968,train,its 11 oclock,CREMA-D,1.0,its 11 oclock
clip_09044,train,well stop in a couple of minutes,CREMA-D,1.0,well stop in a couple of minutes
clip_02855,train,surface quick,CREMA-D,0.6667,the surface is slick
clip_02945,test,dont forget a jacket,CREMA-D,1.0,dont forget a jacket
clip_02430,train,im on my way to the meeting,CREMA-D,1.0,im on my way to the meeting
clip_08841,test,maybe tomorrow it will be cold,CREMA-D,1.0,maybe tomorrow it will be cold
clip_05538,train,well stop in a couple of minutes,CREMA-D,1.0,well stop in a couple of minutes
clip_10001,test,well stop in a couple of minutes,CREMA-D,1.0,well stop in a couple of minutes
clip_01695,train,11 oclock,CREMA-D,0.8182,its 11 oclock
clip_09738,train,i think i have a doctors appointment,CREMA-D,1.0,i think i have a doctors appointment
clip_02131,test,the airplane is almost full,CREMA-D,1.0,the airplane is almost full
clip_07162,train,dont forget a jacket,CREMA-D,1.0,dont forget a jacket
clip_07740,test,i would like a new alarm clock,CREMA-D,1.0,i would like a new alarm clock
clip_03763,test,i wonder what this is about,CREMA-D,1.0,i wonder what this is about
clip_07203,train,i think ive seen this before,CREMA-D,1.0,i think ive seen this before
clip_07213,train,i think i have a doctors appointment,CREMA-D,1.0,i think i have a doctors appointment
clip_01841,train,i think ive seen this before,CREMA-D,1.0,i think ive seen this before
clip_04608,test,i would like a new alarm clock,CREMA-D,1.0,i would like a new alarm clock
clip_09121,train,thats 11 oclock,CREMA-D,0.8571,its 11 oclock
clip_00386,train,its 11 oclock,CREMA-D,1.0,its 11 oclock
clip_08595,test,i would like a new alarm clock,CREMA-D,1.0,i would like a new alarm clock
clip_08072,test,the airplane is almost full,CREMA-D,1.0,the airplane is almost full
clip_01881,train,dont forget a jacket,CREMA-D,1.0,dont forget a jacket
clip_09207,train,that is exactly what happened,CREMA-D,1.0,that is exactly what happened
clip_06980,train,its 11 oclock,CREMA-D,1.0,its 11 oclock
clip_10189,test,i wonder what this is about,CREMA-D,1.0,i wonder what this is about
clip_10222,test,i would like a new alarm clock,CREMA-D,1.0,i would like a new alarm clock
clip_07932,test,i would like a new alarm clock,CREMA-D,1.0,i would like a new alarm clock
clip_02606,train,i would like a new alarm clock,CREMA-D,1.0,i would like a new alarm clock
clip_03969,test,i think ive seen this before,CREMA-D,1.0,i think ive seen this before
clip_10179,train,that is exactly what happened,CREMA-D,1.0,that is exactly what happened
clip_03984,train,maybe tomorrow will be cold,CREMA-D,0.9474,maybe tomorrow it will be cold
clip_03989,train,i would like a new alarm clock,CREMA-D,1.0,i would like a new alarm clock
clip_08302,train,well stop in a couple of minutes,CREMA-D,1.0,well stop in a couple of minutes
clip_08163,train,will stop in a couple of minutes,CREMA-D,0.9688,well stop in a couple of minutes
clip_08185,test,the airplane is almost full,CREMA-D,1.0,the airplane is almost full
clip_06548,train,maybe tomorrow it will be cold,CREMA-D,1.0,maybe tomorrow it will be cold
clip_00343,train,its 11 oclock,CREMA-D,1.0,its 11 oclock
clip_06900,train,i think i have a doctors appointment,CREMA-D,1.0,i think i have a doctors appointment
clip_06267,train,i think i have a doctors appointment,CREMA-D,1.0,i think i have a doctors appointment
clip_02421,train,the surface is slick,CREMA-D,1.0,the surface is slick
clip_08179,test,i think i have a doctors appointment,CREMA-D,1.0,i think i have a doctors appointment
clip_09603,train,maybe tomorrow it will be cold,CREMA-D,1.0,maybe tomorrow it will be cold
clip_09544,train,dont forget a jacket,CREMA-D,1.0,dont forget a jacket
clip_02056,train,dont forget the jacket,CREMA-D,0.9048,dont forget a jacket
clip_09416,train,im on my way to the meeting,CREMA-D,1.0,im on my way to the meeting
clip_10705,test,well stop in a couple of minutes,CREMA-D,1.0,well stop in a couple of minutes
clip_10743,test,the airplane is almost full,CREMA-D,1.0,the airplane is almost full
clip_08502,test,that is exactly what happened,CREMA-D,1.0,that is exactly what happened
clip_03303,train,say the word js,TESS,1.0,say the word
clip_00905,train,say the word gap,TESS,1.0,say the word
clip_06555,train,i think this team is before,CREMA-D,0.6909,i think ive seen this before
clip_10749,test,i think ive seen this before,CREMA-D,1.0,i think ive seen this before
clip_10894,test,that is exactly what happened,CREMA-D,1.0,that is exactly what happened
clip_04333,test,its 11 oclock,CREMA-D,1.0,its 11 oclock
clip_08456,test,the surface is slick,CREMA-D,1.0,the surface is slick
clip_02099,train,maybe tomorrow will be cold,CREMA-D,0.9474,maybe tomorrow it will be cold
clip_02079,train,that is exactly what happened,CREMA-D,1.0,that is exactly what happened
clip_01146,train,its 11 oclock,CREMA-D,1.0,its 11 oclock
clip_08267,train,i wonder what this is about,CREMA-D,1.0,i wonder what this is about
clip_06221,train,well stop in a couple of minutes,CREMA-D,1.0,well stop in a couple of minutes
clip_06920,train,the airplane is almost full,CREMA-D,1.0,the airplane is almost full
clip_02466,train,well stop in a couple of minutes,CREMA-D,1.0,well stop in a couple of minutes
clip_09287,train,well stop in a couple of minutes,CREMA-D,1.0,well stop in a couple of minutes
clip_09275,train,i would like a new alarm clock,CREMA-D,1.0,i would like a new alarm clock
clip_04351,train,i would like a new alarm clock,CREMA-D,1.0,i would like a new alarm clock
clip_10201,train,who wonder what this is about,CREMA-D,0.9286,i wonder what this is about
clip_10714,train,i think ive seen this before,CREMA-D,1.0,i think ive seen this before
clip_00312,train,that is exactly what happened,CREMA-D,1.0,that is exactly what happened
clip_06919,train,the surface is slick,CREMA-D,1.0,the surface is slick
clip_04417,test,maybe tomorrow it will be cold,CREMA-D,1.0,maybe tomorrow it will be cold
clip_09004,train,well stop in a couple of minutes,CREMA-D,1.0,well stop in a couple of minutes
clip_02904,train,i would like a moolam crack,CREMA-D,0.7719,i would like a new alarm clock
clip_07947,train,i think ive seen this before,CREMA-D,1.0,i think ive seen this before
clip_06729,train,i think i have a doctors appointment,CREMA-D,1.0,i think i have a doctors appointment
clip_05591,train,well stop at a couple of minutes,CREMA-D,0.9375,well stop in a couple of minutes
clip_07302,train,that is exactly what happened,CREMA-D,1.0,that is exactly what happened
clip_01747,train,i would like a new alarm clock,CREMA-D,1.0,i would like a new alarm clock
clip_00598,train,maybe tomorrow will be cold,CREMA-D,0.9474,maybe tomorrow it will be cold
clip_05641,train,i think i have a doctors appointment,CREMA-D,1.0,i think i have a doctors appointment
clip_02442,train,maybe tomorrow well be cold,CREMA-D,0.9123,maybe tomorrow it will be cold
clip_09325,train,well stop in a couple of minutes,CREMA-D,1.0,well stop in a couple of minutes
clip_09321,train,that is exactly what happened,CREMA-D,1.0,that is exactly what happened
clip_02567,test,the airplane is almost full,CREMA-D,1.0,the airplane is almost full
clip_07949,train,maybe tomorrow it will be cold,CREMA-D,1.0,maybe tomorrow it will be cold
clip_05313,test,maybe tomorrow it will be cold,CREMA-D,1.0,maybe tomorrow it will be cold
clip_05465,train,im on my way to the meeting,CREMA-D,1.0,im on my way to the meeting
clip_00606,train,i dont like a new alarm clock,CREMA-D,0.8814,i would like a new alarm clock
clip_07419,train,the airplane is almost full,CREMA-D,1.0,the airplane is almost full
clip_10561,train,i look like a new alarm clock,CREMA-D,0.8814,i would like a new alarm clock
clip_07182,train,the airplane is almost full,CREMA-D,1.0,the airplane is almost full
clip_05672,train,that is exactly what happened,CREMA-D,1.0,that is exactly what happened
clip_07376,test,im on my way to the meeting,CREMA-D,1.0,im on my way to the meeting
clip_10453,train,i would like a new alarm clock,CREMA-D,1.0,i would like a new alarm clock
clip_08828,train,its 11 oclock,CREMA-D,1.0,its 11 oclock
clip_10450,train,i think ive seen this before,CREMA-D,1.0,i think ive seen this before
clip_09628,train,the airplane is almost full,CREMA-D,1.0,the airplane is almost full
clip_07819,train,how does it exactly what happened,CREMA-D,0.8065,that is exactly what happened
clip_09580,test,im on my way to the meeting,CREMA-D,1.0,im on my way to the meeting
clip_05413,train,i think i have a doctors appointment,CREMA-D,1.0,i think i have a doctors appointment
clip_00692,test,i think ive seen this before,CREMA-D,1.0,i think ive seen this before
clip_03123,train,maybe tomorrow it will be cold,CREMA-D,1.0,maybe tomorrow it will be cold
clip_03095,train,well stop in a couple of minutes,CREMA-D,1.0,well stop in a couple of minutes
clip_09853,train,i think i have a doctors appointment,CREMA-D,1.0,i think i have a doctors appointment
clip_08843,train,maybe tomorrow it will be cold,CREMA-D,1.0,maybe tomorrow it will be cold
clip_05640,train,the airplane is almost full,CREMA-D,1.0,the airplane is almost full
clip_05654,train,well stop in a couple of minutes,CREMA-D,1.0,well stop in a couple of minutes
clip_10184,test,i think ive seen this before,CREMA-D,1.0,i think ive seen this before
clip_04013,test,the airplane is almost full,CREMA-D,1.0,the airplane is almost full
clip_03170,train,i think i have a doctors appointment,CREMA-D,1.0,i think i have a doctors appointment
clip_10276,test,that is exactly what happened,CREMA-D,1.0,that is exactly what happened
clip_02646,train,the airplane is almost full,CREMA-D,1.0,the airplane is almost full
clip_10261,test,maybe tomorrow it will be cold,CREMA-D,1.0,maybe tomorrow it will be cold
clip_06711,test,that is exactly what happened,CREMA-D,1.0,that is exactly what happened
clip_02724,test,the airplane is almost full,CREMA-D,1.0,the airplane is almost full
clip_09954,train,im on my way to the meeting,CREMA-D,1.0,im on my way to the meeting
clip_01598,train,well stop in a couple of minutes,CREMA-D,1.0,well stop in a couple of minutes
clip_04815,train,that is exactly what happened,CREMA-D,1.0,that is exactly what happened
clip_08785,train,i wonder what this is about,CREMA-D,1.0,i wonder what this is about
clip_10430,train,maybe tomorrow it will be cold,CREMA-D,1.0,maybe tomorrow it will be cold
clip_10418,train,think i have a doctors appointment,CREMA-D,0.9714,i think i have a doctors appointment
clip_07542,train,that is exactly what happened,CREMA-D,1.0,that is exactly what happened
clip_03834,train,that is exactly what happened,CREMA-D,1.0,that is exactly what happened
clip_03276,train,well stop in a couple of minutes,CREMA-D,1.0,well stop in a couple of minutes
clip_01740,train,i would like a new arm clock,CREMA-D,0.9655,i would like a new alarm clock
clip_10592,train,i would like a new alarm clock,CREMA-D,1.0,i would like a new alarm clock
clip_05756,train,its 11 oclock,CREMA-D,1.0,its 11 oclock
clip_08538,train,its 11 oclock,CREMA-D,1.0,its 11 oclock
clip_10357,train,would you like a new alarm hug,CREMA-D,0.7667,i would like a new alarm clock
clip_07691,train,im on my way to the meeting,CREMA-D,1.0,im on my way to the meeting
clip_07701,train,the airplane is almost full,CREMA-D,1.0,the airplane is almost full
clip_01527,train,i would like a new alarm clock,CREMA-D,1.0,i would like a new alarm clock
clip_09003,test,that is exactly what happened,CREMA-D,1.0,that is exactly what happened
clip_08769,train,i would like a new alarm clock,CREMA-D,1.0,i would like a new alarm clock
clip_02796,test,the airplane is almost full,CREMA-D,1.0,the airplane is almost full
clip_06769,train,the surface is slick,CREMA-D,1.0,the surface is slick
clip_06761,train,its 11 oclock,CREMA-D,1.0,its 11 oclock
clip_04201,test,that is exactly what happened,CREMA-D,1.0,that is exactly what happened
clip_06464,train,i would like a new alarm clock,CREMA-D,1.0,i would like a new alarm clock
clip_02076,train,i think i have a doctors appointment,CREMA-D,1.0,i think i have a doctors appointment
clip_08191,train,i was like into a park,UNKNOWN,0.5769,i would like a new alarm clock
clip_06510,train,i think i have a doctors appointment,CREMA-D,1.0,i think i have a doctors appointment
clip_01166,train,i think i have a doctors appointment,CREMA-D,1.0,i think i have a doctors appointment
clip_00207,train,its 11 oclock,CREMA-D,1.0,its 11 oclock
clip_06405,train,maybe tomorrow it will be cold,CREMA-D,1.0,maybe tomorrow it will be cold
clip_06374,train,maybe tomorrow it would be cold,CREMA-D,0.918,maybe tomorrow it will be cold
clip_10765,train,i think ive seen this before,CREMA-D,1.0,i think ive seen this before
clip_05909,train,i would like a new alarm clock,CREMA-D,1.0,i would like a new alarm clock
clip_10610,train,that is exactly what happened,CREMA-D,1.0,that is exactly what happened
clip_00472,train,that is exactly what happened,CREMA-D,1.0,that is exactly what happened
clip_02808,train,well stop in a couple of minutes,CREMA-D,1.0,well stop in a couple of minutes
clip_10176,train,i would like a new alarm clock,CREMA-D,1.0,i would like a new alarm clock
clip_01091,train,maybe tomorrow it will be cold,CREMA-D,1.0,maybe tomorrow it will be cold
clip_09102,train,that is exactly what happened,CREMA-D,1.0,that is exactly what happened
clip_01998,train,dont forget a jacket,CREMA-D,1.0,dont forget a jacket
clip_04018,train,well stop in a couple of minutes,CREMA-D,1.0,well stop in a couple of minutes
clip_09533,train,i think ive seen this before,CREMA-D,1.0,i think ive seen this before
clip_00078,train,i think i have a doctors appointment,CREMA-D,1.0,i think i have a doctors appointment
clip_07713,train,the surface is slick,CREMA-D,1.0,the surface is slick
clip_08634,train,i wonder what this is about,CREMA-D,1.0,i wonder what this is about
clip_00396,train,yeah playing is almost full,CREMA-D,0.7778,the airplane is almost full
clip_00376,train,i wonder what this is about,CREMA-D,1.0,i wonder what this is about
clip_06049,train,that is exactly what happened,CREMA-D,1.0,that is exactly what happened
clip_07040,train,im on my way to the meeting,CREMA-D,1.0,im on my way to the meeting
clip_05973,train,maybe tomorrow it will be cold,CREMA-D,1.0,maybe tomorrow it will be cold
clip_07054,train,i wonder what this is about,CREMA-D,1.0,i wonder what this is about
clip_09743,train,well stop in a couple of minutes,CREMA-D,1.0,well stop in a couple of minutes
clip_09114,train,well stop in a couple of minutes,CREMA-D,1.0,well stop in a couple of minutes
clip_09709,train,i think i have a doctors appointment,CREMA-D,1.0,i think i have a doctors appointment
clip_01603,test,maybe tomorrow it will be cold,CREMA-D,1.0,maybe tomorrow it will be cold
clip_03386,train,im on my way to the meeting,CREMA-D,1.0,im on my way to the meeting
clip_04617,test,well stop in a couple of minutes,CREMA-D,1.0,well stop in a couple of minutes
clip_10664,train,that is exactly what happened,CREMA-D,1.0,that is exactly what happened
clip_02049,train,that is exactly what happened,CREMA-D,1.0,that is exactly what happened
clip_00128,train,its 11 oclock,CREMA-D,1.0,its 11 oclock
clip_03931,train,maybe tomorrow it will be cold,CREMA-D,1.0,maybe tomorrow it will be cold
clip_05632,train,dont forget a jacket,CREMA-D,1.0,dont forget a jacket
clip_00558,train,i would like a new alarm clock,CREMA-D,1.0,i would like a new alarm clock
clip_08969,train,the airplane is almost full,CREMA-D,1.0,the airplane is almost full
clip_03569,train,the surface is slick,CREMA-D,1.0,the surface is slick
clip_04802,train,its 11 oclock,CREMA-D,1.0,its 11 oclock
clip_07745,train,i would like a new alarm clock,CREMA-D,1.0,i would like a new alarm clock
clip_04856,train,maybe tomorrow it will be cold,CREMA-D,1.0,maybe tomorrow it will be cold
clip_05360,test,im on my way to the meeting,CREMA-D,1.0,im on my way to the meeting
clip_08539,train,maybe tomorrow it will be cold,CREMA-D,1.0,maybe tomorrow it will be cold
clip_10557,train,the airplane is almost wrong,CREMA-D,0.8364,the airplane is almost full
clip_03842,test,i think i have a doctors appointment,CREMA-D,1.0,i think i have a doctors appointment
clip_04648,train,i think ive seen this before,CREMA-D,1.0,i think ive seen this before
clip_05858,test,its 11 oclock,CREMA-D,1.0,its 11 oclock
clip_07902,train,i would like a new alarm clock,CREMA-D,1.0,i would like a new alarm clock
clip_00904,train,i think ive seen this before,CREMA-D,1.0,i think ive seen this before
clip_02876,train,i wonder what this is about,CREMA-D,1.0,i wonder what this is about
clip_00919,train,i wonder what this is about,CREMA-D,1.0,i wonder what this is about
clip_00973,train,maybe tomorrow it will be cold,CREMA-D,1.0,maybe tomorrow it will be cold
clip_04620,train,the airplane is almost full,CREMA-D,1.0,the airplane is almost full
clip_07471,train,its 11 oclock,CREMA-D,1.0,its 11 oclock
clip_08864,train,i would like a new alarm clock,CREMA-D,1.0,i would like a new alarm clock
clip_03155,train,the airplane is almost full,CREMA-D,1.0,the airplane is almost full
clip_09141,test,that is exactly what happened,CREMA-D,1.0,that is exactly what happened
clip_01866,test,that is exactly what happened,CREMA-D,1.0,that is exactly what happened
clip_02743,test,i think i have a doctors appointment,CREMA-D,1.0,i think i have a doctors appointment
clip_03869,train,that is exactly what happened,CREMA-D,1.0,that is exactly what happened
clip_10252,test,i would like a new alarm clock,CREMA-D,1.0,i would like a new alarm clock
clip_10505,train,i think i have a doctors appointment,CREMA-D,1.0,i think i have a doctors appointment
clip_08954,train,well stop in a couple of minutes,CREMA-D,1.0,well stop in a couple of minutes
clip_08974,train,i think i have a doctors appointment,CREMA-D,1.0,i think i have a doctors appointment
clip_03665,test,the airplane is almost full,CREMA-D,1.0,the airplane is almost full
clip_04558,train,its 11 oclock,CREMA-D,1.0,its 11 oclock
clip_00114,train,airplane is almost full,CREMA-D,0.92,the airplane is almost full
clip_06085,test,maybe tomorrow it will be cold,CREMA-D,1.0,maybe tomorrow it will be cold
clip_06735,test,the surface is slick,CREMA-D,1.0,the surface is slick
clip_00286,train,i think i have a doctors appointment,CREMA-D,1.0,i think i have a doctors appointment
clip_06191,train,the airplane is almost full,CREMA-D,1.0,the airplane is almost full
clip_08953,train,that is exactly what happened,CREMA-D,1.0,that is exactly what happened
clip_07379,train,i think i have a doctors appointment,CREMA-D,1.0,i think i have a doctors appointment
clip_05533,train,that is exactly what happened,CREMA-D,1.0,that is exactly what happened
clip_05060,test,i would like a new alarm clock,CREMA-D,1.0,i would like a new alarm clock
clip_04458,test,its 11 oclock,CREMA-D,1.0,its 11 oclock
clip_01031,train,im on my way to the meeting,CREMA-D,1.0,im on my way to the meeting
clip_09469,train,that is exactly what happened,CREMA-D,1.0,that is exactly what happened
clip_00127,train,that is exactly what happened,CREMA-D,1.0,that is exactly what happened
clip_06566,train,i would like a new alarm clock,CREMA-D,1.0,i would like a new alarm clock
clip_06540,train,its 11 oclock,CREMA-D,1.0,its 11 oclock
clip_04366,train,maybe tomorrow it will be cold,CREMA-D,1.0,maybe tomorrow it will be cold
clip_07686,train,i would like a new alarm clock,CREMA-D,1.0,i would like a new alarm clock
clip_02178,test,its 11 oclock,CREMA-D,1.0,its 11 oclock
clip_09932,train,airplane is almost full,CREMA-D,0.92,the airplane is almost full
clip_08200,test,its 11 oclock,CREMA-D,1.0,its 11 oclock
clip_01092,train,its 11 oclock,CREMA-D,1.0,its 11 oclock
clip_04256,train,i think i have a doctors appointment,CREMA-D,1.0,i think i have a doctors appointment
clip_06106,test,i think i have a doctors appointment,CREMA-D,1.0,i think i have a doctors appointment
clip_07103,train,well stop in a couple of minutes,CREMA-D,1.0,well stop in a couple of minutes
clip_05867,train,its 11 oclock,CREMA-D,1.0,its 11 oclock
clip_10617,train,that is exactly what happened,CREMA-D,1.0,that is exactly what happened
clip_05745,test,i think ive seen this before,CREMA-D,1.0,i think ive seen this before
clip_03550,train,the surface is slick,CREMA-D,1.0,the surface is slick
clip_02643,train,i wonder what this is about,CREMA-D,1.0,i wonder what this is about
clip_10399,train,im on my way to the meeting,CREMA-D,1.0,im on my way to the meeting
clip_02163,test,that surface is slick,CREMA-D,0.9268,the surface is slick
clip_08804,train,maybe tomorrow it will be cold,CREMA-D,1.0,maybe tomorrow it will be cold
clip_03272,train,dont forget a jacket,CREMA-D,1.0,dont forget a jacket
clip_01757,train,i think ive seen this before,CREMA-D,1.0,i think ive seen this before
clip_05156,train,i would like a new alarm clock,CREMA-D,1.0,i would like a new alarm clock
clip_10622,test,maybe tomorrow we will be cold,CREMA-D,0.9333,maybe tomorrow it will be cold
clip_06614,train,that is exactly what happened,CREMA-D,1.0,that is exactly what happened
clip_01738,test,i think i have a doctors appointment,CREMA-D,1.0,i think i have a doctors appointment
clip_02121,train,that is exactly what happened,CREMA-D,1.0,that is exactly what happened
clip_06507,train,the surface is slick,CREMA-D,1.0,the surface is slick
clip_02379,train,dont forget a jacket,CREMA-D,1.0,dont forget a jacket
clip_06382,train,that is exactly what happened,CREMA-D,1.0,that is exactly what happened
clip_06824,train,i would like a new alarm clock,CREMA-D,1.0,i would like a new alarm clock
clip_09071,train,well stop in a couple of minutes,CREMA-D,1.0,well stop in a couple of minutes
clip_10839,train,that is exactly what happened,CREMA-D,1.0,that is exactly what happened
clip_10581,test,the surface is slick,CREMA-D,1.0,the surface is slick
clip_01165,train,the surface is slick,CREMA-D,1.0,the surface is slick
clip_06483,train,its 11 oclock,CREMA-D,1.0,its 11 oclock
clip_09411,train,well stop in a couple of minutes,CREMA-D,1.0,well stop in a couple of minutes
clip_02328,train,that is exactly what happened,CREMA-D,1.0,that is exactly what happened
clip_04233,test,i would like a new alarm clock,CREMA-D,1.0,i would like a new alarm clock
clip_09423,train,maybe tomorrow it will be cold,CREMA-D,1.0,maybe tomorrow it will be cold
clip_10135,train,i would like a new alarm clock,CREMA-D,1.0,i would like a new alarm clock
clip_06473,train,i think ive seen this before,CREMA-D,1.0,i think ive seen this before
clip_10130,train,maybe tomorrow it will be cold,CREMA-D,1.0,maybe tomorrow it will be cold
clip_01611,test,its 11 oclock,CREMA-D,1.0,its 11 oclock
clip_10783,train,i think ive seen this before,CREMA-D,1.0,i think ive seen this before
clip_06305,train,im on my way to the meeting,CREMA-D,1.0,im on my way to the meeting
clip_04254,train,i would like to do a long clock,CREMA-D,0.7541,i would like a new alarm clock
clip_07650,test,its 11 oclock,CREMA-D,1.0,its 11 oclock
clip_00450,train,its 11 oclock,CREMA-D,1.0,its 11 oclock
clip_05876,train,its 11 oclock,CREMA-D,1.0,its 11 oclock
clip_02390,train,i think ive seen this before,CREMA-D,1.0,i think ive seen this before
clip_04299,train,i think i have a doctors appointment,CREMA-D,1.0,i think i have a doctors appointment
clip_02764,train,i think i have a doctors appointment,CREMA-D,1.0,i think i have a doctors appointment
clip_07614,train,i think i have a doctor at the appointment,CREMA-D,0.8974,i think i have a doctors appointment
clip_08760,train,its 11 oclock,CREMA-D,1.0,its 11 oclock
clip_02845,train,that is exactly what happened,CREMA-D,1.0,that is exactly what happened
clip_05735,test,i think i have a doctors appointment,CREMA-D,1.0,i think i have a doctors appointment
clip_09850,test,the surface is slick,CREMA-D,1.0,the surface is slick
clip_09689,train,that is exactly what happened,CREMA-D,1.0,that is exactly what happened
clip_05057,train,i would like a new alarm clock,CREMA-D,1.0,i would like a new alarm clock
clip_01810,train,i think ive seen this before,CREMA-D,1.0,i think ive seen this before
clip_09748,train,i think ive seen this before,CREMA-D,1.0,i think ive seen this before
clip_07659,train,its 11 oclock,CREMA-D,1.0,its 11 oclock
clip_02830,train,the airplane is almost full,CREMA-D,1.0,the airplane is almost full
clip_08775,train,the airplane is almost full,CREMA-D,1.0,the airplane is almost full
clip_01384,train,that is exactly what happened,CREMA-D,1.0,that is exactly what happened
clip_07697,train,i think i have a doctors appointment,CREMA-D,1.0,i think i have a doctors appointment
clip_03475,train,that is exactly what happened,CREMA-D,1.0,that is exactly what happened
clip_04974,train,that is exactly what happened,CREMA-D,1.0,that is exactly what happened
clip_05122,train,the airplane is almost full,CREMA-D,1.0,the airplane is almost full
clip_00970,train,the airplane is almost full,CREMA-D,1.0,the airplane is almost full
clip_07572,train,i think i have a doctors appointment,CREMA-D,1.0,i think i have a doctors appointment
clip_05796,train,im on my way to the meeting,CREMA-D,1.0,im on my way to the meeting
clip_07809,test,i would like a new alarm clock,CREMA-D,1.0,i would like a new alarm clock
clip_08830,test,the surface is slick,CREMA-D,1.0,the surface is slick
clip_09667,train,i would like a new alarm clock,CREMA-D,1.0,i would like a new alarm clock
clip_09455,test,well stop in a couple of minutes,CREMA-D,1.0,well stop in a couple of minutes
clip_02850,train,im on my way to the meeting,CREMA-D,1.0,im on my way to the meeting
clip_00669,test,dont forget a jacket,CREMA-D,1.0,dont forget a jacket
clip_05320,train,the airplane is almost full,CREMA-D,1.0,the airplane is almost full
clip_06987,train,well stop in a couple of minutes,CREMA-D,1.0,well stop in a couple of minutes
clip_02555,test,the airplane is almost full,CREMA-D,1.0,the airplane is almost full
clip_03065,train,they think i have a doctors appointment,CREMA-D,0.9333,i think i have a doctors appointment
clip_08874,test,well stop in a couple of minutes,CREMA-D,1.0,well stop in a couple of minutes
clip_02540,train,that is exactly what happened,CREMA-D,1.0,that is exactly what happened
clip_02883,train,dogs are sitting by the door,RAVDESS,1.0,dogs are sitting by the door
clip_05198,train,the surface is slick,CREMA-D,1.0,the surface is slick
clip_06745,test,maybe tomorrow it will be cold,CREMA-D,1.0,maybe tomorrow it will be cold
clip_02315,test,i think i have a doctors appointment,CREMA-D,1.0,i think i have a doctors appointment
clip_03207,train,maybe tomorrow well be cold,CREMA-D,0.9123,maybe tomorrow it will be cold
clip_08524,train,its 11 oclock,CREMA-D,1.0,its 11 oclock
clip_07907,train,i would like a new alarm clock,CREMA-D,1.0,i would like a new alarm clock
clip_03752,train,i think i have a doctors appointment,CREMA-D,1.0,i think i have a doctors appointment
clip_06955,test,maybe tomorrow it would be cold,CREMA-D,0.918,maybe tomorrow it will be cold
clip_02726,train,dogs are sitting by the door,RAVDESS,1.0,dogs are sitting by the door
clip_00855,train,dont forget a jacket,CREMA-D,1.0,dont forget a jacket
clip_00372,train,the airplane is almost full,CREMA-D,1.0,the airplane is almost full
clip_09138,train,i would like a new alarm clock,CREMA-D,1.0,i would like a new alarm clock
clip_04488,train,i would like a new alarm clock,CREMA-D,1.0,i would like a new alarm clock
clip_06602,test,i wonder what this is about,CREMA-D,1.0,i wonder what this is about
clip_06129,train,surface slick,CREMA-D,0.7879,the surface is slick
clip_01237,train,dont forget a jacket,CREMA-D,1.0,dont forget a jacket
clip_04388,test,i think ive seen this before,CREMA-D,1.0,i think ive seen this before
clip_05603,train,i would like a new alarm clock,CREMA-D,1.0,i would like a new alarm clock
clip_10036,test,well stop in a couple of minutes,CREMA-D,1.0,well stop in a couple of minutes
clip_06901,train,im on my way to the meeting,CREMA-D,1.0,im on my way to the meeting
clip_08578,test,i think i have a doctors appointment,CREMA-D,1.0,i think i have a doctors appointment
clip_10230,train,i think ive seen this before,CREMA-D,1.0,i think ive seen this before
clip_04356,train,im on my way to the meeting,CREMA-D,1.0,im on my way to the meeting
clip_08738,test,the airplane is almost full,CREMA-D,1.0,the airplane is almost full
clip_08076,train,the airplane is almost full,CREMA-D,1.0,the airplane is almost full
clip_10508,train,maybe tomorrow it will be cold,CREMA-D,1.0,maybe tomorrow it will be cold
clip_03651,test,dogs are sitting by the door,RAVDESS,1.0,dogs are sitting by the door
clip_05159,test,the surface is slick,CREMA-D,1.0,the surface is slick
clip_05443,test,dogs are sitting by the door,RAVDESS,1.0,dogs are sitting by the door
clip_03440,train,i think ive seen this before,CREMA-D,1.0,i think ive seen this before
clip_04176,train,im on my way to the meeting,CREMA-D,1.0,im on my way to the meeting
clip_09430,train,its 11 oclock,CREMA-D,1.0,its 11 oclock
clip_03966,test,maybe tomorrow it will be cold,CREMA-D,1.0,maybe tomorrow it will be cold
clip_02459,test,well stop in a couple of minutes,CREMA-D,1.0,well stop in a couple of minutes
clip_09184,train,maybe tomorrow it will be cold,CREMA-D,1.0,maybe tomorrow it will be cold
clip_06002,train,and its exactly what happened,CREMA-D,0.8966,that is exactly what happened
clip_01512,train,i think ive seen this before,CREMA-D,1.0,i think ive seen this before
clip_05053,train,well stop in a couple of nits,CREMA-D,0.918,well stop in a couple of minutes
clip_09864,train,that is exactly what happened,CREMA-D,1.0,that is exactly what happened
clip_09124,test,dont forget a jacket,CREMA-D,1.0,dont forget a jacket
clip_09009,train,i think ive seen this before,CREMA-D,1.0,i think ive seen this before
clip_08613,train,that is exactly what happened,CREMA-D,1.0,that is exactly what happened
clip_07653,train,that is exactly what happened,CREMA-D,1.0,that is exactly what happened
clip_07719,train,that is exactly what happened,CREMA-D,1.0,that is exactly what happened
clip_01731,train,dont forget a jacket,CREMA-D,1.0,dont forget a jacket
clip_07589,train,i wonder what this is about,CREMA-D,1.0,i wonder what this is about
clip_08581,train,i would like a new alarm clock,CREMA-D,1.0,i would like a new alarm clock
clip_05380,test,im on my way to the meeting,CREMA-D,1.0,im on my way to the meeting
clip_07851,train,i think ive seen this before,CREMA-D,1.0,i think ive seen this before
clip_07889,train,that is exactly what happened,CREMA-D,1.0,that is exactly what happened
clip_03718,train,i think i have a doctors appointment,CREMA-D,1.0,i think i have a doctors appointment
clip_08397,train,that is exactly what happened,CREMA-D,1.0,that is exactly what happened
clip_05260,train,im on my way to the meeting,CREMA-D,1.0,im on my way to the meeting
clip_05058,test,that is exactly what happened,CREMA-D,1.0,that is exactly what happened
clip_07230,train,maybe tomorrow it will be cold,CREMA-D,1.0,maybe tomorrow it will be cold
clip_10589,train,maybe tomorrow it will be cold,CREMA-D,1.0,maybe tomorrow it will be cold
clip_06032,train,well stop in a couple of minutes,CREMA-D,1.0,well stop in a couple of minutes
clip_09145,train,i would like a new alarm clock,CREMA-D,1.0,i would like a new alarm clock
clip_06004,train,the surface is slick,CREMA-D,1.0,the surface is slick
clip_07053,train,i think i have a doctors appointment,CREMA-D,1.0,i think i have a doctors appointment
clip_04791,train,i wonder what this is about,CREMA-D,1.0,i wonder what this is about
clip_08707,test,i wonder what this is about,CREMA-D,1.0,i wonder what this is about
clip_02538,train,i think i have a doctors appointment,CREMA-D,1.0,i think i have a doctors appointment
clip_04699,train,kids are talking by the door,RAVDESS,1.0,kids are talking by the door
clip_08339,train,maybe tomorrow it will be cold,CREMA-D,1.0,maybe tomorrow it will be cold
clip_03905,train,that is exactly what happened,CREMA-D,1.0,that is exactly what happened
clip_01065,test,maybe tomorrow it will be cold,CREMA-D,1.0,maybe tomorrow it will be cold
clip_01219,train,the airplane is almost full,CREMA-D,1.0,the airplane is almost full
clip_09522,train,that is exactly what happened,CREMA-D,1.0,that is exactly what happened
clip_00068,train,i wonder what this is about,CREMA-D,1.0,i wonder what this is about
clip_06779,train,im on my way to the meeting,CREMA-D,1.0,im on my way to the meeting
clip_10473,test,that is exactly what happened,CREMA-D,1.0,that is exactly what happened
clip_06337,test,i think i have a doctors appointment,CREMA-D,1.0,i think i have a doctors appointment
clip_08292,test,i think ive seen this before,CREMA-D,1.0,i think ive seen this before
clip_10492,test,dogs are sitting by the door,RAVDESS,1.0,dogs are sitting by the door
clip_06293,train,i think i have the doctors appointment,CREMA-D,0.9459,i think i have a doctors appointment
clip_10637,train,well stop in a couple of minutes,CREMA-D,1.0,well stop in a couple of minutes
clip_07717,train,i would like a new alarm clock,CREMA-D,1.0,i would like a new alarm clock
clip_04212,train,i think i have the doctors appointment,CREMA-D,0.9459,i think i have a doctors appointment
clip_08101,train,i think ive seen this before,CREMA-D,1.0,i think ive seen this before
clip_06124,train,i think ive seen this before,CREMA-D,1.0,i think ive seen this before
clip_10199,test,i wonder what this is about,CREMA-D,1.0,i wonder what this is about
clip_03158,train,its 11 oclock,CREMA-D,1.0,its 11 oclock
clip_05396,train,maybe tomorrow it will be cold,CREMA-D,1.0,maybe tomorrow it will be cold
clip_08873,train,its over the clock,UNKNOWN,0.6452,its 11 oclock
clip_10479,train,maybe tomorrow it will be cold,CREMA-D,1.0,maybe tomorrow it will be cold
clip_07528,train,i think i have a doctors appointment,CREMA-D,1.0,i think i have a doctors appointment
clip_00660,test,i think i have a doctors appointment,CREMA-D,1.0,i think i have a doctors appointment
clip_00621,test,that is exactly what happened,CREMA-D,1.0,that is exactly what happened
clip_05633,train,maybe tomorrow it will be cold,CREMA-D,1.0,maybe tomorrow it will be cold
clip_01982,test,i wonder what this is about,CREMA-D,1.0,i wonder what this is about
clip_04732,train,i think i have a doctors appointment,CREMA-D,1.0,i think i have a doctors appointment
clip_04751,train,i wonder what this is about,CREMA-D,1.0,i wonder what this is about
clip_02522,train,maybe tomorrow it will be called,CREMA-D,0.9355,maybe tomorrow it will be cold
clip_08899,test,maybe tomorrow it will be cold,CREMA-D,1.0,maybe tomorrow it will be cold
clip_08751,test,its 11 oclock,CREMA-D,1.0,its 11 oclock
clip_00650,train,maybe tomorrow it will be cold,CREMA-D,1.0,maybe tomorrow it will be cold
clip_07362,train,well stop in a couple of minutes,CREMA-D,1.0,well stop in a couple of minutes
clip_07975,train,maybe tomorrow it will be cold,CREMA-D,1.0,maybe tomorrow it will be cold
clip_00006,test,maybe tomorrow it will be cold,CREMA-D,1.0,maybe tomorrow it will be cold
clip_04529,train,im on my way to the meeting,CREMA-D,1.0,im on my way to the meeting
clip_06048,test,dogs are sitting by the door,RAVDESS,1.0,dogs are sitting by the door
clip_07999,train,the airplane is almost full,CREMA-D,1.0,the airplane is almost full
clip_04551,train,and the tomorrow will be cold,CREMA-D,0.8136,maybe tomorrow it will be cold
clip_07910,test,i would like a new alarm clock,CREMA-D,1.0,i would like a new alarm clock
clip_00264,train,kids are talking by the door,RAVDESS,1.0,kids are talking by the door
clip_00269,train,dont forget to jack it,CREMA-D,0.8571,dont forget a jacket
clip_00588,train,i think ive seen this before,CREMA-D,1.0,i think ive seen this before
clip_09340,train,its 11 oclock,CREMA-D,1.0,its 11 oclock
clip_00320,train,that is exactly what i did,CREMA-D,0.8,that is exactly what happened
clip_06906,train,i think i have a doctors appointment,CREMA-D,1.0,i think i have a doctors appointment
clip_01013,train,dont forget to jack it,CREMA-D,0.8571,dont forget a jacket
clip_04359,train,maybe tomorrow it will be cold,CREMA-D,1.0,maybe tomorrow it will be cold
clip_09537,train,dont forget a jacket,CREMA-D,1.0,dont forget a jacket
clip_09389,train,im on my way to the meeting,CREMA-D,1.0,im on my way to the meeting
clip_08203,train,the surface is slick,CREMA-D,1.0,the surface is slick
clip_08251,train,dogs are sitting by the door,RAVDESS,1.0,dogs are sitting by the door
clip_08256,train,i wonder what this is about,CREMA-D,1.0,i wonder what this is about
clip_09440,train,the airplane is almost full,CREMA-D,1.0,the airplane is almost full
clip_02072,train,i think ive seen this before,CREMA-D,1.0,i think ive seen this before
clip_04114,test,dogs are sitting by the door,RAVDESS,1.0,dogs are sitting by the door
clip_06424,train,the surface is slick,CREMA-D,1.0,the surface is slick
clip_08195,train,that is exactly what happened,CREMA-D,1.0,that is exactly what happened
clip_10890,train,that is exactly what happened,CREMA-D,1.0,that is exactly what happened
clip_10690,test,that is exactly what happened,CREMA-D,1.0,that is exactly what happened
clip_05325,test,i would like a new alarm,CREMA-D,0.8889,i would like a new alarm clock
clip_06649,train,im on my way to the meeting,CREMA-D,1.0,im on my way to the meeting
clip_02940,train,i think ive seen this before,CREMA-D,1.0,i think ive seen this before
clip_00585,test,the airplane is almost full,CREMA-D,1.0,the airplane is almost full
clip_01254,test,i think ive seen this before,CREMA-D,1.0,i think ive seen this before
clip_02004,test,its 11 oclock,CREMA-D,1.0,its 11 oclock
clip_08749,test,i think i have the doctors appointment,CREMA-D,0.9459,i think i have a doctors appointment
clip_01666,train,i think i have a doctors appointment,CREMA-D,1.0,i think i have a doctors appointment
clip_08938,train,maybe tomorrow it will be cold,CREMA-D,1.0,maybe tomorrow it will be cold
clip_03060,train,i would like a new alarm clock,CREMA-D,1.0,i would like a new alarm clock
clip_01636,train,i think ive seen this before,CREMA-D,1.0,i think ive seen this before
clip_07506,train,its 11 oclock,CREMA-D,1.0,its 11 oclock
clip_03206,train,kids are talking by the door,RAVDESS,1.0,kids are talking by the door
clip_08919,train,thats exactly what happened,CREMA-D,0.9643,that is exactly what happened
clip_10367,train,that is exactly what happened,CREMA-D,1.0,that is exactly what happened
clip_01813,train,i think i have a doctors appointment,CREMA-D,1.0,i think i have a doctors appointment
clip_05758,test,that is exactly what happened,CREMA-D,1.0,that is exactly what happened
clip_03393,train,that is exactly what happened,CREMA-D,1.0,that is exactly what happened
clip_03346,train,dogs are sitting by the door,RAVDESS,1.0,dogs are sitting by the door
clip_05555,test,the airplane is almost full,CREMA-D,1.0,the airplane is almost full
clip_01698,train,the surface is slick,CREMA-D,1.0,the surface is slick
clip_07829,test,i think i have a doctors appointment,CREMA-D,1.0,i think i have a doctors appointment
clip_05276,train,dogs are sitting by the door,RAVDESS,1.0,dogs are sitting by the door
clip_07814,test,i would like a new alarm clock,CREMA-D,1.0,i would like a new alarm clock
clip_00733,train,i would like a new alarm clock,CREMA-D,1.0,i would like a new alarm clock
clip_00731,train,that is exactly what happened,CREMA-D,1.0,that is exactly what happened
clip_01801,train,that is exactly what happened,CREMA-D,1.0,that is exactly what happened
clip_07132,train,that is exactly what happened,CREMA-D,1.0,that is exactly what happened
clip_07670,train,well stop in a couple of minutes,CREMA-D,1.0,well stop in a couple of minutes
clip_09894,train,i would like a new alarm clock,CREMA-D,1.0,i would like a new alarm clock
clip_04885,train,that is exactly what happened,CREMA-D,1.0,that is exactly what happened
clip_01428,train,that is exactly what happened,CREMA-D,1.0,that is exactly what happened
clip_03430,train,docs is sitting by the door,RAVDESS,0.8727,dogs are sitting by the door
clip_08655,train,i think ive seen this before,CREMA-D,1.0,i think ive seen this before
clip_06018,train,i would like a new alarm clock,CREMA-D,1.0,i would like a new alarm clock
clip_00375,train,the surface is slick,CREMA-D,1.0,the surface is slick
clip_05880,train,well stop in a couple of minutes,CREMA-D,1.0,well stop in a couple of minutes
clip_00419,train,that is exactly what happened,CREMA-D,1.0,that is exactly what happened
clip_06899,train,maybe tomorrow will be cold,CREMA-D,0.9474,maybe tomorrow it will be cold
clip_06625,test,dont forget a jacket,CREMA-D,1.0,dont forget a jacket
clip_09230,train,well stop in a couple of minutes,CREMA-D,1.0,well stop in a couple of minutes
clip_09241,train,i think i have a doctors appointment,CREMA-D,1.0,i think i have a doctors appointment
clip_06110,train,well stop in a couple of minutes,CREMA-D,1.0,well stop in a couple of minutes
clip_06985,train,service is slick,CREMA-D,0.7222,the surface is slick
clip_10158,test,that is exactly what happened,CREMA-D,1.0,that is exactly what happened
clip_06149,train,ill stop in a couple of minutes,CREMA-D,0.9524,well stop in a couple of minutes
clip_07010,train,its 11 oclock,CREMA-D,1.0,its 11 oclock
clip_06114,train,i think i have a doctors appointment,CREMA-D,1.0,i think i have a doctors appointment
clip_07854,train,well stop in a couple of minutes,CREMA-D,1.0,well stop in a couple of minutes
clip_08378,train,well stop in a couple of minutes,CREMA-D,1.0,well stop in a couple of minutes
clip_05808,test,i would like a new alarm card,CREMA-D,0.8814,i would like a new alarm clock
clip_03676,train,that is exactly what happened,CREMA-D,1.0,that is exactly what happened
clip_01257,train,its 11 oclock,CREMA-D,1.0,its 11 oclock
clip_03225,test,the airplane is almost full,CREMA-D,1.0,the airplane is almost full
clip_06885,test,maybe tomorrow it will be cold,CREMA-D,1.0,maybe tomorrow it will be cold
clip_03124,test,the airplane is almost full,CREMA-D,1.0,the airplane is almost full
clip_08573,train,i think ive seen this before,CREMA-D,1.0,i think ive seen this before
clip_02721,train,dogs are sitting by the door,RAVDESS,1.0,dogs are sitting by the door
clip_02445,train,maybe tomorrow it will be cold,CREMA-D,1.0,maybe tomorrow it will be cold
clip_03914,train,airplane is almost full,CREMA-D,0.92,the airplane is almost full
clip_08338,train,the airplane is almost full,CREMA-D,1.0,the airplane is almost full
clip_00955,test,that is exactly what happened,CREMA-D,1.0,that is exactly what happened
clip_02718,test,i think i have a doctors appointment,CREMA-D,1.0,i think i have a doctors appointment
clip_01226,train,im on my way to the meeting,CREMA-D,1.0,im on my way to the meeting
clip_10200,train,that is exactly what happened,CREMA-D,1.0,that is exactly what happened
clip_01036,train,i think ive seen this before,CREMA-D,1.0,i think ive seen this before
clip_10803,train,well stop in a couple of minutes,CREMA-D,1.0,well stop in a couple of minutes
clip_06647,test,well stop in a couple of minutes,CREMA-D,1.0,well stop in a couple of minutes
clip_03066,test,i think ive seen this before,CREMA-D,1.0,i think ive seen this before
clip_06692,test,i think ive seen this before,CREMA-D,1.0,i think ive seen this before
clip_01154,test,that is exactly what happened,CREMA-D,1.0,that is exactly what happened
clip_08298,train,i would like a new alarm clock,CREMA-D,1.0,i would like a new alarm clock
clip_04234,train,maybe tomorrow it will be cold,CREMA-D,1.0,maybe tomorrow it will be cold
clip_09370,train,i think i have a doctors appointment,CREMA-D,1.0,i think i have a doctors appointment
clip_01109,train,well stop in a couple of minutes,CREMA-D,1.0,well stop in a couple of minutes
clip_06886,train,its 11 oclock,CREMA-D,1.0,its 11 oclock
clip_04051,test,its 11 oclock,CREMA-D,1.0,its 11 oclock
clip_08245,test,well stop in a couple of minutes,CREMA-D,1.0,well stop in a couple of minutes
clip_00054,test,its 11 oclock,CREMA-D,1.0,its 11 oclock
clip_06096,test,i think i have a doctors appointment,CREMA-D,1.0,i think i have a doctors appointment
clip_03785,train,dogs are sitting by the door,RAVDESS,1.0,dogs are sitting by the door
clip_04625,test,kids are talking by the door,RAVDESS,1.0,kids are talking by the door
clip_04280,test,dogs are sitting by the door,RAVDESS,1.0,dogs are sitting by the door
clip_06661,train,dogs are sitting by the door,RAVDESS,1.0,dogs are sitting by the door
clip_00612,train,kids are talking by the door,RAVDESS,1.0,kids are talking by the door
clip_02834,train,kids are talking by the door,RAVDESS,1.0,kids are talking by the door
clip_01622,train,maybe tomorrow it will be cold,CREMA-D,1.0,maybe tomorrow it will be cold
clip_03347,train,dogs are sitting by the door,RAVDESS,1.0,dogs are sitting by the door
clip_10389,train,kids are talking about the door,RAVDESS,0.9153,kids are talking by the door
clip_05816,train,well stop in a couple of minutes,CREMA-D,1.0,well stop in a couple of minutes
clip_02628,train,that is exactly what happened,CREMA-D,1.0,that is exactly what happened
clip_07246,test,i think i have a doctors appointment,CREMA-D,1.0,i think i have a doctors appointment
clip_09176,train,the airplane is almost full,CREMA-D,1.0,the airplane is almost full
clip_09153,train,maybe tomorrow it will be cold,CREMA-D,1.0,maybe tomorrow it will be cold
clip_07721,train,kids are talking by the door,RAVDESS,1.0,kids are talking by the door
clip_04959,train,well stop in a couple of minutes,CREMA-D,1.0,well stop in a couple of minutes
clip_09705,train,well stop at a couple of minutes,CREMA-D,0.9375,well stop in a couple of minutes
clip_08701,train,that is exactly what happened,CREMA-D,1.0,that is exactly what happened
clip_07628,test,i would like a new alarm clock,CREMA-D,1.0,i would like a new alarm clock
clip_03682,test,well stop in a couple of minutes,CREMA-D,1.0,well stop in a couple of minutes
clip_03464,train,i think i have a doctors appointment,CREMA-D,1.0,i think i have a doctors appointment
clip_07720,train,i would like to do a large clock,CREMA-D,0.8065,i would like a new alarm clock
clip_10620,train,kids are talking by the door,RAVDESS,1.0,kids are talking by the door
clip_07661,test,well stop in a couple of minutes,CREMA-D,1.0,well stop in a couple of minutes
clip_01807,train,well stop in a couple of minutes,CREMA-D,1.0,well stop in a couple of minutes
clip_07518,train,well stop in a couple of minutes,CREMA-D,1.0,well stop in a couple of minutes
clip_07434,test,the surface is slick,CREMA-D,1.0,the surface is slick
clip_07509,train,dogs are sitting by the door,RAVDESS,1.0,dogs are sitting by the door
clip_03153,train,that is exactly what happened,CREMA-D,1.0,that is exactly what happened
clip_05131,test,its 11 oclock,CREMA-D,1.0,its 11 oclock
clip_05595,train,that is exactly what happened,CREMA-D,1.0,that is exactly what happened
clip_07521,test,its 11 oclock,CREMA-D,1.0,its 11 oclock
clip_05299,test,well stop in a couple of minutes,CREMA-D,1.0,well stop in a couple of minutes
clip_10524,train,that is exactly what happened,CREMA-D,1.0,that is exactly what happened
clip_03469,test,maybe tomorrow it will be cold,CREMA-D,1.0,maybe tomorrow it will be cold
clip_00577,test,i think i have a doctors appointment,CREMA-D,1.0,i think i have a doctors appointment
clip_10679,test,i wonder what this is about,CREMA-D,1.0,i wonder what this is about
clip_02892,train,that is exactly what happened,CREMA-D,1.0,that is exactly what happened
clip_10027,test,maybe tomorrow it will be cold,CREMA-D,1.0,maybe tomorrow it will be cold
clip_10789,test,i think ive seen this before,CREMA-D,1.0,i think ive seen this before
clip_00166,train,the surface is slick,CREMA-D,1.0,the surface is slick
clip_09448,train,well start with a couple of minutes,CREMA-D,0.8657,well stop in a couple of minutes
clip_04187,train,well stop at a couple of minutes,CREMA-D,0.9375,well stop in a couple of minutes
clip_01140,train,that is exactly what happened,CREMA-D,1.0,that is exactly what happened
clip_04292,train,dogs are sitting by the door,RAVDESS,1.0,dogs are sitting by the door
clip_09612,train,kids are talking by the door,RAVDESS,1.0,kids are talking by the door
clip_01136,train,that is exactly what happened,CREMA-D,1.0,that is exactly what happened
clip_08029,train,that is exactly what happened,CREMA-D,1.0,that is exactly what happened
clip_06355,train,maybe tomorrow it will be cold,CREMA-D,1.0,maybe tomorrow it will be cold
clip_01014,test,dogs are sitting by the door,RAVDESS,1.0,dogs are sitting by the door
clip_10185,train,will stop in a couple of minutes,CREMA-D,0.9688,well stop in a couple of minutes
clip_01094,train,i wonder what this is about,CREMA-D,1.0,i wonder what this is about
clip_06358,train,i wonder what this is about,CREMA-D,1.0,i wonder what this is about
clip_04383,train,i think i have a doctors appointment,CREMA-D,1.0,i think i have a doctors appointment
clip_02947,test,its 11 oclock,CREMA-D,1.0,its 11 oclock
clip_01033,train,i think i have a doctors appointment,CREMA-D,1.0,i think i have a doctors appointment
clip_07960,train,i would like a new alarm clock,CREMA-D,1.0,i would like a new alarm clock
clip_08314,test,its 11 oclock,CREMA-D,1.0,its 11 oclock
clip_09627,train,the surface is making,CREMA-D,0.7805,the surface is slick
clip_09591,train,i wonder what this is about,CREMA-D,1.0,i wonder what this is about
clip_04535,train,well stop in a couple of minutes,CREMA-D,1.0,well stop in a couple of minutes
clip_06648,test,its 11 oclock,CREMA-D,1.0,its 11 oclock
clip_04471,train,that is exactly what happened,CREMA-D,1.0,that is exactly what happened
clip_06896,train,well stop in a couple of minutes,CREMA-D,1.0,well stop in a couple of minutes
clip_08007,test,that is exactly what happened,CREMA-D,1.0,that is exactly what happened
clip_00384,test,i think i have a doctors appointment,CREMA-D,1.0,i think i have a doctors appointment
clip_09450,test,i would like a new alarm clock,CREMA-D,1.0,i would like a new alarm clock
clip_10042,train,kids are talking by the door,RAVDESS,1.0,kids are talking by the door
clip_09431,test,the service is slick,CREMA-D,0.85,the surface is slick
clip_07855,train,dogs are sitting by the door,RAVDESS,1.0,dogs are sitting by the door
clip_08543,train,i think i have a doctors appointment,CREMA-D,1.0,i think i have a doctors appointment
clip_02419,test,they grab the doctors appointment,CREMA-D,0.6957,i think i have a doctors appointment
clip_01368,train,i would like a new alarm clock,CREMA-D,1.0,i would like a new alarm clock
clip_08553,train,maybe tomorrow it will be cold,CREMA-D,1.0,maybe tomorrow it will be cold
clip_10523,train,i think ive seen this before,CREMA-D,1.0,i think ive seen this before
clip_01631,train,that is exactly what happened,CREMA-D,1.0,that is exactly what happened
clip_05488,test,i think its seen this before,CREMA-D,0.9286,i think ive seen this before
clip_02008,test,the surface is slick,CREMA-D,1.0,the surface is slick
clip_08162,test,i think ive seen this before,CREMA-D,1.0,i think ive seen this before
clip_02644,test,that is exactly what happened,CREMA-D,1.0,that is exactly what happened
clip_01210,train,all right let my clock,UNKNOWN,0.4,its 11 oclock
clip_08685,train,i would like a new alarm clock,CREMA-D,1.0,i would like a new alarm clock
clip_03609,test,well stop in a couple of minutes,CREMA-D,1.0,well stop in a couple of minutes
clip_06362,test,i wonder what this is about,CREMA-D,1.0,i wonder what this is about
clip_08551,test,maybe tomorrow it will be cold,CREMA-D,1.0,maybe tomorrow it will be cold
clip_08422,test,i think ive seen this before,CREMA-D,1.0,i think ive seen this before
clip_04084,test,dont forget a jacket,CREMA-D,1.0,dont forget a jacket
clip_00173,train,maybe tomorrow it will be cold,CREMA-D,1.0,maybe tomorrow it will be cold
clip_00199,test,i think i have a doctors appointment,CREMA-D,1.0,i think i have a doctors appointment
clip_01784,train,kids are talking by the door,RAVDESS,1.0,kids are talking by the door
clip_09057,train,kids are talking by the door,RAVDESS,1.0,kids are talking by the door
clip_00647,test,the airplane is almost fall,CREMA-D,0.963,the airplane is almost full
clip_00639,train,i think i have a doctors appointment,CREMA-D,1.0,i think i have a doctors appointment
clip_06642,train,dogs are sitting by the door,RAVDESS,1.0,dogs are sitting by the door
clip_09505,train,i think ive seen this before,CREMA-D,1.0,i think ive seen this before
clip_06726,train,i would like a new alarm clock,CREMA-D,1.0,i would like a new alarm clock
clip_01613,train,dogs are sitting by the door,RAVDESS,1.0,dogs are sitting by the door
clip_05482,train,i wonder what this is about,CREMA-D,1.0,i wonder what this is about
clip_07312,train,that is exactly what happened,CREMA-D,1.0,that is exactly what happened
clip_05366,train,i would like a new alarm clock,CREMA-D,1.0,i would like a new alarm clock
clip_08867,train,kids are talking by the door,RAVDESS,1.0,kids are talking by the door
clip_07280,test,dont forget a jacket,CREMA-D,1.0,dont forget a jacket
clip_01552,train,i would like a new alarm clock,CREMA-D,1.0,i would like a new alarm clock
clip_05242,train,that is exactly what happened,CREMA-D,1.0,that is exactly what happened
clip_03312,test,i think ive seen this before,CREMA-D,1.0,i think ive seen this before
clip_05207,train,i would like a new alarm clock,CREMA-D,1.0,i would like a new alarm clock
clip_05995,train,maybe tomorrow it will be cold,CREMA-D,1.0,maybe tomorrow it will be cold
clip_00391,train,dogs are sitting by the door,RAVDESS,1.0,dogs are sitting by the door
clip_02623,train,kids are talking by the door,RAVDESS,1.0,kids are talking by the door
clip_08623,train,that is exactly what happened,CREMA-D,1.0,that is exactly what happened
clip_04939,test,the airplane is almost full,CREMA-D,1.0,the airplane is almost full
clip_04912,test,i think i have a doctors appointment,CREMA-D,1.0,i think i have a doctors appointment
clip_07724,train,maybe tomorrow it will be cold,CREMA-D,1.0,maybe tomorrow it will be cold
clip_00800,train,the airplane is almost full,CREMA-D,1.0,the airplane is almost full
clip_04833,test,i would like a new alarm clock,CREMA-D,1.0,i would like a new alarm clock
clip_02742,train,maybe tomorrow it will be cold,CREMA-D,1.0,maybe tomorrow it will be cold
clip_03248,train,that is exactly what happened,CREMA-D,1.0,that is exactly what happened
clip_05814,train,that is exactly what happened,CREMA-D,1.0,that is exactly what happened
clip_01463,train,i think i have a doctors appointment,CREMA-D,1.0,i think i have a doctors appointment
clip_03275,test,that is exactly what happened,CREMA-D,1.0,that is exactly what happened
clip_03306,test,well stop in a couple of minutes,CREMA-D,1.0,well stop in a couple of minutes
clip_06584,test,im on my way to the meeting,CREMA-D,1.0,im on my way to the meeting
clip_03119,test,the airplane is almost full,CREMA-D,1.0,the airplane is almost full
clip_03576,train,its 11 oclock,CREMA-D,1.0,its 11 oclock
clip_03590,train,kids are talking about the door,RAVDESS,0.9153,kids are talking by the door
clip_09973,train,well stop in a couple of minutes,CREMA-D,1.0,well stop in a couple of minutes
clip_10655,train,the airplane is almost full,CREMA-D,1.0,the airplane is almost full
clip_02707,train,its 11 oclock,CREMA-D,1.0,its 11 oclock
clip_01884,train,i think i have a doctors appointment,CREMA-D,1.0,i think i have a doctors appointment
clip_01246,train,the airplane is almost full,CREMA-D,1.0,the airplane is almost full
clip_02581,train,i would like a new alarm clock,CREMA-D,1.0,i would like a new alarm clock
clip_01846,test,that is exactly what happened,CREMA-D,1.0,that is exactly what happened
clip_03667,train,that is exactly what happened,CREMA-D,1.0,that is exactly what happened
clip_10307,train,well stop in a couple of minutes,CREMA-D,1.0,well stop in a couple of minutes
clip_08487,train,the surface is slick,CREMA-D,1.0,the surface is slick
clip_01283,train,i would like a new alarm clock,CREMA-D,1.0,i would like a new alarm clock
clip_03792,train,kids are talking by the door,RAVDESS,1.0,kids are talking by the door
clip_07881,train,i think ive seen this before,CREMA-D,1.0,i think ive seen this before
clip_06238,train,i think i have a doctors appointment,CREMA-D,1.0,i think i have a doctors appointment
clip_06926,train,kids are talking by the door,RAVDESS,1.0,kids are talking by the door
clip_09304,train,i think i have a doctors appointment,CREMA-D,1.0,i think i have a doctors appointment
clip_07998,train,i wonder what this is about,CREMA-D,1.0,i wonder what this is about
clip_04516,train,i would like a new alarm clock,CREMA-D,1.0,i would like a new alarm clock
clip_02456,train,dogs are sitting by the door,RAVDESS,1.0,dogs are sitting by the door
clip_01227,train,i wonder what this is about,CREMA-D,1.0,i wonder what this is about
clip_08346,train,im on my way to the meeting,CREMA-D,1.0,im on my way to the meeting
clip_09381,train,dogs are sitting by the door,RAVDESS,1.0,dogs are sitting by the door
clip_02331,train,dogs are sitting by the door,RAVDESS,1.0,dogs are sitting by the door
clip_09608,train,dogs are sitting by the door,RAVDESS,1.0,dogs are sitting by the door
clip_06288,train,the airplane is almost full,CREMA-D,1.0,the airplane is almost full
clip_01025,test,well stop in a couple of minutes,CREMA-D,1.0,well stop in a couple of minutes
clip_08318,train,i would like a new alarm clock,CREMA-D,1.0,i would like a new alarm clock
clip_01970,train,the airplane is almost full,CREMA-D,1.0,the airplane is almost full
clip_08160,train,that is exactly what happened,CREMA-D,1.0,that is exactly what happened
clip_04275,train,i wonder what this is about,CREMA-D,1.0,i wonder what this is about
clip_08309,train,dogs are sitting by the door,RAVDESS,1.0,dogs are sitting by the door
clip_08104,train,that is exactly what happened,CREMA-D,1.0,that is exactly what happened
clip_08319,train,maybe tomorrow will be cold,CREMA-D,0.9474,maybe tomorrow it will be cold
clip_08239,train,the airplane is almost full,CREMA-D,1.0,the airplane is almost full
clip_10846,test,i think ive seen this before,CREMA-D,1.0,i think ive seen this before
clip_00083,test,the airplane is almost full,CREMA-D,1.0,the airplane is almost full
clip_10833,train,i would like a new alarm clock,CREMA-D,1.0,i would like a new alarm clock
clip_00178,train,well stop in a couple of minutes,CREMA-D,1.0,well stop in a couple of minutes
clip_00563,train,the surface is slick,CREMA-D,1.0,the surface is slick
clip_05985,train,i would like a new loom clock,CREMA-D,0.9153,i would like a new alarm clock
clip_03865,test,its 11 oclock,CREMA-D,1.0,its 11 oclock
clip_00175,test,that is exactly what happened,CREMA-D,1.0,that is exactly what happened
clip_06264,test,dont forget a jacket,CREMA-D,1.0,dont forget a jacket
clip_06262,test,i think i have a doctors appointment,CREMA-D,1.0,i think i have a doctors appointment
clip_04237,train,kids are talking by the door,RAVDESS,1.0,kids are talking by the door
clip_08085,train,i think i have a doctors appointment,CREMA-D,1.0,i think i have a doctors appointment
clip_08516,train,i think i have a doctors appointment,CREMA-D,1.0,i think i have a doctors appointment
clip_05642,train,i think i have a doctors appointment,CREMA-D,1.0,i think i have a doctors appointment
clip_05042,test,well stop in a couple of minutes,CREMA-D,1.0,well stop in a couple of minutes
clip_05938,train,that is exactly what happened,CREMA-D,1.0,that is exactly what happened
clip_04379,train,i think i have a doctors appointment,CREMA-D,1.0,i think i have a doctors appointment
clip_03545,train,that is exactly what happened,CREMA-D,1.0,that is exactly what happened
clip_09912,train,dr sitting by the door,RAVDESS,0.88,dogs are sitting by the door
clip_07657,train,kids are talking by the door,RAVDESS,1.0,kids are talking by the door
clip_07704,train,its 11 oclock,CREMA-D,1.0,its 11 oclock
clip_01080,train,that is exactly what happened,CREMA-D,1.0,that is exactly what happened
clip_09494,test,dont forget a jacket,CREMA-D,1.0,dont forget a jacket
clip_09888,train,i think i have a doctors appointment,CREMA-D,1.0,i think i have a doctors appointment
clip_07055,train,dont youre sitting by the door,RAVDESS,0.8621,dogs are sitting by the door
clip_04916,test,i would like a new alarm clock,CREMA-D,1.0,i would like a new alarm clock
clip_02217,test,dogs are sitting by the door,RAVDESS,1.0,dogs are sitting by the door
clip_08984,train,well stop in a couple of minutes,CREMA-D,1.0,well stop in a couple of minutes
clip_02658,train,kids are talking by the door,RAVDESS,1.0,kids are talking by the door
clip_03180,train,ill stop in a couple of minutes,CREMA-D,0.9524,well stop in a couple of minutes
clip_02369,test,the surface is slick,CREMA-D,1.0,the surface is slick
clip_00726,train,kids are talking by the door,RAVDESS,1.0,kids are talking by the door
clip_07285,train,dogs are sitting by the door,RAVDESS,1.0,dogs are sitting by the door
clip_05393,train,the airplane is almost full,CREMA-D,1.0,the airplane is almost full
clip_01659,train,that is exactly what happened,CREMA-D,1.0,that is exactly what happened
clip_05010,test,that is exactly what happened,CREMA-D,1.0,that is exactly what happened
clip_01664,train,i would like a new alarm clock,CREMA-D,1.0,i would like a new alarm clock
clip_08633,test,maybe tomorrow it will be cold,CREMA-D,1.0,maybe tomorrow it will be cold
clip_08577,test,i would like a new alarm clock,CREMA-D,1.0,i would like a new alarm clock
clip_01495,test,kids are talking by the door,RAVDESS,1.0,kids are talking by the door
clip_09490,train,maybe tomorrow it will be cold,CREMA-D,1.0,maybe tomorrow it will be cold
clip_06518,train,im on my way to the meeting,CREMA-D,1.0,im on my way to the meeting
clip_00641,train,dogs are sitting by the door,RAVDESS,1.0,dogs are sitting by the door
clip_05896,train,dogs are sitting by the door,RAVDESS,1.0,dogs are sitting by the door
clip_07557,train,the airplane is almost fall,CREMA-D,0.963,the airplane is almost full
clip_09759,test,the airplane is almost full,CREMA-D,1.0,the airplane is almost full
clip_01429,train,im on my way to the meeting,CREMA-D,1.0,im on my way to the meeting
clip_07295,train,dogs are sitting by the door,RAVDESS,1.0,dogs are sitting by the door
clip_04736,train,dogs are sitting by the door,RAVDESS,1.0,dogs are sitting by the door
clip_08907,test,i think i have a doctors appointment,CREMA-D,1.0,i think i have a doctors appointment
clip_09784,train,i think ive seen this before,CREMA-D,1.0,i think ive seen this before
clip_01243,train,its a talking by the door,RAVDESS,0.9057,kids are talking by the door
clip_05135,train,maybe tomorrow it will be cold,CREMA-D,1.0,maybe tomorrow it will be cold
clip_07337,train,im on my way to the meeting,CREMA-D,1.0,im on my way to the meeting
clip_05175,train,dogs are sitting by the door,RAVDESS,1.0,dogs are sitting by the door
clip_05452,test,kids are talking by the door,RAVDESS,1.0,kids are talking by the door
clip_07444,train,dogs are sitting by the door,RAVDESS,1.0,dogs are sitting by the door
clip_07474,train,i think ive seen this before,CREMA-D,1.0,i think ive seen this before
clip_07436,train,that is exactly what happened,CREMA-D,1.0,that is exactly what happened
clip_07432,train,i would like a new alarm clock,CREMA-D,1.0,i would like a new alarm clock
clip_09233,train,dont see sitting by the door,RAVDESS,0.8571,dogs are sitting by the door
clip_09112,train,tell her to clock,UNKNOWN,0.6,its 11 oclock
clip_05022,train,i think i have a doctors appointment,CREMA-D,1.0,i think i have a doctors appointment
clip_05045,train,dogs are sitting by the door,RAVDESS,1.0,dogs are sitting by the door
clip_03319,test,im on my way to the meeting,CREMA-D,1.0,im on my way to the meeting
clip_07594,train,theyre playing this almost full,CREMA-D,0.7931,the airplane is almost full
clip_10550,train,well stop at a couple of minutes,CREMA-D,0.9375,well stop in a couple of minutes
clip_00089,train,im on my way to the meeting,CREMA-D,1.0,im on my way to the meeting
clip_06373,test,i think i have a doctors appointment,CREMA-D,1.0,i think i have a doctors appointment
clip_10238,test,i would like a new alarm clock,CREMA-D,1.0,i would like a new alarm clock
clip_10153,test,dont forget a jacket,CREMA-D,1.0,dont forget a jacket
clip_06335,train,i think i have a doctors appointment,CREMA-D,1.0,i think i have a doctors appointment
clip_00243,test,the airplane is almost full,CREMA-D,1.0,the airplane is almost full
clip_10678,train,the airplane is almost full,CREMA-D,1.0,the airplane is almost full
clip_03713,train,i think ive seen this before,CREMA-D,1.0,i think ive seen this before
clip_03728,train,kids are talking by the door,RAVDESS,1.0,kids are talking by the door
clip_06556,test,kids are talking by the door,RAVDESS,1.0,kids are talking by the door
clip_07062,train,kids are talking about the door,RAVDESS,0.9153,kids are talking by the door
clip_07693,train,the airplane is almost full,CREMA-D,1.0,the airplane is almost full
clip_07163,train,kids are talking by the door,RAVDESS,1.0,kids are talking by the door
clip_05897,test,that is exactly what happened,CREMA-D,1.0,that is exactly what happened
clip_02908,train,dogs are sitting by the door,RAVDESS,1.0,dogs are sitting by the door
clip_04805,train,dogs are sitting by the door,RAVDESS,1.0,dogs are sitting by the door
clip_00623,train,i think i have a doctors appointment,CREMA-D,1.0,i think i have a doctors appointment
clip_00103,test,that is exactly what happened,CREMA-D,1.0,that is exactly what happened
clip_07105,train,i think i have a doctors appointment,CREMA-D,1.0,i think i have a doctors appointment
clip_01075,test,its 11 oclock,CREMA-D,1.0,its 11 oclock
clip_09957,train,i think i have a doctors appointment,CREMA-D,1.0,i think i have a doctors appointment
clip_02444,train,dogs are sitting by the door,RAVDESS,1.0,dogs are sitting by the door
clip_08732,train,maybe tomorrow it will be cold,CREMA-D,1.0,maybe tomorrow it will be cold
clip_02449,train,the surface is slick,CREMA-D,1.0,the surface is slick
clip_07554,test,maybe tomorrow it will be cold,CREMA-D,1.0,maybe tomorrow it will be cold
clip_04193,train,i think i have a doctors appointment,CREMA-D,1.0,i think i have a doctors appointment
clip_02985,test,its 11 oclock,CREMA-D,1.0,its 11 oclock
clip_07971,train,its 11 oclock,CREMA-D,1.0,its 11 oclock
clip_03691,test,i think ive seen this before,CREMA-D,1.0,i think ive seen this before
clip_00202,test,dont frick it the jacket,CREMA-D,0.7273,dont forget a jacket
clip_07754,train,the airplane is almost full,CREMA-D,1.0,the airplane is almost full
clip_01264,train,kids are talking by the door,RAVDESS,1.0,kids are talking by the door
clip_05221,train,the airplane is almost full,CREMA-D,1.0,the airplane is almost full
clip_04670,train,maybe tomorrow it will be cold,CREMA-D,1.0,maybe tomorrow it will be cold
clip_08094,test,the surface is slick,CREMA-D,1.0,the surface is slick
clip_01533,train,the airplane is almost full,CREMA-D,1.0,the airplane is almost full
clip_09744,train,kids are talking by the door,RAVDESS,1.0,kids are talking by the door
clip_09069,train,thats what it looks like,UNKNOWN,0.4528,that is exactly what happened
clip_09078,train,i think ive seen this before,CREMA-D,1.0,i think ive seen this before
clip_02300,train,dogs are sitting by the door,RAVDESS,1.0,dogs are sitting by the door
clip_01839,test,kids are talking by the door,RAVDESS,1.0,kids are talking by the door
clip_02153,test,to oxford city by the tour,UNKNOWN,0.5926,dogs are sitting by the door
clip_07531,train,i wonder what this is about,CREMA-D,1.0,i wonder what this is about
clip_01767,test,that is exactly what happened,CREMA-D,1.0,that is exactly what happened
clip_01739,train,the surface is slick,CREMA-D,1.0,the surface is slick
clip_07291,train,dogs are sitting by the door,RAVDESS,1.0,dogs are sitting by the door
clip_09545,train,kids are talking by the door,RAVDESS,1.0,kids are talking by the door
clip_01448,test,kids youre talking by the door,RAVDESS,0.931,kids are talking by the door
clip_01458,test,maybe tomorrow it will be cold,CREMA-D,1.0,maybe tomorrow it will be cold
clip_05486,train,i wonder what this is about,CREMA-D,1.0,i wonder what this is about
clip_10372,test,im on my way to the meeting,CREMA-D,1.0,im on my way to the meeting
clip_00212,train,i think i have a doctors appointment,CREMA-D,1.0,i think i have a doctors appointment
clip_00232,train,im on my way to the meeting,CREMA-D,1.0,im on my way to the meeting
clip_06940,train,kids are talking about the door,RAVDESS,0.9153,kids are talking by the door
clip_10270,train,i would like a new alarm clock,CREMA-D,1.0,i would like a new alarm clock
clip_03911,train,the airplane is almost full,CREMA-D,1.0,the airplane is almost full
clip_02792,test,well stop in a couple of minutes,CREMA-D,1.0,well stop in a couple of minutes
clip_08164,train,i would like a new alarm clock,CREMA-D,1.0,i would like a new alarm clock
clip_04278,train,that was exactly what happened,CREMA-D,0.9492,that is exactly what happened
clip_03547,train,im on my way to the meeting,CREMA-D,1.0,im on my way to the meeting
clip_05966,test,its 11 oclock,CREMA-D,1.0,its 11 oclock
clip_08183,train,maybe tomorrow it will be cold,CREMA-D,1.0,maybe tomorrow it will be cold
clip_02657,test,dogs are sitting by the door,RAVDESS,1.0,dogs are sitting by the door
clip_02698,test,im on my way to the meeting,CREMA-D,1.0,im on my way to the meeting
clip_06278,train,its 11 oclock,CREMA-D,1.0,its 11 oclock
clip_06816,train,i would like a new alarm clock,CREMA-D,1.0,i would like a new alarm clock
clip_03404,test,i would like a new alarm clock,CREMA-D,1.0,i would like a new alarm clock
clip_07587,train,i would like a new alarm clock,CREMA-D,1.0,i would like a new alarm clock
clip_00774,train,the surface is slick,CREMA-D,1.0,the surface is slick
clip_09650,train,dogs are sitting by the door,RAVDESS,1.0,dogs are sitting by the door
clip_01600,train,its 11 oclock,CREMA-D,1.0,its 11 oclock
clip_07281,train,that is exactly what happened,CREMA-D,1.0,that is exactly what happened
clip_03794,train,well stop in a couple of minutes,CREMA-D,1.0,well stop in a couple of minutes
clip_10673,test,its 11 oclock,CREMA-D,1.0,its 11 oclock
clip_10552,test,i would like a new alarm clock,CREMA-D,1.0,i would like a new alarm clock
clip_10554,train,i think i have a doctors appointment,CREMA-D,1.0,i think i have a doctors appointment
clip_00275,train,the airplane is almost full,CREMA-D,1.0,the airplane is almost full
clip_10611,train,the airplane is almost full,CREMA-D,1.0,the airplane is almost full
clip_10691,train,dogs are sitting by the door,RAVDESS,1.0,dogs are sitting by the door
clip_06487,train,i would like a new alarm clock,CREMA-D,1.0,i would like a new alarm clock
clip_08332,train,kids are talking by the door,RAVDESS,1.0,kids are talking by the door
clip_08246,train,maybe tomorrow it will be cold,CREMA-D,1.0,maybe tomorrow it will be cold
clip_04100,train,dogs are sitting by the door,RAVDESS,1.0,dogs are sitting by the door
clip_00350,train,dogs are sitting by the door,RAVDESS,1.0,dogs are sitting by the door
clip_06060,train,kids are talking by the door,RAVDESS,1.0,kids are talking by the door
clip_06770,train,dogs are sitting by the door,RAVDESS,1.0,dogs are sitting by the door
clip_06552,train,kids are talking by the door,RAVDESS,1.0,kids are talking by the door
clip_06271,train,that is exactly what happened,CREMA-D,1.0,that is exactly what happened
clip_06103,train,its 11 oclock,CREMA-D,1.0,its 11 oclock
clip_00696,train,thats exactly what happened,CREMA-D,0.9643,that is exactly what happened
clip_00807,train,kids are talking by the door,RAVDESS,1.0,kids are talking by the door
clip_00812,train,that is exactly what happened,CREMA-D,1.0,that is exactly what happened
clip_01473,test,i wonder what this is about,CREMA-D,1.0,i wonder what this is about
clip_01624,train,talks are sitting by the door,RAVDESS,0.8772,dogs are sitting by the door
clip_05168,train,kids are talking by the door,RAVDESS,1.0,kids are talking by the door
clip_05275,train,its 11 oclock,CREMA-D,1.0,its 11 oclock
clip_09666,train,i think i have a doctors appointment,CREMA-D,1.0,i think i have a doctors appointment
clip_04890,train,its 11 oclock,CREMA-D,1.0,its 11 oclock
clip_05171,train,kids are talking by the door,RAVDESS,1.0,kids are talking by the door
clip_07360,train,maybe tomorrow it will be cold,CREMA-D,1.0,maybe tomorrow it will be cold
clip_04685,train,the airplane is almost full,CREMA-D,1.0,the airplane is almost full
clip_04580,train,kids are talking by the door,RAVDESS,1.0,kids are talking by the door
clip_02176,train,the airplane is almost full,CREMA-D,1.0,the airplane is almost full
clip_04755,train,i wonder what this is about,CREMA-D,1.0,i wonder what this is about
clip_09038,test,ill stop in a couple of minutes,CREMA-D,0.9524,well stop in a couple of minutes
clip_02394,train,that is exactly what happened,CREMA-D,1.0,that is exactly what happened
clip_09767,train,kids are talking by the door,RAVDESS,1.0,kids are talking by the door
clip_09681,train,maybe tomorrow it will be cold,CREMA-D,1.0,maybe tomorrow it will be cold
clip_05025,train,docs are sitting by the door,RAVDESS,0.9643,dogs are sitting by the door
clip_04948,test,the dogs are sitting by the door,RAVDESS,0.9333,dogs are sitting by the door
clip_07205,train,i think i have a doctors appointment,CREMA-D,1.0,i think i have a doctors appointment
clip_01662,test,i would like a new alarm clock,CREMA-D,1.0,i would like a new alarm clock
clip_02253,train,dogs are sitting by the door,RAVDESS,1.0,dogs are sitting by the door
clip_01734,test,that is exactly what happened,CREMA-D,1.0,that is exactly what happened
clip_09053,train,the surface is slick,CREMA-D,1.0,the surface is slick
clip_02574,train,well stop in a couple of minutes,CREMA-D,1.0,well stop in a couple of minutes
clip_07234,train,the airplane is almost full,CREMA-D,1.0,the airplane is almost full
clip_01289,train,im on my way to the meeting,CREMA-D,1.0,im on my way to the meeting
clip_01272,train,i would like a new alarm clock,CREMA-D,1.0,i would like a new alarm clock
clip_05526,train,dogs are sitting by the door,RAVDESS,1.0,dogs are sitting by the door
clip_05785,train,kids are talking by the door,RAVDESS,1.0,kids are talking by the door
clip_10710,train,that is exactly what happened,CREMA-D,1.0,that is exactly what happened
clip_10455,test,i would like a new alarm clock,CREMA-D,1.0,i would like a new alarm clock
clip_00399,test,maybe tomorrow it will be cold,CREMA-D,1.0,maybe tomorrow it will be cold
clip_02989,train,the airplane is almost full,CREMA-D,1.0,the airplane is almost full
clip_05789,test,dogs are sitting by the door,RAVDESS,1.0,dogs are sitting by the door
clip_04420,train,maybe tomorrow it will be cold,CREMA-D,1.0,maybe tomorrow it will be cold
clip_04450,train,i think i have a doctors appointment,CREMA-D,1.0,i think i have a doctors appointment
clip_02838,test,i would like a new alarm clock,CREMA-D,1.0,i would like a new alarm clock
clip_03546,train,that is exactly what happened,CREMA-D,1.0,that is exactly what happened
clip_03141,train,i would like a new alarm clock,CREMA-D,1.0,i would like a new alarm clock
clip_03138,train,i would like a new alarm clock,CREMA-D,1.0,i would like a new alarm clock
clip_02525,train,i think i have a doctors appointment,CREMA-D,1.0,i think i have a doctors appointment
clip_02439,train,i think i have a doctors appointment,CREMA-D,1.0,i think i have a doctors appointment
clip_07660,test,dogs are sitting by the door,RAVDESS,1.0,dogs are sitting by the door
clip_03221,train,kids are talking by the door,RAVDESS,1.0,kids are talking by the door
clip_02125,test,theyll stop in a couple of minutes,CREMA-D,0.9394,well stop in a couple of minutes
clip_02679,train,its 11 oclock,CREMA-D,1.0,its 11 oclock
clip_09028,train,i think ive seen this before,CREMA-D,1.0,i think ive seen this before
clip_02935,test,i would like a new alarm clock,CREMA-D,1.0,i would like a new alarm clock
clip_03632,train,well stop in a couple of minutes,CREMA-D,1.0,well stop in a couple of minutes
clip_05892,train,well stop in a couple of minutes,CREMA-D,1.0,well stop in a couple of minutes
clip_06972,train,that is exactly what happened,CREMA-D,1.0,that is exactly what happened
clip_05989,train,that is exactly what happened,CREMA-D,1.0,that is exactly what happened
clip_06841,train,kids are talking by the door,RAVDESS,1.0,kids are talking by the door
clip_04534,test,im on my way to the meeting,CREMA-D,1.0,im on my way to the meeting
clip_06859,train,i think i have a doctors appointment,CREMA-D,1.0,i think i have a doctors appointment
clip_00989,train,but is exactly what happened,CREMA-D,0.9123,that is exactly what happened
clip_10159,train,its 11 oclock,CREMA-D,1.0,its 11 oclock
clip_00512,train,that is exactly what happened,CREMA-D,1.0,that is exactly what happened
clip_10533,train,kids are talking by the door,RAVDESS,1.0,kids are talking by the door
clip_10497,train,that is exactly what happened,CREMA-D,1.0,that is exactly what happened
clip_10310,test,i think i have a doctors appointment,CREMA-D,1.0,i think i have a doctors appointment
clip_10845,test,that is exactly what happened,CREMA-D,1.0,that is exactly what happened
clip_00766,train,i think ive seen this before,CREMA-D,1.0,i think ive seen this before
clip_02517,test,that is exactly what happened,CREMA-D,1.0,that is exactly what happened
clip_08138,train,its 11 oclock its 11 oclock,CREMA-D,0.65,its 11 oclock
clip_00655,train,dogs are sitting by the door,RAVDESS,1.0,dogs are sitting by the door
clip_03613,train,dogs are sitting by the door,RAVDESS,1.0,dogs are sitting by the door
clip_04252,train,dogs are sitting by the door,RAVDESS,1.0,dogs are sitting by the door
clip_01293,train,kids are talking by the door,RAVDESS,1.0,kids are talking by the door
clip_03367,train,kids are talking by the door,RAVDESS,1.0,kids are talking by the door
clip_02712,train,kids are talking by the door,RAVDESS,1.0,kids are talking by the door
clip_04119,train,dogs are sitting by the door,RAVDESS,1.0,dogs are sitting by the door
clip_02769,train,dogs are sitting by the door,RAVDESS,1.0,dogs are sitting by the door
clip_04827,train,dogs are sitting by the door,RAVDESS,1.0,dogs are sitting by the door
clip_08586,train,kids are talking by the door,RAVDESS,1.0,kids are talking by the door
clip_04207,train,kids are talking by the door,RAVDESS,1.0,kids are talking by the door
clip_03932,train,kids are talking by the door,RAVDESS,1.0,kids are talking by the door
clip_07562,train,kids are talking by the door,RAVDESS,1.0,kids are talking by the door
clip_09856,train,kids are talking by the door,RAVDESS,1.0,kids are talking by the door
clip_05590,test,dogs are sitting by the door,RAVDESS,1.0,dogs are sitting by the door
clip_09509,train,kids are talking by the door,RAVDESS,1.0,kids are talking by the door
clip_01806,train,kids are talking by the door,RAVDESS,1.0,kids are talking by the door
clip_06207,train,dogs are sitting by the door,RAVDESS,1.0,dogs are sitting by the door
clip_04097,train,kids are talking by the door,RAVDESS,1.0,kids are talking by the door
clip_10531,train,that is exactly what happened,CREMA-D,1.0,that is exactly what happened
clip_07773,train,kids are talking by the door,RAVDESS,1.0,kids are talking by the door
clip_00910,train,its 11 oclock,CREMA-D,1.0,its 11 oclock
clip_04705,test,dogs are sitting by the door,RAVDESS,1.0,dogs are sitting by the door
clip_00794,train,the airplane is almost full,CREMA-D,1.0,the airplane is almost full
clip_09478,train,the airplane is almost full,CREMA-D,1.0,the airplane is almost full
clip_01266,train,im on my way to the meeting,CREMA-D,1.0,im on my way to the meeting
clip_02204,train,i think i have a doctors appointment,CREMA-D,1.0,i think i have a doctors appointment
clip_09193,train,that is exactly what happened,CREMA-D,1.0,that is exactly what happened
clip_01873,test,i think i have a doctors appointment,CREMA-D,1.0,i think i have a doctors appointment
clip_01248,train,kids are talking by the door,RAVDESS,1.0,kids are talking by the door
clip_05503,test,kids are talking by the door,RAVDESS,1.0,kids are talking by the door
clip_04862,train,that is exactly what happened,CREMA-D,1.0,that is exactly what happened
clip_09662,test,that is exactly what happened,CREMA-D,1.0,that is exactly what happened
clip_09311,test,its 11 oclock,CREMA-D,1.0,its 11 oclock
clip_07108,train,maybe tomorrow it will be cold,CREMA-D,1.0,maybe tomorrow it will be cold
clip_05651,test,i would like a new alarm clock,CREMA-D,1.0,i would like a new alarm clock
clip_00334,train,im on my way to the meeting,CREMA-D,1.0,im on my way to the meeting
clip_00689,train,dogs are sitting by the door,RAVDESS,1.0,dogs are sitting by the door
clip_10472,train,dogs are sitting by the door,RAVDESS,1.0,dogs are sitting by the door
clip_01653,train,dogs are sitting by the door,RAVDESS,1.0,dogs are sitting by the door
clip_01618,train,dogs are sitting by the door,RAVDESS,1.0,dogs are sitting by the door
clip_01896,train,that is exactly what happened,CREMA-D,1.0,that is exactly what happened
clip_09617,train,that is exactly what happened,CREMA-D,1.0,that is exactly what happened
clip_04879,train,dont forget a jacket,CREMA-D,1.0,dont forget a jacket
clip_08722,test,its 11 oclock,CREMA-D,1.0,its 11 oclock
clip_06470,train,i think ive seen this before,CREMA-D,1.0,i think ive seen this before
clip_06230,train,that is exactly what happened,CREMA-D,1.0,that is exactly what happened
clip_05644,train,its 11 oclock,CREMA-D,1.0,its 11 oclock
clip_10843,train,i would like a new alarm clock,CREMA-D,1.0,i would like a new alarm clock
clip_10410,test,its 11 oclock,CREMA-D,1.0,its 11 oclock
clip_05696,train,i would like a new alarm clock,CREMA-D,1.0,i would like a new alarm clock
clip_10264,train,that is exactly what happened,CREMA-D,1.0,that is exactly what happened
clip_05017,test,i would like a new alarm clock,CREMA-D,1.0,i would like a new alarm clock
clip_08396,train,i think i have a doctors appointment,CREMA-D,1.0,i think i have a doctors appointment
clip_05599,train,dogs are sitting by the door,RAVDESS,1.0,dogs are sitting by the door
clip_04394,train,maybe tomorrow will be cold,CREMA-D,0.9474,maybe tomorrow it will be cold
clip_04472,train,i think ive seen this before,CREMA-D,1.0,i think ive seen this before
clip_02630,train,the airplane is almost full,CREMA-D,1.0,the airplane is almost full
clip_08941,train,its 11 oclock,CREMA-D,1.0,its 11 oclock
clip_07500,test,i wonder what this is about,CREMA-D,1.0,i wonder what this is about
clip_07565,test,i think i have a doctors appointment,CREMA-D,1.0,i think i have a doctors appointment
clip_03428,train,dogs are sitting by the door,RAVDESS,1.0,dogs are sitting by the door
clip_02471,train,maybe tomorrow it will be cold,CREMA-D,1.0,maybe tomorrow it will be cold
clip_02789,test,well stop in a couple of minutes,CREMA-D,1.0,well stop in a couple of minutes
clip_03957,train,i would like a new alarm clock,CREMA-D,1.0,i would like a new alarm clock
clip_03584,train,that is exactly what happened,CREMA-D,1.0,that is exactly what happened
clip_03541,train,i think i have a doctors appointment,CREMA-D,1.0,i think i have a doctors appointment
clip_02862,train,kids are talking by the door,RAVDESS,1.0,kids are talking by the door
clip_03054,test,the surface is slick,CREMA-D,1.0,the surface is slick
clip_02861,train,that is exactly what happened,CREMA-D,1.0,that is exactly what happened
clip_02208,test,ill stop in a couple of minutes,CREMA-D,0.9524,well stop in a couple of minutes
clip_02526,train,dogs are sitting by the door,RAVDESS,1.0,dogs are sitting by the door
clip_08039,train,kids are talking by the door,RAVDESS,1.0,kids are talking by the door
clip_06091,test,that is exactly what happened,CREMA-D,1.0,that is exactly what happened
clip_08915,train,kids are talking by the door,RAVDESS,1.0,kids are talking by the door
clip_00224,train,i think ive seen this before,CREMA-D,1.0,i think ive seen this before
clip_10141,train,dogs are sitting by the door,RAVDESS,1.0,dogs are sitting by the door
clip_06291,train,dogs are sitting by the door,RAVDESS,1.0,dogs are sitting by the door
clip_05723,train,kids are talking by the door,RAVDESS,1.0,kids are talking by the door
clip_09945,train,i think i have a doctors appointment,CREMA-D,1.0,i think i have a doctors appointment
clip_07510,train,kids are talking by the door,RAVDESS,1.0,kids are talking by the door
clip_07662,train,dogs are sitting by the door,RAVDESS,1.0,dogs are sitting by the door
clip_05490,test,maybe tomorrow it will be cold,CREMA-D,1.0,maybe tomorrow it will be cold
clip_02013,train,its 11 oclock,CREMA-D,1.0,its 11 oclock
clip_08215,test,kids are talking by the door,RAVDESS,1.0,kids are talking by the door
clip_05507,test,the airplane is almost full,CREMA-D,1.0,the airplane is almost full
clip_00945,train,dogs are sitting by the door,RAVDESS,1.0,dogs are sitting by the door
clip_09527,train,dont forget a jacket,CREMA-D,1.0,dont forget a jacket
clip_10058,train,the airplane is almost full,CREMA-D,1.0,the airplane is almost full
clip_09122,train,docs are sitting by the door,RAVDESS,0.9643,dogs are sitting by the door
clip_01462,train,dogs are sitting by the door,RAVDESS,1.0,dogs are sitting by the door
clip_06509,train,that is exactly what happened,CREMA-D,1.0,that is exactly what happened
clip_07575,train,kids are talking by the door,RAVDESS,1.0,kids are talking by the door
clip_02353,train,the surface is slick,CREMA-D,1.0,the surface is slick
clip_00271,train,kids are talking by the door,RAVDESS,1.0,kids are talking by the door
clip_06302,train,dogs are sitting by the door,RAVDESS,1.0,dogs are sitting by the door
clip_06245,train,that is exactly what happened,CREMA-D,1.0,that is exactly what happened
clip_04325,test,i think ive seen this before,CREMA-D,1.0,i think ive seen this before
clip_06061,train,maybe tomorrow it would be cool,CREMA-D,0.8852,maybe tomorrow it will be cold
clip_00300,train,dogs are sitting by the door,RAVDESS,1.0,dogs are sitting by the door
clip_06440,train,maybe tomorrow it will be cold,CREMA-D,1.0,maybe tomorrow it will be cold
clip_00819,train,i would like a new alarm clock,CREMA-D,1.0,i would like a new alarm clock
clip_04861,train,dogs are sitting by the door,RAVDESS,1.0,dogs are sitting by the door
clip_01588,train,kids are talking by the door,RAVDESS,1.0,kids are talking by the door
clip_01885,train,well stop in a couple of minutes,CREMA-D,1.0,well stop in a couple of minutes
clip_00808,train,dogs are sitting by the door,RAVDESS,1.0,dogs are sitting by the door
clip_09602,train,dogs are sitting by the door,RAVDESS,1.0,dogs are sitting by the door
clip_08741,test,i wonder what this is about,CREMA-D,1.0,i wonder what this is about
clip_09503,train,i would like a new alarm clock,CREMA-D,1.0,i would like a new alarm clock
clip_05232,train,maybe tomorrow it will be cold,CREMA-D,1.0,maybe tomorrow it will be cold
clip_01367,train,i think ive seen this before,CREMA-D,1.0,i think ive seen this before
clip_00005,train,i think ive seen this before,CREMA-D,1.0,i think ive seen this before
clip_10105,train,the airplane is almost full,CREMA-D,1.0,the airplane is almost full
clip_05834,train,get their talking by the door,RAVDESS,0.7368,kids are talking by the door
clip_07143,train,that is exactly what happened,CREMA-D,1.0,that is exactly what happened
clip_07760,train,kids are talking by the door,RAVDESS,1.0,kids are talking by the door
clip_03146,test,kids are talking by the door,RAVDESS,1.0,kids are talking by the door
clip_01100,train,maybe tomorrow it will be cold,CREMA-D,1.0,maybe tomorrow it will be cold
clip_07177,train,dogs are sitting by the door,RAVDESS,1.0,dogs are sitting by the door
clip_05609,test,i think ive seen this before,CREMA-D,1.0,i think ive seen this before
clip_01936,test,that is exactly what happened,CREMA-D,1.0,that is exactly what happened
clip_04627,train,dogs are sitting by the door,RAVDESS,1.0,dogs are sitting by the door
clip_09301,train,kids are talking by the door,RAVDESS,1.0,kids are talking by the door
clip_02543,train,that is exactly what happened,CREMA-D,1.0,that is exactly what happened
clip_02575,train,that is exactly what happened,CREMA-D,1.0,that is exactly what happened
clip_02535,train,kids are talking by the door,RAVDESS,1.0,kids are talking by the door
clip_02267,train,dogs are sitting by the door,RAVDESS,1.0,dogs are sitting by the door
clip_10758,train,i think i have a doctors appointment,CREMA-D,1.0,i think i have a doctors appointment
clip_02440,test,that is exactly what happened,CREMA-D,1.0,that is exactly what happened
clip_03985,train,kids are talking by the door,RAVDESS,1.0,kids are talking by the door
clip_08021,train,maybe tomorrow will be cold,CREMA-D,0.9474,maybe tomorrow it will be cold
clip_08046,train,well stop in a couple of minutes,CREMA-D,1.0,well stop in a couple of minutes
clip_08819,train,that is exactly what happened,CREMA-D,1.0,that is exactly what happened
clip_07317,test,that is exactly what happened,CREMA-D,1.0,that is exactly what happened
clip_02372,test,that is exactly what happened,CREMA-D,1.0,that is exactly what happened
clip_03252,train,i would like a new alarm clock,CREMA-D,1.0,i would like a new alarm clock
clip_07464,test,i would like a new alarm clock,CREMA-D,1.0,i would like a new alarm clock
clip_07861,train,kids are talking by the door,RAVDESS,1.0,kids are talking by the door
clip_03092,test,its 11 oclock,CREMA-D,1.0,its 11 oclock
clip_02119,test,i think ive seen this before,CREMA-D,1.0,i think ive seen this before
clip_02126,test,that is exactly what happened,CREMA-D,1.0,that is exactly what happened
clip_09048,train,kids are talking by the door,RAVDESS,1.0,kids are talking by the door
clip_02200,test,dogs are sitting by the door,RAVDESS,1.0,dogs are sitting by the door
clip_00216,train,maybe tomorrow it will be cold,CREMA-D,1.0,maybe tomorrow it will be cold
clip_00532,train,dogs are sitting by the door,RAVDESS,1.0,dogs are sitting by the door
clip_10297,train,kids are talking about the door,RAVDESS,0.9153,kids are talking by the door
clip_05736,train,that is exactly what happened,CREMA-D,1.0,that is exactly what happened
clip_05900,train,well stop in a couple of minutes,CREMA-D,1.0,well stop in a couple of minutes
clip_08430,train,that is exactly what happened,CREMA-D,1.0,that is exactly what happened
clip_05594,train,dogs are sitting by the door,RAVDESS,1.0,dogs are sitting by the door
clip_01005,train,the surface is slick,CREMA-D,1.0,the surface is slick
clip_10847,train,i think ive seen this before,CREMA-D,1.0,i think ive seen this before
clip_09965,test,its 11 oclock,CREMA-D,1.0,its 11 oclock
clip_02106,train,kids are talking by the door,RAVDESS,1.0,kids are talking by the door
clip_08632,test,dogs are sitting by the door,RAVDESS,1.0,dogs are sitting by the door
clip_08509,train,kids are talking by the door,RAVDESS,1.0,kids are talking by the door
clip_10342,train,dogs are sitting by the door,RAVDESS,1.0,dogs are sitting by the door
clip_00158,train,dogs are sitting by the door,RAVDESS,1.0,dogs are sitting by the door
clip_03059,test,the surface is slick,CREMA-D,1.0,the surface is slick
clip_03600,train,dogs are sitting by the door,RAVDESS,1.0,dogs are sitting by the door
clip_00540,train,well stop in a couple of minutes,CREMA-D,1.0,well stop in a couple of minutes
clip_10874,train,kids are talking by the door,RAVDESS,1.0,kids are talking by the door
clip_03964,train,dogs are sitting by the door,RAVDESS,1.0,dogs are sitting by the door
clip_03641,train,i think i have a doctors appointment,CREMA-D,1.0,i think i have a doctors appointment
clip_04260,train,that is exactly what happened,CREMA-D,1.0,that is exactly what happened
clip_03359,train,i would like a new alarm clock,CREMA-D,1.0,i would like a new alarm clock
clip_07029,train,i would like a new alarm clock,CREMA-D,1.0,i would like a new alarm clock
clip_06994,train,i think i have a doctors appointment,CREMA-D,1.0,i think i have a doctors appointment
clip_05727,train,dogs are sitting by the door,RAVDESS,1.0,dogs are sitting by the door
clip_00966,train,kids are talking by the door,RAVDESS,1.0,kids are talking by the door
clip_10210,train,dogs are sitting by the door,RAVDESS,1.0,dogs are sitting by the door
clip_06892,train,kids are talking by the door,RAVDESS,1.0,kids are talking by the door
clip_05671,train,that is exactly what happened,CREMA-D,1.0,that is exactly what happened
clip_02878,train,well stop in a couple of minutes,CREMA-D,1.0,well stop in a couple of minutes
clip_03762,test,well stop in a couple of minutes,CREMA-D,1.0,well stop in a couple of minutes
clip_05635,train,dogs are sitting by the door,RAVDESS,1.0,dogs are sitting by the door
clip_03211,train,dogs are sitting by the door,RAVDESS,1.0,dogs are sitting by the door
clip_03139,train,i think i have a doctors appointment,CREMA-D,1.0,i think i have a doctors appointment
clip_08794,train,i think i have a doctors appointment,CREMA-D,1.0,i think i have a doctors appointment
clip_08796,train,its 11 oclock,CREMA-D,1.0,its 11 oclock
clip_08783,train,dogs are sitting by the door,RAVDESS,1.0,dogs are sitting by the door
clip_02849,train,dogs are sitting by the door,RAVDESS,1.0,dogs are sitting by the door
clip_01186,train,dogs are sitting by the door,RAVDESS,1.0,dogs are sitting by the door
clip_00934,train,i would like a new alarm clock,CREMA-D,1.0,i would like a new alarm clock
clip_07168,train,well stop in a couple of minutes,CREMA-D,1.0,well stop in a couple of minutes
clip_01338,train,kids are talking by the door,RAVDESS,1.0,kids are talking by the door
clip_09849,train,its 11 oclock,CREMA-D,1.0,its 11 oclock
clip_09857,train,dogs are sitting by the door,RAVDESS,1.0,dogs are sitting by the door
clip_01540,train,dogs are sitting by the door,RAVDESS,1.0,dogs are sitting by the door
clip_10259,train,that is exactly what happened,CREMA-D,1.0,that is exactly what happened
clip_02964,train,kids are talking about it,RAVDESS,0.717,kids are talking by the door
clip_03004,train,kids are talking by the door,RAVDESS,1.0,kids are talking by the door
clip_02957,train,its 11 oclock,CREMA-D,1.0,its 11 oclock
clip_04718,train,that is exactly what happened,CREMA-D,1.0,that is exactly what happened
clip_02224,train,dogs are sitting by the door,RAVDESS,1.0,dogs are sitting by the door
clip_09354,train,well stop in a couple of minutes,CREMA-D,1.0,well stop in a couple of minutes
clip_07595,train,dogs are sitting by the door,RAVDESS,1.0,dogs are sitting by the door
clip_04888,train,dogs are sitting by the door,RAVDESS,1.0,dogs are sitting by the door
clip_10569,train,i think i have a doctors appointment,CREMA-D,1.0,i think i have a doctors appointment
clip_10567,train,dogs are sitting by the door,RAVDESS,1.0,dogs are sitting by the door
clip_03894,train,well stop in a couple of minutes,CREMA-D,1.0,well stop in a couple of minutes
clip_10618,train,that is exactly what happened,CREMA-D,1.0,that is exactly what happened
clip_00259,train,that is exactly what happened,CREMA-D,1.0,that is exactly what happened
clip_06381,train,that is exactly what happened,CREMA-D,1.0,that is exactly what happened
clip_06387,train,dogs are sitting by the door,RAVDESS,1.0,dogs are sitting by the door
clip_09634,train,maybe tomorrow it will be cold,CREMA-D,1.0,maybe tomorrow it will be cold
clip_08989,test,kids are talking by the door,RAVDESS,1.0,kids are talking by the door
clip_02706,train,well stop in a couple of minutes,CREMA-D,1.0,well stop in a couple of minutes
clip_02848,train,dogs are sitting by the door,RAVDESS,1.0,dogs are sitting by the door
clip_02582,train,the surface is slick,CREMA-D,1.0,the surface is slick
clip_01986,test,maybe tomorrow it will be cold,CREMA-D,1.0,maybe tomorrow it will be cold
clip_05027,train,dogs are sitting by the door,RAVDESS,1.0,dogs are sitting by the door
clip_02306,train,its 11 oclock,CREMA-D,1.0,its 11 oclock
clip_05079,train,that is exactly what happened,CREMA-D,1.0,that is exactly what happened
clip_05312,train,dogs are sitting by the door,RAVDESS,1.0,dogs are sitting by the door
clip_05089,train,kids are talking by the door,RAVDESS,1.0,kids are talking by the door
clip_01562,train,maybe tomorrow it will be cold,CREMA-D,1.0,maybe tomorrow it will be cold
clip_05429,train,kids are talking by the door,RAVDESS,1.0,kids are talking by the door
clip_08880,train,its 11 oclock,CREMA-D,1.0,its 11 oclock
clip_04531,train,dogs are sitting by the door,RAVDESS,1.0,dogs are sitting by the door
clip_04496,train,i think i have a doctors opinion,CREMA-D,0.8529,i think i have a doctors appointment
clip_04825,train,kids are talking by the door,RAVDESS,1.0,kids are talking by the door
clip_06627,test,i think i have a doctors appointment,CREMA-D,1.0,i think i have a doctors appointment
clip_02859,test,that is exactly what happened,CREMA-D,1.0,that is exactly what happened
clip_03172,test,that is exactly what happened,CREMA-D,1.0,that is exactly what happened
clip_07736,train,that is exactly what happened,CREMA-D,1.0,that is exactly what happened
clip_04772,train,kids are talking by the door,RAVDESS,1.0,kids are talking by the door
clip_06474,train,kids are talking by the door,RAVDESS,1.0,kids are talking by the door
clip_03737,train,the airplane is almost full,CREMA-D,1.0,the airplane is almost full
clip_03874,train,i think ive seen this before,CREMA-D,1.0,i think ive seen this before
clip_00461,train,kids are talking by the door,RAVDESS,1.0,kids are talking by the door
clip_00475,test,i would like a new alarm clock,CREMA-D,1.0,i would like a new alarm clock
clip_00599,train,that is exactly what happened,CREMA-D,1.0,that is exactly what happened
clip_05894,train,kids are talking by the door,RAVDESS,1.0,kids are talking by the door
clip_00705,train,well stop in a couple of minutes,CREMA-D,1.0,well stop in a couple of minutes
clip_10056,train,doctor youre sitting by the door,RAVDESS,0.8333,dogs are sitting by the door
clip_08726,train,i think i have a doctors appointment,CREMA-D,1.0,i think i have a doctors appointment
clip_08756,train,dont theyre sitting by the door,RAVDESS,0.8475,dogs are sitting by the door
clip_08560,train,dogs are sitting by the door,RAVDESS,1.0,dogs are sitting by the door
clip_06947,test,i think i have a doctors appointment,CREMA-D,1.0,i think i have a doctors appointment
clip_06975,test,dogs are sitting by the door,RAVDESS,1.0,dogs are sitting by the door
clip_03674,train,kids are talking by the door,RAVDESS,1.0,kids are talking by the door
clip_08002,train,dogs are sitting by the door,RAVDESS,1.0,dogs are sitting by the door
clip_00215,train,dogs are sitting by the door,RAVDESS,1.0,dogs are sitting by the door
clip_10417,test,that is exactly what happened,CREMA-D,1.0,that is exactly what happened
clip_10396,test,i would like a new alarm clock,CREMA-D,1.0,i would like a new alarm clock
clip_09142,test,kids are talking by the door,RAVDESS,1.0,kids are talking by the door
clip_09257,test,i think ive seen this before,CREMA-D,1.0,i think ive seen this before
clip_10292,train,dogs are sitting by the door,RAVDESS,1.0,dogs are sitting by the door
clip_01212,train,how does exactly what happened,CREMA-D,0.8475,that is exactly what happened
clip_08400,train,that is exactly what happened,CREMA-D,1.0,that is exactly what happened
clip_01170,train,dogs are sitting by the door,RAVDESS,1.0,dogs are sitting by the door
clip_07074,train,kids are talking by the door,RAVDESS,1.0,kids are talking by the door
clip_05527,train,kids are talking by the door,RAVDESS,1.0,kids are talking by the door
clip_05875,test,the airplane is almost full,CREMA-D,1.0,the airplane is almost full
clip_02948,train,kids are talking by the door,RAVDESS,1.0,kids are talking by the door
clip_08067,test,the airplane is almost full,CREMA-D,1.0,the airplane is almost full
clip_09189,train,kids are talking by the door,RAVDESS,1.0,kids are talking by the door
clip_08851,train,dogs are sitting by the door,RAVDESS,1.0,dogs are sitting by the door
clip_08865,train,dogs are sitting by the door,RAVDESS,1.0,dogs are sitting by the door
clip_02847,train,tox is sitting by the door,RAVDESS,0.8148,dogs are sitting by the door
clip_02624,train,that is exactly what happened,CREMA-D,1.0,that is exactly what happened
clip_01677,train,kids are talking by the door,RAVDESS,1.0,kids are talking by the door
clip_07882,train,dogs are sitting by the door,RAVDESS,1.0,dogs are sitting by the door
clip_01630,train,dogs are sitting by the door,RAVDESS,1.0,dogs are sitting by the door
clip_05421,train,dogs are sitting by the door,RAVDESS,1.0,dogs are sitting by the door
clip_05151,test,i think i have a doctors appointment,CREMA-D,1.0,i think i have a doctors appointment
clip_05067,test,well stop in a couple of minutes,CREMA-D,1.0,well stop in a couple of minutes
clip_03656,test,well stop in a couple of minutes,CREMA-D,1.0,well stop in a couple of minutes
clip_07422,train,that is exactly what happened,CREMA-D,1.0,that is exactly what happened
clip_05028,train,and dogs are sitting by the door,RAVDESS,0.9333,dogs are sitting by the door
clip_02272,train,dogs are sitting by the door,RAVDESS,1.0,dogs are sitting by the door
clip_05375,test,dogs are sitting by the door,RAVDESS,1.0,dogs are sitting by the door
clip_05228,train,the surface is slick,CREMA-D,1.0,the surface is slick
clip_09482,train,the airplane is almost full,CREMA-D,1.0,the airplane is almost full
clip_01856,train,dogs are sitting by the door,RAVDESS,1.0,dogs are sitting by the door
clip_01728,test,kids are talking by the door,RAVDESS,1.0,kids are talking by the door
clip_09330,train,dogs are sitting by the door,RAVDESS,1.0,dogs are sitting by the door
clip_06014,train,well stop in a couple of minutes,CREMA-D,1.0,well stop in a couple of minutes
clip_05964,train,the airplane is almost full,CREMA-D,1.0,the airplane is almost full
clip_03398,train,kids are talking by the door,RAVDESS,1.0,kids are talking by the door
clip_07191,test,that is exactly what happened,CREMA-D,1.0,that is exactly what happened
clip_10228,train,dogs are sitting by the door,RAVDESS,1.0,dogs are sitting by the door
clip_00968,train,kids are talking by the door,RAVDESS,1.0,kids are talking by the door
clip_00944,train,kids are talking by the door,RAVDESS,1.0,kids are talking by the door
clip_00142,train,kids are talking by the door,RAVDESS,1.0,kids are talking by the door
clip_04039,train,dont forget a jacket,CREMA-D,1.0,dont forget a jacket
clip_03715,train,dogs are sitting by the door,RAVDESS,1.0,dogs are sitting by the door
clip_10672,test,the airplane is almost full,CREMA-D,1.0,the airplane is almost full
clip_10663,train,dogs are sitting by the door,RAVDESS,1.0,dogs are sitting by the door
clip_10661,train,that is exactly what happened,CREMA-D,1.0,that is exactly what happened
clip_09654,train,dogs are sitting by the door,RAVDESS,1.0,dogs are sitting by the door
clip_05024,train,kids are talking by the door,RAVDESS,1.0,kids are talking by the door
clip_04919,train,dogs are sitting by the door,RAVDESS,1.0,dogs are sitting by the door
clip_06485,train,dogs are sitting by the door,RAVDESS,1.0,dogs are sitting by the door
clip_04240,test,i wonder what this is about,CREMA-D,1.0,i wonder what this is about
clip_06685,train,kids are talking by the door,RAVDESS,1.0,kids are talking by the door
clip_06728,train,dogs are sitting by the door,RAVDESS,1.0,dogs are sitting by the door
clip_06136,train,kids are talking by the door,RAVDESS,1.0,kids are talking by the door
clip_00748,train,i would like a new alarm clock,CREMA-D,1.0,i would like a new alarm clock
clip_04364,test,kids are talking by the door,RAVDESS,1.0,kids are talking by the door
clip_08337,train,dogs are sitting by the door,RAVDESS,1.0,dogs are sitting by the door
clip_10503,train,dogs are sitting by the door,RAVDESS,1.0,dogs are sitting by the door
clip_06251,train,well stop in a couple of minutes,CREMA-D,1.0,well stop in a couple of minutes
clip_06076,train,i would like a new alarm clock,CREMA-D,1.0,i would like a new alarm clock
clip_10376,train,i think i have a doctors appointment,CREMA-D,1.0,i think i have a doctors appointment
clip_10350,train,i would like a new alarm clock,CREMA-D,1.0,i would like a new alarm clock
clip_10347,train,kids are talking by the door,RAVDESS,1.0,kids are talking by the door
clip_00381,train,its 11 oclock,CREMA-D,1.0,its 11 oclock
clip_00590,train,dogs are sitting by the door,RAVDESS,1.0,dogs are sitting by the door
clip_10378,train,maybe tomorrow it will be cold,CREMA-D,1.0,maybe tomorrow it will be cold
clip_10452,train,dogs are sitting by the door,RAVDESS,1.0,dogs are sitting by the door
clip_04211,test,the airplane is almost full,CREMA-D,1.0,the airplane is almost full
clip_08257,train,maybe tomorrow it will be cold,CREMA-D,1.0,maybe tomorrow it will be cold
clip_00284,test,the airplane is almost full,CREMA-D,1.0,the airplane is almost full
clip_04129,test,kids are talking by the door,RAVDESS,1.0,kids are talking by the door
clip_06263,train,dogs are sitting by the door,RAVDESS,1.0,dogs are sitting by the door
clip_06447,test,i think ive seen this before,CREMA-D,1.0,i think ive seen this before
clip_00323,train,dogs are sitting by the door,RAVDESS,1.0,dogs are sitting by the door
clip_00270,train,dogs are sitting by the door,RAVDESS,1.0,dogs are sitting by the door
clip_04924,train,dogs are sitting by the door,RAVDESS,1.0,dogs are sitting by the door
clip_05238,train,kids are talking by the door,RAVDESS,1.0,kids are talking by the door
clip_07495,train,well stop in a couple of minutes,CREMA-D,1.0,well stop in a couple of minutes
clip_00322,train,dogs are sitting by the door,RAVDESS,1.0,dogs are sitting by the door
clip_00584,train,i think ive seen this before,CREMA-D,1.0,i think ive seen this before
clip_09747,train,dogs are sitting by the door,RAVDESS,1.0,dogs are sitting by the door
clip_08923,train,kids are talking by the door,RAVDESS,1.0,kids are talking by the door
clip_08961,train,kids are talking by the door,RAVDESS,1.0,kids are talking by the door
clip_09035,train,kids are talking by the door,RAVDESS,1.0,kids are talking by the door
clip_07877,test,maybe tomorrow it will be cold,CREMA-D,1.0,maybe tomorrow it will be cold
clip_07750,train,dogs are sitting by the door,RAVDESS,1.0,dogs are sitting by the door
clip_02039,train,kids are talking by the door,RAVDESS,1.0,kids are talking by the door
clip_08459,test,kids are talking by the door,RAVDESS,1.0,kids are talking by the door
clip_07786,train,kids are talking by the door,RAVDESS,1.0,kids are talking by the door
clip_02361,train,kids are talking by the door,RAVDESS,1.0,kids are talking by the door
clip_02381,train,i would like a new alarm clock,CREMA-D,1.0,i would like a new alarm clock
clip_04714,train,i wonder what this is about,CREMA-D,1.0,i wonder what this is about
clip_08241,test,kids are talking by the door,RAVDESS,1.0,kids are talking by the door
clip_01777,train,i would like a new alarm clock,CREMA-D,1.0,i would like a new alarm clock
clip_01837,train,dogs are sitting by the door,RAVDESS,1.0,dogs are sitting by the door
clip_09376,train,dogs are sitting by the door,RAVDESS,1.0,dogs are sitting by the door
clip_07465,train,i think i have a doctors appointment,CREMA-D,1.0,i think i have a doctors appointment
clip_01521,train,dogs are sitting by the door,RAVDESS,1.0,dogs are sitting by the door
clip_09828,train,kids are talking by the door,RAVDESS,1.0,kids are talking by the door
clip_01534,train,dogs are sitting by the door,RAVDESS,1.0,dogs are sitting by the door
clip_08931,train,that is exactly what happened,CREMA-D,1.0,that is exactly what happened
clip_10046,train,kids are talking by the door,RAVDESS,1.0,kids are talking by the door
clip_10248,train,kids are talking by the door,RAVDESS,1.0,kids are talking by the door
clip_10183,train,that is exactly what happened,CREMA-D,1.0,that is exactly what happened
clip_10134,train,dont forget a jacket,CREMA-D,1.0,dont forget a jacket
clip_10088,train,that is exactly what happened,CREMA-D,1.0,that is exactly what happened
clip_03357,train,kids are talking by the door,RAVDESS,1.0,kids are talking by the door
clip_08391,train,kids are talking by the door,RAVDESS,1.0,kids are talking by the door
clip_07210,test,kids are talking by the door,RAVDESS,1.0,kids are talking by the door
clip_05782,train,the airplane is almost full,CREMA-D,1.0,the airplane is almost full
clip_05767,train,dogs are sitting by the door,RAVDESS,1.0,dogs are sitting by the door
clip_06977,train,i think i have a doctors appointment,CREMA-D,1.0,i think i have a doctors appointment
clip_00936,train,maybe tomorrow it will be cold,CREMA-D,1.0,maybe tomorrow it will be cold
clip_00876,train,dogs are sitting by the door,RAVDESS,1.0,dogs are sitting by the door
clip_04239,train,i think i have a doctors appointment,CREMA-D,1.0,i think i have a doctors appointment
clip_04514,train,dogs are sitting by the door,RAVDESS,1.0,dogs are sitting by the door
clip_09896,train,kids are talking by the door,RAVDESS,1.0,kids are talking by the door
clip_03798,test,i think i have a doctors appointment,CREMA-D,1.0,i think i have a doctors appointment
clip_05519,train,dogs are sitting by the door,RAVDESS,1.0,dogs are sitting by the door
clip_07114,train,i think ive seen this before,CREMA-D,1.0,i think ive seen this before
clip_08789,train,the hugs are sitting by the door,RAVDESS,0.8667,dogs are sitting by the door
clip_03690,test,i think ive seen this before,CREMA-D,1.0,i think ive seen this before
clip_04321,train,i think ive seen this before,CREMA-D,1.0,i think ive seen this before
clip_01620,train,kids are talking by the door,RAVDESS,1.0,kids are talking by the door
clip_08758,test,i wonder what this is about,CREMA-D,1.0,i wonder what this is about
clip_01697,train,well stop in a couple of minutes,CREMA-D,1.0,well stop in a couple of minutes
clip_01516,train,dogs are sitting by the door,RAVDESS,1.0,dogs are sitting by the door
clip_05127,train,that is exactly what happened,CREMA-D,1.0,that is exactly what happened
clip_05176,train,kids are talking by the door,RAVDESS,1.0,kids are talking by the door
clip_10048,train,kids are talking by the door,RAVDESS,1.0,kids are talking by the door
clip_04893,test,kids are talking by the door,RAVDESS,1.0,kids are talking by the door
clip_01019,test,dogs are sitting by the door,RAVDESS,1.0,dogs are sitting by the door
clip_08042,train,i would like a new alarm clock,CREMA-D,1.0,i would like a new alarm clock
clip_08167,train,dogs are sitting by the door,RAVDESS,1.0,dogs are sitting by the door
clip_00055,train,that is exactly what happened,CREMA-D,1.0,that is exactly what happened
clip_00000,train,dogs are sitting by the door,RAVDESS,1.0,dogs are sitting by the door
clip_10762,train,dogs are sitting by the door,RAVDESS,1.0,dogs are sitting by the door
clip_00154,train,kids are talking by the door,RAVDESS,1.0,kids are talking by the door
clip_04007,train,dont forget a jacket,CREMA-D,1.0,dont forget a jacket
clip_10773,test,dogs are sitting by the door,RAVDESS,1.0,dogs are sitting by the door
clip_06979,test,that is exactly what happened,CREMA-D,1.0,that is exactly what happened
clip_04041,train,kids are talking by the door,RAVDESS,1.0,kids are talking by the door
clip_08145,train,theyre talking by the door,RAVDESS,0.8148,kids are talking by the door
clip_01535,train,kids are talking by the door,RAVDESS,1.0,kids are talking by the door
clip_09286,train,dogs are sitting by the door,RAVDESS,1.0,dogs are sitting by the door
clip_08324,train,kids are talking by the door,RAVDESS,1.0,kids are talking by the door
clip_08289,train,dogs are sitting by the door,RAVDESS,1.0,dogs are sitting by the door
clip_03786,train,dogs are sitting by the door,RAVDESS,1.0,dogs are sitting by the door
clip_00411,train,kids are talking by the door,RAVDESS,1.0,kids are talking by the door
clip_10460,train,i think i have a doctors appointment,CREMA-D,1.0,i think i have a doctors appointment
clip_08944,test,i would like a new alarm clock,CREMA-D,1.0,i would like a new alarm clock
clip_02077,test,i would like a new alarm clock,CREMA-D,1.0,i would like a new alarm clock
clip_04752,train,i would like a new alarm clock,CREMA-D,1.0,i would like a new alarm clock
clip_09350,train,dogs are sitting by the door,RAVDESS,1.0,dogs are sitting by the door
clip_09322,train,the airplane is almost full,CREMA-D,1.0,the airplane is almost full
clip_07640,train,dogs are sitting by the door,RAVDESS,1.0,dogs are sitting by the door
clip_10133,test,well stop in a couple of minutes,CREMA-D,1.0,well stop in a couple of minutes
clip_02451,train,the hogs are sitting by the door,RAVDESS,0.9,dogs are sitting by the door
clip_02725,train,kids are talking by the door,RAVDESS,1.0,kids are talking by the door
clip_05692,test,well stop in a couple of minutes,CREMA-D,1.0,well stop in a couple of minutes
clip_00488,train,kids are talking by the door,RAVDESS,1.0,kids are talking by the door
clip_00926,train,kids are talking by the door,RAVDESS,1.0,kids are talking by the door
clip_03196,train,dogs are sitting by the door,RAVDESS,1.0,dogs are sitting by the door
clip_03427,train,kids are talking by the door,RAVDESS,1.0,kids are talking by the door
clip_04163,train,that is exactly what happened,CREMA-D,1.0,that is exactly what happened
clip_08881,train,to officer city and by the door,UNKNOWN,0.6441,dogs are sitting by the door
clip_08629,train,well stop in a couple of minutes,CREMA-D,1.0,well stop in a couple of minutes
clip_03415,train,i think ive seen this before,CREMA-D,1.0,i think ive seen this before
clip_03503,test,i think i have a doctors appointment,CREMA-D,1.0,i think i have a doctors appointment
clip_07282,train,kids are talking by the door,RAVDESS,1.0,kids are talking by the door
clip_05194,test,i think i have a doctors appointment,CREMA-D,1.0,i think i have a doctors appointment
clip_05137,test,that is exactly what happened,CREMA-D,1.0,that is exactly what happened
clip_09508,train,the airplane is almost full,CREMA-D,1.0,the airplane is almost full
clip_05305,train,maybe tomorrow it will be cold,CREMA-D,1.0,maybe tomorrow it will be cold
clip_07839,train,kids are talking by the door,RAVDESS,1.0,kids are talking by the door
clip_07811,train,dogs are sitting by the door,RAVDESS,1.0,dogs are sitting by the door
clip_05972,test,dogs are sitting by the door,RAVDESS,1.0,dogs are sitting by the door
clip_05722,train,i think i have a doctors appointment,CREMA-D,1.0,i think i have a doctors appointment
clip_00778,test,maybe tomorrow it will be cold,CREMA-D,1.0,maybe tomorrow it will be cold
clip_01347,test,dogs are sitting by the door,RAVDESS,1.0,dogs are sitting by the door
clip_09731,train,dogs are sitting by the door,RAVDESS,1.0,dogs are sitting by the door
clip_01161,train,that is exactly what happened,CREMA-D,1.0,that is exactly what happened
clip_00522,test,dogs are sitting by the door,RAVDESS,1.0,dogs are sitting by the door
clip_06775,train,im on my way to the meeting,CREMA-D,1.0,im on my way to the meeting
clip_06755,train,dogs are sitting by the door,RAVDESS,1.0,dogs are sitting by the door
clip_06432,train,kids are talking by the door,RAVDESS,1.0,kids are talking by the door
clip_10627,train,i think i have a doctors appointment,CREMA-D,1.0,i think i have a doctors appointment
clip_10204,test,the surface is slick,CREMA-D,1.0,the surface is slick
clip_05244,train,dogs are sitting by the door,RAVDESS,1.0,dogs are sitting by the door
clip_10028,test,kids are talking by the door,RAVDESS,1.0,kids are talking by the door
clip_03443,test,kids are talking by the door,RAVDESS,1.0,kids are talking by the door
clip_01717,train,kids are talking by the door,RAVDESS,1.0,kids are talking by the door
clip_01499,train,kids are talking by the door,RAVDESS,1.0,kids are talking by the door
clip_08608,train,kids are talking by the door,RAVDESS,1.0,kids are talking by the door
clip_06861,train,i would like a new alarm clock,CREMA-D,1.0,i would like a new alarm clock
clip_04646,test,dogs are sitting by the door,RAVDESS,1.0,dogs are sitting by the door
clip_06028,train,i think i have a doctors appointment,CREMA-D,1.0,i think i have a doctors appointment
clip_06029,train,dont forget a jacket,CREMA-D,1.0,dont forget a jacket
clip_01044,train,dogs are sitting by the door,RAVDESS,1.0,dogs are sitting by the door
clip_05779,train,dogs are sitting by the door,RAVDESS,1.0,dogs are sitting by the door
clip_05561,train,its 11 oclock,CREMA-D,1.0,its 11 oclock
clip_03870,test,i think ive seen this before,CREMA-D,1.0,i think ive seen this before
clip_01304,train,dogs are sitting by the door,RAVDESS,1.0,dogs are sitting by the door
clip_07175,train,dogs are sitting by the door,RAVDESS,1.0,dogs are sitting by the door
clip_03976,train,kids are talking by the door,RAVDESS,1.0,kids are talking by the door
clip_08128,train,dogs are sitting by the door,RAVDESS,1.0,dogs are sitting by the door
clip_03454,train,dogs are sitting by the door,RAVDESS,1.0,dogs are sitting by the door
clip_03635,train,dogs are sitting by the door,RAVDESS,1.0,dogs are sitting by the door
clip_08583,train,kids are talking by the door,RAVDESS,1.0,kids are talking by the door
clip_06429,train,dogs are sitting by the door,RAVDESS,1.0,dogs are sitting by the door
clip_08005,train,i wonder what this is about,CREMA-D,1.0,i wonder what this is about
clip_03526,train,dogs are sitting by the door,RAVDESS,1.0,dogs are sitting by the door
clip_04235,train,maybe tomorrow it will be cold,CREMA-D,1.0,maybe tomorrow it will be cold
clip_00140,test,its 11 oclock,CREMA-D,1.0,its 11 oclock
clip_10736,test,that is exactly what happened,CREMA-D,1.0,that is exactly what happened
clip_00048,train,kids are talking by the door,RAVDESS,1.0,kids are talking by the door
clip_00113,train,dogs are sitting by the door,RAVDESS,1.0,dogs are sitting by the door
clip_00347,test,dogs are sitting by the door,RAVDESS,1.0,dogs are sitting by the door
clip_00208,train,kids are talking by the door,RAVDESS,1.0,kids are talking by the door
clip_10481,train,dogs are sitting by the door,RAVDESS,1.0,dogs are sitting by the door
clip_10530,train,kids are talking by the door,RAVDESS,1.0,kids are talking by the door
clip_04662,test,i think i have a doctors appointment,CREMA-D,1.0,i think i have a doctors appointment
clip_04425,test,kids are talking by the door,RAVDESS,1.0,kids are talking by the door
clip_06241,train,kids are talking by the door,RAVDESS,1.0,kids are talking by the door
clip_03016,train,dogs are sitting by the door,RAVDESS,1.0,dogs are sitting by the door
clip_03352,train,kids are talking by the door,RAVDESS,1.0,kids are talking by the door
clip_03455,train,im on my way to the meeting,CREMA-D,1.0,im on my way to the meeting
clip_02735,test,dogs are sitting by the door,RAVDESS,1.0,dogs are sitting by the door
clip_03887,train,dont forget a jacket,CREMA-D,1.0,dont forget a jacket
clip_06694,test,dogs are sitting by the door,RAVDESS,1.0,dogs are sitting by the door
clip_02971,train,dogs are sitting by the door,RAVDESS,1.0,dogs are sitting by the door
clip_04043,train,dogs are sitting by the door,RAVDESS,1.0,dogs are sitting by the door
clip_02977,train,i think i have a doctors appointment,CREMA-D,1.0,i think i have a doctors appointment
clip_10000,train,the huxers sitting by the door,RAVDESS,0.7241,dogs are sitting by the door
clip_07880,train,their plane is almost full,CREMA-D,0.9434,the airplane is almost full
clip_02248,train,kids are talking by the door,RAVDESS,1.0,kids are talking by the door
clip_07685,train,dogs are sitting by the door,RAVDESS,1.0,dogs are sitting by the door
clip_07988,train,dogs are sitting by the door,RAVDESS,1.0,dogs are sitting by the door
clip_04672,train,kids are talking by the door,RAVDESS,1.0,kids are talking by the door
clip_09887,train,kids are talking by the door,RAVDESS,1.0,kids are talking by the door
clip_10014,train,i think i have a doctors appointment,CREMA-D,1.0,i think i have a doctors appointment
clip_06011,train,dogs are sitting by the door,RAVDESS,1.0,dogs are sitting by the door
clip_02785,train,kids are talking by the door,RAVDESS,1.0,kids are talking by the door
clip_02762,train,kids are talking by the door,RAVDESS,1.0,kids are talking by the door
clip_03886,test,dogs are sitting by the door,RAVDESS,1.0,dogs are sitting by the door
clip_08151,train,i wonder what this is about,CREMA-D,1.0,i wonder what this is about
clip_03999,test,dogs are sitting by the door,RAVDESS,1.0,dogs are sitting by the door
clip_05471,train,kids are talking by the door,RAVDESS,1.0,kids are talking by the door
clip_01681,train,dogs are sitting by the door,RAVDESS,1.0,dogs are sitting by the door
clip_01627,train,kids are talking by the door,RAVDESS,1.0,kids are talking by the door
clip_01513,train,kids are talking by the door,RAVDESS,1.0,kids are talking by the door
clip_05355,train,i think ive seen this before,CREMA-D,1.0,i think ive seen this before
clip_09701,train,dogs are sitting by the door,RAVDESS,1.0,dogs are sitting by the door
clip_01554,test,kids are talking by the door,RAVDESS,1.0,kids are talking by the door
clip_05258,train,dogs are sitting by the door,RAVDESS,1.0,dogs are sitting by the door
clip_00704,train,kids are talking by the door,RAVDESS,1.0,kids are talking by the door
clip_06748,test,that is exactly what happened,CREMA-D,1.0,that is exactly what happened
clip_00675,train,dogs are sitting by the door,RAVDESS,1.0,dogs are sitting by the door
clip_00298,train,kids are talking by the door,RAVDESS,1.0,kids are talking by the door
clip_00311,train,i think ive seen this before,CREMA-D,1.0,i think ive seen this before
clip_06317,train,i would like a new alarm clock,CREMA-D,1.0,i would like a new alarm clock
clip_09755,train,kids are talking by the door,RAVDESS,1.0,kids are talking by the door
clip_01594,train,dogs are sitting by the door,RAVDESS,1.0,dogs are sitting by the door
clip_09498,train,kids are talking by the door,RAVDESS,1.0,kids are talking by the door
clip_00846,train,dogs are sitting by the door,RAVDESS,1.0,dogs are sitting by the door
clip_01756,train,dogs are sitting by the door,RAVDESS,1.0,dogs are sitting by the door
clip_07450,train,dogs are sitting by the door,RAVDESS,1.0,dogs are sitting by the door
clip_01753,train,dogs are sitting by the door,RAVDESS,1.0,dogs are sitting by the door
clip_01485,train,kids are talking by the door,RAVDESS,1.0,kids are talking by the door
clip_07709,train,that is exactly what happened,CREMA-D,1.0,that is exactly what happened
clip_01103,train,the surface is lit,CREMA-D,0.8947,the surface is slick
clip_08224,test,maybe tomorrow it will be cold,CREMA-D,1.0,maybe tomorrow it will be cold
clip_01984,train,its 11 oclock,CREMA-D,1.0,its 11 oclock
clip_03780,test,dont forget a jacket,CREMA-D,1.0,dont forget a jacket
clip_08202,test,that is exactly what happened,CREMA-D,1.0,that is exactly what happened
clip_04797,train,dogs are sitting by the door,RAVDESS,1.0,dogs are sitting by the door
clip_00167,train,kids are talking by the door,RAVDESS,1.0,kids are talking by the door
clip_00171,train,dogs are sitting by the door,RAVDESS,1.0,dogs are sitting by the door
clip_10807,train,kids are talking by the door,RAVDESS,1.0,kids are talking by the door
clip_10574,train,i wonder what this is about,CREMA-D,1.0,i wonder what this is about
clip_06868,train,kids are talking by the door,RAVDESS,1.0,kids are talking by the door
clip_09202,train,dards are sitting by the door,RAVDESS,0.9123,dogs are sitting by the door
clip_10406,train,kids are talking by the door,RAVDESS,1.0,kids are talking by the door
clip_00195,train,dont look so sitting by the door,RAVDESS,0.7667,dogs are sitting by the door
clip_02084,train,dogs are sitting by the door,RAVDESS,1.0,dogs are sitting by the door
clip_05806,train,dogs are sitting by the door,RAVDESS,1.0,dogs are sitting by the door
clip_00569,test,dogs are sitting by the door,RAVDESS,1.0,dogs are sitting by the door
clip_09405,train,dogs are sitting by the door,RAVDESS,1.0,dogs are sitting by the door
clip_06116,train,kids are talking by the door,RAVDESS,1.0,kids are talking by the door
clip_10806,train,kids are talking by the door,RAVDESS,1.0,kids are talking by the door
clip_00095,train,kids are talking by the door,RAVDESS,1.0,kids are talking by the door
clip_02798,train,docks are sitting by the door,RAVDESS,0.9474,dogs are sitting by the door
clip_07962,test,dogs are sitting by the door,RAVDESS,1.0,dogs are sitting by the door
clip_02642,train,kids are talking by the door,RAVDESS,1.0,kids are talking by the door
clip_10229,train,kids are talking by the door,RAVDESS,1.0,kids are talking by the door
clip_03517,train,kids are talking by the door,RAVDESS,1.0,kids are talking by the door
clip_08265,train,kids are talking by the door,RAVDESS,1.0,kids are talking by the door
clip_02886,train,that is exactly what happened,CREMA-D,1.0,that is exactly what happened
clip_04103,train,dogs are sitting by the door,RAVDESS,1.0,dogs are sitting by the door
clip_03975,train,that is exactly what happens,CREMA-D,0.9474,that is exactly what happened
clip_00557,test,maybe tomorrow it will be cold,CREMA-D,1.0,maybe tomorrow it will be cold
clip_00911,train,the airplane is almost full,CREMA-D,1.0,the airplane is almost full
clip_03070,train,i wonder what this is about,CREMA-D,1.0,i wonder what this is about
clip_07552,test,dogs are sitting by the door,RAVDESS,1.0,dogs are sitting by the door
clip_02653,train,dogs were sitting by the door,RAVDESS,0.9474,dogs are sitting by the door
clip_02597,train,dogs are sitting by the door,RAVDESS,1.0,dogs are sitting by the door
clip_09341,test,dogs are sitting by the door,RAVDESS,1.0,dogs are sitting by the door
clip_07795,train,kids are talking by the door,RAVDESS,1.0,kids are talking by the door
clip_09272,train,kids are talking by the door,RAVDESS,1.0,kids are talking by the door
clip_08875,train,i think i have a doctors appointment,CREMA-D,1.0,i think i have a doctors appointment
clip_07725,train,kids are talking by the door,RAVDESS,1.0,kids are talking by the door
clip_07928,train,kids are talking by the door,RAVDESS,1.0,kids are talking by the door
clip_01509,train,kids are talking by the door,RAVDESS,1.0,kids are talking by the door
clip_05123,train,kids are talking by the door,RAVDESS,1.0,kids are talking by the door
clip_01729,train,kids are talking by the door,RAVDESS,1.0,kids are talking by the door
clip_04975,train,dogs are sitting by the door,RAVDESS,1.0,dogs are sitting by the door
clip_04946,train,dogs are sitting by the door,RAVDESS,1.0,dogs are sitting by the door
clip_05604,test,dogs are sitting by the door,RAVDESS,1.0,dogs are sitting by the door
clip_04342,train,dogs are sitting by the door,RAVDESS,1.0,dogs are sitting by the door
clip_04851,train,dogs are sitting by the door,RAVDESS,1.0,dogs are sitting by the door
clip_04313,train,dogs are sitting by the door,RAVDESS,1.0,dogs are sitting by the door
clip_00868,train,dons are sitting by the door,RAVDESS,0.9643,dogs are sitting by the door
clip_00830,train,dogs are sitting by the door,RAVDESS,1.0,dogs are sitting by the door
clip_05874,train,kids are talking by the door,RAVDESS,1.0,kids are talking by the door
clip_03696,test,kids are talking by the door,RAVDESS,1.0,kids are talking by the door
clip_09253,test,dogs are sitting by the door,RAVDESS,1.0,dogs are sitting by the door
clip_08631,test,well stop in a couple of minutes,CREMA-D,1.0,well stop in a couple of minutes
clip_05225,train,kids are talking by the door,RAVDESS,1.0,kids are talking by the door
clip_05598,train,kids are talking by the door,RAVDESS,1.0,kids are talking by the door
clip_05551,train,kids are talking by the door,RAVDESS,1.0,kids are talking by the door
clip_07423,train,kids are talking by the door,RAVDESS,1.0,kids are talking by the door
clip_07297,train,dogs are sitting by the door,RAVDESS,1.0,dogs are sitting by the door
clip_01413,train,kids are talking by the door,RAVDESS,1.0,kids are talking by the door
clip_05002,test,dogs are sitting by the door,RAVDESS,1.0,dogs are sitting by the door
clip_01119,train,kids are talking by the door,RAVDESS,1.0,kids are talking by the door
clip_06384,train,well stop in a couple of minutes,CREMA-D,1.0,well stop in a couple of minutes
clip_06411,train,maybe tomorrow it will be cold,CREMA-D,1.0,maybe tomorrow it will be cold
clip_03970,train,dogs are sitting by the door,RAVDESS,1.0,dogs are sitting by the door
clip_04226,train,kids are talking by the door,RAVDESS,1.0,kids are talking by the door
clip_10195,train,the airplane is almost full,CREMA-D,1.0,the airplane is almost full
clip_10182,train,kids are talking by the door,RAVDESS,1.0,kids are talking by the door
clip_00665,train,maybe tomorrow it will be cold,CREMA-D,1.0,maybe tomorrow it will be cold
clip_02501,test,the surface is slick,CREMA-D,1.0,the surface is slick
clip_03586,train,the surface is slick,CREMA-D,1.0,the surface is slick
clip_00815,train,dogs are sitting by the door,RAVDESS,1.0,dogs are sitting by the door
clip_10365,train,i think i have a doctors appointment,CREMA-D,1.0,i think i have a doctors appointment
clip_00508,train,dogs are sitting by the door,RAVDESS,1.0,dogs are sitting by the door
clip_00177,train,i think ive seen this before,CREMA-D,1.0,i think ive seen this before
clip_06363,train,kids are talking by the door,RAVDESS,1.0,kids are talking by the door
clip_10887,test,kids are talking by the door,RAVDESS,1.0,kids are talking by the door
clip_00409,test,dogs are sitting by the door,RAVDESS,1.0,dogs are sitting by the door
clip_00119,train,but that is exactly what happened,CREMA-D,0.9355,that is exactly what happened
clip_03621,test,the airplane is almost full,CREMA-D,1.0,the airplane is almost full
clip_07305,test,that is exactly what happened,CREMA-D,1.0,that is exactly what happened
clip_08705,train,that is exactly what happened,CREMA-D,1.0,that is exactly what happened
clip_03980,train,kids are talking by the door,RAVDESS,1.0,kids are talking by the door
clip_01889,train,kids are talking by the door,RAVDESS,1.0,kids are talking by the door
clip_02969,train,the airplane is almost full,CREMA-D,1.0,the airplane is almost full
clip_03068,train,kids are talking by the door,RAVDESS,1.0,kids are talking by the door
clip_07402,train,the airplane is almost full,CREMA-D,1.0,the airplane is almost full
clip_01566,train,i think i have a doctors appointment,CREMA-D,1.0,i think i have a doctors appointment
clip_01883,test,that is exactly what happened,CREMA-D,1.0,that is exactly what happened
clip_03048,train,kids are talking by the door,RAVDESS,1.0,kids are talking by the door
clip_03814,train,kids are talking by the door,RAVDESS,1.0,kids are talking by the door
clip_02919,test,dogs are sitting by the door,RAVDESS,1.0,dogs are sitting by the door
clip_09884,train,maybe tomorrow it will be cold,CREMA-D,1.0,maybe tomorrow it will be cold
clip_09539,train,kids are talking by the door,RAVDESS,1.0,kids are talking by the door
clip_02211,train,kids are talking by the door,RAVDESS,1.0,kids are talking by the door
clip_01250,train,kid theyre talking by the door,RAVDESS,0.8966,kids are talking by the door
clip_07888,train,well stop in a couple of minutes,CREMA-D,1.0,well stop in a couple of minutes
clip_07899,train,its 11 oclock,CREMA-D,1.0,its 11 oclock
clip_09223,train,dogs are sitting by the door,RAVDESS,1.0,dogs are sitting by the door
clip_01755,train,maybe tomorrow it will be cold,CREMA-D,1.0,maybe tomorrow it will be cold
clip_05066,train,dogs are sitting by the door,RAVDESS,1.0,dogs are sitting by the door
clip_09371,train,i think i have a doctors appointment,CREMA-D,1.0,i think i have a doctors appointment
clip_09319,train,i think i have a doctors appointment,CREMA-D,1.0,i think i have a doctors appointment
clip_07612,train,kids are talking by the door,RAVDESS,1.0,kids are talking by the door
clip_07649,test,kids are talking by the door,RAVDESS,1.0,kids are talking by the door
clip_01479,train,its 11 oclock,CREMA-D,1.0,its 11 oclock
clip_04593,test,im on my way to the meeting,CREMA-D,1.0,im on my way to the meeting
clip_00643,train,i think ive seen this before,CREMA-D,1.0,i think ive seen this before
clip_05546,train,maybe tomorrow it will be cold,CREMA-D,1.0,maybe tomorrow it will be cold
clip_10782,train,kids are talking by the door,RAVDESS,1.0,kids are talking by the door
clip_02423,test,i think i have a doctors appointment,CREMA-D,1.0,i think i have a doctors appointment
clip_00082,train,that is exactly what happened,CREMA-D,1.0,that is exactly what happened
clip_05920,train,dogs are sitting by the door,RAVDESS,1.0,dogs are sitting by the door
clip_05928,train,the airplane is almost full,CREMA-D,1.0,the airplane is almost full
clip_05882,train,maybe tomorrow it will be cold,CREMA-D,1.0,maybe tomorrow it will be cold
clip_00561,train,dogs are sitting by the door,RAVDESS,1.0,dogs are sitting by the door
clip_10558,test,dont forget a jacket,CREMA-D,1.0,dont forget a jacket
clip_10665,test,dogs are sitting by the door,RAVDESS,1.0,dogs are sitting by the door
clip_03103,train,kids are talking by the door,RAVDESS,1.0,kids are talking by the door
clip_07864,train,kids are talking by the door,RAVDESS,1.0,kids are talking by the door
clip_00282,train,kids are talking by the door,RAVDESS,1.0,kids are talking by the door
clip_07184,test,kids are talking by the door,RAVDESS,1.0,kids are talking by the door
clip_05765,test,dogs are sitting by the door,RAVDESS,1.0,dogs are sitting by the door
clip_09188,train,kids are talking by the door,RAVDESS,1.0,kids are talking by the door
clip_06938,train,dogs are sitting by the door,RAVDESS,1.0,dogs are sitting by the door
clip_09292,test,dogs are sitting by the door,RAVDESS,1.0,dogs are sitting by the door
clip_05525,test,dogs are sitting by the door,RAVDESS,1.0,dogs are sitting by the door
clip_07690,train,dogs are sitting by the door,RAVDESS,1.0,dogs are sitting by the door
clip_09867,train,dogs are sitting by the door,RAVDESS,1.0,dogs are sitting by the door
clip_09859,train,kids are talking by the door,RAVDESS,1.0,kids are talking by the door
clip_08073,train,kids are talking by the door,RAVDESS,1.0,kids are talking by the door
clip_10694,train,kids are talking by the door,RAVDESS,1.0,kids are talking by the door
clip_03827,train,kids are talking by the door,RAVDESS,1.0,kids are talking by the door
clip_08854,train,kids are talking by the door,RAVDESS,1.0,kids are talking by the door
clip_08743,train,dogs are sitting by the door,RAVDESS,1.0,dogs are sitting by the door
clip_03325,train,kids are talking by the door,RAVDESS,1.0,kids are talking by the door
clip_10809,train,kids are talking by the door,RAVDESS,1.0,kids are talking by the door
clip_10608,train,kids are talking by the door,RAVDESS,1.0,kids are talking by the door
clip_00711,train,torx are sitting by the door,RAVDESS,0.8929,dogs are sitting by the door
clip_10688,train,dogs are sitting by the door,RAVDESS,1.0,dogs are sitting by the door
clip_10065,train,dogs are sitting by the door,RAVDESS,1.0,dogs are sitting by the door
clip_10079,train,dogs are sitting by the door,RAVDESS,1.0,dogs are sitting by the door
clip_09992,train,dogs are sitting by the door,RAVDESS,1.0,dogs are sitting by the door
clip_07831,train,dogs are sitting by the door,RAVDESS,1.0,dogs are sitting by the door
clip_06019,test,its 11 oclock,CREMA-D,1.0,its 11 oclock
clip_09585,train,kids are talking by the door,RAVDESS,1.0,kids are talking by the door
clip_09655,train,i would like a new alarm clock,CREMA-D,1.0,i would like a new alarm clock
clip_01468,test,kids are talking by the door,RAVDESS,1.0,kids are talking by the door
clip_01328,train,dogs are sitting by the door,RAVDESS,1.0,dogs are sitting by the door
clip_07540,test,kids are talking by the door,RAVDESS,1.0,kids are talking by the door
clip_03956,train,kids are talking by the door,RAVDESS,1.0,kids are talking by the door
clip_08127,train,kids are talking by the door,RAVDESS,1.0,kids are talking by the door
clip_03697,train,dogs are sitting by the door,RAVDESS,1.0,dogs are sitting by the door
clip_03901,train,dogs are sitting by the door,RAVDESS,1.0,dogs are sitting by the door
clip_05450,train,dogs are sitting by the door,RAVDESS,1.0,dogs are sitting by the door
clip_07276,train,dogs are sitting by the door,RAVDESS,1.0,dogs are sitting by the door
clip_01450,train,kids are talking by the door,RAVDESS,1.0,kids are talking by the door
clip_05134,test,dogs are sitting by the door,RAVDESS,1.0,dogs are sitting by the door
clip_09108,test,the airplane is almost full,CREMA-D,1.0,the airplane is almost full
clip_05329,train,dogs are sitting by the door,RAVDESS,1.0,dogs are sitting by the door
clip_09762,train,kids are talking by the door,RAVDESS,1.0,kids are talking by the door
clip_09877,train,dogs are sitting by the door,RAVDESS,1.0,dogs are sitting by the door
clip_06741,train,dogs are sitting by the door,RAVDESS,1.0,dogs are sitting by the door
clip_02477,train,kids are talking by the door,RAVDESS,1.0,kids are talking by the door
clip_08654,train,that is exactly what happened,CREMA-D,1.0,that is exactly what happened
clip_04090,train,dogs are sitting by the door,RAVDESS,1.0,dogs are sitting by the door
clip_08359,train,kids are talking by the door,RAVDESS,1.0,kids are talking by the door
clip_02325,test,i think i have a doctors appointment,CREMA-D,1.0,i think i have a doctors appointment
clip_03514,train,i wonder what this is about,CREMA-D,1.0,i wonder what this is about
clip_03145,train,kids are talking by the door,RAVDESS,1.0,kids are talking by the door
clip_03178,train,dont theyre sitting by the door,RAVDESS,0.8475,dogs are sitting by the door
clip_02092,test,that is exactly what happened,CREMA-D,1.0,that is exactly what happened
clip_10614,train,the airplane is almost full,CREMA-D,1.0,the airplane is almost full
clip_08034,test,dogs are sitting by the door,RAVDESS,1.0,dogs are sitting by the door
clip_04225,train,its 11 oclock,CREMA-D,1.0,its 11 oclock
clip_04159,train,kids are talking by the door,RAVDESS,1.0,kids are talking by the door
clip_09480,train,kids are talking by the door,RAVDESS,1.0,kids are talking by the door
clip_04909,train,dogs are sitting by the door,RAVDESS,1.0,dogs are sitting by the door
clip_04748,train,kids are talking by the door,RAVDESS,1.0,kids are talking by the door
clip_05170,train,i think ive seen this before,CREMA-D,1.0,i think ive seen this before
clip_07033,train,kids are talking by the door,RAVDESS,1.0,kids are talking by the door
clip_09396,test,dogs are sitting by the door,RAVDESS,1.0,dogs are sitting by the door
clip_09909,train,i think ive seen this before,CREMA-D,1.0,i think ive seen this before
clip_06871,train,kids are talking by the door,RAVDESS,1.0,kids are talking by the door
clip_07511,train,dogs are sitting by the door,RAVDESS,1.0,dogs are sitting by the door
clip_07696,test,kids are talking by the door,RAVDESS,1.0,kids are talking by the door
clip_02367,train,im on my way to the meeting,CREMA-D,1.0,im on my way to the meeting
clip_00994,test,the surface is slick,CREMA-D,1.0,the surface is slick
clip_00503,train,kids are talking by the door,RAVDESS,1.0,kids are talking by the door
clip_06689,train,dogs are sitting by the door,RAVDESS,1.0,dogs are sitting by the door
clip_09461,train,dogs are sitting by the door,RAVDESS,1.0,dogs are sitting by the door
clip_09197,test,kids are talking by the door,RAVDESS,1.0,kids are talking by the door
clip_05716,train,the airplane is almost full,CREMA-D,1.0,the airplane is almost full
clip_05717,train,dogs are sitting by the door,RAVDESS,1.0,dogs are sitting by the door
clip_00963,test,dogs are sitting by the door,RAVDESS,1.0,dogs are sitting by the door
clip_00579,train,kids are talking by the door,RAVDESS,1.0,kids are talking by the door
clip_01130,test,well stop in a couple of minutes,CREMA-D,1.0,well stop in a couple of minutes
clip_04459,test,i would like a new alarm clock,CREMA-D,1.0,i would like a new alarm clock
clip_00912,train,dogs are sitting by the door,RAVDESS,1.0,dogs are sitting by the door
clip_10103,train,dogs are sitting by the door,RAVDESS,1.0,dogs are sitting by the door
clip_10468,train,kids are talking by the door,RAVDESS,1.0,kids are talking by the door
clip_06281,train,kids are talking by the door,RAVDESS,1.0,kids are talking by the door
clip_10737,test,im on my way to the meeting,CREMA-D,1.0,im on my way to the meeting
clip_00090,train,i think i have a doctors appointment,CREMA-D,1.0,i think i have a doctors appointment
clip_06214,train,kids are talking by the door,RAVDESS,1.0,kids are talking by the door
clip_10477,train,kids are talking by the door,RAVDESS,1.0,kids are talking by the door
clip_10509,train,well stop in a couple of minutes,CREMA-D,1.0,well stop in a couple of minutes
clip_05976,train,the airplane is almost full,CREMA-D,1.0,the airplane is almost full
clip_08198,train,kids are talking by the door,RAVDESS,1.0,kids are talking by the door
clip_01041,train,kids are talking by the door,RAVDESS,1.0,kids are talking by the door
clip_01037,train,dogs are setting by the door,RAVDESS,0.9643,dogs are sitting by the door
clip_01123,test,im on my way to the meeting,CREMA-D,1.0,im on my way to the meeting
clip_06590,train,i think i have the doctors appointment,CREMA-D,0.9459,i think i have a doctors appointment
clip_03468,train,get the talking by the door,RAVDESS,0.8,kids are talking by the door
clip_00295,train,dogs are sitting by the door,RAVDESS,1.0,dogs are sitting by the door
clip_00838,train,that is exactly what happened,CREMA-D,1.0,that is exactly what happened
clip_06677,train,kids are talking by the door,RAVDESS,1.0,kids are talking by the door
clip_00592,train,dogs are sitting by the door,RAVDESS,1.0,dogs are sitting by the door
clip_00328,train,the airplane is almost full,CREMA-D,1.0,the airplane is almost full
clip_03561,train,kids are talking by the door,RAVDESS,1.0,kids are talking by the door
clip_00920,train,kids are talking by the door,RAVDESS,1.0,kids are talking by the door
clip_07130,train,kids are talking by the door,RAVDESS,1.0,kids are talking by the door
clip_01376,train,maybe tomorrow it will be cold,CREMA-D,1.0,maybe tomorrow it will be cold
clip_03702,test,i think ive seen this before,CREMA-D,1.0,i think ive seen this before
clip_02143,train,that is exactly what happened,CREMA-D,1.0,that is exactly what happened
clip_05033,train,kids are talking by the door,RAVDESS,1.0,kids are talking by the door
clip_08403,test,the surface is like,CREMA-D,0.9231,the surface is slick
clip_08492,test,i would like a new alarm clock,CREMA-D,1.0,i would like a new alarm clock
clip_05178,train,i would like a new alarm clock,CREMA-D,1.0,i would like a new alarm clock
clip_09101,train,maybe tomorrow it will be cold,CREMA-D,1.0,maybe tomorrow it will be cold
clip_04768,train,that is exactly what happened,CREMA-D,1.0,that is exactly what happened
clip_03100,test,kids are talking by the door,RAVDESS,1.0,kids are talking by the door
clip_08057,test,that is exactly what happened,CREMA-D,1.0,that is exactly what happened
clip_04172,train,kids are talking by the door,RAVDESS,1.0,kids are talking by the door
clip_02569,train,kids are talking by the door,RAVDESS,1.0,kids are talking by the door
clip_04716,test,dogs are sitting by the door,RAVDESS,1.0,dogs are sitting by the door
clip_02309,train,kids are talking by the door,RAVDESS,1.0,kids are talking by the door
clip_08308,test,kids are talking by the door,RAVDESS,1.0,kids are talking by the door
clip_04731,train,dogs are sitting by the door,RAVDESS,1.0,dogs are sitting by the door
clip_04743,train,kids are talking by the door,RAVDESS,1.0,kids are talking by the door
clip_05682,test,kids are talking by the door,RAVDESS,1.0,kids are talking by the door
clip_03417,test,dogs are sitting by the door,RAVDESS,1.0,dogs are sitting by the door
clip_09895,train,kids are talking by the door,RAVDESS,1.0,kids are talking by the door
clip_03885,test,kids are talking by the door,RAVDESS,1.0,kids are talking by the door
clip_08718,test,maybe tomorrow it will be cold,CREMA-D,1.0,maybe tomorrow it will be cold
clip_02203,train,dogs are sitting by the door,RAVDESS,1.0,dogs are sitting by the door
clip_01236,train,kids are talking by the door,RAVDESS,1.0,kids are talking by the door
clip_10281,train,kids are talking by the door,RAVDESS,1.0,kids are talking by the door
clip_07641,test,that is exactly what happened,CREMA-D,1.0,that is exactly what happened
clip_07777,test,kids are talking by the door,RAVDESS,1.0,kids are talking by the door
clip_01539,train,dogs are sitting by the door,RAVDESS,1.0,dogs are sitting by the door
clip_01529,train,no more my way to the meeting,CREMA-D,0.8214,im on my way to the meeting
clip_09420,train,dogs are sitting by the door,RAVDESS,1.0,dogs are sitting by the door
clip_08926,train,dogs are sitting by the door,RAVDESS,1.0,dogs are sitting by the door
clip_06569,test,the airplane is almost full,CREMA-D,1.0,the airplane is almost full
clip_02199,test,the surface is slick,CREMA-D,1.0,the surface is slick
clip_03285,train,kids are talking by the door,RAVDESS,1.0,kids are talking by the door
clip_03401,train,kids are talking by the door,RAVDESS,1.0,kids are talking by the door
clip_01138,train,kids are talking by the door,RAVDESS,1.0,kids are talking by the door
clip_05579,train,i would like a new alarm clock,CREMA-D,1.0,i would like a new alarm clock
clip_01131,train,kids are talking by the door,RAVDESS,1.0,kids are talking by the door
clip_01835,test,kids are talking by the door,RAVDESS,1.0,kids are talking by the door
clip_03940,train,i would like a new alarm clock,CREMA-D,1.0,i would like a new alarm clock
clip_02271,train,dogs are sitting by the door,RAVDESS,1.0,dogs are sitting by the door
clip_08165,train,dogs are sitting by the door,RAVDESS,1.0,dogs are sitting by the door
clip_03531,test,kids are talking by the door,RAVDESS,1.0,kids are talking by the door
clip_09607,train,dogs are sitting by the door,RAVDESS,1.0,dogs are sitting by the door
clip_05462,train,kids are talking by the door,RAVDESS,1.0,kids are talking by the door
clip_06655,test,that is exactly what happened,CREMA-D,1.0,that is exactly what happened
clip_01179,test,kids are talking by the door,RAVDESS,1.0,kids are talking by the door
clip_01780,train,kids are talking by the door,RAVDESS,1.0,kids are talking by the door
clip_02169,train,kids are talking by the door,RAVDESS,1.0,kids are talking by the door
clip_02299,train,dogs are sitting by the door,RAVDESS,1.0,dogs are sitting by the door
clip_09459,train,kids are talking by the door,RAVDESS,1.0,kids are talking by the door
clip_05016,train,kids are talking by the door,RAVDESS,1.0,kids are talking by the door
clip_01791,train,dogs are sitting by the door,RAVDESS,1.0,dogs are sitting by the door
clip_07741,train,kids are talking by the door,RAVDESS,1.0,kids are talking by the door
clip_09210,train,i would like a new,CREMA-D,0.75,i would like a new alarm clock
clip_07980,train,kids are talking by the door,RAVDESS,1.0,kids are talking by the door
clip_07982,train,kids are talking by the door,RAVDESS,1.0,kids are talking by the door
clip_04581,test,dogs are sitting by the door,RAVDESS,1.0,dogs are sitting by the door
clip_02429,train,dogs are sitting by the door,RAVDESS,1.0,dogs are sitting by the door
clip_10082,train,kids are talking by the door,RAVDESS,1.0,kids are talking by the door
clip_09467,train,dogs are sitting by the door,RAVDESS,1.0,dogs are sitting by the door
clip_02180,train,dogs are sitting by the door,RAVDESS,1.0,dogs are sitting by the door
clip_06986,train,kids are talking by the door,RAVDESS,1.0,kids are talking by the door
clip_05689,train,dogs are sitting by the door,RAVDESS,1.0,dogs are sitting by the door
clip_07229,train,kids are talking by the door,RAVDESS,1.0,kids are talking by the door
clip_08463,train,dogs are sitting by the door,RAVDESS,1.0,dogs are sitting by the door
clip_10787,train,maybe tomorrow it will be cold,CREMA-D,1.0,maybe tomorrow it will be cold
clip_08443,train,kids are talking by the door,RAVDESS,1.0,kids are talking by the door
clip_04447,train,dogs are sitting by the door,RAVDESS,1.0,dogs are sitting by the door
clip_05781,train,kids are talking by the door,RAVDESS,1.0,kids are talking by the door
clip_07077,train,dogs are sitting by the door,RAVDESS,1.0,dogs are sitting by the door
clip_03841,test,i think ive seen this before,CREMA-D,1.0,i think ive seen this before
clip_09095,train,kids are talking by the door,RAVDESS,1.0,kids are talking by the door
clip_07915,test,kids are talking by the door,RAVDESS,1.0,kids are talking by the door
clip_04328,train,dogs are sitting by the door,RAVDESS,1.0,dogs are sitting by the door
clip_04582,train,i would like a new alarm clock,CREMA-D,1.0,i would like a new alarm clock
clip_09881,train,i think i have a doctors appointment,CREMA-D,1.0,i think i have a doctors appointment
clip_09648,train,kids are talking by the door,RAVDESS,1.0,kids are talking by the door
clip_01558,train,i wonder what this is about,CREMA-D,1.0,i wonder what this is about
clip_07255,train,kids are talking by the door,RAVDESS,1.0,kids are talking by the door
clip_01498,test,dogs are sitting by the door,RAVDESS,1.0,dogs are sitting by the door
clip_08904,train,kids are talking by the door,RAVDESS,1.0,kids are talking by the door
clip_02665,train,dogs are sitting by the door,RAVDESS,1.0,dogs are sitting by the door
clip_08032,train,kids are talking by the door,RAVDESS,1.0,kids are talking by the door
clip_04105,train,dogs are sitting by the door,RAVDESS,1.0,dogs are sitting by the door
clip_03830,train,dogs are sitting by the door,RAVDESS,1.0,dogs are sitting by the door
clip_03853,train,dogs are sitting by the door,RAVDESS,1.0,dogs are sitting by the door
clip_07140,test,i would like a new alarm clock,CREMA-D,1.0,i would like a new alarm clock
clip_07068,test,maybe tomorrow it will be cold,CREMA-D,1.0,maybe tomorrow it will be cold
clip_02664,train,kid theyre talking by the door,RAVDESS,0.8966,kids are talking by the door
clip_07475,test,i think ive seen this before,CREMA-D,1.0,i think ive seen this before
clip_08096,train,dogs are sitting by the door,RAVDESS,1.0,dogs are sitting by the door
clip_05686,train,dogs are sitting by the door,RAVDESS,1.0,dogs are sitting by the door
clip_09528,train,dogs are sitting by the door,RAVDESS,1.0,dogs are sitting by the door
clip_01350,train,dogs are sitting by the door,RAVDESS,1.0,dogs are sitting by the door
clip_02140,train,kids are talking by the door,RAVDESS,1.0,kids are talking by the door
clip_05822,train,well stop in a couple of minutes,CREMA-D,1.0,well stop in a couple of minutes
clip_05747,train,i think i have a doctors appointment,CREMA-D,1.0,i think i have a doctors appointment
clip_00289,train,dogs are sitting by the door,RAVDESS,1.0,dogs are sitting by the door
clip_07160,test,maybe tomorrow it will be cold,CREMA-D,1.0,maybe tomorrow it will be cold
clip_02158,train,dogs are sitting by the door,RAVDESS,1.0,dogs are sitting by the door
clip_02478,test,kids are talking by the door,RAVDESS,1.0,kids are talking by the door
clip_10482,test,i would like a new alarm clock,CREMA-D,1.0,i would like a new alarm clock
clip_06235,train,i wonder what this is about,CREMA-D,1.0,i wonder what this is about
clip_00995,train,kids are talking by the door,RAVDESS,1.0,kids are talking by the door
clip_02052,train,dont just sitting by the door,RAVDESS,0.807,dogs are sitting by the door
clip_02031,train,its 11 oclock,CREMA-D,1.0,its 11 oclock
clip_00360,test,dont forget a jacket,CREMA-D,1.0,dont forget a jacket
clip_00260,test,i think i have a doctors appointment,CREMA-D,1.0,i think i have a doctors appointment
clip_10345,test,kids are talking by the door,RAVDESS,1.0,kids are talking by the door
clip_05364,train,the surface is slick,CREMA-D,1.0,the surface is slick
clip_01174,train,kids are talking by the tour,RAVDESS,0.9286,kids are talking by the door
clip_01684,train,dogs are sitting by the door,RAVDESS,1.0,dogs are sitting by the door
clip_05315,train,dogs are sitting by the door,RAVDESS,1.0,dogs are sitting by the door
clip_05296,train,dogs are sitting by the door,RAVDESS,1.0,dogs are sitting by the door
clip_01385,train,dogs are sitting by the door,RAVDESS,1.0,dogs are sitting by the door
clip_01460,train,i think i have a doctors appointment,CREMA-D,1.0,i think i have a doctors appointment
clip_03265,train,kids are talking by the door,RAVDESS,1.0,kids are talking by the door
clip_03402,train,kids are talking by the door,RAVDESS,1.0,kids are talking by the door
clip_03516,train,kids are talking by the door,RAVDESS,1.0,kids are talking by the door
clip_09848,train,kids are talking by the door,RAVDESS,1.0,kids are talking by the door
clip_09812,train,dogs are sitting by the door,RAVDESS,1.0,dogs are sitting by the door
clip_06559,train,dogs are sitting by the door,RAVDESS,1.0,dogs are sitting by the door
clip_05424,train,kids are talking by the door,RAVDESS,1.0,kids are talking by the door
clip_03556,test,the dogs are sitting by the door,RAVDESS,0.9333,dogs are sitting by the door
clip_09845,train,dogs are sitting by the door,RAVDESS,1.0,dogs are sitting by the door
clip_10193,test,i think ive seen this before,CREMA-D,1.0,i think ive seen this before
clip_05473,train,dogs are sitting by the door,RAVDESS,1.0,dogs are sitting by the door
clip_00267,train,dogs are sitting by the door,RAVDESS,1.0,dogs are sitting by the door
clip_06395,train,kids are talking by the door,RAVDESS,1.0,kids are talking by the door
clip_00554,train,that is exactly what happened,CREMA-D,1.0,that is exactly what happened
clip_06806,train,kids are talking by the door,RAVDESS,1.0,kids are talking by the door
clip_06222,train,kids are talking by the door,RAVDESS,1.0,kids are talking by the door
clip_04457,train,dogs are sitting by the door,RAVDESS,1.0,dogs are sitting by the door
clip_10808,train,kids are talking by the door,RAVDESS,1.0,kids are talking by the door
clip_05811,train,dogs are sitting by the door,RAVDESS,1.0,dogs are sitting by the door
clip_05815,train,that is exactly what happened,CREMA-D,1.0,that is exactly what happened
clip_00851,train,dogs are sitting by the door,RAVDESS,1.0,dogs are sitting by the door
clip_00842,train,dogs are sitting by the door,RAVDESS,1.0,dogs are sitting by the door
clip_09373,train,i would like a new alarm clock,CREMA-D,1.0,i would like a new alarm clock
clip_01056,train,that is exactly what happened,CREMA-D,1.0,that is exactly what happened
clip_10480,train,kids are talking by the door,RAVDESS,1.0,kids are talking by the door
clip_05206,train,that is exactly what happened,CREMA-D,1.0,that is exactly what happened
clip_01790,train,kids are talking by the door,RAVDESS,1.0,kids are talking by the door
clip_07516,train,kids are talking by the door,RAVDESS,1.0,kids are talking by the door
clip_05703,test,dogs are sitting by the door,RAVDESS,1.0,dogs are sitting by the door
clip_07645,train,kids are talking by the door,RAVDESS,1.0,kids are talking by the door
clip_07703,train,does her sitting by the door,RAVDESS,0.8929,dogs are sitting by the door
clip_07711,train,its 11 oclock,CREMA-D,1.0,its 11 oclock
clip_04873,train,dogs are sitting by the door,RAVDESS,1.0,dogs are sitting by the door
clip_03151,test,kids are talking by the door,RAVDESS,1.0,kids are talking by the door
clip_08389,test,the hulk dogs are sitting by the door,RAVDESS,0.8615,dogs are sitting by the door
clip_09424,train,kids are talking by the door,RAVDESS,1.0,kids are talking by the door
clip_04320,train,kids are talking by the door,RAVDESS,1.0,kids are talking by the door
clip_05917,train,kids are talking by the door,RAVDESS,1.0,kids are talking by the door
clip_10889,train,kids are talking by the door,RAVDESS,1.0,kids are talking by the door
clip_10636,test,dogs are sitting by the door,RAVDESS,1.0,dogs are sitting by the door
clip_03157,train,dogs are sitting by the door,RAVDESS,1.0,dogs are sitting by the door
clip_07138,test,i think ive seen this before,CREMA-D,1.0,i think ive seen this before
clip_06712,train,dogs are sitting by the door,RAVDESS,1.0,dogs are sitting by the door
clip_08065,train,kids are talking by the door,RAVDESS,1.0,kids are talking by the door
clip_03053,train,dogs are sitting by the door,RAVDESS,1.0,dogs are sitting by the door
clip_06340,test,maybe tomorrow it will be cold,CREMA-D,1.0,maybe tomorrow it will be cold
clip_03687,train,kids are talking by the door,RAVDESS,1.0,kids are talking by the door
clip_03817,train,kids are talking by the door,RAVDESS,1.0,kids are talking by the door
clip_02749,train,kids are talking by the door,RAVDESS,1.0,kids are talking by the door
clip_02418,train,im on my way to the meeting,CREMA-D,1.0,im on my way to the meeting
clip_04214,train,i would like a new alarm clock,CREMA-D,1.0,i would like a new alarm clock
clip_01577,train,kids are talking by the door,RAVDESS,1.0,kids are talking by the door
clip_02978,train,its 11 oclock,CREMA-D,1.0,its 11 oclock
clip_01284,test,kids are talking by the door,RAVDESS,1.0,kids are talking by the door
clip_07400,train,kids are talking by the door,RAVDESS,1.0,kids are talking by the door
clip_07359,train,dogs are sitting by the door,RAVDESS,1.0,dogs are sitting by the door
clip_01178,train,maybe tomorrow it will be cold,CREMA-D,1.0,maybe tomorrow it will be cold
clip_05494,train,dogs are sitting by the door,RAVDESS,1.0,dogs are sitting by the door
clip_01156,train,kids are talking by the door,RAVDESS,1.0,kids are talking by the door
clip_08842,test,kids are talking by the door,RAVDESS,1.0,kids are talking by the door
clip_08780,test,well stop in a couple of minutes,CREMA-D,1.0,well stop in a couple of minutes
clip_08840,train,dogs are sitting by the door,RAVDESS,1.0,dogs are sitting by the door
clip_03743,train,that is exactly what happened,CREMA-D,1.0,that is exactly what happened
clip_03992,train,kids are talking by the door,RAVDESS,1.0,kids are talking by the door
clip_09824,train,kids are talking by the door,RAVDESS,1.0,kids are talking by the door
clip_05620,train,kids are talking by the door,RAVDESS,1.0,kids are talking by the door
clip_06657,train,that is exactly what happened,CREMA-D,1.0,that is exactly what happened
clip_03384,train,kids are talking by the door,RAVDESS,1.0,kids are talking by the door
clip_08637,train,dogs are sitting by the door,RAVDESS,1.0,dogs are sitting by the door
clip_08646,train,dogs are sitting by the door,RAVDESS,1.0,dogs are sitting by the door
clip_08772,train,kids are talking by the door,RAVDESS,1.0,kids are talking by the door
clip_09671,train,kids are talking by the door,RAVDESS,1.0,kids are talking by the door
clip_01333,train,kids are talking by the door,RAVDESS,1.0,kids are talking by the door
clip_07319,train,i think i have a doctors appointment,CREMA-D,1.0,i think i have a doctors appointment
clip_08366,train,dogs are sitting by the door,RAVDESS,1.0,dogs are sitting by the door
clip_08274,train,kids are talking by the tour,RAVDESS,0.9286,kids are talking by the door
clip_08262,train,kids are talking by the door,RAVDESS,1.0,kids are talking by the door
clip_05043,test,dogs are sitting by the door,RAVDESS,1.0,dogs are sitting by the door
clip_09979,test,kids are talking by the door,RAVDESS,1.0,kids are talking by the door
clip_05324,train,dogs are sitting by the door,RAVDESS,1.0,dogs are sitting by the door
clip_01530,train,well stop in a couple minutes,CREMA-D,0.9508,well stop in a couple of minutes
clip_07449,train,dogs are sitting by the door,RAVDESS,1.0,dogs are sitting by the door
clip_06047,train,dogs are sitting by the door,RAVDESS,1.0,dogs are sitting by the door
clip_04577,test,im on my way to the meeting,CREMA-D,1.0,im on my way to the meeting
clip_07694,train,dogs are sitting by the door,RAVDESS,1.0,dogs are sitting by the door
clip_09437,train,that is exactly what happened,CREMA-D,1.0,that is exactly what happened
clip_10225,train,maybe tomorrow it will be cold,CREMA-D,1.0,maybe tomorrow it will be cold
clip_10086,train,dogs are sitting by the door,RAVDESS,1.0,dogs are sitting by the door
clip_09663,test,the airplane is almost full,CREMA-D,1.0,the airplane is almost full
clip_00664,train,kids are talking by the door,RAVDESS,1.0,kids are talking by the door
clip_07487,test,maybe tomorrow it will be cold,CREMA-D,1.0,maybe tomorrow it will be cold
clip_05828,test,kids are talking by the door,RAVDESS,1.0,kids are talking by the door
clip_06915,train,i think ive seen this before,CREMA-D,1.0,i think ive seen this before
clip_03705,train,dogs are sitting by the door,RAVDESS,1.0,dogs are sitting by the door
clip_03819,train,dogs are sitting by the door,RAVDESS,1.0,dogs are sitting by the door
clip_01079,test,dogs are sitting by the door,RAVDESS,1.0,dogs are sitting by the door
clip_04421,train,kids are talking by the door,RAVDESS,1.0,kids are talking by the door
clip_04452,train,dogs are sitting by the door,RAVDESS,1.0,dogs are sitting by the door
clip_10685,train,dogs are sitting by the door,RAVDESS,1.0,dogs are sitting by the door
clip_10816,train,dogs are sitting by the door,RAVDESS,1.0,dogs are sitting by the door
clip_00072,train,that is exactly what happened,CREMA-D,1.0,that is exactly what happened
clip_09206,train,dogs are sitting by the door,RAVDESS,1.0,dogs are sitting by the door
clip_02993,test,dogs are sitting by the door,RAVDESS,1.0,dogs are sitting by the door
clip_03001,test,kids are talking by the door,RAVDESS,1.0,kids are talking by the door
clip_08023,test,i would like a new alarm clock,CREMA-D,1.0,i would like a new alarm clock
clip_09158,train,dogs are sitting by the door,RAVDESS,1.0,dogs are sitting by the door
clip_04255,train,dogs are sitting by the door,RAVDESS,1.0,dogs are sitting by the door
clip_02357,train,kids are talking by the door,RAVDESS,1.0,kids are talking by the door
clip_04462,test,kids are talking by the door,RAVDESS,1.0,kids are talking by the door
clip_04473,test,kids are talking by the door,RAVDESS,1.0,kids are talking by the door
clip_06797,train,kids are talking by the door,RAVDESS,1.0,kids are talking by the door
clip_06562,train,dont want my way to the meeting,CREMA-D,0.8276,im on my way to the meeting
clip_00219,train,that is exactly what happened,CREMA-D,1.0,that is exactly what happened
clip_07568,test,i think i have a doctors appointment,CREMA-D,1.0,i think i have a doctors appointment
clip_10084,train,that is exactly what happened,CREMA-D,1.0,that is exactly what happened
clip_03326,test,kids are talking by the door,RAVDESS,1.0,kids are talking by the door
clip_05485,test,kids are talking by the door,RAVDESS,1.0,kids are talking by the door
clip_05351,test,dogs are sitting by the door,RAVDESS,1.0,dogs are sitting by the door
clip_05210,train,kids are talking by the door,RAVDESS,1.0,kids are talking by the door
clip_02492,train,dogs are sitting by the door,RAVDESS,1.0,dogs are sitting by the door
clip_07481,test,maybe tomorrow it will be cold,CREMA-D,1.0,maybe tomorrow it will be cold
clip_01414,train,dogs are sitting by the door,RAVDESS,1.0,dogs are sitting by the door
clip_04860,train,dogs are sitting by the door,RAVDESS,1.0,dogs are sitting by the door
clip_00909,train,kids are talking by the door,RAVDESS,1.0,kids are talking by the door
clip_06010,train,dogs are sitting by the door,RAVDESS,1.0,dogs are sitting by the door
clip_09582,test,kids are talking by the door,RAVDESS,1.0,kids are talking by the door
clip_04059,train,can theyre talking by the door,RAVDESS,0.7931,kids are talking by the door
clip_09428,train,that is exactly what happened,CREMA-D,1.0,that is exactly what happened
clip_09107,test,that is exactly what happened,CREMA-D,1.0,that is exactly what happened
clip_10352,train,dogs are sitting by the door,RAVDESS,1.0,dogs are sitting by the door
clip_05926,train,dogs are sitting by the door,RAVDESS,1.0,dogs are sitting by the door
clip_02157,train,that is exactly what happened,CREMA-D,1.0,that is exactly what happened
clip_09483,train,i would like a new alarm clock,CREMA-D,1.0,i would like a new alarm clock
clip_03186,test,well stop in a couple of minutes,CREMA-D,1.0,well stop in a couple of minutes
clip_06115,train,kids are talking about the door,RAVDESS,0.9153,kids are talking by the door
clip_02245,train,the kids are talking by the door,RAVDESS,0.9333,kids are talking by the door
clip_09212,train,dogs are sitting by the door,RAVDESS,1.0,dogs are sitting by the door
clip_03116,train,i wonder what this is about,CREMA-D,1.0,i wonder what this is about
clip_08388,train,dogs are sitting by the door,RAVDESS,1.0,dogs are sitting by the door
clip_10700,train,kids are talking by the door,RAVDESS,1.0,kids are talking by the door
clip_05829,train,that is exactly what happened,CREMA-D,1.0,that is exactly what happened
clip_10693,train,dogs are sitting by the door,RAVDESS,1.0,dogs are sitting by the door
clip_07770,train,the airplane is almost full,CREMA-D,1.0,the airplane is almost full
clip_05077,train,dogs are sitting by the door,RAVDESS,1.0,dogs are sitting by the door
clip_06894,train,kids are talking by the door,RAVDESS,1.0,kids are talking by the door
clip_02758,train,dogs are sitting by the door,RAVDESS,1.0,dogs are sitting by the door
clip_01828,train,dogs are sitting by the door,RAVDESS,1.0,dogs are sitting by the door
clip_09172,test,kids are talking by the door,RAVDESS,1.0,kids are talking by the door
clip_03236,train,dogs are sitting by the door,RAVDESS,1.0,dogs are sitting by the door
clip_03229,train,kids are talking by the door,RAVDESS,1.0,kids are talking by the door
clip_01619,train,dogs are sitting by the door,RAVDESS,1.0,dogs are sitting by the door
clip_01245,train,kids are talking by the door,RAVDESS,1.0,kids are talking by the door
clip_03566,test,cant do talking by the door,RAVDESS,0.7636,kids are talking by the door
clip_09040,train,kids are talking by the door,RAVDESS,1.0,kids are talking by the door
clip_05646,train,that is exactly what happened,CREMA-D,1.0,that is exactly what happened
clip_09757,test,dogs are sitting by the door,RAVDESS,1.0,dogs are sitting by the door
clip_01315,train,dogs are sitting by the door,RAVDESS,1.0,dogs are sitting by the door
clip_05412,train,dogs are sitting by the door,RAVDESS,1.0,dogs are sitting by the door
clip_10404,train,dogs are sitting by the door,RAVDESS,1.0,dogs are sitting by the door
clip_06902,test,kids are talking by the door,RAVDESS,1.0,kids are talking by the door
clip_00593,train,i would like a new alarm clock,CREMA-D,1.0,i would like a new alarm clock
clip_03168,train,dogs are sitting by the door,RAVDESS,1.0,dogs are sitting by the door
clip_04307,train,its 11 oclock,CREMA-D,1.0,its 11 oclock
clip_04393,train,the hooks are sitting by the door,RAVDESS,0.8525,dogs are sitting by the door
clip_06134,train,dogs are setting by the door,RAVDESS,0.9643,dogs are sitting by the door
clip_05693,train,dogs are sitting by the door,RAVDESS,1.0,dogs are sitting by the door
clip_09823,train,maybe tomorrow it will be cold,CREMA-D,1.0,maybe tomorrow it will be cold
clip_03364,train,dogs are sitting by the door,RAVDESS,1.0,dogs are sitting by the door
clip_05369,train,i wonder what this is about,CREMA-D,1.0,i wonder what this is about
clip_03072,train,kids are talking at the door,RAVDESS,0.9286,kids are talking by the door
clip_03684,train,kids are talking by the door,RAVDESS,1.0,kids are talking by the door
clip_06244,train,dogs are sitting by the door,RAVDESS,1.0,dogs are sitting by the door
clip_10506,train,dogs are sitting by the door,RAVDESS,1.0,dogs are sitting by the door
clip_10385,train,kids are talking by the door,RAVDESS,1.0,kids are talking by the door
clip_10723,train,dogs are sitting by the door,RAVDESS,1.0,dogs are sitting by the door
clip_02797,train,kids are talking by the door,RAVDESS,1.0,kids are talking by the door
clip_01746,train,dogs are sitting by the door,RAVDESS,1.0,dogs are sitting by the door
clip_05001,train,dogs are sitting by the door,RAVDESS,1.0,dogs are sitting by the door
clip_10383,train,can theyre talking by the door,RAVDESS,0.7931,kids are talking by the door
clip_07082,train,dogs are sitting by the door,RAVDESS,1.0,dogs are sitting by the door
clip_05469,train,kids are talking by the door,RAVDESS,1.0,kids are talking by the door
clip_05657,train,dogs are sitting by the door,RAVDESS,1.0,dogs are sitting by the door
clip_06325,train,dogs are sitting by the door,RAVDESS,1.0,dogs are sitting by the door
clip_01706,train,kids are talking by the door,RAVDESS,1.0,kids are talking by the door
clip_10756,train,dogs are sitting by the door,RAVDESS,1.0,dogs are sitting by the door
clip_03294,train,dogs are sitting by the door,RAVDESS,1.0,dogs are sitting by the door
clip_02235,test,its 11 oclock,CREMA-D,1.0,its 11 oclock
clip_08805,train,dogs are sitting by the door,RAVDESS,1.0,dogs are sitting by the door
clip_05361,train,dogs are sitting by the door,RAVDESS,1.0,dogs are sitting by the door
clip_09938,test,maybe tomorrow it will be cold,CREMA-D,1.0,maybe tomorrow it will be cold
clip_04302,test,i would like a new alarm clock,CREMA-D,1.0,i would like a new alarm clock
clip_08640,train,kids are talking by the door,RAVDESS,1.0,kids are talking by the door
clip_06809,train,i wonder what this is about,CREMA-D,1.0,i wonder what this is about
clip_06254,train,i think i have a doctors appointment,CREMA-D,1.0,i think i have a doctors appointment
clip_08293,train,dogs are sitting by the door,RAVDESS,1.0,dogs are sitting by the door
clip_01356,train,maybe tomorrow it will be cold,CREMA-D,1.0,maybe tomorrow it will be cold
clip_07155,train,and i have the doctors appointment,CREMA-D,0.8286,i think i have a doctors appointment
clip_02290,test,i think i have a doctors appointment,CREMA-D,1.0,i think i have a doctors appointment
clip_06781,train,dont forget a jacket,CREMA-D,1.0,dont forget a jacket
clip_02528,test,i would like a new alarm clock,CREMA-D,1.0,i would like a new alarm clock
clip_10633,train,kids are talking by the door,RAVDESS,1.0,kids are talking by the door
clip_00377,train,kids are talking by the door,RAVDESS,1.0,kids are talking by the door
clip_07036,train,dogs are sitting by the door,RAVDESS,1.0,dogs are sitting by the door
clip_02382,train,dogs are sitting by the door,RAVDESS,1.0,dogs are sitting by the door
clip_02736,train,dogs are sitting by the door,RAVDESS,1.0,dogs are sitting by the door
clip_05794,test,kids are talking by the door,RAVDESS,1.0,kids are talking by the door
clip_00648,train,kids are talking by the door,RAVDESS,1.0,kids are talking by the door
clip_09541,train,dogs are sitting by the door,RAVDESS,1.0,dogs are sitting by the door
clip_09546,train,its 11 oclock,CREMA-D,1.0,its 11 oclock
clip_02652,test,kids are talking by the door,RAVDESS,1.0,kids are talking by the door
clip_08261,train,that is exactly what happened,CREMA-D,1.0,that is exactly what happened
clip_01787,train,doctor sitting by the door,RAVDESS,0.8519,dogs are sitting by the door
clip_03845,train,dogs are sitting by the door,RAVDESS,1.0,dogs are sitting by the door
clip_03332,train,the airplane is almost full,CREMA-D,1.0,the airplane is almost full
clip_09156,test,kids are talking by the door,RAVDESS,1.0,kids are talking by the door
clip_10772,train,dogs are sitting by the door,RAVDESS,1.0,dogs are sitting by the door
clip_10151,train,kids are talking by the door,RAVDESS,1.0,kids are talking by the door
clip_04964,test,i think ive seen this before,CREMA-D,1.0,i think ive seen this before
clip_00339,train,the airplane is almost full,CREMA-D,1.0,the airplane is almost full
clip_10648,train,get there talking by the door,RAVDESS,0.807,kids are talking by the door
clip_07448,train,kids are talking by the door,RAVDESS,1.0,kids are talking by the door
clip_01507,train,i would like a new alarm clock,CREMA-D,1.0,i would like a new alarm clock
clip_02463,train,kids are talking by the door,RAVDESS,1.0,kids are talking by the door
clip_07624,train,so talking by the door,RAVDESS,0.84,kids are talking by the door
clip_01733,train,i would like a new alarm clock,CREMA-D,1.0,i would like a new alarm clock
clip_02760,test,dogs are sitting by the door,RAVDESS,1.0,dogs are sitting by the door
clip_00189,train,kids are talking by the door,RAVDESS,1.0,kids are talking by the door
clip_00452,train,dogs are sitting by the door,RAVDESS,1.0,dogs are sitting by the door
clip_03077,train,kids are talking about the door,RAVDESS,0.9153,kids are talking by the door
clip_03152,train,kids are talking by the door,RAVDESS,1.0,kids are talking by the door
clip_00153,train,well in a couple of minutes,CREMA-D,0.9153,well stop in a couple of minutes
clip_07631,train,kids are talking by the door,RAVDESS,1.0,kids are talking by the door
clip_02616,train,dogs are sitting by the door,RAVDESS,1.0,dogs are sitting by the door
clip_06005,train,kids are talking by the door,RAVDESS,1.0,kids are talking by the door
clip_04826,train,i wonder what this is about,CREMA-D,1.0,i wonder what this is about
clip_04370,train,the kids are talking by the door,RAVDESS,0.9333,kids are talking by the door
clip_04149,train,lets stop in a couple of minutes,CREMA-D,0.9062,well stop in a couple of minutes
clip_07918,train,dogs are sitting by the door,RAVDESS,1.0,dogs are sitting by the door
clip_02259,train,im like a new alarm clock,CREMA-D,0.8727,i would like a new alarm clock
clip_08121,test,i would like a new alarm clock,CREMA-D,1.0,i would like a new alarm clock
clip_10015,train,kids are talking by the door,RAVDESS,1.0,kids are talking by the door
clip_04140,train,i would like a new alarm clock,CREMA-D,1.0,i would like a new alarm clock
clip_06534,train,well stop in a couple of minutes,CREMA-D,1.0,well stop in a couple of minutes
clip_10616,train,that is exactly what happened,CREMA-D,1.0,that is exactly what happened
clip_10840,test,that is exactly what happened,CREMA-D,1.0,that is exactly what happened
clip_06549,train,the airplane is almost full,CREMA-D,1.0,the airplane is almost full
clip_05552,train,dogs are sitting by the door,RAVDESS,1.0,dogs are sitting by the door
clip_09359,train,dogs are sitting by the door,RAVDESS,1.0,dogs are sitting by the door
clip_07585,train,dogs are sitting by the door,RAVDESS,1.0,dogs are sitting by the door
clip_08922,train,kids are talking by the door,RAVDESS,1.0,kids are talking by the door
clip_02639,train,dogs are sitting by the door,RAVDESS,1.0,dogs are sitting by the door
clip_10006,train,kids are talking by the door,RAVDESS,1.0,kids are talking by the door
clip_09077,train,dogs are sitting by the door,RAVDESS,1.0,dogs are sitting by the door
clip_06544,train,kids are talking by the door,RAVDESS,1.0,kids are talking by the door
clip_08411,train,that is exactly what happened,CREMA-D,1.0,that is exactly what happened
clip_06670,train,dogs are sitting by the door,RAVDESS,1.0,dogs are sitting by the door
clip_10570,train,i would like a new alarm clock,CREMA-D,1.0,i would like a new alarm clock
clip_10152,test,dogs are sitting by the door,RAVDESS,1.0,dogs are sitting by the door
clip_03646,train,i would like a new alarm clock,CREMA-D,1.0,i would like a new alarm clock
clip_03078,train,kids are talking by the door,RAVDESS,1.0,kids are talking by the door
clip_03485,train,dogs are sitting by the door,RAVDESS,1.0,dogs are sitting by the door
clip_10575,train,that is exactly what happened,CREMA-D,1.0,that is exactly what happened
clip_09214,train,kids are talking by the door,RAVDESS,1.0,kids are talking by the door
clip_07830,train,dogs are sitting by the door,RAVDESS,1.0,dogs are sitting by the door
clip_00354,train,kids are talking by the door,RAVDESS,1.0,kids are talking by the door
clip_07617,train,because theyre talking by the door,RAVDESS,0.7419,kids are talking by the door
clip_07797,train,maybe tomorrow it will be cold,CREMA-D,1.0,maybe tomorrow it will be cold
clip_00736,test,i would like a new alarm clock,CREMA-D,1.0,i would like a new alarm clock
clip_00965,train,dogs are sitting by the door,RAVDESS,1.0,dogs are sitting by the door
clip_04493,train,kids are talking by the door,RAVDESS,1.0,kids are talking by the door
clip_06964,train,maybe tomorrow it will be cold,CREMA-D,1.0,maybe tomorrow it will be cold
clip_02580,train,dogs are sitting by the door,RAVDESS,1.0,dogs are sitting by the door
clip_08297,test,deluxe youre sitting by the door,RAVDESS,0.8,dogs are sitting by the door
clip_07593,train,dogs are sitting by the door,RAVDESS,1.0,dogs are sitting by the door
clip_07524,train,dogs are sitting by the door,RAVDESS,1.0,dogs are sitting by the door
clip_05348,train,cutes are talking by the door,RAVDESS,0.8772,kids are talking by the door
clip_10420,train,maybe tomorrow it will be cold,CREMA-D,1.0,maybe tomorrow it will be cold
clip_00649,train,dogs are sitting by the door,RAVDESS,1.0,dogs are sitting by the door
clip_03245,train,dogs are sitting by the door,RAVDESS,1.0,dogs are sitting by the door
clip_01605,train,dogs are sitting by the door,RAVDESS,1.0,dogs are sitting by the door
clip_07326,train,dogs are sitting by the door,RAVDESS,1.0,dogs are sitting by the door
clip_06630,test,i think ive seen this before,CREMA-D,1.0,i think ive seen this before
clip_09010,train,dogs are sitting by the door,RAVDESS,1.0,dogs are sitting by the door
clip_09001,train,dogs are sitting by the door,RAVDESS,1.0,dogs are sitting by the door
clip_01560,train,that is exactly what happened,CREMA-D,1.0,that is exactly what happened
clip_05129,train,kids are talking by the door,RAVDESS,1.0,kids are talking by the door
clip_03438,train,kids are jockeying by the door,RAVDESS,0.8621,kids are talking by the door
clip_02374,test,kids are talking by the door,RAVDESS,1.0,kids are talking by the door
clip_07060,test,i would like a new alarm clock,CREMA-D,1.0,i would like a new alarm clock
clip_10309,train,kids are talking by the door,RAVDESS,1.0,kids are talking by the door
clip_00925,train,dogs are sitting by the door,RAVDESS,1.0,dogs are sitting by the door
clip_07443,train,kids are talking by the door,RAVDESS,1.0,kids are talking by the door
clip_03849,train,kids are talking by the door,RAVDESS,1.0,kids are talking by the door
clip_03864,train,that is exactly what happened,CREMA-D,1.0,that is exactly what happened
clip_07529,train,i think ive seen this before,CREMA-D,1.0,i think ive seen this before
clip_02238,train,that is exactly what happened,CREMA-D,1.0,that is exactly what happened
clip_05509,train,kids are talking by the door,RAVDESS,1.0,kids are talking by the door
clip_01133,train,dogs are sitting by the door,RAVDESS,1.0,dogs are sitting by the door
clip_00722,train,dogs are sitting by the door,RAVDESS,1.0,dogs are sitting by the door
clip_05537,train,deluxe are sitting by the door,RAVDESS,0.8621,dogs are sitting by the door
clip_08259,train,well stop in a couple of minutes,CREMA-D,1.0,well stop in a couple of minutes
clip_07457,test,the surface is slick,CREMA-D,1.0,the surface is slick
clip_01574,train,maybe tomorrow will be cold,CREMA-D,0.9474,maybe tomorrow it will be cold
clip_07261,train,kids are talking by the door,RAVDESS,1.0,kids are talking by the door
clip_03937,train,its 11 oclock,CREMA-D,1.0,its 11 oclock
clip_08055,train,kids are talking by the door,RAVDESS,1.0,kids are talking by the door
clip_09315,train,kids are talking by the door,RAVDESS,1.0,kids are talking by the door
clip_09470,train,the dogs are sitting by the door,RAVDESS,0.9333,dogs are sitting by the door
clip_09488,train,the surface is slick,CREMA-D,1.0,the surface is slick
clip_09242,train,dogs are sitting by the door,RAVDESS,1.0,dogs are sitting by the door
clip_06967,train,kids are talking by the door,RAVDESS,1.0,kids are talking by the door
clip_06065,test,dogs are sitting behind the door,RAVDESS,0.9,dogs are sitting by the door
clip_09096,train,well stop in a couple of minutes,CREMA-D,1.0,well stop in a couple of minutes
clip_04298,test,kids are talking by the door,RAVDESS,1.0,kids are talking by the door
clip_02514,test,i think ive seen this before,CREMA-D,1.0,i think ive seen this before
clip_06961,test,dogs are sitting by the door,RAVDESS,1.0,dogs are sitting by the door
clip_00572,train,i think i have a doctors appointment,CREMA-D,1.0,i think i have a doctors appointment
clip_06833,train,kid theyre talking by the door,RAVDESS,0.8966,kids are talking by the door
clip_08229,train,kids are talking by the door,RAVDESS,1.0,kids are talking by the door
clip_03470,test,kids are talking by the door,RAVDESS,1.0,kids are talking by the door
clip_01707,train,dogs are sitting by the door,RAVDESS,1.0,dogs are sitting by the door
clip_09328,train,kids are talking by the door,RAVDESS,1.0,kids are talking by the door
clip_06297,train,kids are talking by the door,RAVDESS,1.0,kids are talking by the door
clip_09261,test,kids are talking by the door,RAVDESS,1.0,kids are talking by the door
clip_02284,test,its 11 oclock,CREMA-D,1.0,its 11 oclock
clip_08440,test,that is exactly what happened,CREMA-D,1.0,that is exactly what happened
clip_01222,train,dogs are sitting by the door,RAVDESS,1.0,dogs are sitting by the door
clip_01157,train,i think ive seen this before,CREMA-D,1.0,i think ive seen this before
clip_07734,test,dogs are sitting by the door,RAVDESS,1.0,dogs are sitting by the door
clip_06943,train,kids are talking by the door,RAVDESS,1.0,kids are talking by the door
clip_02414,train,dogs are sitting by the door,RAVDESS,1.0,dogs are sitting by the door
clip_04831,train,kids are talking by the door,RAVDESS,1.0,kids are talking by the door
clip_04746,train,kids are talking by the door,RAVDESS,1.0,kids are talking by the door
clip_06875,train,kids are talking by the door,RAVDESS,1.0,kids are talking by the door
clip_10856,test,kids are talking by the door,RAVDESS,1.0,kids are talking by the door
clip_10169,train,kids are talking by the door,RAVDESS,1.0,kids are talking by the door
clip_02819,test,kids are talking by the door,RAVDESS,1.0,kids are talking by the door
clip_09426,train,and that is exactly what happened,CREMA-D,0.9355,that is exactly what happened
clip_02336,train,kids are talking by the door,RAVDESS,1.0,kids are talking by the door
clip_09130,train,that is exactly what happened,CREMA-D,1.0,that is exactly what happened
clip_02138,train,dogs are sitting by the door,RAVDESS,1.0,dogs are sitting by the door
clip_04245,train,kids are talking by the door,RAVDESS,1.0,kids are talking by the door
clip_08445,train,i think i have a doctors appointment,CREMA-D,1.0,i think i have a doctors appointment
clip_03217,train,dogs are sitting by the door,RAVDESS,1.0,dogs are sitting by the door
clip_01063,train,dogs are sitting by the door,RAVDESS,1.0,dogs are sitting by the door
clip_01114,train,kids are talking by the door,RAVDESS,1.0,kids are talking by the door
clip_02038,test,dont forget a jacket,CREMA-D,1.0,dont forget a jacket
clip_01265,train,its 11 oclock,CREMA-D,1.0,its 11 oclock
clip_08193,train,i wonder what this is about,CREMA-D,1.0,i wonder what this is about
clip_02683,test,kids are talking by the door,RAVDESS,1.0,kids are talking by the door
clip_08385,train,dogs are sitting by the door,RAVDESS,1.0,dogs are sitting by the door
clip_03612,train,dogs are sitting by the door,RAVDESS,1.0,dogs are sitting by the door
clip_08664,test,kids are talking by the door,RAVDESS,1.0,kids are talking by the door
clip_01016,train,i think i have a doctors appointment,CREMA-D,1.0,i think i have a doctors appointment
clip_04113,train,dogs are sitting by the door,RAVDESS,1.0,dogs are sitting by the door
clip_04088,train,kids are talking by the door,RAVDESS,1.0,kids are talking by the door
clip_05667,train,kids are talking by the door,RAVDESS,1.0,kids are talking by the door
clip_06203,test,i think i have a doctors appointment,CREMA-D,1.0,i think i have a doctors appointment
clip_02042,train,dogs are sitting by the door,RAVDESS,1.0,dogs are sitting by the door
clip_03453,test,dogs are sitting by the door,RAVDESS,1.0,dogs are sitting by the door
clip_02962,train,dogs are sitting by the door,RAVDESS,1.0,dogs are sitting by the door
clip_07051,train,kids are talking by the door,RAVDESS,1.0,kids are talking by the door
clip_07613,test,i think i have a doctors appointment,CREMA-D,1.0,i think i have a doctors appointment
clip_08438,train,dogs are sitting by the door,RAVDESS,1.0,dogs are sitting by the door
clip_04017,test,theyll stop in a couple of minutes,CREMA-D,0.9394,well stop in a couple of minutes
clip_07919,train,kids are talking about the door,RAVDESS,0.9153,kids are talking by the door
clip_01332,train,its 11 oclock,CREMA-D,1.0,its 11 oclock
clip_09814,train,i would like a new alarm clock,CREMA-D,1.0,i would like a new alarm clock
clip_06117,train,dogs are sitting by the door,RAVDESS,1.0,dogs are sitting by the door
clip_10379,train,dogs are sitting by the door,RAVDESS,1.0,dogs are sitting by the door
clip_08451,train,kids are talking by the door,RAVDESS,1.0,kids are talking by the door
clip_05838,train,kids are talking by the door,RAVDESS,1.0,kids are talking by the door
clip_02347,train,kids are talking by the door,RAVDESS,1.0,kids are talking by the door
clip_09127,train,dogs are sitting by the door,RAVDESS,1.0,dogs are sitting by the door
clip_06000,test,dogs are sitting by the door,RAVDESS,1.0,dogs are sitting by the door
clip_08177,train,kids are talking by the door,RAVDESS,1.0,kids are talking by the door
clip_06025,train,kids are talking by the door,RAVDESS,1.0,kids are talking by the door
clip_02737,train,kids are talking by the door,RAVDESS,1.0,kids are talking by the door
clip_04769,train,that is exactly what happened,CREMA-D,1.0,that is exactly what happened
clip_04543,test,dogs are sitting by the door,RAVDESS,1.0,dogs are sitting by the door
clip_03685,train,well stop in a couple of minutes,CREMA-D,1.0,well stop in a couple of minutes
clip_01487,train,maybe tomorrow it will be cold,CREMA-D,1.0,maybe tomorrow it will be cold
clip_10645,train,the airplane is almost full,CREMA-D,1.0,the airplane is almost full
clip_05498,test,kids are talking by the door,RAVDESS,1.0,kids are talking by the door
clip_00326,train,kids are talking by the door,RAVDESS,1.0,kids are talking by the door
clip_09258,test,dogs are sitting by the door,RAVDESS,1.0,dogs are sitting by the door
clip_10895,train,maybe a lot of them will be cold,CREMA-D,0.6774,maybe tomorrow it will be cold
clip_05513,train,its 11 oclock,CREMA-D,1.0,its 11 oclock
clip_07233,train,dogs are sitting by the door,RAVDESS,1.0,dogs are sitting by the door
clip_00681,train,dogs are sitting by the door,RAVDESS,1.0,dogs are sitting by the door
clip_10708,test,kids are talking by the door,RAVDESS,1.0,kids are talking by the door
clip_10060,test,dogs are sitting by the door,RAVDESS,1.0,dogs are sitting by the door
clip_07792,train,dogs are sitting by the door,RAVDESS,1.0,dogs are sitting by the door
clip_02775,train,kids are talking by the door,RAVDESS,1.0,kids are talking by the door
clip_07259,test,dogs are sitting by the door,RAVDESS,1.0,dogs are sitting by the door
clip_04369,test,kids are talking by the door,RAVDESS,1.0,kids are talking by the door
clip_07906,train,kids are talking by the door,RAVDESS,1.0,kids are talking by the door
clip_07523,test,dont forget a jacket,CREMA-D,1.0,dont forget a jacket
clip_00860,train,kids are talking by the door,RAVDESS,1.0,kids are talking by the door
clip_01088,test,the airplane is almost full,CREMA-D,1.0,the airplane is almost full
clip_01201,train,kids are talking by the door,RAVDESS,1.0,kids are talking by the door
clip_02930,train,kids are talking by the door,RAVDESS,1.0,kids are talking by the door
clip_07378,train,kids are talking by the door,RAVDESS,1.0,kids are talking by the door
clip_04678,test,kids are talking by the door,RAVDESS,1.0,kids are talking by the door
clip_01116,train,dogs are sitting by the door,RAVDESS,1.0,dogs are sitting by the door
clip_02341,train,kids are talking by the door,RAVDESS,1.0,kids are talking by the door
clip_01713,train,kids are talking by the door,RAVDESS,1.0,kids are talking by the door
clip_06934,train,kids are talking by the door,RAVDESS,1.0,kids are talking by the door
clip_03712,train,kids are talking by the door,RAVDESS,1.0,kids are talking by the door
clip_04309,train,kids are talking by the door,RAVDESS,1.0,kids are talking by the door
clip_03986,train,kids are talking by the door,RAVDESS,1.0,kids are talking by the door
clip_01629,train,kids are talking by the door,RAVDESS,1.0,kids are talking by the door
clip_02015,test,dogs are sitting by the door,RAVDESS,1.0,dogs are sitting by the door
clip_02226,train,its 11 oclock,CREMA-D,1.0,its 11 oclock
clip_03107,test,i think id have a doctors appointment,CREMA-D,0.9863,i think i have a doctors appointment
clip_10316,train,kids are talking by the door,RAVDESS,1.0,kids are talking by the door
clip_09975,train,dogs are sitting by the door,RAVDESS,1.0,dogs are sitting by the door
clip_07823,train,kids are talking by the door,RAVDESS,1.0,kids are talking by the door
clip_06799,train,the airplane is almost full,CREMA-D,1.0,the airplane is almost full
clip_00453,train,dogs are sitting by the door,RAVDESS,1.0,dogs are sitting by the door
clip_01894,train,dogs are sitting by the door,RAVDESS,1.0,dogs are sitting by the door
clip_07231,train,maybe tomorrow it will be cold,CREMA-D,1.0,maybe tomorrow it will be cold
clip_03372,train,that is exactly what happened,CREMA-D,1.0,that is exactly what happened
clip_10537,train,dogs are sitting by the door,RAVDESS,1.0,dogs are sitting by the door
clip_08683,train,kids are talking by the door,RAVDESS,1.0,kids are talking by the door
clip_10828,train,dogs are sitting by the door,RAVDESS,1.0,dogs are sitting by the door
clip_05506,train,the airplane is almost full,CREMA-D,1.0,the airplane is almost full
clip_09045,train,dogs are sitting by the door,RAVDESS,1.0,dogs are sitting by the door
clip_06832,train,dogs are sitting by the door,RAVDESS,1.0,dogs are sitting by the door
clip_02513,train,its 11 oclock,CREMA-D,1.0,its 11 oclock
clip_04419,train,dogs are sitting by the door,RAVDESS,1.0,dogs are sitting by the door
clip_10596,train,dogs are sitting by the door,RAVDESS,1.0,dogs are sitting by the door
clip_00040,test,kids are talking by the door,RAVDESS,1.0,kids are talking by the door
clip_08457,train,dogs are sitting by the door,RAVDESS,1.0,dogs are sitting by the door
clip_00456,train,chins are talking by the door,RAVDESS,0.9123,kids are talking by the door
clip_07375,train,kids are talking by the door,RAVDESS,1.0,kids are talking by the door
clip_02727,test,kids are talking by the door,RAVDESS,1.0,kids are talking by the door
clip_00310,test,dogs are sitting by the door,RAVDESS,1.0,dogs are sitting by the door
clip_07504,test,kids are talking by the door,RAVDESS,1.0,kids are talking by the door
clip_02576,train,that is exactly what happened,CREMA-D,1.0,that is exactly what happened
clip_02767,train,kids are talking by the door,RAVDESS,1.0,kids are talking by the door
clip_09561,test,dogs are sitting by the door,RAVDESS,1.0,dogs are sitting by the door
clip_07159,test,that is exactly what happened,CREMA-D,1.0,that is exactly what happened
clip_03538,train,kids are talking by the door,RAVDESS,1.0,kids are talking by the door
clip_01979,train,kids are talking by the door,RAVDESS,1.0,kids are talking by the door
clip_05111,test,kids are talking by the door,RAVDESS,1.0,kids are talking by the door
clip_09826,train,dogs are sitting by the door,RAVDESS,1.0,dogs are sitting by the door
clip_01389,train,dogs are sitting by the door,RAVDESS,1.0,dogs are sitting by the door
clip_09986,test,odds it sitting by the door,RAVDESS,0.8364,dogs are sitting by the door
clip_00277,train,dogs are sitting by the door,RAVDESS,1.0,dogs are sitting by the door
clip_08740,train,kids are talking by the door,RAVDESS,1.0,kids are talking by the door
clip_01107,train,kids are talking by the door,RAVDESS,1.0,kids are talking by the door
clip_01592,train,that is exactly what happened,CREMA-D,1.0,that is exactly what happened
clip_09041,train,that is exactly what happened,CREMA-D,1.0,that is exactly what happened
clip_05562,train,im all my way to the meeting,CREMA-D,0.9091,im on my way to the meeting
clip_10447,train,kids are talking by the door,RAVDESS,1.0,kids are talking by the door
clip_06643,train,i think i have a doctors appointment,CREMA-D,1.0,i think i have a doctors appointment
clip_06530,train,kid im talking by the door,RAVDESS,0.8889,kids are talking by the door
clip_00438,train,the dogs are sitting by the door,RAVDESS,0.9333,dogs are sitting by the door
clip_10780,train,dogs are sitting by the door,RAVDESS,1.0,dogs are sitting by the door
clip_05118,train,that is exactly what happened,CREMA-D,1.0,that is exactly what happened
clip_07472,train,that is exactly what happened,CREMA-D,1.0,that is exactly what happened
clip_01329,train,dogs are sitting by the door,RAVDESS,1.0,dogs are sitting by the door
clip_07122,train,dogs are sitting by the door,RAVDESS,1.0,dogs are sitting by the door
clip_02285,train,kids are talking by the door,RAVDESS,1.0,kids are talking by the door
clip_07996,train,dogs are sitting by the door,RAVDESS,1.0,dogs are sitting by the door
clip_03127,train,kids are talking by the door,RAVDESS,1.0,kids are talking by the door
clip_08284,train,kids are tugging by the door,RAVDESS,0.8929,kids are talking by the door
clip_02312,train,dogs are setting by the door,RAVDESS,0.9643,dogs are sitting by the door
clip_08249,test,maybe tomorrow it will be cold,CREMA-D,1.0,maybe tomorrow it will be cold
clip_09846,test,kids are talking by the door,RAVDESS,1.0,kids are talking by the door
clip_03239,train,i would like a new alarm clock,CREMA-D,1.0,i would like a new alarm clock
clip_00116,train,dogs are sitting by the door,RAVDESS,1.0,dogs are sitting by the door
clip_10146,test,dogs are sitting by the door,RAVDESS,1.0,dogs are sitting by the door
clip_00319,train,kids are talking by the door,RAVDESS,1.0,kids are talking by the door
clip_05637,train,kids are talking by the door,RAVDESS,1.0,kids are talking by the door
clip_09496,train,doc or sitting by the door,RAVDESS,0.8889,dogs are sitting by the door
clip_06794,test,dogs are sitting by the door,RAVDESS,1.0,dogs are sitting by the door
clip_04583,train,kids are talking by the door,RAVDESS,1.0,kids are talking by the door
clip_04232,train,dogs are sitting by the door,RAVDESS,1.0,dogs are sitting by the door
clip_00825,train,kids are talking by the door,RAVDESS,1.0,kids are talking by the door
clip_07333,test,i think i have a doctors appointment,CREMA-D,1.0,i think i have a doctors appointment
clip_06827,train,dogs are sitting by the door,RAVDESS,1.0,dogs are sitting by the door
clip_04874,train,that is exactly what happened,CREMA-D,1.0,that is exactly what happened
clip_02518,train,dogs are sitting by the door,RAVDESS,1.0,dogs are sitting by the door
clip_01074,test,baby tomorrow it will be cold,CREMA-D,0.8814,maybe tomorrow it will be cold
clip_05155,train,kids are talking by the door,RAVDESS,1.0,kids are talking by the door
clip_08510,train,kids are talking by the door,RAVDESS,1.0,kids are talking by the door
clip_10824,train,maybe tomorrow it will be cold,CREMA-D,1.0,maybe tomorrow it will be cold
clip_03026,test,kids are talking by the door,RAVDESS,1.0,kids are talking by the door
clip_00241,train,kids are talking by the door,RAVDESS,1.0,kids are talking by the door
clip_06391,test,maybe tomorrow it will be cold,CREMA-D,1.0,maybe tomorrow it will be cold
clip_10278,test,dogs are sitting by the door,RAVDESS,1.0,dogs are sitting by the door
clip_10355,train,dogs are sitting by the door,RAVDESS,1.0,dogs are sitting by the door
clip_00793,train,kids are talking by the door,RAVDESS,1.0,kids are talking by the door
clip_07115,test,dogs are sitting by the door,RAVDESS,1.0,dogs are sitting by the door
clip_00218,train,kids are talking by the door,RAVDESS,1.0,kids are talking by the door
clip_05378,train,kids are talking by the door,RAVDESS,1.0,kids are talking by the door
clip_03212,train,kids are talking by the door,RAVDESS,1.0,kids are talking by the door
clip_07802,train,kids are talking by the door,RAVDESS,1.0,kids are talking by the door
clip_03537,test,that is exactly what happened,CREMA-D,1.0,that is exactly what happened
clip_08365,train,i think i had a doctor at the appointment,CREMA-D,0.8571,i think i have a doctors appointment
clip_09613,train,that is exactly what happened,CREMA-D,1.0,that is exactly what happened
clip_01403,train,kids are talking by the door,RAVDESS,1.0,kids are talking by the door
clip_03489,train,well stop in a couple of minutes,CREMA-D,1.0,well stop in a couple of minutes
clip_08189,train,kids are talking by the door,RAVDESS,1.0,kids are talking by the door
clip_06532,train,kids are talking by the door,RAVDESS,1.0,kids are talking by the door
clip_00763,test,i would like a new alarm clock,CREMA-D,1.0,i would like a new alarm clock
clip_08144,train,i think i have a factor of appointment,CREMA-D,0.8919,i think i have a doctors appointment
clip_02967,test,the kids are talking by the door,RAVDESS,0.9333,kids are talking by the door
clip_07862,train,kids are talking by the door,RAVDESS,1.0,kids are talking by the door
clip_05891,test,kids are talking by the door,RAVDESS,1.0,kids are talking by the door
clip_08247,train,kids are talking by the door,RAVDESS,1.0,kids are talking by the door
clip_06494,train,and kids are talking by the door,RAVDESS,0.9333,kids are talking by the door
clip_08720,test,kids are talking by the door,RAVDESS,1.0,kids are talking by the door
clip_01057,train,that is exactly what happened,CREMA-D,1.0,that is exactly what happened
clip_05106,train,dogs are sitting by the door,RAVDESS,1.0,dogs are sitting by the door
clip_02428,train,kids are talking by the door,RAVDESS,1.0,kids are talking by the door
clip_06157,test,kids are talking by the door,RAVDESS,1.0,kids are talking by the door
clip_04122,test,i would like a long clock,CREMA-D,0.8,i would like a new alarm clock
clip_10791,test,dogs are sitting by the door,RAVDESS,1.0,dogs are sitting by the door
clip_07006,train,kids are talking by the door,RAVDESS,1.0,kids are talking by the door
clip_06737,train,kids are talking by the door,RAVDESS,1.0,kids are talking by the door
clip_06147,test,kids are talking by the door,RAVDESS,1.0,kids are talking by the door
clip_07057,train,kids are talking by the door,RAVDESS,1.0,kids are talking by the door
clip_10698,train,dogs are sitting by the door,RAVDESS,1.0,dogs are sitting by the door
clip_01255,train,maybe tomorrow it will be cold,CREMA-D,1.0,maybe tomorrow it will be cold
clip_01301,train,dogs are sitting by the door,RAVDESS,1.0,dogs are sitting by the door
clip_09493,train,maybe tomorrow it will be cold,CREMA-D,1.0,maybe tomorrow it will be cold
clip_03808,test,that is exactly what happened,CREMA-D,1.0,that is exactly what happened
clip_08580,train,kids are talking by the door,RAVDESS,1.0,kids are talking by the door
clip_03562,test,that is exactly what happened to me,CREMA-D,0.9062,that is exactly what happened
clip_10291,test,i think i have a doctors appointment,CREMA-D,1.0,i think i have a doctors appointment
clip_05371,train,dogs are sitting by the door,RAVDESS,1.0,dogs are sitting by the door
clip_00521,train,well stop in a couple of minutes,CREMA-D,1.0,well stop in a couple of minutes
clip_08519,train,kids are talking by the door,RAVDESS,1.0,kids are talking by the door
clip_06341,train,kids are talking by the door,RAVDESS,1.0,kids are talking by the door
clip_04281,train,that is exactly what happened,CREMA-D,1.0,that is exactly what happened
clip_04578,train,i think i have a doctors appointment,CREMA-D,1.0,i think i have a doctors appointment
clip_01494,test,kids are talking by the door,RAVDESS,1.0,kids are talking by the door
clip_02589,test,i would like a new alarm clock,CREMA-D,1.0,i would like a new alarm clock
clip_10340,train,kids are talking by the door,RAVDESS,1.0,kids are talking by the door
clip_06338,test,i think i have a doctors appointment,CREMA-D,1.0,i think i have a doctors appointment
clip_08424,test,dogs are sitting by the door,RAVDESS,1.0,dogs are sitting by the door
clip_06756,train,kids are talking by the door,RAVDESS,1.0,kids are talking by the door
clip_07248,train,kids are talking by the door,RAVDESS,1.0,kids are talking by the door
clip_08675,test,dogs are sitting by the door,RAVDESS,1.0,dogs are sitting by the door
clip_02405,test,that is exactly what happened,CREMA-D,1.0,that is exactly what happened
clip_09726,train,kids are talking by the door,RAVDESS,1.0,kids are talking by the door
clip_05949,train,dogs are sitting by the door,RAVDESS,1.0,dogs are sitting by the door
clip_01522,train,kids are talking by the door,RAVDESS,1.0,kids are talking by the door
clip_08682,train,the dogs are sitting by the door,RAVDESS,0.9333,dogs are sitting by the door
clip_01542,train,dogs are sitting by the door,RAVDESS,1.0,dogs are sitting by the door
clip_09633,train,dogs are sitting by the door,RAVDESS,1.0,dogs are sitting by the door
clip_06579,train,dogs are sitting by the door,RAVDESS,1.0,dogs are sitting by the door
clip_05185,test,dogs are sitting by the door,RAVDESS,1.0,dogs are sitting by the door
clip_01977,train,kids are talking by the door,RAVDESS,1.0,kids are talking by the door
clip_04917,test,kids are talking by the door,RAVDESS,1.0,kids are talking by the door
clip_04406,train,kids are talking by the door,RAVDESS,1.0,kids are talking by the door
clip_09697,train,that is exactly what happened,CREMA-D,1.0,that is exactly what happened
clip_06252,train,dogs are sitting by the door,RAVDESS,1.0,dogs are sitting by the door
clip_07079,train,that is exactly what happened,CREMA-D,1.0,that is exactly what happened
clip_04277,train,i think thats seeing this before,CREMA-D,0.8333,i think ive seen this before
clip_00203,train,dogs are sitting by the door,RAVDESS,1.0,dogs are sitting by the door
clip_02527,test,that is exactly what happened,CREMA-D,1.0,that is exactly what happened
clip_08778,train,that is exactly what happened,CREMA-D,1.0,that is exactly what happened
clip_03643,train,kids are talking by the door,RAVDESS,1.0,kids are talking by the door
clip_08223,train,maybe tomorrow it will be cold,CREMA-D,1.0,maybe tomorrow it will be cold
clip_01200,train,maybe tomorrow it will be cold,CREMA-D,1.0,maybe tomorrow it will be cold
clip_05302,test,ah dogs are sitting by the door,RAVDESS,0.9492,dogs are sitting by the door
clip_07958,train,kids are talking by the door,RAVDESS,1.0,kids are talking by the door
clip_08951,train,kids are talking by the door,RAVDESS,1.0,kids are talking by the door
clip_08060,train,daughters sitting by the door,RAVDESS,0.807,dogs are sitting by the door
clip_01833,train,dont know what theyre saying by the door,RAVDESS,0.6765,dogs are sitting by the door
clip_09231,test,dogs are sitting by the door,RAVDESS,1.0,dogs are sitting by the door
clip_01061,test,kids are talking by the door,RAVDESS,1.0,kids are talking by the door
clip_06090,train,that is exactly what happened,CREMA-D,1.0,that is exactly what happened
clip_02174,train,kids are talking by the door,RAVDESS,1.0,kids are talking by the door
clip_06840,train,dogs are sitting by the door,RAVDESS,1.0,dogs are sitting by the door
clip_00315,train,kids are talking by the door,RAVDESS,1.0,kids are talking by the door
clip_05869,train,dogs are sitting by the door,RAVDESS,1.0,dogs are sitting by the door
clip_03791,train,that is exactly what happened,CREMA-D,1.0,that is exactly what happened
clip_01544,test,that is exactly what happened,CREMA-D,1.0,that is exactly what happened
clip_07361,train,dogs are sitting by the door,RAVDESS,1.0,dogs are sitting by the door
clip_04132,train,the airplane is almost full,CREMA-D,1.0,the airplane is almost full
clip_09819,train,dogs are sitting by the door,RAVDESS,1.0,dogs are sitting by the door
clip_10038,train,im on my way to the meeting,CREMA-D,1.0,im on my way to the meeting
clip_04584,train,dogs are sitting by the door,RAVDESS,1.0,dogs are sitting by the door
clip_00179,train,i think i had a doctors appointment,CREMA-D,0.9577,i think i have a doctors appointment
clip_04868,train,kids are talking by the door,RAVDESS,1.0,kids are talking by the door
clip_00099,train,i would like a new alarm clock,CREMA-D,1.0,i would like a new alarm clock
clip_02489,test,kids are talking by the door,RAVDESS,1.0,kids are talking by the door
clip_03400,test,kids are talking by the door,RAVDESS,1.0,kids are talking by the door
clip_03519,train,maybe tomorrow it will be cold,CREMA-D,1.0,maybe tomorrow it will be cold
clip_08748,test,that is exactly what happened,CREMA-D,1.0,that is exactly what happened
clip_09243,test,kids are talking by the door,RAVDESS,1.0,kids are talking by the door
clip_04185,train,its 11 oclock,CREMA-D,1.0,its 11 oclock
clip_07148,train,im on my way to the meeting,CREMA-D,1.0,im on my way to the meeting
clip_03091,test,that is exactly what happened,CREMA-D,1.0,that is exactly what happened
clip_08290,train,dogs are sitting by the door,RAVDESS,1.0,dogs are sitting by the door
clip_06578,test,dogs are sitting by the door,RAVDESS,1.0,dogs are sitting by the door
clip_04604,test,dogs are sitting by the door,RAVDESS,1.0,dogs are sitting by the door
clip_04639,test,that is exactly what happened,CREMA-D,1.0,that is exactly what happened
clip_05144,train,its 11 oclock,CREMA-D,1.0,its 11 oclock
clip_00421,train,kids are talking by the door,RAVDESS,1.0,kids are talking by the door
clip_03930,train,dogs are sitting by the door,RAVDESS,1.0,dogs are sitting by the door
clip_08125,test,kids are talking by the door,RAVDESS,1.0,kids are talking by the door
