path,n_samples
/data/Dataset/train/train/clip_00000.wav,56056
/data/Dataset/test/test/clip_00001.wav,38972
/data/Dataset/train/train/clip_00002.wav,31498
/data/Dataset/train/train/clip_00003.wav,22343
/data/Dataset/train/train/clip_00004.wav,32566
/data/Dataset/train/train/clip_00005.wav,54454
/data/Dataset/test/test/clip_00006.wav,49650
/data/Dataset/train/train/clip_00007.wav,43243
/data/Dataset/train/train/clip_00008.wav,28829
/data/Dataset/train/train/clip_00009.wav,42709
/data/Dataset/train/train/clip_00010.wav,34363
/data/Dataset/train/train/clip_00011.wav,32127
/data/Dataset/test/test/clip_00012.wav,46446
/data/Dataset/train/train/clip_00013.wav,34610
/data/Dataset/train/train/clip_00014.wav,34167
/data/Dataset/train/train/clip_00015.wav,37904
/data/Dataset/train/train/clip_00016.wav,28506
/data/Dataset/train/train/clip_00017.wav,29371
/data/Dataset/train/train/clip_00018.wav,46446
/data/Dataset/train/train/clip_00019.wav,21102
/data/Dataset/train/train/clip_00020.wav,38972
/data/Dataset/train/train/clip_00021.wav,43243
/data/Dataset/train/train/clip_00022.wav,36303
/data/Dataset/train/train/clip_00023.wav,33100
/data/Dataset/train/train/clip_00024.wav,40574
/data/Dataset/test/test/clip_00025.wav,36303
/data/Dataset/test/test/clip_00026.wav,40574
/data/Dataset/train/train/clip_00027.wav,29363
/data/Dataset/train/train/clip_00028.wav,44845
/data/Dataset/train/train/clip_00029.wav,39996
/data/Dataset/train/train/clip_00030.wav,37371
/data/Dataset/train/train/clip_00031.wav,33372
/data/Dataset/train/train/clip_00032.wav,39506
/data/Dataset/train/train/clip_00033.wav,42175
/data/Dataset/train/train/clip_00034.wav,32032
/data/Dataset/train/train/clip_00035.wav,28829
/data/Dataset/train/train/clip_00036.wav,36409
/data/Dataset/test/test/clip_00037.wav,36303
/data/Dataset/train/train/clip_00038.wav,41642
/data/Dataset/train/train/clip_00039.wav,25093
/data/Dataset/test/test/clip_00040.wav,66200
/data/Dataset/train/train/clip_00041.wav,36303
/data/Dataset/train/train/clip_00042.wav,30678
/data/Dataset/train/train/clip_00043.wav,32032
/data/Dataset/train/train/clip_00044.wav,34701
/data/Dataset/train/train/clip_00045.wav,28829
/data/Dataset/train/train/clip_00046.wav,36837
/data/Dataset/train/train/clip_00047.wav,46446
/data/Dataset/train/train/clip_00048.wav,57124
/data/Dataset/train/train/clip_00049.wav,36409
/data/Dataset/train/train/clip_00050.wav,35235
/data/Dataset/train/train/clip_00051.wav,33634
/data/Dataset/train/train/clip_00052.wav,24024
/data/Dataset/train/train/clip_00053.wav,34167
/data/Dataset/test/test/clip_00054.wav,50183
/data/Dataset/train/train/clip_00055.wav,56056
/data/Dataset/train/train/clip_00056.wav,28461
/data/Dataset/train/train/clip_00057.wav,33100
/data/Dataset/train/train/clip_00058.wav,37848
/data/Dataset/train/train/clip_00059.wav,32224
/data/Dataset/train/train/clip_00060.wav,46446
/data/Dataset/train/train/clip_00061.wav,30081
/data/Dataset/train/train/clip_00062.wav,46980
/data/Dataset/train/train/clip_00063.wav,39506
/data/Dataset/train/train/clip_00064.wav,30993
/data/Dataset/test/test/clip_00065.wav,43777
/data/Dataset/test/test/clip_00066.wav,42175
/data/Dataset/train/train/clip_00067.wav,36303
/data/Dataset/train/train/clip_00068.wav,49650
/data/Dataset/train/train/clip_00069.wav,41108
/data/Dataset/train/train/clip_00070.wav,37371
/data/Dataset/train/train/clip_00071.wav,42709
/data/Dataset/train/train/clip_00072.wav,60861
/data/Dataset/train/train/clip_00073.wav,30964
/data/Dataset/train/train/clip_00074.wav,26693
/data/Dataset/train/train/clip_00075.wav,24796
/data/Dataset/test/test/clip_00076.wav,47514
/data/Dataset/train/train/clip_00077.wav,36837
/data/Dataset/train/train/clip_00078.wav,48048
/data/Dataset/train/train/clip_00079.wav,41108
/data/Dataset/train/train/clip_00080.wav,33100
/data/Dataset/train/train/clip_00081.wav,37371
/data/Dataset/train/train/clip_00082.wav,58191
/data/Dataset/test/test/clip_00083.wav,51785
/data/Dataset/train/train/clip_00084.wav,43243
/data/Dataset/test/test/clip_00085.wav,38972
/data/Dataset/train/train/clip_00086.wav,36303
/data/Dataset/train/train/clip_00087.wav,41642
/data/Dataset/train/train/clip_00088.wav,34525
/data/Dataset/train/train/clip_00089.wav,51785
/data/Dataset/train/train/clip_00090.wav,58725
/data/Dataset/train/train/clip_00091.wav,26159
/data/Dataset/train/train/clip_00092.wav,36303
/data/Dataset/test/test/clip_00093.wav,38438
/data/Dataset/train/train/clip_00094.wav,43243
/data/Dataset/train/train/clip_00095.wav,57657
/data/Dataset/train/train/clip_00096.wav,45379
/data/Dataset/train/train/clip_00097.wav,29896
/data/Dataset/train/train/clip_00098.wav,24558
/data/Dataset/train/train/clip_00099.wav,76877
/data/Dataset/train/train/clip_00100.wav,40040
/data/Dataset/train/train/clip_00101.wav,24635
/data/Dataset/train/train/clip_00102.wav,46446
/data/Dataset/test/test/clip_00103.wav,52319
/data/Dataset/train/train/clip_00104.wav,29363
/data/Dataset/train/train/clip_00105.wav,28315
/data/Dataset/train/train/clip_00106.wav,32151
/data/Dataset/train/train/clip_00107.wav,31040
/data/Dataset/train/train/clip_00108.wav,42099
/data/Dataset/train/train/clip_00109.wav,23073
/data/Dataset/train/train/clip_00110.wav,34701
/data/Dataset/train/train/clip_00111.wav,40040
/data/Dataset/test/test/clip_00112.wav,38438
/data/Dataset/train/train/clip_00113.wav,57124
/data/Dataset/train/train/clip_00114.wav,48582
/data/Dataset/train/train/clip_00115.wav,38972
/data/Dataset/train/train/clip_00116.wav,67267
/data/Dataset/train/train/clip_00117.wav,33634
/data/Dataset/train/train/clip_00118.wav,41642
/data/Dataset/train/train/clip_00119.wav,58191
/data/Dataset/train/train/clip_00120.wav,38972
/data/Dataset/train/train/clip_00121.wav,32355
/data/Dataset/train/train/clip_00122.wav,34319
/data/Dataset/train/train/clip_00123.wav,25710
/data/Dataset/train/train/clip_00124.wav,30964
/data/Dataset/test/test/clip_00125.wav,42175
/data/Dataset/train/train/clip_00126.wav,47514
/data/Dataset/train/train/clip_00127.wav,48582
/data/Dataset/train/train/clip_00128.wav,48582
/data/Dataset/train/train/clip_00129.wav,28829
/data/Dataset/train/train/clip_00130.wav,46980
/data/Dataset/train/train/clip_00131.wav,39506
/data/Dataset/train/train/clip_00132.wav,34701
/data/Dataset/train/train/clip_00133.wav,25009
/data/Dataset/test/test/clip_00134.wav,36303
/data/Dataset/train/train/clip_00135.wav,39357
/data/Dataset/train/train/clip_00136.wav,28295
/data/Dataset/train/train/clip_00137.wav,36303
/data/Dataset/train/train/clip_00138.wav,41108
/data/Dataset/train/train/clip_00139.wav,35235
/data/Dataset/test/test/clip_00140.wav,56590
/data/Dataset/train/train/clip_00141.wav,43282
/data/Dataset/train/train/clip_00142.wav,55522
/data/Dataset/train/train/clip_00143.wav,40337
/data/Dataset/train/train/clip_00144.wav,30365
/data/Dataset/train/train/clip_00145.wav,33137
/data/Dataset/train/train/clip_00146.wav,43243
/data/Dataset/train/train/clip_00147.wav,37371
/data/Dataset/train/train/clip_00148.wav,44311
/data/Dataset/train/train/clip_00149.wav,30172
/data/Dataset/train/train/clip_00150.wav,35769
/data/Dataset/train/train/clip_00151.wav,35274
/data/Dataset/train/train/clip_00152.wav,40040
/data/Dataset/train/train/clip_00153.wav,62462
/data/Dataset/train/train/clip_00154.wav,56056
/data/Dataset/train/train/clip_00155.wav,36409
/data/Dataset/test/test/clip_00156.wav,41642
/data/Dataset/train/train/clip_00157.wav,36837
/data/Dataset/train/train/clip_00158.wav,54455
/data/Dataset/train/train/clip_00159.wav,38547
/data/Dataset/train/train/clip_00160.wav,39049
/data/Dataset/train/train/clip_00161.wav,46980
/data/Dataset/train/train/clip_00162.wav,36837
/data/Dataset/train/train/clip_00163.wav,43777
/data/Dataset/train/train/clip_00164.wav,43777
/data/Dataset/train/train/clip_00165.wav,43243
/data/Dataset/train/train/clip_00166.wav,50717
/data/Dataset/train/train/clip_00167.wav,57124
/data/Dataset/train/train/clip_00168.wav,26159
/data/Dataset/train/train/clip_00169.wav,37558
/data/Dataset/train/train/clip_00170.wav,35069
/data/Dataset/train/train/clip_00171.wav,57124
/data/Dataset/train/train/clip_00172.wav,43777
/data/Dataset/train/train/clip_00173.wav,51251
/data/Dataset/train/train/clip_00174.wav,44311
/data/Dataset/test/test/clip_00175.wav,51785
/data/Dataset/train/train/clip_00176.wav,43777
/data/Dataset/train/train/clip_00177.wav,57658
/data/Dataset/train/train/clip_00178.wav,51785
/data/Dataset/train/train/clip_00179.wav,76343
/data/Dataset/train/train/clip_00180.wav,43243
/data/Dataset/test/test/clip_00181.wav,40574
/data/Dataset/train/train/clip_00182.wav,30430
/data/Dataset/test/test/clip_00183.wav,36837
/data/Dataset/test/test/clip_00184.wav,40574
/data/Dataset/train/train/clip_00185.wav,40040
/data/Dataset/train/train/clip_00186.wav,26753
/data/Dataset/train/train/clip_00187.wav,41108
/data/Dataset/train/train/clip_00188.wav,40040
/data/Dataset/train/train/clip_00189.wav,62462
/data/Dataset/test/test/clip_00190.wav,38972
/data/Dataset/train/train/clip_00191.wav,23847
/data/Dataset/train/train/clip_00192.wav,36409
/data/Dataset/train/train/clip_00193.wav,37862
/data/Dataset/train/train/clip_00194.wav,36409
/data/Dataset/train/train/clip_00195.wav,57657
/data/Dataset/train/train/clip_00196.wav,34167
/data/Dataset/train/train/clip_00197.wav,41642
/data/Dataset/test/test/clip_00198.wav,32032
/data/Dataset/test/test/clip_00199.wav,51251
/data/Dataset/train/train/clip_00200.wav,36303
/data/Dataset/train/train/clip_00201.wav,42175
/data/Dataset/test/test/clip_00202.wav,52319
/data/Dataset/train/train/clip_00203.wav,72072
/data/Dataset/test/test/clip_00204.wav,41108
/data/Dataset/train/train/clip_00205.wav,32865
/data/Dataset/train/train/clip_00206.wav,31470
/data/Dataset/train/train/clip_00207.wav,48048
/data/Dataset/train/train/clip_00208.wav,57124
/data/Dataset/train/train/clip_00209.wav,36837
/data/Dataset/train/train/clip_00210.wav,41108
/data/Dataset/train/train/clip_00211.wav,36837
/data/Dataset/train/train/clip_00212.wav,52319
/data/Dataset/train/train/clip_00213.wav,44845
/data/Dataset/test/test/clip_00214.wav,41108
/data/Dataset/train/train/clip_00215.wav,55522
/data/Dataset/train/train/clip_00216.wav,54454
/data/Dataset/train/train/clip_00217.wav,43044
/data/Dataset/train/train/clip_00218.wav,68335
/data/Dataset/train/train/clip_00219.wav,60861
/data/Dataset/train/train/clip_00220.wav,42175
/data/Dataset/train/train/clip_00221.wav,36987
/data/Dataset/train/train/clip_00222.wav,33100
/data/Dataset/train/train/clip_00223.wav,26773
/data/Dataset/train/train/clip_00224.wav,53921
/data/Dataset/train/train/clip_00225.wav,31503
/data/Dataset/train/train/clip_00226.wav,35963
/data/Dataset/train/train/clip_00227.wav,23942
/data/Dataset/train/train/clip_00228.wav,43243
/data/Dataset/train/train/clip_00229.wav,38972
/data/Dataset/train/train/clip_00230.wav,37148
/data/Dataset/train/train/clip_00231.wav,26159
/data/Dataset/train/train/clip_00232.wav,52319
/data/Dataset/train/train/clip_00233.wav,42175
/data/Dataset/train/train/clip_00234.wav,42175
/data/Dataset/train/train/clip_00235.wav,30566
/data/Dataset/train/train/clip_00236.wav,27761
/data/Dataset/train/train/clip_00237.wav,26747
/data/Dataset/train/train/clip_00238.wav,42709
/data/Dataset/test/test/clip_00239.wav,40574
/data/Dataset/train/train/clip_00240.wav,34701
/data/Dataset/train/train/clip_00241.wav,68335
/data/Dataset/train/train/clip_00242.wav,34167
/data/Dataset/test/test/clip_00243.wav,51785
/data/Dataset/train/train/clip_00244.wav,27227
/data/Dataset/train/train/clip_00245.wav,22803
/data/Dataset/train/train/clip_00246.wav,45379
/data/Dataset/train/train/clip_00247.wav,46980
/data/Dataset/train/train/clip_00248.wav,27227
/data/Dataset/train/train/clip_00249.wav,40040
/data/Dataset/train/train/clip_00250.wav,30305
/data/Dataset/train/train/clip_00251.wav,36409
/data/Dataset/train/train/clip_00252.wav,40574
/data/Dataset/train/train/clip_00253.wav,35235
/data/Dataset/train/train/clip_00254.wav,35235
/data/Dataset/train/train/clip_00255.wav,26159
/data/Dataset/train/train/clip_00256.wav,24110
/data/Dataset/train/train/clip_00257.wav,31498
/data/Dataset/train/train/clip_00258.wav,31722
/data/Dataset/train/train/clip_00259.wav,54988
/data/Dataset/test/test/clip_00260.wav,59793
/data/Dataset/test/test/clip_00261.wav,32032
/data/Dataset/train/train/clip_00262.wav,33634
/data/Dataset/test/test/clip_00263.wav,36303
/data/Dataset/train/train/clip_00264.wav,49650
/data/Dataset/train/train/clip_00265.wav,36303
/data/Dataset/train/train/clip_00266.wav,32032
/data/Dataset/train/train/clip_00267.wav,60327
/data/Dataset/train/train/clip_00268.wav,32615
/data/Dataset/train/train/clip_00269.wav,49650
/data/Dataset/train/train/clip_00270.wav,56056
/data/Dataset/train/train/clip_00271.wav,54454
/data/Dataset/train/train/clip_00272.wav,34701
/data/Dataset/test/test/clip_00273.wav,33100
/data/Dataset/train/train/clip_00274.wav,43264
/data/Dataset/train/train/clip_00275.wav,52853
/data/Dataset/train/train/clip_00276.wav,39284
/data/Dataset/train/train/clip_00277.wav,66733
/data/Dataset/train/train/clip_00278.wav,33634
/data/Dataset/train/train/clip_00279.wav,30313
/data/Dataset/train/train/clip_00280.wav,35306
/data/Dataset/train/train/clip_00281.wav,41108
/data/Dataset/train/train/clip_00282.wav,58192
/data/Dataset/train/train/clip_00283.wav,34167
/data/Dataset/test/test/clip_00284.wav,56056
/data/Dataset/train/train/clip_00285.wav,30964
/data/Dataset/train/train/clip_00286.wav,48582
/data/Dataset/train/train/clip_00287.wav,43777
/data/Dataset/train/train/clip_00288.wav,46446
/data/Dataset/train/train/clip_00289.wav,59793
/data/Dataset/train/train/clip_00290.wav,27997
/data/Dataset/train/train/clip_00291.wav,45225
/data/Dataset/train/train/clip_00292.wav,32566
/data/Dataset/train/train/clip_00293.wav,40574
/data/Dataset/train/train/clip_00294.wav,33100
/data/Dataset/train/train/clip_00295.wav,59259
/data/Dataset/train/train/clip_00296.wav,43777
/data/Dataset/train/train/clip_00297.wav,33405
/data/Dataset/train/train/clip_00298.wav,57124
/data/Dataset/train/train/clip_00299.wav,36523
/data/Dataset/train/train/clip_00300.wav,54454
/data/Dataset/train/train/clip_00301.wav,32566
/data/Dataset/train/train/clip_00302.wav,36837
/data/Dataset/train/train/clip_00303.wav,25661
/data/Dataset/train/train/clip_00304.wav,44311
/data/Dataset/train/train/clip_00305.wav,35235
/data/Dataset/test/test/clip_00306.wav,43243
/data/Dataset/train/train/clip_00307.wav,36837
/data/Dataset/test/test/clip_00308.wav,36409
/data/Dataset/test/test/clip_00309.wav,28295
/data/Dataset/test/test/clip_00310.wav,66200
/data/Dataset/train/train/clip_00311.wav,57124
/data/Dataset/train/train/clip_00312.wav,48048
/data/Dataset/train/train/clip_00313.wav,35577
/data/Dataset/train/train/clip_00314.wav,28378
/data/Dataset/train/train/clip_00315.wav,74741
/data/Dataset/train/train/clip_00316.wav,21889
/data/Dataset/train/train/clip_00317.wav,29363
/data/Dataset/train/train/clip_00318.wav,38561
/data/Dataset/train/train/clip_00319.wav,67267
/data/Dataset/train/train/clip_00320.wav,49650
/data/Dataset/train/train/clip_00321.wav,28829
/data/Dataset/train/train/clip_00322.wav,56056
/data/Dataset/train/train/clip_00323.wav,56056
/data/Dataset/train/train/clip_00324.wav,33644
/data/Dataset/train/train/clip_00325.wav,37905
/data/Dataset/train/train/clip_00326.wav,65132
/data/Dataset/test/test/clip_00327.wav,45912
/data/Dataset/train/train/clip_00328.wav,59259
/data/Dataset/train/train/clip_00329.wav,36303
/data/Dataset/train/train/clip_00330.wav,37371
/data/Dataset/train/train/clip_00331.wav,27138
/data/Dataset/train/train/clip_00332.wav,45379
/data/Dataset/train/train/clip_00333.wav,29882
/data/Dataset/train/train/clip_00334.wav,53920
/data/Dataset/train/train/clip_00335.wav,45379
/data/Dataset/train/train/clip_00336.wav,37904
/data/Dataset/train/train/clip_00337.wav,36837
/data/Dataset/test/test/clip_00338.wav,46446
/data/Dataset/train/train/clip_00339.wav,62462
/data/Dataset/train/train/clip_00340.wav,27687
/data/Dataset/train/train/clip_00341.wav,43777
/data/Dataset/test/test/clip_00342.wav,41108
/data/Dataset/train/train/clip_00343.wav,47514
/data/Dataset/train/train/clip_00344.wav,41108
/data/Dataset/train/train/clip_00345.wav,24918
/data/Dataset/train/train/clip_00346.wav,27227
/data/Dataset/test/test/clip_00347.wav,57124
/data/Dataset/train/train/clip_00348.wav,34701
/data/Dataset/train/train/clip_00349.wav,45379
/data/Dataset/train/train/clip_00350.wav,52853
/data/Dataset/train/train/clip_00351.wav,36409
/data/Dataset/train/train/clip_00352.wav,41108
/data/Dataset/train/train/clip_00353.wav,36032
/data/Dataset/train/train/clip_00354.wav,62996
/data/Dataset/train/train/clip_00355.wav,33010
/data/Dataset/train/train/clip_00356.wav,38972
/data/Dataset/train/train/clip_00357.wav,43276
/data/Dataset/train/train/clip_00358.wav,29487
/data/Dataset/test/test/clip_00359.wav,37904
/data/Dataset/test/test/clip_00360.wav,59793
/data/Dataset/train/train/clip_00361.wav,37904
/data/Dataset/train/train/clip_00362.wav,41108
/data/Dataset/train/train/clip_00363.wav,42175
/data/Dataset/train/train/clip_00364.wav,32403
/data/Dataset/train/train/clip_00365.wav,41642
/data/Dataset/train/train/clip_00366.wav,45912
/data/Dataset/train/train/clip_00367.wav,38438
/data/Dataset/train/train/clip_00368.wav,40040
/data/Dataset/test/test/clip_00369.wav,37904
/data/Dataset/train/train/clip_00370.wav,39506
/data/Dataset/train/train/clip_00371.wav,36837
/data/Dataset/train/train/clip_00372.wav,49116
/data/Dataset/train/train/clip_00373.wav,38972
/data/Dataset/train/train/clip_00374.wav,38438
/data/Dataset/train/train/clip_00375.wav,50183
/data/Dataset/train/train/clip_00376.wav,48048
/data/Dataset/train/train/clip_00377.wav,61929
/data/Dataset/train/train/clip_00378.wav,43243
/data/Dataset/test/test/clip_00379.wav,43777
/data/Dataset/train/train/clip_00380.wav,34371
/data/Dataset/train/train/clip_00381.wav,55522
/data/Dataset/train/train/clip_00382.wav,33634
/data/Dataset/train/train/clip_00383.wav,38972
/data/Dataset/test/test/clip_00384.wav,50717
/data/Dataset/test/test/clip_00385.wav,30430
/data/Dataset/train/train/clip_00386.wav,47514
/data/Dataset/test/test/clip_00387.wav,33100
/data/Dataset/train/train/clip_00388.wav,40591
/data/Dataset/train/train/clip_00389.wav,36837
/data/Dataset/train/train/clip_00390.wav,34701
/data/Dataset/train/train/clip_00391.wav,51251
/data/Dataset/train/train/clip_00392.wav,32032
/data/Dataset/train/train/clip_00393.wav,38972
/data/Dataset/train/train/clip_00394.wav,33100
/data/Dataset/train/train/clip_00395.wav,32281
/data/Dataset/train/train/clip_00396.wav,48048
/data/Dataset/test/test/clip_00397.wav,39506
/data/Dataset/train/train/clip_00398.wav,38972
/data/Dataset/test/test/clip_00399.wav,52853
/data/Dataset/test/test/clip_00400.wav,42175
/data/Dataset/train/train/clip_00401.wav,32997
/data/Dataset/train/train/clip_00402.wav,44311
/data/Dataset/train/train/clip_00403.wav,41642
/data/Dataset/test/test/clip_00404.wav,41108
/data/Dataset/train/train/clip_00405.wav,27889
/data/Dataset/train/train/clip_00406.wav,37905
/data/Dataset/train/train/clip_00407.wav,40130
/data/Dataset/train/train/clip_00408.wav,44311
/data/Dataset/test/test/clip_00409.wav,58191
/data/Dataset/train/train/clip_00410.wav,31498
/data/Dataset/train/train/clip_00411.wav,56590
/data/Dataset/train/train/clip_00412.wav,33298
/data/Dataset/train/train/clip_00413.wav,36837
/data/Dataset/train/train/clip_00414.wav,34701
/data/Dataset/test/test/clip_00415.wav,29896
/data/Dataset/train/train/clip_00416.wav,30430
/data/Dataset/train/train/clip_00417.wav,35782
/data/Dataset/train/train/clip_00418.wav,32032
/data/Dataset/train/train/clip_00419.wav,50183
/data/Dataset/train/train/clip_00420.wav,24693
/data/Dataset/train/train/clip_00421.wav,80080
/data/Dataset/train/train/clip_00422.wav,27559
/data/Dataset/train/train/clip_00423.wav,36445
/data/Dataset/train/train/clip_00424.wav,35091
/data/Dataset/train/train/clip_00425.wav,37371
/data/Dataset/train/train/clip_00426.wav,37846
/data/Dataset/train/train/clip_00427.wav,31498
/data/Dataset/train/train/clip_00428.wav,31581
/data/Dataset/train/train/clip_00429.wav,38972
/data/Dataset/train/train/clip_00430.wav,29363
/data/Dataset/test/test/clip_00431.wav,43243
/data/Dataset/train/train/clip_00432.wav,43243
/data/Dataset/train/train/clip_00433.wav,37904
/data/Dataset/train/train/clip_00434.wav,34287
/data/Dataset/train/train/clip_00435.wav,36303
/data/Dataset/train/train/clip_00436.wav,39506
/data/Dataset/train/train/clip_00437.wav,26693
/data/Dataset/train/train/clip_00438.wav,67267
/data/Dataset/train/train/clip_00439.wav,35769
/data/Dataset/train/train/clip_00440.wav,37905
/data/Dataset/train/train/clip_00441.wav,33100
/data/Dataset/test/test/clip_00442.wav,35235
/data/Dataset/train/train/clip_00443.wav,27660
/data/Dataset/train/train/clip_00444.wav,29896
/data/Dataset/train/train/clip_00445.wav,36837
/data/Dataset/train/train/clip_00446.wav,38438
/data/Dataset/test/test/clip_00447.wav,35235
/data/Dataset/train/train/clip_00448.wav,38972
/data/Dataset/train/train/clip_00449.wav,29991
/data/Dataset/train/train/clip_00450.wav,49116
/data/Dataset/train/train/clip_00451.wav,39506
/data/Dataset/train/train/clip_00452.wav,62462
/data/Dataset/train/train/clip_00453.wav,66199
/data/Dataset/train/train/clip_00454.wav,38972
/data/Dataset/train/train/clip_00455.wav,30964
/data/Dataset/train/train/clip_00456.wav,66200
/data/Dataset/train/train/clip_00457.wav,25370
/data/Dataset/train/train/clip_00458.wav,40040
/data/Dataset/train/train/clip_00459.wav,27227
/data/Dataset/train/train/clip_00460.wav,34701
/data/Dataset/train/train/clip_00461.wav,54988
/data/Dataset/train/train/clip_00462.wav,42709
/data/Dataset/test/test/clip_00463.wav,40574
/data/Dataset/train/train/clip_00464.wav,39506
/data/Dataset/train/train/clip_00465.wav,36057
/data/Dataset/train/train/clip_00466.wav,38972
/data/Dataset/train/train/clip_00467.wav,33100
/data/Dataset/train/train/clip_00468.wav,32279
/data/Dataset/train/train/clip_00469.wav,45913
/data/Dataset/train/train/clip_00470.wav,32566
/data/Dataset/train/train/clip_00471.wav,34951
/data/Dataset/train/train/clip_00472.wav,48048
/data/Dataset/train/train/clip_00473.wav,35235
/data/Dataset/test/test/clip_00474.wav,44845
/data/Dataset/test/test/clip_00475.wav,54988
/data/Dataset/train/train/clip_00476.wav,36409
/data/Dataset/train/train/clip_00477.wav,44310
/data/Dataset/train/train/clip_00478.wav,40574
/data/Dataset/train/train/clip_00479.wav,44845
/data/Dataset/train/train/clip_00480.wav,32566
/data/Dataset/train/train/clip_00481.wav,37371
/data/Dataset/train/train/clip_00482.wav,44845
/data/Dataset/train/train/clip_00483.wav,32186
/data/Dataset/train/train/clip_00484.wav,32566
/data/Dataset/train/train/clip_00485.wav,37371
/data/Dataset/train/train/clip_00486.wav,36837
/data/Dataset/train/train/clip_00487.wav,30788
/data/Dataset/train/train/clip_00488.wav,56590
/data/Dataset/train/train/clip_00489.wav,41642
/data/Dataset/train/train/clip_00490.wav,43777
/data/Dataset/test/test/clip_00491.wav,29363
/data/Dataset/train/train/clip_00492.wav,36303
/data/Dataset/train/train/clip_00493.wav,42175
/data/Dataset/train/train/clip_00494.wav,46980
/data/Dataset/train/train/clip_00495.wav,41642
/data/Dataset/train/train/clip_00496.wav,38438
/data/Dataset/train/train/clip_00497.wav,38972
/data/Dataset/train/train/clip_00498.wav,44217
/data/Dataset/train/train/clip_00499.wav,35100
/data/Dataset/train/train/clip_00500.wav,43777
/data/Dataset/train/train/clip_00501.wav,41642
/data/Dataset/train/train/clip_00502.wav,26693
/data/Dataset/train/train/clip_00503.wav,58725
/data/Dataset/train/train/clip_00504.wav,46980
/data/Dataset/train/train/clip_00505.wav,30430
/data/Dataset/train/train/clip_00506.wav,42709
/data/Dataset/train/train/clip_00507.wav,32854
/data/Dataset/train/train/clip_00508.wav,57658
/data/Dataset/train/train/clip_00509.wav,42709
/data/Dataset/train/train/clip_00510.wav,31514
/data/Dataset/train/train/clip_00511.wav,41464
/data/Dataset/train/train/clip_00512.wav,52853
/data/Dataset/train/train/clip_00513.wav,31498
/data/Dataset/train/train/clip_00514.wav,43243
/data/Dataset/train/train/clip_00515.wav,32566
/data/Dataset/train/train/clip_00516.wav,46980
/data/Dataset/test/test/clip_00517.wav,34167
/data/Dataset/train/train/clip_00518.wav,35665
/data/Dataset/train/train/clip_00519.wav,32566
/data/Dataset/test/test/clip_00520.wav,42709
/data/Dataset/train/train/clip_00521.wav,69937
/data/Dataset/test/test/clip_00522.wav,56590
/data/Dataset/train/train/clip_00523.wav,36837
/data/Dataset/train/train/clip_00524.wav,34701
/data/Dataset/train/train/clip_00525.wav,27761
/data/Dataset/train/train/clip_00526.wav,46980
/data/Dataset/train/train/clip_00527.wav,34440
/data/Dataset/train/train/clip_00528.wav,29363
/data/Dataset/train/train/clip_00529.wav,29896
/data/Dataset/train/train/clip_00530.wav,36303
/data/Dataset/train/train/clip_00531.wav,26901
/data/Dataset/train/train/clip_00532.wav,54454
/data/Dataset/test/test/clip_00533.wav,35769
/data/Dataset/train/train/clip_00534.wav,36837
/data/Dataset/train/train/clip_00535.wav,28875
/data/Dataset/train/train/clip_00536.wav,27112
/data/Dataset/train/train/clip_00537.wav,45379
/data/Dataset/train/train/clip_00538.wav,37813
/data/Dataset/train/train/clip_00539.wav,28036
/data/Dataset/train/train/clip_00540.wav,54988
/data/Dataset/train/train/clip_00541.wav,33414
/data/Dataset/train/train/clip_00542.wav,41642
/data/Dataset/train/train/clip_00543.wav,30966
/data/Dataset/train/train/clip_00544.wav,40226
/data/Dataset/train/train/clip_00545.wav,38737
/data/Dataset/train/train/clip_00546.wav,29717
/data/Dataset/train/train/clip_00547.wav,33634
/data/Dataset/train/train/clip_00548.wav,30430
/data/Dataset/test/test/clip_00549.wav,41642
/data/Dataset/train/train/clip_00550.wav,39723
/data/Dataset/train/train/clip_00551.wav,40081
/data/Dataset/train/train/clip_00552.wav,35487
/data/Dataset/train/train/clip_00553.wav,32611
/data/Dataset/train/train/clip_00554.wav,60327
/data/Dataset/train/train/clip_00555.wav,40574
/data/Dataset/train/train/clip_00556.wav,39026
/data/Dataset/test/test/clip_00557.wav,57658
/data/Dataset/train/train/clip_00558.wav,48582
/data/Dataset/train/train/clip_00559.wav,45912
/data/Dataset/train/train/clip_00560.wav,29875
/data/Dataset/train/train/clip_00561.wav,58191
/data/Dataset/train/train/clip_00562.wav,28673
/data/Dataset/train/train/clip_00563.wav,51785
/data/Dataset/test/test/clip_00564.wav,42709
/data/Dataset/test/test/clip_00565.wav,40040
/data/Dataset/train/train/clip_00566.wav,44311
/data/Dataset/train/train/clip_00567.wav,39506
/data/Dataset/train/train/clip_00568.wav,45379
/data/Dataset/test/test/clip_00569.wav,57657
/data/Dataset/train/train/clip_00570.wav,31108
/data/Dataset/train/train/clip_00571.wav,43243
/data/Dataset/train/train/clip_00572.wav,63530
/data/Dataset/train/train/clip_00573.wav,26072
/data/Dataset/train/train/clip_00574.wav,32823
/data/Dataset/train/train/clip_00575.wav,44845
/data/Dataset/train/train/clip_00576.wav,44311
/data/Dataset/test/test/clip_00577.wav,50717
/data/Dataset/train/train/clip_00578.wav,39506
/data/Dataset/train/train/clip_00579.wav,58725
/data/Dataset/train/train/clip_00580.wav,28295
/data/Dataset/train/train/clip_00581.wav,35769
/data/Dataset/train/train/clip_00582.wav,27761
/data/Dataset/train/train/clip_00583.wav,35768
/data/Dataset/train/train/clip_00584.wav,56056
/data/Dataset/test/test/clip_00585.wav,50183
/data/Dataset/train/train/clip_00586.wav,32566
/data/Dataset/train/train/clip_00587.wav,28295
/data/Dataset/train/train/clip_00588.wav,49650
/data/Dataset/train/train/clip_00589.wav,33566
/data/Dataset/train/train/clip_00590.wav,55522
/data/Dataset/test/test/clip_00591.wav,29896
/data/Dataset/train/train/clip_00592.wav,59259
/data/Dataset/train/train/clip_00593.wav,61395
/data/Dataset/train/train/clip_00594.wav,44311
/data/Dataset/test/test/clip_00595.wav,45913
/data/Dataset/train/train/clip_00596.wav,34701
/data/Dataset/train/train/clip_00597.wav,36895
/data/Dataset/train/train/clip_00598.wav,48048
/data/Dataset/train/train/clip_00599.wav,54988
/data/Dataset/train/train/clip_00600.wav,38505
/data/Dataset/test/test/clip_00601.wav,38972
/data/Dataset/test/test/clip_00602.wav,37904
/data/Dataset/train/train/clip_00603.wav,37371
/data/Dataset/train/train/clip_00604.wav,40574
/data/Dataset/train/train/clip_00605.wav,39433
/data/Dataset/train/train/clip_00606.wav,48048
/data/Dataset/train/train/clip_00607.wav,34843
/data/Dataset/train/train/clip_00608.wav,31713
/data/Dataset/train/train/clip_00609.wav,32566
/data/Dataset/train/train/clip_00610.wav,43243
/data/Dataset/train/train/clip_00611.wav,37904
/data/Dataset/train/train/clip_00612.wav,50184
/data/Dataset/train/train/clip_00613.wav,28295
/data/Dataset/train/train/clip_00614.wav,28829
/data/Dataset/train/train/clip_00615.wav,36409
/data/Dataset/train/train/clip_00616.wav,39499
/data/Dataset/train/train/clip_00617.wav,41108
/data/Dataset/train/train/clip_00618.wav,32556
/data/Dataset/train/train/clip_00619.wav,31498
/data/Dataset/train/train/clip_00620.wav,43243
/data/Dataset/test/test/clip_00621.wav,49650
/data/Dataset/train/train/clip_00622.wav,40378
/data/Dataset/train/train/clip_00623.wav,52319
/data/Dataset/train/train/clip_00624.wav,34167
/data/Dataset/train/train/clip_00625.wav,47514
/data/Dataset/train/train/clip_00626.wav,36837
/data/Dataset/train/train/clip_00627.wav,43243
/data/Dataset/train/train/clip_00628.wav,34949
/data/Dataset/train/train/clip_00629.wav,32032
/data/Dataset/train/train/clip_00630.wav,37904
/data/Dataset/test/test/clip_00631.wav,39506
/data/Dataset/train/train/clip_00632.wav,41108
/data/Dataset/train/train/clip_00633.wav,46446
/data/Dataset/train/train/clip_00634.wav,30316
/data/Dataset/test/test/clip_00635.wav,44845
/data/Dataset/train/train/clip_00636.wav,34701
/data/Dataset/train/train/clip_00637.wav,40040
/data/Dataset/train/train/clip_00638.wav,34167
/data/Dataset/train/train/clip_00639.wav,51251
/data/Dataset/train/train/clip_00640.wav,41642
/data/Dataset/train/train/clip_00641.wav,51785
/data/Dataset/train/train/clip_00642.wav,43777
/data/Dataset/train/train/clip_00643.wav,58191
/data/Dataset/test/test/clip_00644.wav,43243
/data/Dataset/train/train/clip_00645.wav,44055
/data/Dataset/test/test/clip_00646.wav,27761
/data/Dataset/test/test/clip_00647.wav,51251
/data/Dataset/train/train/clip_00648.wav,61929
/data/Dataset/train/train/clip_00649.wav,62996
/data/Dataset/train/train/clip_00650.wav,49650
/data/Dataset/test/test/clip_00651.wav,35235
/data/Dataset/train/train/clip_00652.wav,34701
/data/Dataset/train/train/clip_00653.wav,32032
/data/Dataset/train/train/clip_00654.wav,33798
/data/Dataset/train/train/clip_00655.wav,53387
/data/Dataset/train/train/clip_00656.wav,38152
/data/Dataset/train/train/clip_00657.wav,38438
/data/Dataset/train/train/clip_00658.wav,42709
/data/Dataset/train/train/clip_00659.wav,29897
/data/Dataset/test/test/clip_00660.wav,49650
/data/Dataset/train/train/clip_00661.wav,26605
/data/Dataset/train/train/clip_00662.wav,42175
/data/Dataset/train/train/clip_00663.wav,43777
/data/Dataset/train/train/clip_00664.wav,60861
/data/Dataset/train/train/clip_00665.wav,57658
/data/Dataset/train/train/clip_00666.wav,31659
/data/Dataset/train/train/clip_00667.wav,29765
/data/Dataset/train/train/clip_00668.wav,43777
/data/Dataset/test/test/clip_00669.wav,49116
/data/Dataset/train/train/clip_00670.wav,42709
/data/Dataset/train/train/clip_00671.wav,24024
/data/Dataset/train/train/clip_00672.wav,36837
/data/Dataset/train/train/clip_00673.wav,32006
/data/Dataset/train/train/clip_00674.wav,34701
/data/Dataset/train/train/clip_00675.wav,57124
/data/Dataset/test/test/clip_00676.wav,34701
/data/Dataset/train/train/clip_00677.wav,39506
/data/Dataset/train/train/clip_00678.wav,41642
/data/Dataset/train/train/clip_00679.wav,36532
/data/Dataset/train/train/clip_00680.wav,39506
/data/Dataset/train/train/clip_00681.wav,65132
/data/Dataset/train/train/clip_00682.wav,36837
/data/Dataset/train/train/clip_00683.wav,38914
/data/Dataset/train/train/clip_00684.wav,41108
/data/Dataset/train/train/clip_00685.wav,26442
/data/Dataset/test/test/clip_00686.wav,28295
/data/Dataset/train/train/clip_00687.wav,32096
/data/Dataset/train/train/clip_00688.wav,25092
/data/Dataset/train/train/clip_00689.wav,53920
/data/Dataset/train/train/clip_00690.wav,26831
/data/Dataset/train/train/clip_00691.wav,33100
/data/Dataset/test/test/clip_00692.wav,48048
/data/Dataset/train/train/clip_00693.wav,40574
/data/Dataset/train/train/clip_00694.wav,46446
/data/Dataset/test/test/clip_00695.wav,34701
/data/Dataset/train/train/clip_00696.wav,52853
/data/Dataset/test/test/clip_00697.wav,34701
/data/Dataset/train/train/clip_00698.wav,28829
/data/Dataset/train/train/clip_00699.wav,34419
/data/Dataset/train/train/clip_00700.wav,37371
/data/Dataset/train/train/clip_00701.wav,40574
/data/Dataset/train/train/clip_00702.wav,34701
/data/Dataset/train/train/clip_00703.wav,30128
/data/Dataset/train/train/clip_00704.wav,57124
/data/Dataset/train/train/clip_00705.wav,54988
/data/Dataset/train/train/clip_00706.wav,41108
/data/Dataset/train/train/clip_00707.wav,33634
/data/Dataset/test/test/clip_00708.wav,33100
/data/Dataset/train/train/clip_00709.wav,36409
/data/Dataset/train/train/clip_00710.wav,40040
/data/Dataset/train/train/clip_00711.wav,58192
/data/Dataset/train/train/clip_00712.wav,36837
/data/Dataset/train/train/clip_00713.wav,31472
/data/Dataset/train/train/clip_00714.wav,36837
/data/Dataset/train/train/clip_00715.wav,47514
/data/Dataset/train/train/clip_00716.wav,37193
/data/Dataset/train/train/clip_00717.wav,36837
/data/Dataset/test/test/clip_00718.wav,47514
/data/Dataset/train/train/clip_00719.wav,29215
/data/Dataset/test/test/clip_00720.wav,29896
/data/Dataset/train/train/clip_00721.wav,42709
/data/Dataset/train/train/clip_00722.wav,63530
/data/Dataset/test/test/clip_00723.wav,40040
/data/Dataset/test/test/clip_00724.wav,37904
/data/Dataset/train/train/clip_00725.wav,32566
/data/Dataset/train/train/clip_00726.wav,51785
/data/Dataset/train/train/clip_00727.wav,28829
/data/Dataset/train/train/clip_00728.wav,39506
/data/Dataset/train/train/clip_00729.wav,34097
/data/Dataset/train/train/clip_00730.wav,28251
/data/Dataset/train/train/clip_00731.wav,50183
/data/Dataset/train/train/clip_00732.wav,34701
/data/Dataset/train/train/clip_00733.wav,50183
/data/Dataset/test/test/clip_00734.wav,42709
/data/Dataset/train/train/clip_00735.wav,43243
/data/Dataset/test/test/clip_00736.wav,62996
/data/Dataset/train/train/clip_00737.wav,37904
/data/Dataset/train/train/clip_00738.wav,22744
/data/Dataset/train/train/clip_00739.wav,34585
/data/Dataset/train/train/clip_00740.wav,39813
/data/Dataset/train/train/clip_00741.wav,31498
/data/Dataset/train/train/clip_00742.wav,44311
/data/Dataset/train/train/clip_00743.wav,37371
/data/Dataset/train/train/clip_00744.wav,44311
/data/Dataset/test/test/clip_00745.wav,34167
/data/Dataset/train/train/clip_00746.wav,46446
/data/Dataset/train/train/clip_00747.wav,36279
/data/Dataset/train/train/clip_00748.wav,55522
/data/Dataset/train/train/clip_00749.wav,40574
/data/Dataset/train/train/clip_00750.wav,40195
/data/Dataset/train/train/clip_00751.wav,30430
/data/Dataset/train/train/clip_00752.wav,47514
/data/Dataset/test/test/clip_00753.wav,44311
/data/Dataset/train/train/clip_00754.wav,24726
/data/Dataset/train/train/clip_00755.wav,41108
/data/Dataset/train/train/clip_00756.wav,40129
/data/Dataset/train/train/clip_00757.wav,29905
/data/Dataset/train/train/clip_00758.wav,38972
/data/Dataset/train/train/clip_00759.wav,45912
/data/Dataset/train/train/clip_00760.wav,42175
/data/Dataset/train/train/clip_00761.wav,43243
/data/Dataset/train/train/clip_00762.wav,36837
/data/Dataset/test/test/clip_00763.wav,68869
/data/Dataset/train/train/clip_00764.wav,34167
/data/Dataset/train/train/clip_00765.wav,33100
/data/Dataset/train/train/clip_00766.wav,53324
/data/Dataset/train/train/clip_00767.wav,25493
/data/Dataset/test/test/clip_00768.wav,37371
/data/Dataset/train/train/clip_00769.wav,30430
/data/Dataset/train/train/clip_00770.wav,36409
/data/Dataset/train/train/clip_00771.wav,43777
/data/Dataset/test/test/clip_00772.wav,42709
/data/Dataset/train/train/clip_00773.wav,34783
/data/Dataset/train/train/clip_00774.wav,52319
/data/Dataset/train/train/clip_00775.wav,31489
/data/Dataset/train/train/clip_00776.wav,31498
/data/Dataset/train/train/clip_00777.wav,40040
/data/Dataset/test/test/clip_00778.wav,56590
/data/Dataset/test/test/clip_00779.wav,40574
/data/Dataset/test/test/clip_00780.wav,41108
/data/Dataset/train/train/clip_00781.wav,46980
/data/Dataset/train/train/clip_00782.wav,33726
/data/Dataset/train/train/clip_00783.wav,34701
/data/Dataset/train/train/clip_00784.wav,41108
/data/Dataset/train/train/clip_00785.wav,27186
/data/Dataset/train/train/clip_00786.wav,38438
/data/Dataset/train/train/clip_00787.wav,36523
/data/Dataset/train/train/clip_00788.wav,40574
/data/Dataset/train/train/clip_00789.wav,35235
/data/Dataset/train/train/clip_00790.wav,29014
/data/Dataset/train/train/clip_00791.wav,36837
/data/Dataset/train/train/clip_00792.wav,26159
/data/Dataset/train/train/clip_00793.wav,68335
/data/Dataset/train/train/clip_00794.wav,53920
/data/Dataset/train/train/clip_00795.wav,36751
/data/Dataset/train/train/clip_00796.wav,27761
/data/Dataset/train/train/clip_00797.wav,29363
/data/Dataset/train/train/clip_00798.wav,43243
/data/Dataset/train/train/clip_00799.wav,36523
/data/Dataset/train/train/clip_00800.wav,51251
/data/Dataset/train/train/clip_00801.wav,34312
/data/Dataset/test/test/clip_00802.wav,37904
/data/Dataset/train/train/clip_00803.wav,29897
/data/Dataset/train/train/clip_00804.wav,36303
/data/Dataset/train/train/clip_00805.wav,41642
/data/Dataset/train/train/clip_00806.wav,36430
/data/Dataset/train/train/clip_00807.wav,52853
/data/Dataset/train/train/clip_00808.wav,54454
/data/Dataset/train/train/clip_00809.wav,30297
/data/Dataset/train/train/clip_00810.wav,47514
/data/Dataset/train/train/clip_00811.wav,34167
/data/Dataset/train/train/clip_00812.wav,52853
/data/Dataset/train/train/clip_00813.wav,45912
/data/Dataset/train/train/clip_00814.wav,36303
/data/Dataset/train/train/clip_00815.wav,57658
/data/Dataset/train/train/clip_00816.wav,33750
/data/Dataset/train/train/clip_00817.wav,36523
/data/Dataset/train/train/clip_00818.wav,47514
/data/Dataset/train/train/clip_00819.wav,54454
/data/Dataset/train/train/clip_00820.wav,46980
/data/Dataset/test/test/clip_00821.wav,41642
/data/Dataset/train/train/clip_00822.wav,34167
/data/Dataset/train/train/clip_00823.wav,43777
/data/Dataset/train/train/clip_00824.wav,44845
/data/Dataset/train/train/clip_00825.wav,67801
/data/Dataset/train/train/clip_00826.wav,36837
/data/Dataset/train/train/clip_00827.wav,39506
/data/Dataset/train/train/clip_00828.wav,43243
/data/Dataset/train/train/clip_00829.wav,45379
/data/Dataset/train/train/clip_00830.wav,57658
/data/Dataset/test/test/clip_00831.wav,37371
/data/Dataset/train/train/clip_00832.wav,36977
/data/Dataset/train/train/clip_00833.wav,47514
/data/Dataset/test/test/clip_00834.wav,34167
/data/Dataset/train/train/clip_00835.wav,29896
/data/Dataset/train/train/clip_00836.wav,36409
/data/Dataset/train/train/clip_00837.wav,45913
/data/Dataset/train/train/clip_00838.wav,59259
/data/Dataset/train/train/clip_00839.wav,32566
/data/Dataset/test/test/clip_00840.wav,40574
/data/Dataset/train/train/clip_00841.wav,23370
/data/Dataset/train/train/clip_00842.wav,60327
/data/Dataset/train/train/clip_00843.wav,28403
/data/Dataset/test/test/clip_00844.wav,45379
/data/Dataset/train/train/clip_00845.wav,30964
/data/Dataset/train/train/clip_00846.wav,57124
/data/Dataset/train/train/clip_00847.wav,35235
/data/Dataset/test/test/clip_00848.wav,45912
/data/Dataset/train/train/clip_00849.wav,41108
/data/Dataset/train/train/clip_00850.wav,40040
/data/Dataset/train/train/clip_00851.wav,60327
/data/Dataset/train/train/clip_00852.wav,33100
/data/Dataset/train/train/clip_00853.wav,27227
/data/Dataset/train/train/clip_00854.wav,33100
/data/Dataset/train/train/clip_00855.wav,49116
/data/Dataset/test/test/clip_00856.wav,39506
/data/Dataset/test/test/clip_00857.wav,36409
/data/Dataset/train/train/clip_00858.wav,46446
/data/Dataset/train/train/clip_00859.wav,33478
/data/Dataset/train/train/clip_00860.wav,65666
/data/Dataset/train/train/clip_00861.wav,33897
/data/Dataset/train/train/clip_00862.wav,34701
/data/Dataset/train/train/clip_00863.wav,38972
/data/Dataset/train/train/clip_00864.wav,42709
/data/Dataset/test/test/clip_00865.wav,26693
/data/Dataset/train/train/clip_00866.wav,29632
/data/Dataset/train/train/clip_00867.wav,38438
/data/Dataset/train/train/clip_00868.wav,57658
/data/Dataset/train/train/clip_00869.wav,32917
/data/Dataset/train/train/clip_00870.wav,29897
/data/Dataset/train/train/clip_00871.wav,36303
/data/Dataset/train/train/clip_00872.wav,38438
/data/Dataset/train/train/clip_00873.wav,38438
/data/Dataset/train/train/clip_00874.wav,32592
/data/Dataset/train/train/clip_00875.wav,45379
/data/Dataset/train/train/clip_00876.wav,56056
/data/Dataset/train/train/clip_00877.wav,40040
/data/Dataset/train/train/clip_00878.wav,32566
/data/Dataset/train/train/clip_00879.wav,46446
/data/Dataset/train/train/clip_00880.wav,44845
/data/Dataset/train/train/clip_00881.wav,40040
/data/Dataset/train/train/clip_00882.wav,37229
/data/Dataset/train/train/clip_00883.wav,46980
/data/Dataset/train/train/clip_00884.wav,40973
/data/Dataset/train/train/clip_00885.wav,30964
/data/Dataset/train/train/clip_00886.wav,46446
/data/Dataset/train/train/clip_00887.wav,41247
/data/Dataset/train/train/clip_00888.wav,42709
/data/Dataset/train/train/clip_00889.wav,41418
/data/Dataset/train/train/clip_00890.wav,27531
/data/Dataset/train/train/clip_00891.wav,26693
/data/Dataset/train/train/clip_00892.wav,33871
/data/Dataset/train/train/clip_00893.wav,34600
/data/Dataset/test/test/clip_00894.wav,34701
/data/Dataset/train/train/clip_00895.wav,26693
/data/Dataset/train/train/clip_00896.wav,43622
/data/Dataset/train/train/clip_00897.wav,28829
/data/Dataset/train/train/clip_00898.wav,45912
/data/Dataset/train/train/clip_00899.wav,40254
/data/Dataset/train/train/clip_00900.wav,44845
/data/Dataset/train/train/clip_00901.wav,34333
/data/Dataset/test/test/clip_00902.wav,33100
/data/Dataset/train/train/clip_00903.wav,27470
/data/Dataset/train/train/clip_00904.wav,48582
/data/Dataset/train/train/clip_00905.wav,47757
/data/Dataset/train/train/clip_00906.wav,46980
/data/Dataset/train/train/clip_00907.wav,28829
/data/Dataset/train/train/clip_00908.wav,41642
/data/Dataset/train/train/clip_00909.wav,61395
/data/Dataset/train/train/clip_00910.wav,53920
/data/Dataset/train/train/clip_00911.wav,57658
/data/Dataset/train/train/clip_00912.wav,58725
/data/Dataset/train/train/clip_00913.wav,38972
/data/Dataset/train/train/clip_00914.wav,35235
/data/Dataset/train/train/clip_00915.wav,41642
/data/Dataset/train/train/clip_00916.wav,33100
/data/Dataset/train/train/clip_00917.wav,35235
/data/Dataset/train/train/clip_00918.wav,37904
/data/Dataset/train/train/clip_00919.wav,48582
/data/Dataset/train/train/clip_00920.wav,59259
/data/Dataset/train/train/clip_00921.wav,42709
/data/Dataset/train/train/clip_00922.wav,40574
/data/Dataset/train/train/clip_00923.wav,34167
/data/Dataset/train/train/clip_00924.wav,38787
/data/Dataset/train/train/clip_00925.wav,63530
/data/Dataset/train/train/clip_00926.wav,56590
/data/Dataset/train/train/clip_00927.wav,36837
/data/Dataset/train/train/clip_00928.wav,30964
/data/Dataset/train/train/clip_00929.wav,38972
/data/Dataset/train/train/clip_00930.wav,37904
/data/Dataset/train/train/clip_00931.wav,41799
/data/Dataset/train/train/clip_00932.wav,32032
/data/Dataset/train/train/clip_00933.wav,38140
/data/Dataset/train/train/clip_00934.wav,54988
/data/Dataset/test/test/clip_00935.wav,36409
/data/Dataset/train/train/clip_00936.wav,56056
/data/Dataset/train/train/clip_00937.wav,37905
/data/Dataset/test/test/clip_00938.wav,30430
/data/Dataset/train/train/clip_00939.wav,42175
/data/Dataset/train/train/clip_00940.wav,31949
/data/Dataset/train/train/clip_00941.wav,24460
/data/Dataset/test/test/clip_00942.wav,36523
/data/Dataset/test/test/clip_00943.wav,40040
/data/Dataset/train/train/clip_00944.wav,55522
/data/Dataset/train/train/clip_00945.wav,53921
/data/Dataset/train/train/clip_00946.wav,23257
/data/Dataset/train/train/clip_00947.wav,35235
/data/Dataset/train/train/clip_00948.wav,38972
/data/Dataset/train/train/clip_00949.wav,36837
/data/Dataset/train/train/clip_00950.wav,36409
/data/Dataset/train/train/clip_00951.wav,37905
/data/Dataset/train/train/clip_00952.wav,32427
/data/Dataset/train/train/clip_00953.wav,43243
/data/Dataset/train/train/clip_00954.wav,42175
/data/Dataset/test/test/clip_00955.wav,50183
/data/Dataset/test/test/clip_00956.wav,41108
/data/Dataset/train/train/clip_00957.wav,30521
/data/Dataset/train/train/clip_00958.wav,34701
/data/Dataset/train/train/clip_00959.wav,35442
/data/Dataset/train/train/clip_00960.wav,35769
/data/Dataset/train/train/clip_00961.wav,34701
/data/Dataset/train/train/clip_00962.wav,44311
/data/Dataset/test/test/clip_00963.wav,58725
/data/Dataset/train/train/clip_00964.wav,34167
/data/Dataset/train/train/clip_00965.wav,62996
/data/Dataset/train/train/clip_00966.wav,54988
/data/Dataset/train/train/clip_00967.wav,38438
/data/Dataset/train/train/clip_00968.wav,55522
/data/Dataset/train/train/clip_00969.wav,34167
/data/Dataset/train/train/clip_00970.wav,49116
/data/Dataset/train/train/clip_00971.wav,29596
/data/Dataset/train/train/clip_00972.wav,41108
/data/Dataset/train/train/clip_00973.wav,48582
/data/Dataset/train/train/clip_00974.wav,26768
/data/Dataset/train/train/clip_00975.wav,39506
/data/Dataset/train/train/clip_00976.wav,46446
/data/Dataset/train/train/clip_00977.wav,40574
/data/Dataset/train/train/clip_00978.wav,33100
/data/Dataset/train/train/clip_00979.wav,39506
/data/Dataset/train/train/clip_00980.wav,46980
/data/Dataset/train/train/clip_00981.wav,33100
/data/Dataset/train/train/clip_00982.wav,30964
/data/Dataset/train/train/clip_00983.wav,38229
/data/Dataset/train/train/clip_00984.wav,34701
/data/Dataset/train/train/clip_00985.wav,36386
/data/Dataset/train/train/clip_00986.wav,38438
/data/Dataset/train/train/clip_00987.wav,32517
/data/Dataset/train/train/clip_00988.wav,44311
/data/Dataset/train/train/clip_00989.wav,52853
/data/Dataset/test/test/clip_00990.wav,44311
/data/Dataset/train/train/clip_00991.wav,31657
/data/Dataset/train/train/clip_00992.wav,27677
/data/Dataset/train/train/clip_00993.wav,37905
/data/Dataset/test/test/clip_00994.wav,58725
/data/Dataset/train/train/clip_00995.wav,59793
/data/Dataset/train/train/clip_00996.wav,45379
/data/Dataset/test/test/clip_00997.wav,37905
/data/Dataset/train/train/clip_00998.wav,46446
/data/Dataset/train/train/clip_00999.wav,38438
/data/Dataset/train/train/clip_01000.wav,36409
/data/Dataset/train/train/clip_01001.wav,43777
/data/Dataset/train/train/clip_01002.wav,42175
/data/Dataset/train/train/clip_01003.wav,40574
/data/Dataset/train/train/clip_01004.wav,41055
/data/Dataset/train/train/clip_01005.wav,54454
/data/Dataset/train/train/clip_01006.wav,27806
/data/Dataset/train/train/clip_01007.wav,34167
/data/Dataset/train/train/clip_01008.wav,38685
/data/Dataset/test/test/clip_01009.wav,42709
/data/Dataset/train/train/clip_01010.wav,31149
/data/Dataset/train/train/clip_01011.wav,31447
/data/Dataset/train/train/clip_01012.wav,47514
/data/Dataset/train/train/clip_01013.wav,49650
/data/Dataset/test/test/clip_01014.wav,50717
/data/Dataset/train/train/clip_01015.wav,40574
/data/Dataset/train/train/clip_01016.wav,64598
/data/Dataset/train/train/clip_01017.wav,24931
/data/Dataset/train/train/clip_01018.wav,26693
/data/Dataset/test/test/clip_01019.wav,56056
/data/Dataset/train/train/clip_01020.wav,42709
/data/Dataset/train/train/clip_01021.wav,42709
/data/Dataset/train/train/clip_01022.wav,33634
/data/Dataset/train/train/clip_01023.wav,40574
/data/Dataset/train/train/clip_01024.wav,25376
/data/Dataset/test/test/clip_01025.wav,51251
/data/Dataset/train/train/clip_01026.wav,36409
/data/Dataset/train/train/clip_01027.wav,37371
/data/Dataset/test/test/clip_01028.wav,46980
/data/Dataset/train/train/clip_01029.wav,36219
/data/Dataset/train/train/clip_01030.wav,44845
/data/Dataset/train/train/clip_01031.wav,48582
/data/Dataset/train/train/clip_01032.wav,31721
/data/Dataset/train/train/clip_01033.wav,50717
/data/Dataset/train/train/clip_01034.wav,36303
/data/Dataset/train/train/clip_01035.wav,41642
/data/Dataset/train/train/clip_01036.wav,50183
/data/Dataset/train/train/clip_01037.wav,59259
/data/Dataset/train/train/clip_01038.wav,40574
/data/Dataset/train/train/clip_01039.wav,34167
/data/Dataset/train/train/clip_01040.wav,46446
/data/Dataset/train/train/clip_01041.wav,59259
/data/Dataset/train/train/clip_01042.wav,36523
/data/Dataset/train/train/clip_01043.wav,45379
/data/Dataset/train/train/clip_01044.wav,56590
/data/Dataset/train/train/clip_01045.wav,33634
/data/Dataset/train/train/clip_01046.wav,40040
/data/Dataset/train/train/clip_01047.wav,34701
/data/Dataset/train/train/clip_01048.wav,37371
/data/Dataset/test/test/clip_01049.wav,41108
/data/Dataset/train/train/clip_01050.wav,29896
/data/Dataset/train/train/clip_01051.wav,22324
/data/Dataset/train/train/clip_01052.wav,30430
/data/Dataset/train/train/clip_01053.wav,39506
/data/Dataset/train/train/clip_01054.wav,41108
/data/Dataset/train/train/clip_01055.wav,24739
/data/Dataset/train/train/clip_01056.wav,60327
/data/Dataset/train/train/clip_01057.wav,69403
/data/Dataset/train/train/clip_01058.wav,43777
/data/Dataset/train/train/clip_01059.wav,27761
/data/Dataset/train/train/clip_01060.wav,31613
/data/Dataset/test/test/clip_01061.wav,73674
/data/Dataset/train/train/clip_01062.wav,32717
/data/Dataset/train/train/clip_01063.wav,64064
/data/Dataset/train/train/clip_01064.wav,41642
/data/Dataset/test/test/clip_01065.wav,49650
/data/Dataset/train/train/clip_01066.wav,45913
/data/Dataset/train/train/clip_01067.wav,24639
/data/Dataset/train/train/clip_01068.wav,41108
/data/Dataset/train/train/clip_01069.wav,40574
/data/Dataset/train/train/clip_01070.wav,30964
/data/Dataset/train/train/clip_01071.wav,33100
/data/Dataset/test/test/clip_01072.wav,41108
/data/Dataset/train/train/clip_01073.wav,40574
/data/Dataset/test/test/clip_01074.wav,67801
/data/Dataset/test/test/clip_01075.wav,52319
/data/Dataset/test/test/clip_01076.wav,40040
/data/Dataset/test/test/clip_01077.wav,34167
/data/Dataset/train/train/clip_01078.wav,40040
/data/Dataset/test/test/clip_01079.wav,60861
/data/Dataset/train/train/clip_01080.wav,51785
/data/Dataset/train/train/clip_01081.wav,36837
/data/Dataset/train/train/clip_01082.wav,35235
/data/Dataset/train/train/clip_01083.wav,44311
/data/Dataset/test/test/clip_01084.wav,40040
/data/Dataset/train/train/clip_01085.wav,32621
/data/Dataset/test/test/clip_01086.wav,38972
/data/Dataset/train/train/clip_01087.wav,30853
/data/Dataset/test/test/clip_01088.wav,65666
/data/Dataset/train/train/clip_01089.wav,36718
/data/Dataset/train/train/clip_01090.wav,36303
/data/Dataset/train/train/clip_01091.wav,48048
/data/Dataset/train/train/clip_01092.wav,48582
/data/Dataset/train/train/clip_01093.wav,31274
/data/Dataset/train/train/clip_01094.wav,50717
/data/Dataset/test/test/clip_01095.wav,41108
/data/Dataset/train/train/clip_01096.wav,38438
/data/Dataset/train/train/clip_01097.wav,33962
/data/Dataset/train/train/clip_01098.wav,39506
/data/Dataset/test/test/clip_01099.wav,45379
/data/Dataset/train/train/clip_01100.wav,54454
/data/Dataset/train/train/clip_01101.wav,43105
/data/Dataset/test/test/clip_01102.wav,32032
/data/Dataset/train/train/clip_01103.wav,57124
/data/Dataset/train/train/clip_01104.wav,36409
/data/Dataset/train/train/clip_01105.wav,40040
/data/Dataset/train/train/clip_01106.wav,39506
/data/Dataset/train/train/clip_01107.wav,66733
/data/Dataset/test/test/clip_01108.wav,45913
/data/Dataset/train/train/clip_01109.wav,50183
/data/Dataset/train/train/clip_01110.wav,42709
/data/Dataset/train/train/clip_01111.wav,46446
/data/Dataset/train/train/clip_01112.wav,34701
/data/Dataset/train/train/clip_01113.wav,35993
/data/Dataset/train/train/clip_01114.wav,64064
/data/Dataset/train/train/clip_01115.wav,39506
/data/Dataset/train/train/clip_01116.wav,65666
/data/Dataset/train/train/clip_01117.wav,32518
/data/Dataset/train/train/clip_01118.wav,33100
/data/Dataset/train/train/clip_01119.wav,57658
/data/Dataset/train/train/clip_01120.wav,36409
/data/Dataset/train/train/clip_01121.wav,28829
/data/Dataset/train/train/clip_01122.wav,38972
/data/Dataset/test/test/clip_01123.wav,59259
/data/Dataset/train/train/clip_01124.wav,36409
/data/Dataset/train/train/clip_01125.wav,44311
/data/Dataset/train/train/clip_01126.wav,38972
/data/Dataset/train/train/clip_01127.wav,42709
/data/Dataset/train/train/clip_01128.wav,25939
/data/Dataset/train/train/clip_01129.wav,30430
/data/Dataset/test/test/clip_01130.wav,58725
/data/Dataset/train/train/clip_01131.wav,59259
/data/Dataset/train/train/clip_01132.wav,32379
/data/Dataset/train/train/clip_01133.wav,63530
/data/Dataset/train/train/clip_01134.wav,33068
/data/Dataset/train/train/clip_01135.wav,33100
/data/Dataset/train/train/clip_01136.wav,50717
/data/Dataset/train/train/clip_01137.wav,45379
/data/Dataset/train/train/clip_01138.wav,59259
/data/Dataset/train/train/clip_01139.wav,32566
/data/Dataset/train/train/clip_01140.wav,50717
/data/Dataset/train/train/clip_01141.wav,43777
/data/Dataset/train/train/clip_01142.wav,43243
/data/Dataset/test/test/clip_01143.wav,33100
/data/Dataset/train/train/clip_01144.wav,33482
/data/Dataset/train/train/clip_01145.wav,40040
/data/Dataset/train/train/clip_01146.wav,48048
/data/Dataset/train/train/clip_01147.wav,29426
/data/Dataset/train/train/clip_01148.wav,30430
/data/Dataset/train/train/clip_01149.wav,33515
/data/Dataset/train/train/clip_01150.wav,37904
/data/Dataset/train/train/clip_01151.wav,26000
/data/Dataset/train/train/clip_01152.wav,33616
/data/Dataset/train/train/clip_01153.wav,39506
/data/Dataset/test/test/clip_01154.wav,50183
/data/Dataset/train/train/clip_01155.wav,38438
/data/Dataset/train/train/clip_01156.wav,60327
/data/Dataset/train/train/clip_01157.wav,64064
/data/Dataset/train/train/clip_01158.wav,46446
/data/Dataset/train/train/clip_01159.wav,29808
/data/Dataset/train/train/clip_01160.wav,27761
/data/Dataset/train/train/clip_01161.wav,56590
/data/Dataset/train/train/clip_01162.wav,33100
/data/Dataset/train/train/clip_01163.wav,30964
/data/Dataset/test/test/clip_01164.wav,36303
/data/Dataset/train/train/clip_01165.wav,48582
/data/Dataset/train/train/clip_01166.wav,48048
/data/Dataset/train/train/clip_01167.wav,37371
/data/Dataset/train/train/clip_01168.wav,38972
/data/Dataset/train/train/clip_01169.wav,41445
/data/Dataset/train/train/clip_01170.wav,55522
/data/Dataset/test/test/clip_01171.wav,47514
/data/Dataset/train/train/clip_01172.wav,45912
/data/Dataset/train/train/clip_01173.wav,45913
/data/Dataset/train/train/clip_01174.wav,59793
/data/Dataset/train/train/clip_01175.wav,38782
/data/Dataset/train/train/clip_01176.wav,30991
/data/Dataset/train/train/clip_01177.wav,38438
/data/Dataset/train/train/clip_01178.wav,60327
/data/Dataset/test/test/clip_01179.wav,59259
/data/Dataset/train/train/clip_01180.wav,40574
/data/Dataset/train/train/clip_01181.wav,22290
/data/Dataset/train/train/clip_01182.wav,45379
/data/Dataset/train/train/clip_01183.wav,46446
/data/Dataset/train/train/clip_01184.wav,36523
/data/Dataset/train/train/clip_01185.wav,37371
/data/Dataset/train/train/clip_01186.wav,54988
/data/Dataset/test/test/clip_01187.wav,34701
/data/Dataset/test/test/clip_01188.wav,36409
/data/Dataset/train/train/clip_01189.wav,28829
/data/Dataset/train/train/clip_01190.wav,40040
/data/Dataset/train/train/clip_01191.wav,34270
/data/Dataset/train/train/clip_01192.wav,40574
/data/Dataset/train/train/clip_01193.wav,40574
/data/Dataset/train/train/clip_01194.wav,37904
/data/Dataset/train/train/clip_01195.wav,40574
/data/Dataset/train/train/clip_01196.wav,29363
/data/Dataset/train/train/clip_01197.wav,37339
/data/Dataset/test/test/clip_01198.wav,46446
/data/Dataset/train/train/clip_01199.wav,33638
/data/Dataset/train/train/clip_01200.wav,72606
/data/Dataset/train/train/clip_01201.wav,65666
/data/Dataset/train/train/clip_01202.wav,32210
/data/Dataset/test/test/clip_01203.wav,45912
/data/Dataset/train/train/clip_01204.wav,34637
/data/Dataset/train/train/clip_01205.wav,39506
/data/Dataset/train/train/clip_01206.wav,32566
/data/Dataset/train/train/clip_01207.wav,29896
/data/Dataset/train/train/clip_01208.wav,28475
/data/Dataset/train/train/clip_01209.wav,36837
/data/Dataset/train/train/clip_01210.wav,50717
/data/Dataset/train/train/clip_01211.wav,25093
/data/Dataset/train/train/clip_01212.wav,55522
/data/Dataset/train/train/clip_01213.wav,46446
/data/Dataset/train/train/clip_01214.wav,33694
/data/Dataset/train/train/clip_01215.wav,45379
/data/Dataset/train/train/clip_01216.wav,32566
/data/Dataset/train/train/clip_01217.wav,34103
/data/Dataset/train/train/clip_01218.wav,33634
/data/Dataset/train/train/clip_01219.wav,49650
/data/Dataset/train/train/clip_01220.wav,33523
/data/Dataset/train/train/clip_01221.wav,33106
/data/Dataset/train/train/clip_01222.wav,64064
/data/Dataset/train/train/clip_01223.wav,28829
/data/Dataset/train/train/clip_01224.wav,44311
/data/Dataset/train/train/clip_01225.wav,36837
/data/Dataset/train/train/clip_01226.wav,50183
/data/Dataset/train/train/clip_01227.wav,51251
/data/Dataset/train/train/clip_01228.wav,40040
/data/Dataset/train/train/clip_01229.wav,27371
/data/Dataset/train/train/clip_01230.wav,39506
/data/Dataset/train/train/clip_01231.wav,35235
/data/Dataset/train/train/clip_01232.wav,42175
/data/Dataset/train/train/clip_01233.wav,23804
/data/Dataset/train/train/clip_01234.wav,38436
/data/Dataset/train/train/clip_01235.wav,33628
/data/Dataset/train/train/clip_01236.wav,59259
/data/Dataset/train/train/clip_01237.wav,49116
/data/Dataset/train/train/clip_01238.wav,39628
/data/Dataset/train/train/clip_01239.wav,30964
/data/Dataset/train/train/clip_01240.wav,45379
/data/Dataset/test/test/clip_01241.wav,41642
/data/Dataset/train/train/clip_01242.wav,30919
/data/Dataset/train/train/clip_01243.wav,51785
/data/Dataset/train/train/clip_01244.wav,36837
/data/Dataset/train/train/clip_01245.wav,61395
/data/Dataset/train/train/clip_01246.wav,51251
/data/Dataset/train/train/clip_01247.wav,44485
/data/Dataset/train/train/clip_01248.wav,53920
/data/Dataset/train/train/clip_01249.wav,42175
/data/Dataset/train/train/clip_01250.wav,58191
/data/Dataset/train/train/clip_01251.wav,36303
/data/Dataset/train/train/clip_01252.wav,47514
/data/Dataset/train/train/clip_01253.wav,45379
/data/Dataset/test/test/clip_01254.wav,50183
/data/Dataset/train/train/clip_01255.wav,69937
/data/Dataset/train/train/clip_01256.wav,36523
/data/Dataset/train/train/clip_01257.wav,50183
/data/Dataset/test/test/clip_01258.wav,38438
/data/Dataset/train/train/clip_01259.wav,35527
/data/Dataset/test/test/clip_01260.wav,33100
/data/Dataset/train/train/clip_01261.wav,42175
/data/Dataset/train/train/clip_01262.wav,31498
/data/Dataset/train/train/clip_01263.wav,44845
/data/Dataset/train/train/clip_01264.wav,52319
/data/Dataset/train/train/clip_01265.wav,64064
/data/Dataset/train/train/clip_01266.wav,53920
/data/Dataset/train/train/clip_01267.wav,45379
/data/Dataset/test/test/clip_01268.wav,36409
/data/Dataset/train/train/clip_01269.wav,33859
/data/Dataset/train/train/clip_01270.wav,43777
/data/Dataset/test/test/clip_01271.wav,47514
/data/Dataset/train/train/clip_01272.wav,52853
/data/Dataset/test/test/clip_01273.wav,41642
/data/Dataset/train/train/clip_01274.wav,28829
/data/Dataset/train/train/clip_01275.wav,43243
/data/Dataset/train/train/clip_01276.wav,46446
/data/Dataset/train/train/clip_01277.wav,33100
/data/Dataset/test/test/clip_01278.wav,46980
/data/Dataset/train/train/clip_01279.wav,25092
/data/Dataset/test/test/clip_01280.wav,35235
/data/Dataset/train/train/clip_01281.wav,38460
/data/Dataset/train/train/clip_01282.wav,37371
/data/Dataset/train/train/clip_01283.wav,51251
/data/Dataset/test/test/clip_01284.wav,60327
/data/Dataset/test/test/clip_01285.wav,39506
/data/Dataset/train/train/clip_01286.wav,33100
/data/Dataset/train/train/clip_01287.wav,33100
/data/Dataset/train/train/clip_01288.wav,40040
/data/Dataset/train/train/clip_01289.wav,52853
/data/Dataset/train/train/clip_01290.wav,40574
/data/Dataset/train/train/clip_01291.wav,39387
/data/Dataset/train/train/clip_01292.wav,26838
/data/Dataset/train/train/clip_01293.wav,53387
/data/Dataset/train/train/clip_01294.wav,41642
/data/Dataset/train/train/clip_01295.wav,37905
/data/Dataset/train/train/clip_01296.wav,25858
/data/Dataset/train/train/clip_01297.wav,26627
/data/Dataset/train/train/clip_01298.wav,28647
/data/Dataset/train/train/clip_01299.wav,32566
/data/Dataset/train/train/clip_01300.wav,42658
/data/Dataset/train/train/clip_01301.wav,69937
/data/Dataset/train/train/clip_01302.wav,26693
/data/Dataset/train/train/clip_01303.wav,34701
/data/Dataset/train/train/clip_01304.wav,56590
/data/Dataset/train/train/clip_01305.wav,40574
/data/Dataset/train/train/clip_01306.wav,45912
/data/Dataset/train/train/clip_01307.wav,36646
/data/Dataset/test/test/clip_01308.wav,29363
/data/Dataset/train/train/clip_01309.wav,44311
/data/Dataset/train/train/clip_01310.wav,45912
/data/Dataset/train/train/clip_01311.wav,31498
/data/Dataset/train/train/clip_01312.wav,35272
/data/Dataset/train/train/clip_01313.wav,46980
/data/Dataset/train/train/clip_01314.wav,42709
/data/Dataset/train/train/clip_01315.wav,61395
/data/Dataset/train/train/clip_01316.wav,29897
/data/Dataset/test/test/clip_01317.wav,38972
/data/Dataset/train/train/clip_01318.wav,28295
/data/Dataset/train/train/clip_01319.wav,40727
/data/Dataset/train/train/clip_01320.wav,34701
/data/Dataset/train/train/clip_01321.wav,38438
/data/Dataset/train/train/clip_01322.wav,45506
/data/Dataset/train/train/clip_01323.wav,37021
/data/Dataset/train/train/clip_01324.wav,30749
/data/Dataset/train/train/clip_01325.wav,39943
/data/Dataset/train/train/clip_01326.wav,32146
/data/Dataset/train/train/clip_01327.wav,39068
/data/Dataset/train/train/clip_01328.wav,58725
/data/Dataset/train/train/clip_01329.wav,67267
/data/Dataset/train/train/clip_01330.wav,35235
/data/Dataset/train/train/clip_01331.wav,34077
/data/Dataset/train/train/clip_01332.wav,64598
/data/Dataset/train/train/clip_01333.wav,60861
/data/Dataset/train/train/clip_01334.wav,43777
/data/Dataset/train/train/clip_01335.wav,40040
/data/Dataset/train/train/clip_01336.wav,46446
/data/Dataset/train/train/clip_01337.wav,32032
/data/Dataset/train/train/clip_01338.wav,54988
/data/Dataset/train/train/clip_01339.wav,31498
/data/Dataset/train/train/clip_01340.wav,40574
/data/Dataset/train/train/clip_01341.wav,33634
/data/Dataset/test/test/clip_01342.wav,33100
/data/Dataset/train/train/clip_01343.wav,32300
/data/Dataset/train/train/clip_01344.wav,40574
/data/Dataset/train/train/clip_01345.wav,32566
/data/Dataset/train/train/clip_01346.wav,40574
/data/Dataset/test/test/clip_01347.wav,56590
/data/Dataset/train/train/clip_01348.wav,45913
/data/Dataset/test/test/clip_01349.wav,44845
/data/Dataset/train/train/clip_01350.wav,59793
/data/Dataset/test/test/clip_01351.wav,45379
/data/Dataset/train/train/clip_01352.wav,36837
/data/Dataset/train/train/clip_01353.wav,32566
/data/Dataset/train/train/clip_01354.wav,32566
/data/Dataset/test/test/clip_01355.wav,38972
/data/Dataset/train/train/clip_01356.wav,61929
/data/Dataset/test/test/clip_01357.wav,47514
/data/Dataset/train/train/clip_01358.wav,43377
/data/Dataset/train/train/clip_01359.wav,28853
/data/Dataset/train/train/clip_01360.wav,26884
/data/Dataset/test/test/clip_01361.wav,44311
/data/Dataset/train/train/clip_01362.wav,30430
/data/Dataset/train/train/clip_01363.wav,39271
/data/Dataset/train/train/clip_01364.wav,40040
/data/Dataset/train/train/clip_01365.wav,42709
/data/Dataset/train/train/clip_01366.wav,34167
/data/Dataset/train/train/clip_01367.wav,54454
/data/Dataset/train/train/clip_01368.wav,50717
/data/Dataset/train/train/clip_01369.wav,40574
/data/Dataset/train/train/clip_01370.wav,39185
/data/Dataset/train/train/clip_01371.wav,26693
/data/Dataset/test/test/clip_01372.wav,37905
/data/Dataset/train/train/clip_01373.wav,42175
/data/Dataset/train/train/clip_01374.wav,37542
/data/Dataset/train/train/clip_01375.wav,34144
/data/Dataset/train/train/clip_01376.wav,59259
/data/Dataset/train/train/clip_01377.wav,33100
/data/Dataset/train/train/clip_01378.wav,36837
/data/Dataset/train/train/clip_01379.wav,46446
/data/Dataset/train/train/clip_01380.wav,42709
/data/Dataset/train/train/clip_01381.wav,30964
/data/Dataset/train/train/clip_01382.wav,39196
/data/Dataset/train/train/clip_01383.wav,38972
/data/Dataset/train/train/clip_01384.wav,49116
/data/Dataset/train/train/clip_01385.wav,59793
/data/Dataset/train/train/clip_01386.wav,34629
/data/Dataset/train/train/clip_01387.wav,34167
/data/Dataset/test/test/clip_01388.wav,42709
/data/Dataset/train/train/clip_01389.wav,66733
/data/Dataset/train/train/clip_01390.wav,35898
/data/Dataset/test/test/clip_01391.wav,44845
/data/Dataset/train/train/clip_01392.wav,34006
/data/Dataset/test/test/clip_01393.wav,35769
/data/Dataset/train/train/clip_01394.wav,38972
/data/Dataset/train/train/clip_01395.wav,32047
/data/Dataset/train/train/clip_01396.wav,26693
/data/Dataset/train/train/clip_01397.wav,29363
/data/Dataset/test/test/clip_01398.wav,27761
/data/Dataset/train/train/clip_01399.wav,37371
/data/Dataset/train/train/clip_01400.wav,29756
/data/Dataset/train/train/clip_01401.wav,40574
/data/Dataset/train/train/clip_01402.wav,40574
/data/Dataset/train/train/clip_01403.wav,68869
/data/Dataset/train/train/clip_01404.wav,34167
/data/Dataset/train/train/clip_01405.wav,34733
/data/Dataset/train/train/clip_01406.wav,35235
/data/Dataset/test/test/clip_01407.wav,34701
/data/Dataset/train/train/clip_01408.wav,33634
/data/Dataset/train/train/clip_01409.wav,38438
/data/Dataset/test/test/clip_01410.wav,34701
/data/Dataset/train/train/clip_01411.wav,39179
/data/Dataset/train/train/clip_01412.wav,39836
/data/Dataset/train/train/clip_01413.wav,57658
/data/Dataset/train/train/clip_01414.wav,61395
/data/Dataset/train/train/clip_01415.wav,31498
/data/Dataset/train/train/clip_01416.wav,34701
/data/Dataset/test/test/clip_01417.wav,40574
/data/Dataset/train/train/clip_01418.wav,36837
/data/Dataset/train/train/clip_01419.wav,35544
/data/Dataset/train/train/clip_01420.wav,40040
/data/Dataset/train/train/clip_01421.wav,32032
/data/Dataset/train/train/clip_01422.wav,29093
/data/Dataset/train/train/clip_01423.wav,34167
/data/Dataset/train/train/clip_01424.wav,35769
/data/Dataset/train/train/clip_01425.wav,35235
/data/Dataset/test/test/clip_01426.wav,37371
/data/Dataset/train/train/clip_01427.wav,41108
/data/Dataset/train/train/clip_01428.wav,50183
/data/Dataset/train/train/clip_01429.wav,51785
/data/Dataset/train/train/clip_01430.wav,32032
/data/Dataset/train/train/clip_01431.wav,43243
/data/Dataset/train/train/clip_01432.wav,36523
/data/Dataset/train/train/clip_01433.wav,39506
/data/Dataset/train/train/clip_01434.wav,36409
/data/Dataset/train/train/clip_01435.wav,32893
/data/Dataset/train/train/clip_01436.wav,28829
/data/Dataset/train/train/clip_01437.wav,36110
/data/Dataset/test/test/clip_01438.wav,33100
/data/Dataset/train/train/clip_01439.wav,36409
/data/Dataset/train/train/clip_01440.wav,38972
/data/Dataset/test/test/clip_01441.wav,35235
/data/Dataset/train/train/clip_01442.wav,40040
/data/Dataset/train/train/clip_01443.wav,24490
/data/Dataset/train/train/clip_01444.wav,43777
/data/Dataset/train/train/clip_01445.wav,29524
/data/Dataset/train/train/clip_01446.wav,45912
/data/Dataset/train/train/clip_01447.wav,36837
/data/Dataset/test/test/clip_01448.wav,52319
/data/Dataset/train/train/clip_01449.wav,32032
/data/Dataset/train/train/clip_01450.wav,58725
/data/Dataset/train/train/clip_01451.wav,47514
/data/Dataset/train/train/clip_01452.wav,27336
/data/Dataset/test/test/clip_01453.wav,45912
/data/Dataset/train/train/clip_01454.wav,37371
/data/Dataset/train/train/clip_01455.wav,45912
/data/Dataset/train/train/clip_01456.wav,36523
/data/Dataset/train/train/clip_01457.wav,35235
/data/Dataset/test/test/clip_01458.wav,52319
/data/Dataset/train/train/clip_01459.wav,35235
/data/Dataset/train/train/clip_01460.wav,59793
/data/Dataset/train/train/clip_01461.wav,23471
/data/Dataset/train/train/clip_01462.wav,53921
/data/Dataset/train/train/clip_01463.wav,51251
/data/Dataset/test/test/clip_01464.wav,33100
/data/Dataset/test/test/clip_01465.wav,45912
/data/Dataset/train/train/clip_01466.wav,41011
/data/Dataset/train/train/clip_01467.wav,26159
/data/Dataset/test/test/clip_01468.wav,58725
/data/Dataset/test/test/clip_01469.wav,40040
/data/Dataset/train/train/clip_01470.wav,27898
/data/Dataset/train/train/clip_01471.wav,37904
/data/Dataset/train/train/clip_01472.wav,25136
/data/Dataset/test/test/clip_01473.wav,52853
/data/Dataset/train/train/clip_01474.wav,42175
/data/Dataset/train/train/clip_01475.wav,36523
/data/Dataset/train/train/clip_01476.wav,37904
/data/Dataset/train/train/clip_01477.wav,43434
/data/Dataset/train/train/clip_01478.wav,33655
/data/Dataset/train/train/clip_01479.wav,58191
/data/Dataset/train/train/clip_01480.wav,37371
/data/Dataset/train/train/clip_01481.wav,29896
/data/Dataset/train/train/clip_01482.wav,38972
/data/Dataset/train/train/clip_01483.wav,40040
/data/Dataset/train/train/clip_01484.wav,37371
/data/Dataset/train/train/clip_01485.wav,57124
/data/Dataset/train/train/clip_01486.wav,34701
/data/Dataset/train/train/clip_01487.wav,65132
/data/Dataset/test/test/clip_01488.wav,36837
/data/Dataset/train/train/clip_01489.wav,33235
/data/Dataset/train/train/clip_01490.wav,35437
/data/Dataset/train/train/clip_01491.wav,34167
/data/Dataset/test/test/clip_01492.wav,46446
/data/Dataset/train/train/clip_01493.wav,35235
/data/Dataset/test/test/clip_01494.wav,69937
/data/Dataset/test/test/clip_01495.wav,51785
/data/Dataset/train/train/clip_01496.wav,44845
/data/Dataset/train/train/clip_01497.wav,38813
/data/Dataset/test/test/clip_01498.wav,59793
/data/Dataset/train/train/clip_01499.wav,56590
/data/Dataset/test/test/clip_01500.wav,34701
/data/Dataset/train/train/clip_01501.wav,39506
/data/Dataset/train/train/clip_01502.wav,41642
/data/Dataset/train/train/clip_01503.wav,25800
/data/Dataset/train/train/clip_01504.wav,26408
/data/Dataset/train/train/clip_01505.wav,37371
/data/Dataset/train/train/clip_01506.wav,44845
/data/Dataset/train/train/clip_01507.wav,62462
/data/Dataset/train/train/clip_01508.wav,46980
/data/Dataset/train/train/clip_01509.wav,57658
/data/Dataset/test/test/clip_01510.wav,43243
/data/Dataset/train/train/clip_01511.wav,38972
/data/Dataset/train/train/clip_01512.wav,49650
/data/Dataset/train/train/clip_01513.wav,57124
/data/Dataset/train/train/clip_01514.wav,24403
/data/Dataset/train/train/clip_01515.wav,30484
/data/Dataset/train/train/clip_01516.wav,56056
/data/Dataset/test/test/clip_01517.wav,46446
/data/Dataset/train/train/clip_01518.wav,38438
/data/Dataset/train/train/clip_01519.wav,34871
/data/Dataset/train/train/clip_01520.wav,41733
/data/Dataset/train/train/clip_01521.wav,56056
/data/Dataset/train/train/clip_01522.wav,70471
/data/Dataset/train/train/clip_01523.wav,45379
/data/Dataset/train/train/clip_01524.wav,37350
/data/Dataset/train/train/clip_01525.wav,43243
/data/Dataset/train/train/clip_01526.wav,30430
/data/Dataset/train/train/clip_01527.wav,48048
/data/Dataset/train/train/clip_01528.wav,44311
/data/Dataset/train/train/clip_01529.wav,59259
/data/Dataset/train/train/clip_01530.wav,60861
/data/Dataset/train/train/clip_01531.wav,28533
/data/Dataset/train/train/clip_01532.wav,42709
/data/Dataset/train/train/clip_01533.wav,52319
/data/Dataset/train/train/clip_01534.wav,56056
/data/Dataset/train/train/clip_01535.wav,56590
/data/Dataset/train/train/clip_01536.wav,37904
/data/Dataset/train/train/clip_01537.wav,36409
/data/Dataset/train/train/clip_01538.wav,35235
/data/Dataset/train/train/clip_01539.wav,59259
/data/Dataset/train/train/clip_01540.wav,54988
/data/Dataset/train/train/clip_01541.wav,30430
/data/Dataset/train/train/clip_01542.wav,71004
/data/Dataset/train/train/clip_01543.wav,37371
/data/Dataset/test/test/clip_01544.wav,75275
/data/Dataset/train/train/clip_01545.wav,36303
/data/Dataset/train/train/clip_01546.wav,41642
/data/Dataset/train/train/clip_01547.wav,37702
/data/Dataset/test/test/clip_01548.wav,33634
/data/Dataset/train/train/clip_01549.wav,40040
/data/Dataset/test/test/clip_01550.wav,42175
/data/Dataset/train/train/clip_01551.wav,45379
/data/Dataset/train/train/clip_01552.wav,51251
/data/Dataset/train/train/clip_01553.wav,33088
/data/Dataset/test/test/clip_01554.wav,57124
/data/Dataset/train/train/clip_01555.wav,38438
/data/Dataset/train/train/clip_01556.wav,33332
/data/Dataset/test/test/clip_01557.wav,42175
/data/Dataset/train/train/clip_01558.wav,59793
/data/Dataset/train/train/clip_01559.wav,45379
/data/Dataset/train/train/clip_01560.wav,62996
/data/Dataset/test/test/clip_01561.wav,38972
/data/Dataset/train/train/clip_01562.wav,54988
/data/Dataset/train/train/clip_01563.wav,32566
/data/Dataset/train/train/clip_01564.wav,38972
/data/Dataset/train/train/clip_01565.wav,40574
/data/Dataset/train/train/clip_01566.wav,58191
/data/Dataset/train/train/clip_01567.wav,39506
/data/Dataset/train/train/clip_01568.wav,39506
/data/Dataset/train/train/clip_01569.wav,33634
/data/Dataset/train/train/clip_01570.wav,45912
/data/Dataset/train/train/clip_01571.wav,36303
/data/Dataset/train/train/clip_01572.wav,40574
/data/Dataset/train/train/clip_01573.wav,43243
/data/Dataset/train/train/clip_01574.wav,63530
/data/Dataset/train/train/clip_01575.wav,44311
/data/Dataset/train/train/clip_01576.wav,39506
/data/Dataset/train/train/clip_01577.wav,60327
/data/Dataset/train/train/clip_01578.wav,37371
/data/Dataset/train/train/clip_01579.wav,38438
/data/Dataset/train/train/clip_01580.wav,41713
/data/Dataset/train/train/clip_01581.wav,25837
/data/Dataset/train/train/clip_01582.wav,32915
/data/Dataset/train/train/clip_01583.wav,23364
/data/Dataset/train/train/clip_01584.wav,29263
/data/Dataset/test/test/clip_01585.wav,39506
/data/Dataset/train/train/clip_01586.wav,27761
/data/Dataset/train/train/clip_01587.wav,37214
/data/Dataset/train/train/clip_01588.wav,54454
/data/Dataset/train/train/clip_01589.wav,33634
/data/Dataset/test/test/clip_01590.wav,33100
/data/Dataset/train/train/clip_01591.wav,36363
/data/Dataset/train/train/clip_01592.wav,66733
/data/Dataset/train/train/clip_01593.wav,36390
/data/Dataset/train/train/clip_01594.wav,57124
/data/Dataset/train/train/clip_01595.wav,43777
/data/Dataset/train/train/clip_01596.wav,34167
/data/Dataset/train/train/clip_01597.wav,36837
/data/Dataset/train/train/clip_01598.wav,48048
/data/Dataset/train/train/clip_01599.wav,31522
/data/Dataset/train/train/clip_01600.wav,52319
/data/Dataset/test/test/clip_01601.wav,43777
/data/Dataset/train/train/clip_01602.wav,34167
/data/Dataset/test/test/clip_01603.wav,48048
/data/Dataset/train/train/clip_01604.wav,30964
/data/Dataset/train/train/clip_01605.wav,62996
/data/Dataset/test/test/clip_01606.wav,38438
/data/Dataset/train/train/clip_01607.wav,30747
/data/Dataset/train/train/clip_01608.wav,28295
/data/Dataset/train/train/clip_01609.wav,37466
/data/Dataset/train/train/clip_01610.wav,27761
/data/Dataset/test/test/clip_01611.wav,49116
/data/Dataset/test/test/clip_01612.wav,45379
/data/Dataset/train/train/clip_01613.wav,51251
/data/Dataset/train/train/clip_01614.wav,45379
/data/Dataset/train/train/clip_01615.wav,36409
/data/Dataset/train/train/clip_01616.wav,40040
/data/Dataset/train/train/clip_01617.wav,37663
/data/Dataset/train/train/clip_01618.wav,53920
/data/Dataset/train/train/clip_01619.wav,61395
/data/Dataset/train/train/clip_01620.wav,56056
/data/Dataset/train/train/clip_01621.wav,30299
/data/Dataset/train/train/clip_01622.wav,50717
/data/Dataset/train/train/clip_01623.wav,24222
/data/Dataset/train/train/clip_01624.wav,52853
/data/Dataset/train/train/clip_01625.wav,32471
/data/Dataset/train/train/clip_01626.wav,38054
/data/Dataset/train/train/clip_01627.wav,57124
/data/Dataset/train/train/clip_01628.wav,26206
/data/Dataset/train/train/clip_01629.wav,65666
/data/Dataset/train/train/clip_01630.wav,55522
/data/Dataset/train/train/clip_01631.wav,50717
/data/Dataset/train/train/clip_01632.wav,34701
/data/Dataset/train/train/clip_01633.wav,46980
/data/Dataset/test/test/clip_01634.wav,37904
/data/Dataset/train/train/clip_01635.wav,37371
/data/Dataset/train/train/clip_01636.wav,50183
/data/Dataset/train/train/clip_01637.wav,47514
/data/Dataset/train/train/clip_01638.wav,34167
/data/Dataset/train/train/clip_01639.wav,47514
/data/Dataset/train/train/clip_01640.wav,30430
/data/Dataset/train/train/clip_01641.wav,34701
/data/Dataset/train/train/clip_01642.wav,33100
/data/Dataset/train/train/clip_01643.wav,39037
/data/Dataset/train/train/clip_01644.wav,29210
/data/Dataset/train/train/clip_01645.wav,40574
/data/Dataset/train/train/clip_01646.wav,42175
/data/Dataset/train/train/clip_01647.wav,43951
/data/Dataset/train/train/clip_01648.wav,21362
/data/Dataset/train/train/clip_01649.wav,40043
/data/Dataset/test/test/clip_01650.wav,41642
/data/Dataset/test/test/clip_01651.wav,29896
/data/Dataset/train/train/clip_01652.wav,39506
/data/Dataset/train/train/clip_01653.wav,53920
/data/Dataset/test/test/clip_01654.wav,31498
/data/Dataset/train/train/clip_01655.wav,43777
/data/Dataset/train/train/clip_01656.wav,45379
/data/Dataset/train/train/clip_01657.wav,39506
/data/Dataset/test/test/clip_01658.wav,25092
/data/Dataset/train/train/clip_01659.wav,51785
/data/Dataset/train/train/clip_01660.wav,29393
/data/Dataset/train/train/clip_01661.wav,33634
/data/Dataset/test/test/clip_01662.wav,52853
/data/Dataset/train/train/clip_01663.wav,41108
/data/Dataset/train/train/clip_01664.wav,51785
/data/Dataset/train/train/clip_01665.wav,33100
/data/Dataset/train/train/clip_01666.wav,50183
/data/Dataset/train/train/clip_01667.wav,32032
/data/Dataset/train/train/clip_01668.wav,46980
/data/Dataset/train/train/clip_01669.wav,30430
/data/Dataset/train/train/clip_01670.wav,35235
/data/Dataset/train/train/clip_01671.wav,37095
/data/Dataset/train/train/clip_01672.wav,33038
/data/Dataset/train/train/clip_01673.wav,38972
/data/Dataset/test/test/clip_01674.wav,36409
/data/Dataset/test/test/clip_01675.wav,37371
/data/Dataset/train/train/clip_01676.wav,41321
/data/Dataset/train/train/clip_01677.wav,55522
/data/Dataset/test/test/clip_01678.wav,33100
/data/Dataset/train/train/clip_01679.wav,43243
/data/Dataset/train/train/clip_01680.wav,32566
/data/Dataset/train/train/clip_01681.wav,57124
/data/Dataset/train/train/clip_01682.wav,32566
/data/Dataset/train/train/clip_01683.wav,28295
/data/Dataset/train/train/clip_01684.wav,59793
/data/Dataset/train/train/clip_01685.wav,27293
/data/Dataset/train/train/clip_01686.wav,30430
/data/Dataset/test/test/clip_01687.wav,43777
/data/Dataset/train/train/clip_01688.wav,42175
/data/Dataset/train/train/clip_01689.wav,33357
/data/Dataset/train/train/clip_01690.wav,45379
/data/Dataset/train/train/clip_01691.wav,23490
/data/Dataset/train/train/clip_01692.wav,32032
/data/Dataset/test/test/clip_01693.wav,38438
/data/Dataset/train/train/clip_01694.wav,32032
/data/Dataset/train/train/clip_01695.wav,47514
/data/Dataset/train/train/clip_01696.wav,39208
/data/Dataset/train/train/clip_01697.wav,56056
/data/Dataset/train/train/clip_01698.wav,50183
/data/Dataset/train/train/clip_01699.wav,41108
/data/Dataset/train/train/clip_01700.wav,32048
/data/Dataset/train/train/clip_01701.wav,30964
/data/Dataset/test/test/clip_01702.wav,39506
/data/Dataset/train/train/clip_01703.wav,30226
/data/Dataset/train/train/clip_01704.wav,35099
/data/Dataset/train/train/clip_01705.wav,33612
/data/Dataset/train/train/clip_01706.wav,61928
/data/Dataset/train/train/clip_01707.wav,63530
/data/Dataset/train/train/clip_01708.wav,36837
/data/Dataset/train/train/clip_01709.wav,33637
/data/Dataset/train/train/clip_01710.wav,37763
/data/Dataset/train/train/clip_01711.wav,24965
/data/Dataset/train/train/clip_01712.wav,30442
/data/Dataset/train/train/clip_01713.wav,65666
/data/Dataset/train/train/clip_01714.wav,46980
/data/Dataset/train/train/clip_01715.wav,33100
/data/Dataset/test/test/clip_01716.wav,26693
/data/Dataset/train/train/clip_01717.wav,56590
/data/Dataset/train/train/clip_01718.wav,35235
/data/Dataset/train/train/clip_01719.wav,32566
/data/Dataset/train/train/clip_01720.wav,26159
/data/Dataset/train/train/clip_01721.wav,40077
/data/Dataset/train/train/clip_01722.wav,38438
/data/Dataset/train/train/clip_01723.wav,40040
/data/Dataset/train/train/clip_01724.wav,30964
/data/Dataset/train/train/clip_01725.wav,38438
/data/Dataset/train/train/clip_01726.wav,20766
/data/Dataset/test/test/clip_01727.wav,39506
/data/Dataset/test/test/clip_01728.wav,55522
/data/Dataset/train/train/clip_01729.wav,57658
/data/Dataset/test/test/clip_01730.wav,46980
/data/Dataset/train/train/clip_01731.wav,49650
/data/Dataset/train/train/clip_01732.wav,28829
/data/Dataset/train/train/clip_01733.wav,62462
/data/Dataset/test/test/clip_01734.wav,52853
/data/Dataset/train/train/clip_01735.wav,29363
/data/Dataset/train/train/clip_01736.wav,33673
/data/Dataset/test/test/clip_01737.wav,43243
/data/Dataset/test/test/clip_01738.wav,48582
/data/Dataset/train/train/clip_01739.wav,52319
/data/Dataset/train/train/clip_01740.wav,48048
/data/Dataset/train/train/clip_01741.wav,30742
/data/Dataset/train/train/clip_01742.wav,43263
/data/Dataset/train/train/clip_01743.wav,35235
/data/Dataset/train/train/clip_01744.wav,31436
/data/Dataset/train/train/clip_01745.wav,32032
/data/Dataset/train/train/clip_01746.wav,61928
/data/Dataset/train/train/clip_01747.wav,48048
/data/Dataset/test/test/clip_01748.wav,45379
/data/Dataset/train/train/clip_01749.wav,41642
/data/Dataset/train/train/clip_01750.wav,46980
/data/Dataset/train/train/clip_01751.wav,35769
/data/Dataset/train/train/clip_01752.wav,42709
/data/Dataset/train/train/clip_01753.wav,57124
/data/Dataset/train/train/clip_01754.wav,42175
/data/Dataset/train/train/clip_01755.wav,58191
/data/Dataset/train/train/clip_01756.wav,57124
/data/Dataset/train/train/clip_01757.wav,48582
/data/Dataset/train/train/clip_01758.wav,40028
/data/Dataset/test/test/clip_01759.wav,39506
/data/Dataset/train/train/clip_01760.wav,43228
/data/Dataset/train/train/clip_01761.wav,45379
/data/Dataset/train/train/clip_01762.wav,33209
/data/Dataset/train/train/clip_01763.wav,30964
/data/Dataset/train/train/clip_01764.wav,32566
/data/Dataset/train/train/clip_01765.wav,26319
/data/Dataset/test/test/clip_01766.wav,38438
/data/Dataset/test/test/clip_01767.wav,52319
/data/Dataset/train/train/clip_01768.wav,45379
/data/Dataset/train/train/clip_01769.wav,24454
/data/Dataset/train/train/clip_01770.wav,30396
/data/Dataset/test/test/clip_01771.wav,36409
/data/Dataset/train/train/clip_01772.wav,33100
/data/Dataset/test/test/clip_01773.wav,45912
/data/Dataset/train/train/clip_01774.wav,29363
/data/Dataset/train/train/clip_01775.wav,37371
/data/Dataset/train/train/clip_01776.wav,37904
/data/Dataset/train/train/clip_01777.wav,56056
/data/Dataset/train/train/clip_01778.wav,29975
/data/Dataset/train/train/clip_01779.wav,31498
/data/Dataset/train/train/clip_01780.wav,59793
/data/Dataset/test/test/clip_01781.wav,47514
/data/Dataset/train/train/clip_01782.wav,44845
/data/Dataset/train/train/clip_01783.wav,25626
/data/Dataset/train/train/clip_01784.wav,51251
/data/Dataset/train/train/clip_01785.wav,35591
/data/Dataset/train/train/clip_01786.wav,41642
/data/Dataset/train/train/clip_01787.wav,61929
/data/Dataset/train/train/clip_01788.wav,22323
/data/Dataset/train/train/clip_01789.wav,30326
/data/Dataset/train/train/clip_01790.wav,60327
/data/Dataset/train/train/clip_01791.wav,59793
/data/Dataset/train/train/clip_01792.wav,36107
/data/Dataset/train/train/clip_01793.wav,41740
/data/Dataset/train/train/clip_01794.wav,32503
/data/Dataset/test/test/clip_01795.wav,45912
/data/Dataset/test/test/clip_01796.wav,46446
/data/Dataset/train/train/clip_01797.wav,31166
/data/Dataset/train/train/clip_01798.wav,36523
/data/Dataset/train/train/clip_01799.wav,38972
/data/Dataset/test/test/clip_01800.wav,32032
/data/Dataset/train/train/clip_01801.wav,50183
/data/Dataset/train/train/clip_01802.wav,34701
/data/Dataset/test/test/clip_01803.wav,41642
/data/Dataset/train/train/clip_01804.wav,39506
/data/Dataset/train/train/clip_01805.wav,27553
/data/Dataset/train/train/clip_01806.wav,53387
/data/Dataset/train/train/clip_01807.wav,50717
/data/Dataset/test/test/clip_01808.wav,41108
/data/Dataset/train/train/clip_01809.wav,42709
/data/Dataset/train/train/clip_01810.wav,49116
/data/Dataset/train/train/clip_01811.wav,40690
/data/Dataset/train/train/clip_01812.wav,32032
/data/Dataset/train/train/clip_01813.wav,50183
/data/Dataset/train/train/clip_01814.wav,35152
/data/Dataset/train/train/clip_01815.wav,35235
/data/Dataset/train/train/clip_01816.wav,28377
/data/Dataset/test/test/clip_01817.wav,32566
/data/Dataset/train/train/clip_01818.wav,46980
/data/Dataset/train/train/clip_01819.wav,33413
/data/Dataset/train/train/clip_01820.wav,34779
/data/Dataset/train/train/clip_01821.wav,35660
/data/Dataset/train/train/clip_01822.wav,36837
/data/Dataset/train/train/clip_01823.wav,29745
/data/Dataset/test/test/clip_01824.wav,36837
/data/Dataset/train/train/clip_01825.wav,39506
/data/Dataset/test/test/clip_01826.wav,31498
/data/Dataset/train/train/clip_01827.wav,34167
/data/Dataset/train/train/clip_01828.wav,61395
/data/Dataset/train/train/clip_01829.wav,43777
/data/Dataset/train/train/clip_01830.wav,33100
/data/Dataset/train/train/clip_01831.wav,39613
/data/Dataset/train/train/clip_01832.wav,45379
/data/Dataset/train/train/clip_01833.wav,73673
/data/Dataset/train/train/clip_01834.wav,27412
/data/Dataset/test/test/clip_01835.wav,59259
/data/Dataset/train/train/clip_01836.wav,34701
/data/Dataset/train/train/clip_01837.wav,56056
/data/Dataset/train/train/clip_01838.wav,33634
/data/Dataset/test/test/clip_01839.wav,52319
/data/Dataset/train/train/clip_01840.wav,43243
/data/Dataset/train/train/clip_01841.wav,47514
/data/Dataset/train/train/clip_01842.wav,30720
/data/Dataset/train/train/clip_01843.wav,38972
/data/Dataset/train/train/clip_01844.wav,30964
/data/Dataset/train/train/clip_01845.wav,35213
/data/Dataset/test/test/clip_01846.wav,51251
/data/Dataset/train/train/clip_01847.wav,26159
/data/Dataset/train/train/clip_01848.wav,36303
/data/Dataset/train/train/clip_01849.wav,42709
/data/Dataset/test/test/clip_01850.wav,38972
/data/Dataset/train/train/clip_01851.wav,34167
/data/Dataset/train/train/clip_01852.wav,38438
/data/Dataset/test/test/clip_01853.wav,45913
/data/Dataset/train/train/clip_01854.wav,45912
/data/Dataset/train/train/clip_01855.wav,27761
/data/Dataset/train/train/clip_01856.wav,55522
/data/Dataset/train/train/clip_01857.wav,36181
/data/Dataset/train/train/clip_01858.wav,45379
/data/Dataset/train/train/clip_01859.wav,30499
/data/Dataset/train/train/clip_01860.wav,33213
/data/Dataset/train/train/clip_01861.wav,29363
/data/Dataset/train/train/clip_01862.wav,26808
/data/Dataset/train/train/clip_01863.wav,27227
/data/Dataset/train/train/clip_01864.wav,29363
/data/Dataset/test/test/clip_01865.wav,37904
/data/Dataset/test/test/clip_01866.wav,48582
/data/Dataset/train/train/clip_01867.wav,28861
/data/Dataset/train/train/clip_01868.wav,36303
/data/Dataset/train/train/clip_01869.wav,43777
/data/Dataset/train/train/clip_01870.wav,31498
/data/Dataset/train/train/clip_01871.wav,26693
/data/Dataset/test/test/clip_01872.wav,36837
/data/Dataset/test/test/clip_01873.wav,53920
/data/Dataset/train/train/clip_01874.wav,31084
/data/Dataset/train/train/clip_01875.wav,29620
/data/Dataset/train/train/clip_01876.wav,40924
/data/Dataset/test/test/clip_01877.wav,33634
/data/Dataset/train/train/clip_01878.wav,41108
/data/Dataset/train/train/clip_01879.wav,23117
/data/Dataset/train/train/clip_01880.wav,40574
/data/Dataset/train/train/clip_01881.wav,47514
/data/Dataset/train/train/clip_01882.wav,41642
/data/Dataset/test/test/clip_01883.wav,58191
/data/Dataset/train/train/clip_01884.wav,51251
/data/Dataset/train/train/clip_01885.wav,54454
/data/Dataset/train/train/clip_01886.wav,36483
/data/Dataset/train/train/clip_01887.wav,36837
/data/Dataset/train/train/clip_01888.wav,40574
/data/Dataset/train/train/clip_01889.wav,58191
/data/Dataset/train/train/clip_01890.wav,36837
/data/Dataset/train/train/clip_01891.wav,29363
/data/Dataset/train/train/clip_01892.wav,40574
/data/Dataset/train/train/clip_01893.wav,25614
/data/Dataset/train/train/clip_01894.wav,66199
/data/Dataset/train/train/clip_01895.wav,32032
/data/Dataset/train/train/clip_01896.wav,53920
/data/Dataset/test/test/clip_01897.wav,40040
/data/Dataset/train/train/clip_01898.wav,43243
/data/Dataset/train/train/clip_01899.wav,33187
/data/Dataset/train/train/clip_01900.wav,34538
/data/Dataset/train/train/clip_01901.wav,29896
/data/Dataset/train/train/clip_01902.wav,22845
/data/Dataset/train/train/clip_01903.wav,30430
/data/Dataset/train/train/clip_01904.wav,40040
/data/Dataset/train/train/clip_01905.wav,42709
/data/Dataset/test/test/clip_01906.wav,41108
/data/Dataset/train/train/clip_01907.wav,34028
/data/Dataset/test/test/clip_01908.wav,35235
/data/Dataset/train/train/clip_01909.wav,34417
/data/Dataset/train/train/clip_01910.wav,36837
/data/Dataset/train/train/clip_01911.wav,34316
/data/Dataset/train/train/clip_01912.wav,42175
/data/Dataset/train/train/clip_01913.wav,32566
/data/Dataset/train/train/clip_01914.wav,36770
/data/Dataset/train/train/clip_01915.wav,32566
/data/Dataset/train/train/clip_01916.wav,30430
/data/Dataset/train/train/clip_01917.wav,30430
/data/Dataset/test/test/clip_01918.wav,34167
/data/Dataset/train/train/clip_01919.wav,42709
/data/Dataset/train/train/clip_01920.wav,31498
/data/Dataset/train/train/clip_01921.wav,44311
/data/Dataset/train/train/clip_01922.wav,35232
/data/Dataset/test/test/clip_01923.wav,41108
/data/Dataset/train/train/clip_01924.wav,37905
/data/Dataset/train/train/clip_01925.wav,34435
/data/Dataset/train/train/clip_01926.wav,29363
/data/Dataset/train/train/clip_01927.wav,30964
/data/Dataset/test/test/clip_01928.wav,41642
/data/Dataset/test/test/clip_01929.wav,39506
/data/Dataset/train/train/clip_01930.wav,30430
/data/Dataset/train/train/clip_01931.wav,40040
/data/Dataset/train/train/clip_01932.wav,37013
/data/Dataset/test/test/clip_01933.wav,22956
/data/Dataset/train/train/clip_01934.wav,35235
/data/Dataset/train/train/clip_01935.wav,29896
/data/Dataset/test/test/clip_01936.wav,54454
/data/Dataset/train/train/clip_01937.wav,42709
/data/Dataset/train/train/clip_01938.wav,30964
/data/Dataset/train/train/clip_01939.wav,33364
/data/Dataset/train/train/clip_01940.wav,43494
/data/Dataset/train/train/clip_01941.wav,38438
/data/Dataset/train/train/clip_01942.wav,29896
/data/Dataset/train/train/clip_01943.wav,30964
/data/Dataset/train/train/clip_01944.wav,41108
/data/Dataset/train/train/clip_01945.wav,28941
/data/Dataset/train/train/clip_01946.wav,41108
/data/Dataset/train/train/clip_01947.wav,41108
/data/Dataset/train/train/clip_01948.wav,34701
/data/Dataset/train/train/clip_01949.wav,34620
/data/Dataset/train/train/clip_01950.wav,23918
/data/Dataset/train/train/clip_01951.wav,41108
/data/Dataset/train/train/clip_01952.wav,38438
/data/Dataset/test/test/clip_01953.wav,37371
/data/Dataset/train/train/clip_01954.wav,39568
/data/Dataset/train/train/clip_01955.wav,31235
/data/Dataset/train/train/clip_01956.wav,24999
/data/Dataset/train/train/clip_01957.wav,36409
/data/Dataset/train/train/clip_01958.wav,43243
/data/Dataset/test/test/clip_01959.wav,37371
/data/Dataset/test/test/clip_01960.wav,37371
/data/Dataset/train/train/clip_01961.wav,33100
/data/Dataset/train/train/clip_01962.wav,42405
/data/Dataset/train/train/clip_01963.wav,35235
/data/Dataset/train/train/clip_01964.wav,38972
/data/Dataset/train/train/clip_01965.wav,29897
/data/Dataset/train/train/clip_01966.wav,43777
/data/Dataset/train/train/clip_01967.wav,40040
/data/Dataset/train/train/clip_01968.wav,33507
/data/Dataset/train/train/clip_01969.wav,26414
/data/Dataset/train/train/clip_01970.wav,51251
/data/Dataset/train/train/clip_01971.wav,28829
/data/Dataset/train/train/clip_01972.wav,28829
/data/Dataset/train/train/clip_01973.wav,33100
/data/Dataset/train/train/clip_01974.wav,36837
/data/Dataset/train/train/clip_01975.wav,29363
/data/Dataset/train/train/clip_01976.wav,43243
/data/Dataset/train/train/clip_01977.wav,71538
/data/Dataset/train/train/clip_01978.wav,25325
/data/Dataset/train/train/clip_01979.wav,66733
/data/Dataset/train/train/clip_01980.wav,37419
/data/Dataset/test/test/clip_01981.wav,41642
/data/Dataset/test/test/clip_01982.wav,49650
/data/Dataset/train/train/clip_01983.wav,29897
/data/Dataset/train/train/clip_01984.wav,57124
/data/Dataset/train/train/clip_01985.wav,25626
/data/Dataset/test/test/clip_01986.wav,54988
/data/Dataset/train/train/clip_01987.wav,46446
/data/Dataset/train/train/clip_01988.wav,38438
/data/Dataset/train/train/clip_01989.wav,24196
/data/Dataset/train/train/clip_01990.wav,29654
/data/Dataset/train/train/clip_01991.wav,38438
/data/Dataset/train/train/clip_01992.wav,38972
/data/Dataset/test/test/clip_01993.wav,30430
/data/Dataset/train/train/clip_01994.wav,31950
/data/Dataset/train/train/clip_01995.wav,38972
/data/Dataset/train/train/clip_01996.wav,34701
/data/Dataset/train/train/clip_01997.wav,39506
/data/Dataset/train/train/clip_01998.wav,48048
/data/Dataset/train/train/clip_01999.wav,34167
/data/Dataset/train/train/clip_02000.wav,20750
/data/Dataset/train/train/clip_02001.wav,36523
/data/Dataset/train/train/clip_02002.wav,42709
/data/Dataset/train/train/clip_02003.wav,28295
/data/Dataset/test/test/clip_02004.wav,50183
/data/Dataset/train/train/clip_02005.wav,23910
/data/Dataset/train/train/clip_02006.wav,26159
/data/Dataset/train/train/clip_02007.wav,45912
/data/Dataset/test/test/clip_02008.wav,50717
/data/Dataset/test/test/clip_02009.wav,38438
/data/Dataset/test/test/clip_02010.wav,43777
/data/Dataset/train/train/clip_02011.wav,37904
/data/Dataset/train/train/clip_02012.wav,34167
/data/Dataset/train/train/clip_02013.wav,53921
/data/Dataset/test/test/clip_02014.wav,44311
/data/Dataset/test/test/clip_02015.wav,65666
/data/Dataset/train/train/clip_02016.wav,43243
/data/Dataset/train/train/clip_02017.wav,27761
/data/Dataset/test/test/clip_02018.wav,42709
/data/Dataset/train/train/clip_02019.wav,29363
/data/Dataset/train/train/clip_02020.wav,37904
/data/Dataset/train/train/clip_02021.wav,40574
/data/Dataset/train/train/clip_02022.wav,31637
/data/Dataset/test/test/clip_02023.wav,43777
/data/Dataset/train/train/clip_02024.wav,43243
/data/Dataset/train/train/clip_02025.wav,36523
/data/Dataset/train/train/clip_02026.wav,45379
/data/Dataset/train/train/clip_02027.wav,41108
/data/Dataset/train/train/clip_02028.wav,33100
/data/Dataset/train/train/clip_02029.wav,33129
/data/Dataset/train/train/clip_02030.wav,43243
/data/Dataset/train/train/clip_02031.wav,59793
/data/Dataset/train/train/clip_02032.wav,39087
/data/Dataset/train/train/clip_02033.wav,41642
/data/Dataset/train/train/clip_02034.wav,39506
/data/Dataset/train/train/clip_02035.wav,42175
/data/Dataset/train/train/clip_02036.wav,38972
/data/Dataset/train/train/clip_02037.wav,29363
/data/Dataset/test/test/clip_02038.wav,64064
/data/Dataset/train/train/clip_02039.wav,56056
/data/Dataset/test/test/clip_02040.wav,43777
/data/Dataset/train/train/clip_02041.wav,32516
/data/Dataset/train/train/clip_02042.wav,64598
/data/Dataset/train/train/clip_02043.wav,26693
/data/Dataset/train/train/clip_02044.wav,38092
/data/Dataset/train/train/clip_02045.wav,33541
/data/Dataset/train/train/clip_02046.wav,46980
/data/Dataset/train/train/clip_02047.wav,28295
/data/Dataset/train/train/clip_02048.wav,23804
/data/Dataset/train/train/clip_02049.wav,48582
/data/Dataset/train/train/clip_02050.wav,27118
/data/Dataset/train/train/clip_02051.wav,41642
/data/Dataset/train/train/clip_02052.wav,59793
/data/Dataset/test/test/clip_02053.wav,34701
/data/Dataset/train/train/clip_02054.wav,32032
/data/Dataset/train/train/clip_02055.wav,39506
/data/Dataset/train/train/clip_02056.wav,47514
/data/Dataset/test/test/clip_02057.wav,41642
/data/Dataset/train/train/clip_02058.wav,37371
/data/Dataset/test/test/clip_02059.wav,31498
/data/Dataset/train/train/clip_02060.wav,44311
/data/Dataset/train/train/clip_02061.wav,44845
/data/Dataset/train/train/clip_02062.wav,32447
/data/Dataset/train/train/clip_02063.wav,44265
/data/Dataset/train/train/clip_02064.wav,32032
/data/Dataset/train/train/clip_02065.wav,39725
/data/Dataset/test/test/clip_02066.wav,43777
/data/Dataset/train/train/clip_02067.wav,35555
/data/Dataset/train/train/clip_02068.wav,38972
/data/Dataset/train/train/clip_02069.wav,33634
/data/Dataset/train/train/clip_02070.wav,33279
/data/Dataset/train/train/clip_02071.wav,46446
/data/Dataset/train/train/clip_02072.wav,50183
/data/Dataset/train/train/clip_02073.wav,29363
/data/Dataset/train/train/clip_02074.wav,40574
/data/Dataset/train/train/clip_02075.wav,32399
/data/Dataset/train/train/clip_02076.wav,48048
/data/Dataset/test/test/clip_02077.wav,56590
/data/Dataset/test/test/clip_02078.wav,46980
/data/Dataset/train/train/clip_02079.wav,48048
/data/Dataset/train/train/clip_02080.wav,36837
/data/Dataset/train/train/clip_02081.wav,30430
/data/Dataset/train/train/clip_02082.wav,45379
/data/Dataset/train/train/clip_02083.wav,45379
/data/Dataset/train/train/clip_02084.wav,57657
/data/Dataset/train/train/clip_02085.wav,25670
/data/Dataset/test/test/clip_02086.wav,32032
/data/Dataset/train/train/clip_02087.wav,35439
/data/Dataset/train/train/clip_02088.wav,44311
/data/Dataset/train/train/clip_02089.wav,36303
/data/Dataset/train/train/clip_02090.wav,34374
/data/Dataset/train/train/clip_02091.wav,34701
/data/Dataset/test/test/clip_02092.wav,58725
/data/Dataset/train/train/clip_02093.wav,30430
/data/Dataset/train/train/clip_02094.wav,42709
/data/Dataset/train/train/clip_02095.wav,42175
/data/Dataset/train/train/clip_02096.wav,45913
/data/Dataset/train/train/clip_02097.wav,32566
/data/Dataset/train/train/clip_02098.wav,40040
/data/Dataset/train/train/clip_02099.wav,48048
/data/Dataset/train/train/clip_02100.wav,40040
/data/Dataset/train/train/clip_02101.wav,38274
/data/Dataset/train/train/clip_02102.wav,42709
/data/Dataset/train/train/clip_02103.wav,31099
/data/Dataset/train/train/clip_02104.wav,42709
/data/Dataset/train/train/clip_02105.wav,41108
/data/Dataset/train/train/clip_02106.wav,54455
/data/Dataset/train/train/clip_02107.wav,40651
/data/Dataset/train/train/clip_02108.wav,36837
/data/Dataset/train/train/clip_02109.wav,30964
/data/Dataset/train/train/clip_02110.wav,33100
/data/Dataset/train/train/clip_02111.wav,39809
/data/Dataset/train/train/clip_02112.wav,38438
/data/Dataset/test/test/clip_02113.wav,43777
/data/Dataset/train/train/clip_02114.wav,25370
/data/Dataset/train/train/clip_02115.wav,33634
/data/Dataset/train/train/clip_02116.wav,27981
/data/Dataset/train/train/clip_02117.wav,30430
/data/Dataset/train/train/clip_02118.wav,40040
/data/Dataset/test/test/clip_02119.wav,54454
/data/Dataset/train/train/clip_02120.wav,31130
/data/Dataset/train/train/clip_02121.wav,48582
/data/Dataset/train/train/clip_02122.wav,42709
/data/Dataset/train/train/clip_02123.wav,36409
/data/Dataset/train/train/clip_02124.wav,32902
/data/Dataset/test/test/clip_02125.wav,52853
/data/Dataset/test/test/clip_02126.wav,54454
/data/Dataset/test/test/clip_02127.wav,40040
/data/Dataset/train/train/clip_02128.wav,42175
/data/Dataset/test/test/clip_02129.wav,37904
/data/Dataset/train/train/clip_02130.wav,38972
/data/Dataset/test/test/clip_02131.wav,47514
/data/Dataset/test/test/clip_02132.wav,45912
/data/Dataset/train/train/clip_02133.wav,23992
/data/Dataset/train/train/clip_02134.wav,31715
/data/Dataset/train/train/clip_02135.wav,32566
/data/Dataset/test/test/clip_02136.wav,40040
/data/Dataset/train/train/clip_02137.wav,29966
/data/Dataset/train/train/clip_02138.wav,64064
/data/Dataset/train/train/clip_02139.wav,43243
/data/Dataset/train/train/clip_02140.wav,59793
/data/Dataset/train/train/clip_02141.wav,44311
/data/Dataset/train/train/clip_02142.wav,31745
/data/Dataset/train/train/clip_02143.wav,59259
/data/Dataset/train/train/clip_02144.wav,40672
/data/Dataset/train/train/clip_02145.wav,41108
/data/Dataset/train/train/clip_02146.wav,34701
/data/Dataset/train/train/clip_02147.wav,28829
/data/Dataset/train/train/clip_02148.wav,40040
/data/Dataset/train/train/clip_02149.wav,46980
/data/Dataset/test/test/clip_02150.wav,38438
/data/Dataset/train/train/clip_02151.wav,45912
/data/Dataset/train/train/clip_02152.wav,38972
/data/Dataset/test/test/clip_02153.wav,52319
/data/Dataset/train/train/clip_02154.wav,41108
/data/Dataset/train/train/clip_02155.wav,41642
/data/Dataset/train/train/clip_02156.wav,35769
/data/Dataset/train/train/clip_02157.wav,61395
/data/Dataset/train/train/clip_02158.wav,59793
/data/Dataset/train/train/clip_02159.wav,30430
/data/Dataset/train/train/clip_02160.wav,30964
/data/Dataset/train/train/clip_02161.wav,37779
/data/Dataset/train/train/clip_02162.wav,32467
/data/Dataset/test/test/clip_02163.wav,48582
/data/Dataset/train/train/clip_02164.wav,41642
/data/Dataset/train/train/clip_02165.wav,37371
/data/Dataset/train/train/clip_02166.wav,36310
/data/Dataset/train/train/clip_02167.wav,32032
/data/Dataset/train/train/clip_02168.wav,40040
/data/Dataset/train/train/clip_02169.wav,59793
/data/Dataset/test/test/clip_02170.wav,37904
/data/Dataset/train/train/clip_02171.wav,35235
/data/Dataset/train/train/clip_02172.wav,34701
/data/Dataset/train/train/clip_02173.wav,37904
/data/Dataset/train/train/clip_02174.wav,74207
/data/Dataset/train/train/clip_02175.wav,30430
/data/Dataset/train/train/clip_02176.wav,52853
/data/Dataset/train/train/clip_02177.wav,34745
/data/Dataset/test/test/clip_02178.wav,48582
/data/Dataset/train/train/clip_02179.wav,34167
/data/Dataset/train/train/clip_02180.wav,59793
/data/Dataset/train/train/clip_02181.wav,43777
/data/Dataset/train/train/clip_02182.wav,37371
/data/Dataset/train/train/clip_02183.wav,31498
/data/Dataset/train/train/clip_02184.wav,37371
/data/Dataset/train/train/clip_02185.wav,33100
/data/Dataset/train/train/clip_02186.wav,35694
/data/Dataset/train/train/clip_02187.wav,36409
/data/Dataset/train/train/clip_02188.wav,32566
/data/Dataset/train/train/clip_02189.wav,38438
/data/Dataset/train/train/clip_02190.wav,33833
/data/Dataset/train/train/clip_02191.wav,46446
/data/Dataset/train/train/clip_02192.wav,37905
/data/Dataset/train/train/clip_02193.wav,46980
/data/Dataset/train/train/clip_02194.wav,37653
/data/Dataset/train/train/clip_02195.wav,26159
/data/Dataset/test/test/clip_02196.wav,38438
/data/Dataset/train/train/clip_02197.wav,43777
/data/Dataset/train/train/clip_02198.wav,36409
/data/Dataset/test/test/clip_02199.wav,59259
/data/Dataset/test/test/clip_02200.wav,54454
/data/Dataset/train/train/clip_02201.wav,38972
/data/Dataset/train/train/clip_02202.wav,42709
/data/Dataset/train/train/clip_02203.wav,59259
/data/Dataset/train/train/clip_02204.wav,53920
/data/Dataset/train/train/clip_02205.wav,38972
/data/Dataset/train/train/clip_02206.wav,43777
/data/Dataset/train/train/clip_02207.wav,45379
/data/Dataset/test/test/clip_02208.wav,53920
/data/Dataset/test/test/clip_02209.wav,40040
/data/Dataset/train/train/clip_02210.wav,28932
/data/Dataset/train/train/clip_02211.wav,58191
/data/Dataset/train/train/clip_02212.wav,30815
/data/Dataset/test/test/clip_02213.wav,40574
/data/Dataset/train/train/clip_02214.wav,36523
/data/Dataset/train/train/clip_02215.wav,33100
/data/Dataset/train/train/clip_02216.wav,26649
/data/Dataset/test/test/clip_02217.wav,51785
/data/Dataset/train/train/clip_02218.wav,33968
/data/Dataset/train/train/clip_02219.wav,34167
/data/Dataset/train/train/clip_02220.wav,35004
/data/Dataset/train/train/clip_02221.wav,33627
/data/Dataset/train/train/clip_02222.wav,32159
/data/Dataset/test/test/clip_02223.wav,33634
/data/Dataset/train/train/clip_02224.wav,54988
/data/Dataset/train/train/clip_02225.wav,44447
/data/Dataset/train/train/clip_02226.wav,65666
/data/Dataset/train/train/clip_02227.wav,35309
/data/Dataset/train/train/clip_02228.wav,38202
/data/Dataset/train/train/clip_02229.wav,36693
/data/Dataset/train/train/clip_02230.wav,39244
/data/Dataset/train/train/clip_02231.wav,39506
/data/Dataset/train/train/clip_02232.wav,33642
/data/Dataset/train/train/clip_02233.wav,30355
/data/Dataset/train/train/clip_02234.wav,41642
/data/Dataset/test/test/clip_02235.wav,61929
/data/Dataset/train/train/clip_02236.wav,37340
/data/Dataset/train/train/clip_02237.wav,36303
/data/Dataset/train/train/clip_02238.wav,63530
/data/Dataset/train/train/clip_02239.wav,30545
/data/Dataset/train/train/clip_02240.wav,45379
/data/Dataset/train/train/clip_02241.wav,33100
/data/Dataset/train/train/clip_02242.wav,38438
/data/Dataset/train/train/clip_02243.wav,35235
/data/Dataset/train/train/clip_02244.wav,34167
/data/Dataset/train/train/clip_02245.wav,61395
/data/Dataset/train/train/clip_02246.wav,37371
/data/Dataset/train/train/clip_02247.wav,39506
/data/Dataset/train/train/clip_02248.wav,57124
/data/Dataset/train/train/clip_02249.wav,38972
/data/Dataset/train/train/clip_02250.wav,42175
/data/Dataset/test/test/clip_02251.wav,46980
/data/Dataset/train/train/clip_02252.wav,42175
/data/Dataset/train/train/clip_02253.wav,52853
/data/Dataset/train/train/clip_02254.wav,38972
/data/Dataset/train/train/clip_02255.wav,24520
/data/Dataset/train/train/clip_02256.wav,21888
/data/Dataset/train/train/clip_02257.wav,43243
/data/Dataset/train/train/clip_02258.wav,30119
/data/Dataset/train/train/clip_02259.wav,62462
/data/Dataset/train/train/clip_02260.wav,42709
/data/Dataset/train/train/clip_02261.wav,37905
/data/Dataset/test/test/clip_02262.wav,40574
/data/Dataset/train/train/clip_02263.wav,35186
/data/Dataset/train/train/clip_02264.wav,32566
/data/Dataset/train/train/clip_02265.wav,44845
/data/Dataset/train/train/clip_02266.wav,34167
/data/Dataset/train/train/clip_02267.wav,54454
/data/Dataset/train/train/clip_02268.wav,33519
/data/Dataset/train/train/clip_02269.wav,43243
/data/Dataset/train/train/clip_02270.wav,37012
/data/Dataset/train/train/clip_02271.wav,59259
/data/Dataset/train/train/clip_02272.wav,55522
/data/Dataset/train/train/clip_02273.wav,30928
/data/Dataset/train/train/clip_02274.wav,44845
/data/Dataset/train/train/clip_02275.wav,33827
/data/Dataset/train/train/clip_02276.wav,27227
/data/Dataset/train/train/clip_02277.wav,32108
/data/Dataset/test/test/clip_02278.wav,31498
/data/Dataset/train/train/clip_02279.wav,32566
/data/Dataset/train/train/clip_02280.wav,30964
/data/Dataset/train/train/clip_02281.wav,41215
/data/Dataset/train/train/clip_02282.wav,33767
/data/Dataset/test/test/clip_02283.wav,37905
/data/Dataset/test/test/clip_02284.wav,63530
/data/Dataset/train/train/clip_02285.wav,67267
/data/Dataset/train/train/clip_02286.wav,35241
/data/Dataset/test/test/clip_02287.wav,45379
/data/Dataset/train/train/clip_02288.wav,24545
/data/Dataset/train/train/clip_02289.wav,40574
/data/Dataset/test/test/clip_02290.wav,61929
/data/Dataset/train/train/clip_02291.wav,38438
/data/Dataset/train/train/clip_02292.wav,41108
/data/Dataset/train/train/clip_02293.wav,30964
/data/Dataset/train/train/clip_02294.wav,34701
/data/Dataset/train/train/clip_02295.wav,45379
/data/Dataset/train/train/clip_02296.wav,38972
/data/Dataset/train/train/clip_02297.wav,36577
/data/Dataset/train/train/clip_02298.wav,44311
/data/Dataset/train/train/clip_02299.wav,59793
/data/Dataset/train/train/clip_02300.wav,52319
/data/Dataset/train/train/clip_02301.wav,40574
/data/Dataset/train/train/clip_02302.wav,45379
/data/Dataset/train/train/clip_02303.wav,43777
/data/Dataset/train/train/clip_02304.wav,26274
/data/Dataset/train/train/clip_02305.wav,31498
/data/Dataset/train/train/clip_02306.wav,54988
/data/Dataset/train/train/clip_02307.wav,33100
/data/Dataset/test/test/clip_02308.wav,34701
/data/Dataset/train/train/clip_02309.wav,59259
/data/Dataset/train/train/clip_02310.wav,40574
/data/Dataset/test/test/clip_02311.wav,36303
/data/Dataset/train/train/clip_02312.wav,67267
/data/Dataset/train/train/clip_02313.wav,32439
/data/Dataset/train/train/clip_02314.wav,35235
/data/Dataset/test/test/clip_02315.wav,49116
/data/Dataset/test/test/clip_02316.wav,43777
/data/Dataset/train/train/clip_02317.wav,41108
/data/Dataset/train/train/clip_02318.wav,34167
/data/Dataset/train/train/clip_02319.wav,28400
/data/Dataset/train/train/clip_02320.wav,41642
/data/Dataset/train/train/clip_02321.wav,33275
/data/Dataset/train/train/clip_02322.wav,37905
/data/Dataset/train/train/clip_02323.wav,42175
/data/Dataset/train/train/clip_02324.wav,28829
/data/Dataset/test/test/clip_02325.wav,58725
/data/Dataset/train/train/clip_02326.wav,35235
/data/Dataset/train/train/clip_02327.wav,38972
/data/Dataset/train/train/clip_02328.wav,48582
/data/Dataset/train/train/clip_02329.wav,37371
/data/Dataset/train/train/clip_02330.wav,34701
/data/Dataset/train/train/clip_02331.wav,51251
/data/Dataset/train/train/clip_02332.wav,44311
/data/Dataset/train/train/clip_02333.wav,38438
/data/Dataset/train/train/clip_02334.wav,31469
/data/Dataset/train/train/clip_02335.wav,45912
/data/Dataset/train/train/clip_02336.wav,64064
/data/Dataset/train/train/clip_02337.wav,29897
/data/Dataset/train/train/clip_02338.wav,36303
/data/Dataset/test/test/clip_02339.wav,44845
/data/Dataset/train/train/clip_02340.wav,36303
/data/Dataset/train/train/clip_02341.wav,65666
/data/Dataset/train/train/clip_02342.wav,43777
/data/Dataset/test/test/clip_02343.wav,43777
/data/Dataset/train/train/clip_02344.wav,28966
/data/Dataset/train/train/clip_02345.wav,41108
/data/Dataset/train/train/clip_02346.wav,32566
/data/Dataset/train/train/clip_02347.wav,65132
/data/Dataset/train/train/clip_02348.wav,27761
/data/Dataset/train/train/clip_02349.wav,38438
/data/Dataset/train/train/clip_02350.wav,37905
/data/Dataset/train/train/clip_02351.wav,41642
/data/Dataset/train/train/clip_02352.wav,34701
/data/Dataset/train/train/clip_02353.wav,53921
/data/Dataset/train/train/clip_02354.wav,32032
/data/Dataset/train/train/clip_02355.wav,42709
/data/Dataset/train/train/clip_02356.wav,32384
/data/Dataset/train/train/clip_02357.wav,60861
/data/Dataset/train/train/clip_02358.wav,23492
/data/Dataset/train/train/clip_02359.wav,37371
/data/Dataset/train/train/clip_02360.wav,37905
/data/Dataset/train/train/clip_02361.wav,56056
/data/Dataset/train/train/clip_02362.wav,27761
/data/Dataset/train/train/clip_02363.wav,46446
/data/Dataset/train/train/clip_02364.wav,40427
/data/Dataset/train/train/clip_02365.wav,34167
/data/Dataset/train/train/clip_02366.wav,26159
/data/Dataset/train/train/clip_02367.wav,58725
/data/Dataset/train/train/clip_02368.wav,44311
/data/Dataset/test/test/clip_02369.wav,51785
/data/Dataset/train/train/clip_02370.wav,46446
/data/Dataset/train/train/clip_02371.wav,31786
/data/Dataset/test/test/clip_02372.wav,54454
/data/Dataset/test/test/clip_02373.wav,38972
/data/Dataset/test/test/clip_02374.wav,62996
/data/Dataset/test/test/clip_02375.wav,39506
/data/Dataset/train/train/clip_02376.wav,33931
/data/Dataset/test/test/clip_02377.wav,28295
/data/Dataset/train/train/clip_02378.wav,38438
/data/Dataset/train/train/clip_02379.wav,48582
/data/Dataset/train/train/clip_02380.wav,42175
/data/Dataset/train/train/clip_02381.wav,56056
/data/Dataset/train/train/clip_02382.wav,61929
/data/Dataset/train/train/clip_02383.wav,41108
/data/Dataset/test/test/clip_02384.wav,28829
/data/Dataset/train/train/clip_02385.wav,38972
/data/Dataset/train/train/clip_02386.wav,42709
/data/Dataset/test/test/clip_02387.wav,43243
/data/Dataset/train/train/clip_02388.wav,36837
/data/Dataset/train/train/clip_02389.wav,26867
/data/Dataset/train/train/clip_02390.wav,49116
/data/Dataset/test/test/clip_02391.wav,42175
/data/Dataset/test/test/clip_02392.wav,30964
/data/Dataset/train/train/clip_02393.wav,27327
/data/Dataset/train/train/clip_02394.wav,52853
/data/Dataset/train/train/clip_02395.wav,32596
/data/Dataset/test/test/clip_02396.wav,36303
/data/Dataset/train/train/clip_02397.wav,28295
/data/Dataset/test/test/clip_02398.wav,44311
/data/Dataset/train/train/clip_02399.wav,40574
/data/Dataset/train/train/clip_02400.wav,32566
/data/Dataset/train/train/clip_02401.wav,37371
/data/Dataset/train/train/clip_02402.wav,43777
/data/Dataset/train/train/clip_02403.wav,32752
/data/Dataset/train/train/clip_02404.wav,41642
/data/Dataset/test/test/clip_02405.wav,70470
/data/Dataset/train/train/clip_02406.wav,41642
/data/Dataset/test/test/clip_02407.wav,46446
/data/Dataset/train/train/clip_02408.wav,35235
/data/Dataset/train/train/clip_02409.wav,44845
/data/Dataset/train/train/clip_02410.wav,30964
/data/Dataset/train/train/clip_02411.wav,30964
/data/Dataset/train/train/clip_02412.wav,29037
/data/Dataset/test/test/clip_02413.wav,36303
/data/Dataset/train/train/clip_02414.wav,64064
/data/Dataset/train/train/clip_02415.wav,40040
/data/Dataset/train/train/clip_02416.wav,34148
/data/Dataset/train/train/clip_02417.wav,37371
/data/Dataset/train/train/clip_02418.wav,60327
/data/Dataset/test/test/clip_02419.wav,50717
/data/Dataset/train/train/clip_02420.wav,38817
/data/Dataset/train/train/clip_02421.wav,47514
/data/Dataset/train/train/clip_02422.wav,40574
/data/Dataset/test/test/clip_02423.wav,58191
/data/Dataset/train/train/clip_02424.wav,41642
/data/Dataset/train/train/clip_02425.wav,37839
/data/Dataset/train/train/clip_02426.wav,30773
/data/Dataset/train/train/clip_02427.wav,43243
/data/Dataset/train/train/clip_02428.wav,69403
/data/Dataset/train/train/clip_02429.wav,59793
/data/Dataset/train/train/clip_02430.wav,47514
/data/Dataset/train/train/clip_02431.wav,36837
/data/Dataset/train/train/clip_02432.wav,37320
/data/Dataset/train/train/clip_02433.wav,37371
/data/Dataset/train/train/clip_02434.wav,45912
/data/Dataset/train/train/clip_02435.wav,25340
/data/Dataset/train/train/clip_02436.wav,29897
/data/Dataset/train/train/clip_02437.wav,43777
/data/Dataset/train/train/clip_02438.wav,31918
/data/Dataset/train/train/clip_02439.wav,52853
/data/Dataset/test/test/clip_02440.wav,54454
/data/Dataset/train/train/clip_02441.wav,40254
/data/Dataset/train/train/clip_02442.wav,48048
/data/Dataset/train/train/clip_02443.wav,37948
/data/Dataset/train/train/clip_02444.wav,52319
/data/Dataset/train/train/clip_02445.wav,50183
/data/Dataset/train/train/clip_02446.wav,34167
/data/Dataset/test/test/clip_02447.wav,32566
/data/Dataset/train/train/clip_02448.wav,43243
/data/Dataset/train/train/clip_02449.wav,52319
/data/Dataset/train/train/clip_02450.wav,32566
/data/Dataset/train/train/clip_02451.wav,56590
/data/Dataset/train/train/clip_02452.wav,28972
/data/Dataset/train/train/clip_02453.wav,27409
/data/Dataset/train/train/clip_02454.wav,30964
/data/Dataset/train/train/clip_02455.wav,40574
/data/Dataset/train/train/clip_02456.wav,51251
/data/Dataset/train/train/clip_02457.wav,33888
/data/Dataset/train/train/clip_02458.wav,34167
/data/Dataset/test/test/clip_02459.wav,49650
/data/Dataset/train/train/clip_02460.wav,43243
/data/Dataset/train/train/clip_02461.wav,33100
/data/Dataset/train/train/clip_02462.wav,38972
/data/Dataset/train/train/clip_02463.wav,62462
/data/Dataset/train/train/clip_02464.wav,42709
/data/Dataset/train/train/clip_02465.wav,34701
/data/Dataset/train/train/clip_02466.wav,48048
/data/Dataset/train/train/clip_02467.wav,28080
/data/Dataset/test/test/clip_02468.wav,25626
/data/Dataset/train/train/clip_02469.wav,30995
/data/Dataset/train/train/clip_02470.wav,41642
/data/Dataset/train/train/clip_02471.wav,53920
/data/Dataset/train/train/clip_02472.wav,46980
/data/Dataset/train/train/clip_02473.wav,44311
/data/Dataset/train/train/clip_02474.wav,36158
/data/Dataset/train/train/clip_02475.wav,39589
/data/Dataset/train/train/clip_02476.wav,36837
/data/Dataset/train/train/clip_02477.wav,58725
/data/Dataset/test/test/clip_02478.wav,59793
/data/Dataset/train/train/clip_02479.wav,25626
/data/Dataset/train/train/clip_02480.wav,45379
/data/Dataset/train/train/clip_02481.wav,32566
/data/Dataset/train/train/clip_02482.wav,42709
/data/Dataset/train/train/clip_02483.wav,33901
/data/Dataset/test/test/clip_02484.wav,42175
/data/Dataset/train/train/clip_02485.wav,40040
/data/Dataset/train/train/clip_02486.wav,32128
/data/Dataset/train/train/clip_02487.wav,42709
/data/Dataset/train/train/clip_02488.wav,28635
/data/Dataset/test/test/clip_02489.wav,76877
/data/Dataset/test/test/clip_02490.wav,46446
/data/Dataset/train/train/clip_02491.wav,38658
/data/Dataset/train/train/clip_02492.wav,61395
/data/Dataset/test/test/clip_02493.wav,36303
/data/Dataset/test/test/clip_02494.wav,34701
/data/Dataset/train/train/clip_02495.wav,34021
/data/Dataset/train/train/clip_02496.wav,29896
/data/Dataset/train/train/clip_02497.wav,37371
/data/Dataset/test/test/clip_02498.wav,33634
/data/Dataset/test/test/clip_02499.wav,40574
/data/Dataset/train/train/clip_02500.wav,44845
/data/Dataset/test/test/clip_02501.wav,57658
/data/Dataset/train/train/clip_02502.wav,28829
/data/Dataset/test/test/clip_02503.wav,45379
/data/Dataset/test/test/clip_02504.wav,30964
/data/Dataset/test/test/clip_02505.wav,39506
/data/Dataset/train/train/clip_02506.wav,38438
/data/Dataset/train/train/clip_02507.wav,41108
/data/Dataset/train/train/clip_02508.wav,28295
/data/Dataset/test/test/clip_02509.wav,42709
/data/Dataset/train/train/clip_02510.wav,36303
/data/Dataset/test/test/clip_02511.wav,45379
/data/Dataset/train/train/clip_02512.wav,26693
/data/Dataset/train/train/clip_02513.wav,66199
/data/Dataset/test/test/clip_02514.wav,63530
/data/Dataset/train/train/clip_02515.wav,40486
/data/Dataset/train/train/clip_02516.wav,45912
/data/Dataset/test/test/clip_02517.wav,53324
/data/Dataset/train/train/clip_02518.wav,67801
/data/Dataset/train/train/clip_02519.wav,32032
/data/Dataset/test/test/clip_02520.wav,44311
/data/Dataset/train/train/clip_02521.wav,40574
/data/Dataset/train/train/clip_02522.wav,49650
/data/Dataset/train/train/clip_02523.wav,25706
/data/Dataset/train/train/clip_02524.wav,41642
/data/Dataset/train/train/clip_02525.wav,52853
/data/Dataset/train/train/clip_02526.wav,53921
/data/Dataset/test/test/clip_02527.wav,72072
/data/Dataset/test/test/clip_02528.wav,61929
/data/Dataset/train/train/clip_02529.wav,45379
/data/Dataset/train/train/clip_02530.wav,32842
/data/Dataset/train/train/clip_02531.wav,37371
/data/Dataset/train/train/clip_02532.wav,26693
/data/Dataset/train/train/clip_02533.wav,45913
/data/Dataset/train/train/clip_02534.wav,33634
/data/Dataset/train/train/clip_02535.wav,54454
/data/Dataset/train/train/clip_02536.wav,36837
/data/Dataset/train/train/clip_02537.wav,41618
/data/Dataset/train/train/clip_02538.wav,49650
/data/Dataset/train/train/clip_02539.wav,22925
/data/Dataset/train/train/clip_02540.wav,49116
/data/Dataset/train/train/clip_02541.wav,29232
/data/Dataset/train/train/clip_02542.wav,29363
/data/Dataset/train/train/clip_02543.wav,54454
/data/Dataset/train/train/clip_02544.wav,44845
/data/Dataset/train/train/clip_02545.wav,44038
/data/Dataset/train/train/clip_02546.wav,42709
/data/Dataset/train/train/clip_02547.wav,36303
/data/Dataset/test/test/clip_02548.wav,44311
/data/Dataset/train/train/clip_02549.wav,37905
/data/Dataset/train/train/clip_02550.wav,43243
/data/Dataset/train/train/clip_02551.wav,40040
/data/Dataset/train/train/clip_02552.wav,36837
/data/Dataset/test/test/clip_02553.wav,42175
/data/Dataset/train/train/clip_02554.wav,36303
/data/Dataset/test/test/clip_02555.wav,49116
/data/Dataset/train/train/clip_02556.wav,31498
/data/Dataset/train/train/clip_02557.wav,30075
/data/Dataset/train/train/clip_02558.wav,36523
/data/Dataset/train/train/clip_02559.wav,40574
/data/Dataset/train/train/clip_02560.wav,30964
/data/Dataset/train/train/clip_02561.wav,36357
/data/Dataset/train/train/clip_02562.wav,22191
/data/Dataset/train/train/clip_02563.wav,33634
/data/Dataset/train/train/clip_02564.wav,44311
/data/Dataset/train/train/clip_02565.wav,39689
/data/Dataset/train/train/clip_02566.wav,37904
/data/Dataset/test/test/clip_02567.wav,48048
/data/Dataset/train/train/clip_02568.wav,42175
/data/Dataset/train/train/clip_02569.wav,59259
/data/Dataset/train/train/clip_02570.wav,35235
/data/Dataset/train/train/clip_02571.wav,46446
/data/Dataset/train/train/clip_02572.wav,30410
/data/Dataset/train/train/clip_02573.wav,35871
/data/Dataset/train/train/clip_02574.wav,52853
/data/Dataset/train/train/clip_02575.wav,54454
/data/Dataset/train/train/clip_02576.wav,66733
/data/Dataset/train/train/clip_02577.wav,36303
/data/Dataset/test/test/clip_02578.wav,41642
/data/Dataset/train/train/clip_02579.wav,42709
/data/Dataset/train/train/clip_02580.wav,62996
/data/Dataset/train/train/clip_02581.wav,51251
/data/Dataset/train/train/clip_02582.wav,54988
/data/Dataset/train/train/clip_02583.wav,40040
/data/Dataset/train/train/clip_02584.wav,32032
/data/Dataset/train/train/clip_02585.wav,40040
/data/Dataset/train/train/clip_02586.wav,43777
/data/Dataset/train/train/clip_02587.wav,36715
/data/Dataset/train/train/clip_02588.wav,32032
/data/Dataset/test/test/clip_02589.wav,70470
/data/Dataset/train/train/clip_02590.wav,36303
/data/Dataset/test/test/clip_02591.wav,43243
/data/Dataset/train/train/clip_02592.wav,41159
/data/Dataset/train/train/clip_02593.wav,31498
/data/Dataset/train/train/clip_02594.wav,31498
/data/Dataset/train/train/clip_02595.wav,37904
/data/Dataset/train/train/clip_02596.wav,33920
/data/Dataset/train/train/clip_02597.wav,57658
/data/Dataset/train/train/clip_02598.wav,34701
/data/Dataset/train/train/clip_02599.wav,35540
/data/Dataset/train/train/clip_02600.wav,44311
/data/Dataset/train/train/clip_02601.wav,29363
/data/Dataset/train/train/clip_02602.wav,31826
/data/Dataset/train/train/clip_02603.wav,25026
/data/Dataset/train/train/clip_02604.wav,39090
/data/Dataset/train/train/clip_02605.wav,38438
/data/Dataset/train/train/clip_02606.wav,47514
/data/Dataset/train/train/clip_02607.wav,35235
/data/Dataset/train/train/clip_02608.wav,23966
/data/Dataset/train/train/clip_02609.wav,36409
/data/Dataset/train/train/clip_02610.wav,29363
/data/Dataset/test/test/clip_02611.wav,45912
/data/Dataset/train/train/clip_02612.wav,41519
/data/Dataset/train/train/clip_02613.wav,33634
/data/Dataset/test/test/clip_02614.wav,42709
/data/Dataset/train/train/clip_02615.wav,26563
/data/Dataset/train/train/clip_02616.wav,62462
/data/Dataset/test/test/clip_02617.wav,40574
/data/Dataset/train/train/clip_02618.wav,45379
/data/Dataset/train/train/clip_02619.wav,46980
/data/Dataset/test/test/clip_02620.wav,36837
/data/Dataset/train/train/clip_02621.wav,40574
/data/Dataset/train/train/clip_02622.wav,46980
/data/Dataset/train/train/clip_02623.wav,51251
/data/Dataset/train/train/clip_02624.wav,55522
/data/Dataset/train/train/clip_02625.wav,40040
/data/Dataset/train/train/clip_02626.wav,36409
/data/Dataset/train/train/clip_02627.wav,44311
/data/Dataset/train/train/clip_02628.wav,50717
/data/Dataset/train/train/clip_02629.wav,33100
/data/Dataset/train/train/clip_02630.wav,53920
/data/Dataset/train/train/clip_02631.wav,46446
/data/Dataset/train/train/clip_02632.wav,36303
/data/Dataset/train/train/clip_02633.wav,29897
/data/Dataset/train/train/clip_02634.wav,40040
/data/Dataset/train/train/clip_02635.wav,32032
/data/Dataset/train/train/clip_02636.wav,39743
/data/Dataset/train/train/clip_02637.wav,37904
/data/Dataset/train/train/clip_02638.wav,40040
/data/Dataset/train/train/clip_02639.wav,62463
/data/Dataset/train/train/clip_02640.wav,40574
/data/Dataset/train/train/clip_02641.wav,42709
/data/Dataset/train/train/clip_02642.wav,57658
/data/Dataset/train/train/clip_02643.wav,48582
/data/Dataset/test/test/clip_02644.wav,50717
/data/Dataset/test/test/clip_02645.wav,44311
/data/Dataset/train/train/clip_02646.wav,48048
/data/Dataset/train/train/clip_02647.wav,36837
/data/Dataset/train/train/clip_02648.wav,36409
/data/Dataset/train/train/clip_02649.wav,40040
/data/Dataset/train/train/clip_02650.wav,41865
/data/Dataset/train/train/clip_02651.wav,44311
/data/Dataset/test/test/clip_02652.wav,61929
/data/Dataset/train/train/clip_02653.wav,57658
/data/Dataset/train/train/clip_02654.wav,33940
/data/Dataset/test/test/clip_02655.wav,42175
/data/Dataset/test/test/clip_02656.wav,37904
/data/Dataset/test/test/clip_02657.wav,52319
/data/Dataset/train/train/clip_02658.wav,51785
/data/Dataset/train/train/clip_02659.wav,37905
/data/Dataset/train/train/clip_02660.wav,30809
/data/Dataset/train/train/clip_02661.wav,30430
/data/Dataset/test/test/clip_02662.wav,27761
/data/Dataset/train/train/clip_02663.wav,41108
/data/Dataset/train/train/clip_02664.wav,59793
/data/Dataset/train/train/clip_02665.wav,59793
/data/Dataset/train/train/clip_02666.wav,34072
/data/Dataset/train/train/clip_02667.wav,24963
/data/Dataset/train/train/clip_02668.wav,42709
/data/Dataset/train/train/clip_02669.wav,38972
/data/Dataset/train/train/clip_02670.wav,33100
/data/Dataset/train/train/clip_02671.wav,32450
/data/Dataset/train/train/clip_02672.wav,37905
/data/Dataset/train/train/clip_02673.wav,41642
/data/Dataset/train/train/clip_02674.wav,27370
/data/Dataset/train/train/clip_02675.wav,33100
/data/Dataset/test/test/clip_02676.wav,26693
/data/Dataset/train/train/clip_02677.wav,38972
/data/Dataset/train/train/clip_02678.wav,46980
/data/Dataset/train/train/clip_02679.wav,52853
/data/Dataset/train/train/clip_02680.wav,26232
/data/Dataset/train/train/clip_02681.wav,25197
/data/Dataset/train/train/clip_02682.wav,26043
/data/Dataset/test/test/clip_02683.wav,64064
/data/Dataset/train/train/clip_02684.wav,30430
/data/Dataset/train/train/clip_02685.wav,42709
/data/Dataset/train/train/clip_02686.wav,46446
/data/Dataset/train/train/clip_02687.wav,33100
/data/Dataset/train/train/clip_02688.wav,41108
/data/Dataset/train/train/clip_02689.wav,35235
/data/Dataset/train/train/clip_02690.wav,35827
/data/Dataset/train/train/clip_02691.wav,32016
/data/Dataset/train/train/clip_02692.wav,32032
/data/Dataset/train/train/clip_02693.wav,37371
/data/Dataset/train/train/clip_02694.wav,25092
/data/Dataset/test/test/clip_02695.wav,45379
/data/Dataset/train/train/clip_02696.wav,32032
/data/Dataset/train/train/clip_02697.wav,41642
/data/Dataset/test/test/clip_02698.wav,52319
/data/Dataset/train/train/clip_02699.wav,46446
/data/Dataset/test/test/clip_02700.wav,32566
/data/Dataset/test/test/clip_02701.wav,43243
/data/Dataset/train/train/clip_02702.wav,27059
/data/Dataset/train/train/clip_02703.wav,35235
/data/Dataset/test/test/clip_02704.wav,32032
/data/Dataset/train/train/clip_02705.wav,40040
/data/Dataset/train/train/clip_02706.wav,54988
/data/Dataset/train/train/clip_02707.wav,51251
/data/Dataset/train/train/clip_02708.wav,40574
/data/Dataset/train/train/clip_02709.wav,36837
/data/Dataset/train/train/clip_02710.wav,27227
/data/Dataset/train/train/clip_02711.wav,30430
/data/Dataset/train/train/clip_02712.wav,53387
/data/Dataset/train/train/clip_02713.wav,36409
/data/Dataset/train/train/clip_02714.wav,41059
/data/Dataset/train/train/clip_02715.wav,33388
/data/Dataset/train/train/clip_02716.wav,39506
/data/Dataset/train/train/clip_02717.wav,42576
/data/Dataset/test/test/clip_02718.wav,50183
/data/Dataset/train/train/clip_02719.wav,38672
/data/Dataset/train/train/clip_02720.wav,46623
/data/Dataset/train/train/clip_02721.wav,50183
/data/Dataset/test/test/clip_02722.wav,43243
/data/Dataset/train/train/clip_02723.wav,28413
/data/Dataset/test/test/clip_02724.wav,48048
/data/Dataset/train/train/clip_02725.wav,56590
/data/Dataset/train/train/clip_02726.wav,49116
/data/Dataset/test/test/clip_02727.wav,66200
/data/Dataset/train/train/clip_02728.wav,23630
/data/Dataset/train/train/clip_02729.wav,28295
/data/Dataset/train/train/clip_02730.wav,41642
/data/Dataset/train/train/clip_02731.wav,34701
/data/Dataset/train/train/clip_02732.wav,33100
/data/Dataset/train/train/clip_02733.wav,37371
/data/Dataset/train/train/clip_02734.wav,45912
/data/Dataset/test/test/clip_02735.wav,57124
/data/Dataset/train/train/clip_02736.wav,61929
/data/Dataset/train/train/clip_02737.wav,65132
/data/Dataset/train/train/clip_02738.wav,36837
/data/Dataset/train/train/clip_02739.wav,27227
/data/Dataset/train/train/clip_02740.wav,37905
/data/Dataset/test/test/clip_02741.wav,46446
/data/Dataset/train/train/clip_02742.wav,51251
/data/Dataset/test/test/clip_02743.wav,48582
/data/Dataset/train/train/clip_02744.wav,37371
/data/Dataset/train/train/clip_02745.wav,40574
/data/Dataset/train/train/clip_02746.wav,33100
/data/Dataset/test/test/clip_02747.wav,38438
/data/Dataset/test/test/clip_02748.wav,39506
/data/Dataset/train/train/clip_02749.wav,60327
/data/Dataset/test/test/clip_02750.wav,44845
/data/Dataset/train/train/clip_02751.wav,36523
/data/Dataset/train/train/clip_02752.wav,29662
/data/Dataset/train/train/clip_02753.wav,42709
/data/Dataset/train/train/clip_02754.wav,37102
/data/Dataset/test/test/clip_02755.wav,42709
/data/Dataset/test/test/clip_02756.wav,29896
/data/Dataset/train/train/clip_02757.wav,36516
/data/Dataset/train/train/clip_02758.wav,61395
/data/Dataset/test/test/clip_02759.wav,45379
/data/Dataset/test/test/clip_02760.wav,62462
/data/Dataset/test/test/clip_02761.wav,31498
/data/Dataset/train/train/clip_02762.wav,57124
/data/Dataset/train/train/clip_02763.wav,31556
/data/Dataset/train/train/clip_02764.wav,49116
/data/Dataset/train/train/clip_02765.wav,37904
/data/Dataset/train/train/clip_02766.wav,29363
/data/Dataset/train/train/clip_02767.wav,66733
/data/Dataset/train/train/clip_02768.wav,42175
/data/Dataset/train/train/clip_02769.wav,53387
/data/Dataset/train/train/clip_02770.wav,38972
/data/Dataset/train/train/clip_02771.wav,32566
/data/Dataset/train/train/clip_02772.wav,36934
/data/Dataset/test/test/clip_02773.wav,45913
/data/Dataset/train/train/clip_02774.wav,41642
/data/Dataset/train/train/clip_02775.wav,65665
/data/Dataset/train/train/clip_02776.wav,41642
/data/Dataset/train/train/clip_02777.wav,34701
/data/Dataset/train/train/clip_02778.wav,32566
/data/Dataset/train/train/clip_02779.wav,31498
/data/Dataset/train/train/clip_02780.wav,38438
/data/Dataset/train/train/clip_02781.wav,46980
/data/Dataset/train/train/clip_02782.wav,33426
/data/Dataset/test/test/clip_02783.wav,43777
/data/Dataset/train/train/clip_02784.wav,29363
/data/Dataset/train/train/clip_02785.wav,57124
/data/Dataset/test/test/clip_02786.wav,34701
/data/Dataset/train/train/clip_02787.wav,36837
/data/Dataset/test/test/clip_02788.wav,44845
/data/Dataset/test/test/clip_02789.wav,53920
/data/Dataset/train/train/clip_02790.wav,32745
/data/Dataset/test/test/clip_02791.wav,43777
/data/Dataset/test/test/clip_02792.wav,52319
/data/Dataset/train/train/clip_02793.wav,26159
/data/Dataset/train/train/clip_02794.wav,42175
/data/Dataset/train/train/clip_02795.wav,34701
/data/Dataset/test/test/clip_02796.wav,48048
/data/Dataset/train/train/clip_02797.wav,61928
/data/Dataset/train/train/clip_02798.wav,57658
/data/Dataset/train/train/clip_02799.wav,36341
/data/Dataset/train/train/clip_02800.wav,36303
/data/Dataset/train/train/clip_02801.wav,40467
/data/Dataset/train/train/clip_02802.wav,31300
/data/Dataset/train/train/clip_02803.wav,43243
/data/Dataset/train/train/clip_02804.wav,41642
/data/Dataset/train/train/clip_02805.wav,33686
/data/Dataset/test/test/clip_02806.wav,33634
/data/Dataset/train/train/clip_02807.wav,37371
/data/Dataset/train/train/clip_02808.wav,48048
/data/Dataset/train/train/clip_02809.wav,29363
/data/Dataset/test/test/clip_02810.wav,43777
/data/Dataset/test/test/clip_02811.wav,41642
/data/Dataset/train/train/clip_02812.wav,33100
/data/Dataset/train/train/clip_02813.wav,33634
/data/Dataset/train/train/clip_02814.wav,32673
/data/Dataset/train/train/clip_02815.wav,40040
/data/Dataset/train/train/clip_02816.wav,31748
/data/Dataset/train/train/clip_02817.wav,34167
/data/Dataset/train/train/clip_02818.wav,30964
/data/Dataset/test/test/clip_02819.wav,64064
/data/Dataset/train/train/clip_02820.wav,34167
/data/Dataset/train/train/clip_02821.wav,39506
/data/Dataset/train/train/clip_02822.wav,37371
/data/Dataset/train/train/clip_02823.wav,33100
/data/Dataset/train/train/clip_02824.wav,32401
/data/Dataset/train/train/clip_02825.wav,23684
/data/Dataset/train/train/clip_02826.wav,32566
/data/Dataset/train/train/clip_02827.wav,30964
/data/Dataset/train/train/clip_02828.wav,40682
/data/Dataset/train/train/clip_02829.wav,29468
/data/Dataset/train/train/clip_02830.wav,49116
/data/Dataset/train/train/clip_02831.wav,34167
/data/Dataset/test/test/clip_02832.wav,38438
/data/Dataset/test/test/clip_02833.wav,41108
/data/Dataset/train/train/clip_02834.wav,50184
/data/Dataset/train/train/clip_02835.wav,32566
/data/Dataset/train/train/clip_02836.wav,44845
/data/Dataset/train/train/clip_02837.wav,43777
/data/Dataset/test/test/clip_02838.wav,52853
/data/Dataset/train/train/clip_02839.wav,36303
/data/Dataset/train/train/clip_02840.wav,40733
/data/Dataset/train/train/clip_02841.wav,41108
/data/Dataset/test/test/clip_02842.wav,41642
/data/Dataset/train/train/clip_02843.wav,28829
/data/Dataset/train/train/clip_02844.wav,37185
/data/Dataset/train/train/clip_02845.wav,49116
/data/Dataset/train/train/clip_02846.wav,39098
/data/Dataset/train/train/clip_02847.wav,55522
/data/Dataset/train/train/clip_02848.wav,54988
/data/Dataset/train/train/clip_02849.wav,54988
/data/Dataset/train/train/clip_02850.wav,49116
/data/Dataset/train/train/clip_02851.wav,26746
/data/Dataset/train/train/clip_02852.wav,34167
/data/Dataset/train/train/clip_02853.wav,37991
/data/Dataset/train/train/clip_02854.wav,42709
/data/Dataset/train/train/clip_02855.wav,47514
/data/Dataset/test/test/clip_02856.wav,36409
/data/Dataset/train/train/clip_02857.wav,40672
/data/Dataset/train/train/clip_02858.wav,37073
/data/Dataset/test/test/clip_02859.wav,54988
/data/Dataset/train/train/clip_02860.wav,35549
/data/Dataset/train/train/clip_02861.wav,53920
/data/Dataset/train/train/clip_02862.wav,53920
/data/Dataset/train/train/clip_02863.wav,28295
/data/Dataset/train/train/clip_02864.wav,42175
/data/Dataset/train/train/clip_02865.wav,40200
/data/Dataset/train/train/clip_02866.wav,37371
/data/Dataset/train/train/clip_02867.wav,40624
/data/Dataset/test/test/clip_02868.wav,41642
/data/Dataset/train/train/clip_02869.wav,36303
/data/Dataset/train/train/clip_02870.wav,23490
/data/Dataset/train/train/clip_02871.wav,34701
/data/Dataset/train/train/clip_02872.wav,25626
/data/Dataset/train/train/clip_02873.wav,43114
/data/Dataset/train/train/clip_02874.wav,35976
/data/Dataset/train/train/clip_02875.wav,28812
/data/Dataset/train/train/clip_02876.wav,48582
/data/Dataset/train/train/clip_02877.wav,37371
/data/Dataset/train/train/clip_02878.wav,54988
/data/Dataset/train/train/clip_02879.wav,37371
/data/Dataset/train/train/clip_02880.wav,40943
/data/Dataset/train/train/clip_02881.wav,47514
/data/Dataset/train/train/clip_02882.wav,34701
/data/Dataset/train/train/clip_02883.wav,49116
/data/Dataset/train/train/clip_02884.wav,40040
/data/Dataset/train/train/clip_02885.wav,46446
/data/Dataset/train/train/clip_02886.wav,57658
/data/Dataset/train/train/clip_02887.wav,46446
/data/Dataset/train/train/clip_02888.wav,37936
/data/Dataset/train/train/clip_02889.wav,43139
/data/Dataset/train/train/clip_02890.wav,28295
/data/Dataset/train/train/clip_02891.wav,37905
/data/Dataset/train/train/clip_02892.wav,50717
/data/Dataset/train/train/clip_02893.wav,35235
/data/Dataset/train/train/clip_02894.wav,27227
/data/Dataset/train/train/clip_02895.wav,28829
/data/Dataset/train/train/clip_02896.wav,21999
/data/Dataset/train/train/clip_02897.wav,40040
/data/Dataset/train/train/clip_02898.wav,38438
/data/Dataset/train/train/clip_02899.wav,29150
/data/Dataset/train/train/clip_02900.wav,38972
/data/Dataset/train/train/clip_02901.wav,33762
/data/Dataset/train/train/clip_02902.wav,41882
/data/Dataset/test/test/clip_02903.wav,36303
/data/Dataset/train/train/clip_02904.wav,48048
/data/Dataset/train/train/clip_02905.wav,26229
/data/Dataset/train/train/clip_02906.wav,35235
/data/Dataset/train/train/clip_02907.wav,26122
/data/Dataset/train/train/clip_02908.wav,52319
/data/Dataset/train/train/clip_02909.wav,38438
/data/Dataset/train/train/clip_02910.wav,36409
/data/Dataset/train/train/clip_02911.wav,33100
/data/Dataset/train/train/clip_02912.wav,31649
/data/Dataset/train/train/clip_02913.wav,44845
/data/Dataset/train/train/clip_02914.wav,34701
/data/Dataset/test/test/clip_02915.wav,43243
/data/Dataset/train/train/clip_02916.wav,31523
/data/Dataset/train/train/clip_02917.wav,39050
/data/Dataset/train/train/clip_02918.wav,40040
/data/Dataset/test/test/clip_02919.wav,58191
/data/Dataset/train/train/clip_02920.wav,31144
/data/Dataset/train/train/clip_02921.wav,36523
/data/Dataset/train/train/clip_02922.wav,40574
/data/Dataset/test/test/clip_02923.wav,42709
/data/Dataset/train/train/clip_02924.wav,40574
/data/Dataset/train/train/clip_02925.wav,31165
/data/Dataset/test/test/clip_02926.wav,44311
/data/Dataset/train/train/clip_02927.wav,35769
/data/Dataset/train/train/clip_02928.wav,35774
/data/Dataset/train/train/clip_02929.wav,37371
/data/Dataset/train/train/clip_02930.wav,65666
/data/Dataset/test/test/clip_02931.wav,41108
/data/Dataset/test/test/clip_02932.wav,40040
/data/Dataset/train/train/clip_02933.wav,32566
/data/Dataset/train/train/clip_02934.wav,26159
/data/Dataset/test/test/clip_02935.wav,52853
/data/Dataset/train/train/clip_02936.wav,38438
/data/Dataset/train/train/clip_02937.wav,32032
/data/Dataset/train/train/clip_02938.wav,44311
/data/Dataset/train/train/clip_02939.wav,32032
/data/Dataset/train/train/clip_02940.wav,50183
/data/Dataset/train/train/clip_02941.wav,38438
/data/Dataset/train/train/clip_02942.wav,32531
/data/Dataset/train/train/clip_02943.wav,38972
/data/Dataset/train/train/clip_02944.wav,39506
/data/Dataset/test/test/clip_02945.wav,47514
/data/Dataset/train/train/clip_02946.wav,40040
/data/Dataset/test/test/clip_02947.wav,50717
/data/Dataset/train/train/clip_02948.wav,55522
/data/Dataset/train/train/clip_02949.wav,37371
/data/Dataset/train/train/clip_02950.wav,34074
/data/Dataset/train/train/clip_02951.wav,44311
/data/Dataset/train/train/clip_02952.wav,40574
/data/Dataset/train/train/clip_02953.wav,24594
/data/Dataset/train/train/clip_02954.wav,29896
/data/Dataset/train/train/clip_02955.wav,40040
/data/Dataset/train/train/clip_02956.wav,42732
/data/Dataset/train/train/clip_02957.wav,54988
/data/Dataset/train/train/clip_02958.wav,34975
/data/Dataset/train/train/clip_02959.wav,38972
/data/Dataset/train/train/clip_02960.wav,35769
/data/Dataset/test/test/clip_02961.wav,41108
/data/Dataset/train/train/clip_02962.wav,64598
/data/Dataset/train/train/clip_02963.wav,33100
/data/Dataset/train/train/clip_02964.wav,54988
/data/Dataset/train/train/clip_02965.wav,46980
/data/Dataset/train/train/clip_02966.wav,37185
/data/Dataset/test/test/clip_02967.wav,68869
/data/Dataset/train/train/clip_02968.wav,23880
/data/Dataset/train/train/clip_02969.wav,58191
/data/Dataset/train/train/clip_02970.wav,28135
/data/Dataset/train/train/clip_02971.wav,57124
/data/Dataset/train/train/clip_02972.wav,36178
/data/Dataset/test/test/clip_02973.wav,46980
/data/Dataset/train/train/clip_02974.wav,35460
/data/Dataset/train/train/clip_02975.wav,36523
/data/Dataset/train/train/clip_02976.wav,35782
/data/Dataset/train/train/clip_02977.wav,57124
/data/Dataset/train/train/clip_02978.wav,60327
/data/Dataset/train/train/clip_02979.wav,34167
/data/Dataset/train/train/clip_02980.wav,40766
/data/Dataset/test/test/clip_02981.wav,37371
/data/Dataset/train/train/clip_02982.wav,35235
/data/Dataset/train/train/clip_02983.wav,39506
/data/Dataset/train/train/clip_02984.wav,45912
/data/Dataset/test/test/clip_02985.wav,52319
/data/Dataset/test/test/clip_02986.wav,43243
/data/Dataset/train/train/clip_02987.wav,38972
/data/Dataset/train/train/clip_02988.wav,38972
/data/Dataset/train/train/clip_02989.wav,52853
/data/Dataset/train/train/clip_02990.wav,37778
/data/Dataset/train/train/clip_02991.wav,43777
/data/Dataset/train/train/clip_02992.wav,27227
/data/Dataset/test/test/clip_02993.wav,60861
/data/Dataset/train/train/clip_02994.wav,27243
/data/Dataset/train/train/clip_02995.wav,25618
/data/Dataset/train/train/clip_02996.wav,29897
/data/Dataset/train/train/clip_02997.wav,38438
/data/Dataset/train/train/clip_02998.wav,28829
/data/Dataset/train/train/clip_02999.wav,39506
/data/Dataset/train/train/clip_03000.wav,31498
/data/Dataset/test/test/clip_03001.wav,60861
/data/Dataset/train/train/clip_03002.wav,25322
/data/Dataset/train/train/clip_03003.wav,26508
/data/Dataset/train/train/clip_03004.wav,54988
/data/Dataset/train/train/clip_03005.wav,33100
/data/Dataset/train/train/clip_03006.wav,25030
/data/Dataset/train/train/clip_03007.wav,36896
/data/Dataset/train/train/clip_03008.wav,36002
/data/Dataset/train/train/clip_03009.wav,37904
/data/Dataset/train/train/clip_03010.wav,34167
/data/Dataset/test/test/clip_03011.wav,35235
/data/Dataset/train/train/clip_03012.wav,30964
/data/Dataset/train/train/clip_03013.wav,37330
/data/Dataset/train/train/clip_03014.wav,47514
/data/Dataset/train/train/clip_03015.wav,31033
/data/Dataset/train/train/clip_03016.wav,57124
/data/Dataset/test/test/clip_03017.wav,34701
/data/Dataset/train/train/clip_03018.wav,33100
/data/Dataset/test/test/clip_03019.wav,40040
/data/Dataset/train/train/clip_03020.wav,36837
/data/Dataset/test/test/clip_03021.wav,36303
/data/Dataset/train/train/clip_03022.wav,37371
/data/Dataset/train/train/clip_03023.wav,44845
/data/Dataset/train/train/clip_03024.wav,43243
/data/Dataset/test/test/clip_03025.wav,37905
/data/Dataset/test/test/clip_03026.wav,68335
/data/Dataset/test/test/clip_03027.wav,37371
/data/Dataset/train/train/clip_03028.wav,32245
/data/Dataset/train/train/clip_03029.wav,23562
/data/Dataset/train/train/clip_03030.wav,29363
/data/Dataset/test/test/clip_03031.wav,43243
/data/Dataset/train/train/clip_03032.wav,32088
/data/Dataset/train/train/clip_03033.wav,36523
/data/Dataset/train/train/clip_03034.wav,24047
/data/Dataset/train/train/clip_03035.wav,33490
/data/Dataset/train/train/clip_03036.wav,34167
/data/Dataset/train/train/clip_03037.wav,34304
/data/Dataset/train/train/clip_03038.wav,28149
/data/Dataset/train/train/clip_03039.wav,39506
/data/Dataset/train/train/clip_03040.wav,40574
/data/Dataset/test/test/clip_03041.wav,37905
/data/Dataset/train/train/clip_03042.wav,24319
/data/Dataset/train/train/clip_03043.wav,34167
/data/Dataset/train/train/clip_03044.wav,27761
/data/Dataset/test/test/clip_03045.wav,38972
/data/Dataset/train/train/clip_03046.wav,31498
/data/Dataset/train/train/clip_03047.wav,33634
/data/Dataset/train/train/clip_03048.wav,58191
/data/Dataset/test/test/clip_03049.wav,34167
/data/Dataset/train/train/clip_03050.wav,32560
/data/Dataset/test/test/clip_03051.wav,38438
/data/Dataset/train/train/clip_03052.wav,24269
/data/Dataset/train/train/clip_03053.wav,60327
/data/Dataset/test/test/clip_03054.wav,53920
/data/Dataset/train/train/clip_03055.wav,44845
/data/Dataset/train/train/clip_03056.wav,42175
/data/Dataset/train/train/clip_03057.wav,22025
/data/Dataset/train/train/clip_03058.wav,45379
/data/Dataset/test/test/clip_03059.wav,54988
/data/Dataset/train/train/clip_03060.wav,50183
/data/Dataset/train/train/clip_03061.wav,38972
/data/Dataset/train/train/clip_03062.wav,32607
/data/Dataset/train/train/clip_03063.wav,29464
/data/Dataset/train/train/clip_03064.wav,40040
/data/Dataset/train/train/clip_03065.wav,49116
/data/Dataset/test/test/clip_03066.wav,50183
/data/Dataset/train/train/clip_03067.wav,33100
/data/Dataset/train/train/clip_03068.wav,58191
/data/Dataset/train/train/clip_03069.wav,47514
/data/Dataset/train/train/clip_03070.wav,57658
/data/Dataset/train/train/clip_03071.wav,37905
/data/Dataset/train/train/clip_03072.wav,61928
/data/Dataset/train/train/clip_03073.wav,37905
/data/Dataset/train/train/clip_03074.wav,45379
/data/Dataset/train/train/clip_03075.wav,39506
/data/Dataset/train/train/clip_03076.wav,38972
/data/Dataset/train/train/clip_03077.wav,62462
/data/Dataset/train/train/clip_03078.wav,62996
/data/Dataset/train/train/clip_03079.wav,38972
/data/Dataset/test/test/clip_03080.wav,45912
/data/Dataset/train/train/clip_03081.wav,42190
/data/Dataset/train/train/clip_03082.wav,34167
/data/Dataset/train/train/clip_03083.wav,36303
/data/Dataset/train/train/clip_03084.wav,33634
/data/Dataset/train/train/clip_03085.wav,27282
/data/Dataset/train/train/clip_03086.wav,41642
/data/Dataset/train/train/clip_03087.wav,30964
/data/Dataset/train/train/clip_03088.wav,37371
/data/Dataset/test/test/clip_03089.wav,40040
/data/Dataset/train/train/clip_03090.wav,30964
/data/Dataset/test/test/clip_03091.wav,77945
/data/Dataset/test/test/clip_03092.wav,54454
/data/Dataset/train/train/clip_03093.wav,31170
/data/Dataset/train/train/clip_03094.wav,38438
/data/Dataset/train/train/clip_03095.wav,48048
/data/Dataset/test/test/clip_03096.wav,45913
/data/Dataset/train/train/clip_03097.wav,39368
/data/Dataset/test/test/clip_03098.wav,33634
/data/Dataset/train/train/clip_03099.wav,34670
/data/Dataset/test/test/clip_03100.wav,59259
/data/Dataset/train/train/clip_03101.wav,42709
/data/Dataset/train/train/clip_03102.wav,43777
/data/Dataset/train/train/clip_03103.wav,58192
/data/Dataset/train/train/clip_03104.wav,42709
/data/Dataset/train/train/clip_03105.wav,30430
/data/Dataset/train/train/clip_03106.wav,28295
/data/Dataset/test/test/clip_03107.wav,66199
/data/Dataset/train/train/clip_03108.wav,25092
/data/Dataset/train/train/clip_03109.wav,31777
/data/Dataset/train/train/clip_03110.wav,41642
/data/Dataset/train/train/clip_03111.wav,32566
/data/Dataset/train/train/clip_03112.wav,42709
/data/Dataset/train/train/clip_03113.wav,27761
/data/Dataset/train/train/clip_03114.wav,29765
/data/Dataset/test/test/clip_03115.wav,41108
/data/Dataset/train/train/clip_03116.wav,61395
/data/Dataset/train/train/clip_03117.wav,40064
/data/Dataset/train/train/clip_03118.wav,38438
/data/Dataset/test/test/clip_03119.wav,51251
/data/Dataset/train/train/clip_03120.wav,26159
/data/Dataset/test/test/clip_03121.wav,40040
/data/Dataset/test/test/clip_03122.wav,40574
/data/Dataset/train/train/clip_03123.wav,48048
/data/Dataset/test/test/clip_03124.wav,50183
/data/Dataset/train/train/clip_03125.wav,36303
/data/Dataset/train/train/clip_03126.wav,32032
/data/Dataset/train/train/clip_03127.wav,67267
/data/Dataset/train/train/clip_03128.wav,45379
/data/Dataset/train/train/clip_03129.wav,35235
/data/Dataset/train/train/clip_03130.wav,36376
/data/Dataset/train/train/clip_03131.wav,21225
/data/Dataset/train/train/clip_03132.wav,36303
/data/Dataset/train/train/clip_03133.wav,33165
/data/Dataset/test/test/clip_03134.wav,36837
/data/Dataset/train/train/clip_03135.wav,39996
/data/Dataset/train/train/clip_03136.wav,30420
/data/Dataset/train/train/clip_03137.wav,41642
/data/Dataset/train/train/clip_03138.wav,52853
/data/Dataset/train/train/clip_03139.wav,54988
/data/Dataset/train/train/clip_03140.wav,45913
/data/Dataset/train/train/clip_03141.wav,52853
/data/Dataset/train/train/clip_03142.wav,42709
/data/Dataset/train/train/clip_03143.wav,32561
/data/Dataset/train/train/clip_03144.wav,34167
/data/Dataset/train/train/clip_03145.wav,58725
/data/Dataset/test/test/clip_03146.wav,54454
/data/Dataset/train/train/clip_03147.wav,21888
/data/Dataset/train/train/clip_03148.wav,30430
/data/Dataset/train/train/clip_03149.wav,37904
/data/Dataset/test/test/clip_03150.wav,36303
/data/Dataset/test/test/clip_03151.wav,60327
/data/Dataset/train/train/clip_03152.wav,62462
/data/Dataset/train/train/clip_03153.wav,50717
/data/Dataset/train/train/clip_03154.wav,47514
/data/Dataset/train/train/clip_03155.wav,48582
/data/Dataset/train/train/clip_03156.wav,41108
/data/Dataset/train/train/clip_03157.wav,60327
/data/Dataset/train/train/clip_03158.wav,49650
/data/Dataset/test/test/clip_03159.wav,43243
/data/Dataset/train/train/clip_03160.wav,32413
/data/Dataset/train/train/clip_03161.wav,30964
/data/Dataset/train/train/clip_03162.wav,38972
/data/Dataset/test/test/clip_03163.wav,42175
/data/Dataset/train/train/clip_03164.wav,38972
/data/Dataset/train/train/clip_03165.wav,39506
/data/Dataset/train/train/clip_03166.wav,44311
/data/Dataset/train/train/clip_03167.wav,39506
/data/Dataset/train/train/clip_03168.wav,61395
/data/Dataset/train/train/clip_03169.wav,29071
/data/Dataset/train/train/clip_03170.wav,48048
/data/Dataset/train/train/clip_03171.wav,26648
/data/Dataset/test/test/clip_03172.wav,54988
/data/Dataset/train/train/clip_03173.wav,34282
/data/Dataset/train/train/clip_03174.wav,32566
/data/Dataset/train/train/clip_03175.wav,41108
/data/Dataset/train/train/clip_03176.wav,33634
/data/Dataset/train/train/clip_03177.wav,34538
/data/Dataset/train/train/clip_03178.wav,58725
/data/Dataset/test/test/clip_03179.wav,39506
/data/Dataset/train/train/clip_03180.wav,51785
/data/Dataset/train/train/clip_03181.wav,38606
/data/Dataset/train/train/clip_03182.wav,32032
/data/Dataset/train/train/clip_03183.wav,42175
/data/Dataset/train/train/clip_03184.wav,36293
/data/Dataset/train/train/clip_03185.wav,39506
/data/Dataset/test/test/clip_03186.wav,61395
/data/Dataset/train/train/clip_03187.wav,32754
/data/Dataset/train/train/clip_03188.wav,32566
/data/Dataset/test/test/clip_03189.wav,36303
/data/Dataset/train/train/clip_03190.wav,40040
/data/Dataset/train/train/clip_03191.wav,24153
/data/Dataset/train/train/clip_03192.wav,38682
/data/Dataset/train/train/clip_03193.wav,44311
/data/Dataset/train/train/clip_03194.wav,33100
/data/Dataset/test/test/clip_03195.wav,44845
/data/Dataset/train/train/clip_03196.wav,56590
/data/Dataset/train/train/clip_03197.wav,42709
/data/Dataset/train/train/clip_03198.wav,39506
/data/Dataset/test/test/clip_03199.wav,42709
/data/Dataset/train/train/clip_03200.wav,36409
/data/Dataset/train/train/clip_03201.wav,33104
/data/Dataset/train/train/clip_03202.wav,35428
/data/Dataset/train/train/clip_03203.wav,38972
/data/Dataset/test/test/clip_03204.wav,37371
/data/Dataset/train/train/clip_03205.wav,36303
/data/Dataset/train/train/clip_03206.wav,50183
/data/Dataset/train/train/clip_03207.wav,49116
/data/Dataset/train/train/clip_03208.wav,40574
/data/Dataset/train/train/clip_03209.wav,29839
/data/Dataset/train/train/clip_03210.wav,37252
/data/Dataset/train/train/clip_03211.wav,54988
/data/Dataset/train/train/clip_03212.wav,68335
/data/Dataset/train/train/clip_03213.wav,37904
/data/Dataset/train/train/clip_03214.wav,38438
/data/Dataset/train/train/clip_03215.wav,38063
/data/Dataset/train/train/clip_03216.wav,37905
/data/Dataset/train/train/clip_03217.wav,64064
/data/Dataset/train/train/clip_03218.wav,38741
/data/Dataset/train/train/clip_03219.wav,44845
/data/Dataset/train/train/clip_03220.wav,44311
/data/Dataset/train/train/clip_03221.wav,52853
/data/Dataset/train/train/clip_03222.wav,34764
/data/Dataset/train/train/clip_03223.wav,37904
/data/Dataset/train/train/clip_03224.wav,37904
/data/Dataset/test/test/clip_03225.wav,50183
/data/Dataset/train/train/clip_03226.wav,39506
/data/Dataset/train/train/clip_03227.wav,26047
/data/Dataset/train/train/clip_03228.wav,36303
/data/Dataset/train/train/clip_03229.wav,61395
/data/Dataset/train/train/clip_03230.wav,40574
/data/Dataset/train/train/clip_03231.wav,40040
/data/Dataset/train/train/clip_03232.wav,28295
/data/Dataset/test/test/clip_03233.wav,46980
/data/Dataset/train/train/clip_03234.wav,36837
/data/Dataset/train/train/clip_03235.wav,46446
/data/Dataset/train/train/clip_03236.wav,61395
/data/Dataset/test/test/clip_03237.wav,37904
/data/Dataset/train/train/clip_03238.wav,25626
/data/Dataset/train/train/clip_03239.wav,67267
/data/Dataset/train/train/clip_03240.wav,37904
/data/Dataset/test/test/clip_03241.wav,36303
/data/Dataset/train/train/clip_03242.wav,41108
/data/Dataset/train/train/clip_03243.wav,33983
/data/Dataset/train/train/clip_03244.wav,36055
/data/Dataset/train/train/clip_03245.wav,62996
/data/Dataset/train/train/clip_03246.wav,36837
/data/Dataset/train/train/clip_03247.wav,24148
/data/Dataset/train/train/clip_03248.wav,51251
/data/Dataset/train/train/clip_03249.wav,27969
/data/Dataset/train/train/clip_03250.wav,29363
/data/Dataset/train/train/clip_03251.wav,38972
/data/Dataset/train/train/clip_03252.wav,54454
/data/Dataset/test/test/clip_03253.wav,38438
/data/Dataset/train/train/clip_03254.wav,32007
/data/Dataset/train/train/clip_03255.wav,27129
/data/Dataset/train/train/clip_03256.wav,38299
/data/Dataset/train/train/clip_03257.wav,40574
/data/Dataset/test/test/clip_03258.wav,37371
/data/Dataset/train/train/clip_03259.wav,25559
/data/Dataset/train/train/clip_03260.wav,39506
/data/Dataset/train/train/clip_03261.wav,29897
/data/Dataset/train/train/clip_03262.wav,26334
/data/Dataset/train/train/clip_03263.wav,33634
/data/Dataset/test/test/clip_03264.wav,40574
/data/Dataset/train/train/clip_03265.wav,59793
/data/Dataset/train/train/clip_03266.wav,34167
/data/Dataset/train/train/clip_03267.wav,45379
/data/Dataset/test/test/clip_03268.wav,36303
/data/Dataset/test/test/clip_03269.wav,32032
/data/Dataset/train/train/clip_03270.wav,33634
/data/Dataset/train/train/clip_03271.wav,41277
/data/Dataset/train/train/clip_03272.wav,48582
/data/Dataset/test/test/clip_03273.wav,28829
/data/Dataset/test/test/clip_03274.wav,42175
/data/Dataset/test/test/clip_03275.wav,51251
/data/Dataset/train/train/clip_03276.wav,48048
/data/Dataset/train/train/clip_03277.wav,42709
/data/Dataset/train/train/clip_03278.wav,22120
/data/Dataset/train/train/clip_03279.wav,31203
/data/Dataset/train/train/clip_03280.wav,29897
/data/Dataset/train/train/clip_03281.wav,32032
/data/Dataset/train/train/clip_03282.wav,38438
/data/Dataset/train/train/clip_03283.wav,38972
/data/Dataset/train/train/clip_03284.wav,42175
/data/Dataset/train/train/clip_03285.wav,59259
/data/Dataset/train/train/clip_03286.wav,35675
/data/Dataset/train/train/clip_03287.wav,38438
/data/Dataset/test/test/clip_03288.wav,38438
/data/Dataset/train/train/clip_03289.wav,24558
/data/Dataset/train/train/clip_03290.wav,40040
/data/Dataset/train/train/clip_03291.wav,32722
/data/Dataset/train/train/clip_03292.wav,28829
/data/Dataset/test/test/clip_03293.wav,26159
/data/Dataset/train/train/clip_03294.wav,61929
/data/Dataset/train/train/clip_03295.wav,39506
/data/Dataset/train/train/clip_03296.wav,40040
/data/Dataset/train/train/clip_03297.wav,44311
/data/Dataset/train/train/clip_03298.wav,44311
/data/Dataset/test/test/clip_03299.wav,47514
/data/Dataset/train/train/clip_03300.wav,39096
/data/Dataset/train/train/clip_03301.wav,36738
/data/Dataset/train/train/clip_03302.wav,36837
/data/Dataset/train/train/clip_03303.wav,47613
/data/Dataset/train/train/clip_03304.wav,43777
/data/Dataset/train/train/clip_03305.wav,41211
/data/Dataset/test/test/clip_03306.wav,51251
/data/Dataset/train/train/clip_03307.wav,29134
/data/Dataset/test/test/clip_03308.wav,42175
/data/Dataset/test/test/clip_03309.wav,29896
/data/Dataset/train/train/clip_03310.wav,30476
/data/Dataset/train/train/clip_03311.wav,24650
/data/Dataset/test/test/clip_03312.wav,51251
/data/Dataset/test/test/clip_03313.wav,42709
/data/Dataset/test/test/clip_03314.wav,42175
/data/Dataset/train/train/clip_03315.wav,36837
/data/Dataset/test/test/clip_03316.wav,41108
/data/Dataset/train/train/clip_03317.wav,41072
/data/Dataset/train/train/clip_03318.wav,38328
/data/Dataset/test/test/clip_03319.wav,51785
/data/Dataset/train/train/clip_03320.wav,36409
/data/Dataset/train/train/clip_03321.wav,47514
/data/Dataset/train/train/clip_03322.wav,26878
/data/Dataset/train/train/clip_03323.wav,38508
/data/Dataset/train/train/clip_03324.wav,29896
/data/Dataset/train/train/clip_03325.wav,58192
/data/Dataset/test/test/clip_03326.wav,61395
/data/Dataset/train/train/clip_03327.wav,25817
/data/Dataset/train/train/clip_03328.wav,32032
/data/Dataset/train/train/clip_03329.wav,35235
/data/Dataset/train/train/clip_03330.wav,34167
/data/Dataset/train/train/clip_03331.wav,41108
/data/Dataset/train/train/clip_03332.wav,62462
/data/Dataset/train/train/clip_03333.wav,33100
/data/Dataset/train/train/clip_03334.wav,41108
/data/Dataset/train/train/clip_03335.wav,42709
/data/Dataset/test/test/clip_03336.wav,32566
/data/Dataset/train/train/clip_03337.wav,44311
/data/Dataset/test/test/clip_03338.wav,41108
/data/Dataset/train/train/clip_03339.wav,37905
/data/Dataset/train/train/clip_03340.wav,35235
/data/Dataset/train/train/clip_03341.wav,30964
/data/Dataset/train/train/clip_03342.wav,27634
/data/Dataset/train/train/clip_03343.wav,41108
/data/Dataset/train/train/clip_03344.wav,33100
/data/Dataset/train/train/clip_03345.wav,36303
/data/Dataset/train/train/clip_03346.wav,50183
/data/Dataset/train/train/clip_03347.wav,50717
/data/Dataset/train/train/clip_03348.wav,45913
/data/Dataset/train/train/clip_03349.wav,45379
/data/Dataset/train/train/clip_03350.wav,32566
/data/Dataset/train/train/clip_03351.wav,32566
/data/Dataset/train/train/clip_03352.wav,57124
/data/Dataset/train/train/clip_03353.wav,33779
/data/Dataset/train/train/clip_03354.wav,38972
/data/Dataset/train/train/clip_03355.wav,33634
/data/Dataset/train/train/clip_03356.wav,38848
/data/Dataset/train/train/clip_03357.wav,56056
/data/Dataset/train/train/clip_03358.wav,38972
/data/Dataset/train/train/clip_03359.wav,54988
/data/Dataset/test/test/clip_03360.wav,43243
/data/Dataset/train/train/clip_03361.wav,41108
/data/Dataset/train/train/clip_03362.wav,44311
/data/Dataset/train/train/clip_03363.wav,43777
/data/Dataset/train/train/clip_03364.wav,61395
/data/Dataset/train/train/clip_03365.wav,29896
/data/Dataset/train/train/clip_03366.wav,30964
/data/Dataset/train/train/clip_03367.wav,53387
/data/Dataset/test/test/clip_03368.wav,41642
/data/Dataset/train/train/clip_03369.wav,42175
/data/Dataset/train/train/clip_03370.wav,27761
/data/Dataset/train/train/clip_03371.wav,41642
/data/Dataset/train/train/clip_03372.wav,66199
/data/Dataset/train/train/clip_03373.wav,43243
/data/Dataset/train/train/clip_03374.wav,26159
/data/Dataset/test/test/clip_03375.wav,43243
/data/Dataset/train/train/clip_03376.wav,42175
/data/Dataset/train/train/clip_03377.wav,37708
/data/Dataset/train/train/clip_03378.wav,38972
/data/Dataset/train/train/clip_03379.wav,43777
/data/Dataset/train/train/clip_03380.wav,44311
/data/Dataset/train/train/clip_03381.wav,33634
/data/Dataset/train/train/clip_03382.wav,43777
/data/Dataset/train/train/clip_03383.wav,42234
/data/Dataset/train/train/clip_03384.wav,60861
/data/Dataset/train/train/clip_03385.wav,36523
/data/Dataset/train/train/clip_03386.wav,48048
/data/Dataset/test/test/clip_03387.wav,37904
/data/Dataset/test/test/clip_03388.wav,43243
/data/Dataset/train/train/clip_03389.wav,28829
/data/Dataset/train/train/clip_03390.wav,44311
/data/Dataset/train/train/clip_03391.wav,45912
/data/Dataset/train/train/clip_03392.wav,39630
/data/Dataset/train/train/clip_03393.wav,50183
/data/Dataset/train/train/clip_03394.wav,41108
/data/Dataset/test/test/clip_03395.wav,42175
/data/Dataset/train/train/clip_03396.wav,28829
/data/Dataset/train/train/clip_03397.wav,34701
/data/Dataset/train/train/clip_03398.wav,55522
/data/Dataset/train/train/clip_03399.wav,25043
/data/Dataset/test/test/clip_03400.wav,76877
/data/Dataset/train/train/clip_03401.wav,59259
/data/Dataset/train/train/clip_03402.wav,59793
/data/Dataset/train/train/clip_03403.wav,32372
/data/Dataset/test/test/clip_03404.wav,52319
/data/Dataset/train/train/clip_03405.wav,29896
/data/Dataset/train/train/clip_03406.wav,33100
/data/Dataset/train/train/clip_03407.wav,24482
/data/Dataset/train/train/clip_03408.wav,37904
/data/Dataset/train/train/clip_03409.wav,43777
/data/Dataset/train/train/clip_03410.wav,38972
/data/Dataset/train/train/clip_03411.wav,28295
/data/Dataset/train/train/clip_03412.wav,38972
/data/Dataset/train/train/clip_03413.wav,29365
/data/Dataset/test/test/clip_03414.wav,38972
/data/Dataset/train/train/clip_03415.wav,56590
/data/Dataset/train/train/clip_03416.wav,26525
/data/Dataset/test/test/clip_03417.wav,59259
/data/Dataset/train/train/clip_03418.wav,42175
/data/Dataset/train/train/clip_03419.wav,44311
/data/Dataset/train/train/clip_03420.wav,44845
/data/Dataset/train/train/clip_03421.wav,22807
/data/Dataset/train/train/clip_03422.wav,45912
/data/Dataset/train/train/clip_03423.wav,38438
/data/Dataset/test/test/clip_03424.wav,41642
/data/Dataset/train/train/clip_03425.wav,33634
/data/Dataset/train/train/clip_03426.wav,45379
/data/Dataset/train/train/clip_03427.wav,56590
/data/Dataset/train/train/clip_03428.wav,53920
/data/Dataset/train/train/clip_03429.wav,30118
/data/Dataset/train/train/clip_03430.wav,50183
/data/Dataset/test/test/clip_03431.wav,45379
/data/Dataset/train/train/clip_03432.wav,40574
/data/Dataset/train/train/clip_03433.wav,36523
/data/Dataset/train/train/clip_03434.wav,38438
/data/Dataset/train/train/clip_03435.wav,34167
/data/Dataset/train/train/clip_03436.wav,44845
/data/Dataset/train/train/clip_03437.wav,33172
/data/Dataset/train/train/clip_03438.wav,62996
/data/Dataset/train/train/clip_03439.wav,36303
/data/Dataset/train/train/clip_03440.wav,49650
/data/Dataset/train/train/clip_03441.wav,37371
/data/Dataset/train/train/clip_03442.wav,38438
/data/Dataset/test/test/clip_03443.wav,56590
/data/Dataset/test/test/clip_03444.wav,32032
/data/Dataset/train/train/clip_03445.wav,31326
/data/Dataset/train/train/clip_03446.wav,43777
/data/Dataset/train/train/clip_03447.wav,46980
/data/Dataset/train/train/clip_03448.wav,25092
/data/Dataset/train/train/clip_03449.wav,39506
/data/Dataset/test/test/clip_03450.wav,47514
/data/Dataset/train/train/clip_03451.wav,33927
/data/Dataset/train/train/clip_03452.wav,34167
/data/Dataset/test/test/clip_03453.wav,64598
/data/Dataset/train/train/clip_03454.wav,56590
/data/Dataset/train/train/clip_03455.wav,57124
/data/Dataset/train/train/clip_03456.wav,37988
/data/Dataset/train/train/clip_03457.wav,32566
/data/Dataset/test/test/clip_03458.wav,40574
/data/Dataset/train/train/clip_03459.wav,44845
/data/Dataset/train/train/clip_03460.wav,43243
/data/Dataset/train/train/clip_03461.wav,36303
/data/Dataset/train/train/clip_03462.wav,40574
/data/Dataset/train/train/clip_03463.wav,40040
/data/Dataset/train/train/clip_03464.wav,50717
/data/Dataset/train/train/clip_03465.wav,28942
/data/Dataset/train/train/clip_03466.wav,40040
/data/Dataset/test/test/clip_03467.wav,44845
/data/Dataset/train/train/clip_03468.wav,59259
/data/Dataset/test/test/clip_03469.wav,50717
/data/Dataset/test/test/clip_03470.wav,63530
/data/Dataset/train/train/clip_03471.wav,40040
/data/Dataset/train/train/clip_03472.wav,35603
/data/Dataset/train/train/clip_03473.wav,31497
/data/Dataset/train/train/clip_03474.wav,37904
/data/Dataset/train/train/clip_03475.wav,49116
/data/Dataset/test/test/clip_03476.wav,40574
/data/Dataset/train/train/clip_03477.wav,36303
/data/Dataset/test/test/clip_03478.wav,32566
/data/Dataset/train/train/clip_03479.wav,30430
/data/Dataset/train/train/clip_03480.wav,45379
/data/Dataset/train/train/clip_03481.wav,31498
/data/Dataset/train/train/clip_03482.wav,42175
/data/Dataset/train/train/clip_03483.wav,29896
/data/Dataset/train/train/clip_03484.wav,28692
/data/Dataset/train/train/clip_03485.wav,62996
/data/Dataset/train/train/clip_03486.wav,46446
/data/Dataset/train/train/clip_03487.wav,38438
/data/Dataset/train/train/clip_03488.wav,24739
/data/Dataset/train/train/clip_03489.wav,68869
/data/Dataset/train/train/clip_03490.wav,43777
/data/Dataset/train/train/clip_03491.wav,30757
/data/Dataset/test/test/clip_03492.wav,43243
/data/Dataset/train/train/clip_03493.wav,37371
/data/Dataset/train/train/clip_03494.wav,34167
/data/Dataset/test/test/clip_03495.wav,45912
/data/Dataset/train/train/clip_03496.wav,35235
/data/Dataset/train/train/clip_03497.wav,39506
/data/Dataset/train/train/clip_03498.wav,23676
/data/Dataset/train/train/clip_03499.wav,28145
/data/Dataset/train/train/clip_03500.wav,38972
/data/Dataset/train/train/clip_03501.wav,44311
/data/Dataset/train/train/clip_03502.wav,44845
/data/Dataset/test/test/clip_03503.wav,56590
/data/Dataset/train/train/clip_03504.wav,29856
/data/Dataset/train/train/clip_03505.wav,39224
/data/Dataset/train/train/clip_03506.wav,26572
/data/Dataset/train/train/clip_03507.wav,40574
/data/Dataset/train/train/clip_03508.wav,35070
/data/Dataset/train/train/clip_03509.wav,46980
/data/Dataset/train/train/clip_03510.wav,34167
/data/Dataset/train/train/clip_03511.wav,39881
/data/Dataset/train/train/clip_03512.wav,38972
/data/Dataset/train/train/clip_03513.wav,39929
/data/Dataset/train/train/clip_03514.wav,58725
/data/Dataset/train/train/clip_03515.wav,38438
/data/Dataset/train/train/clip_03516.wav,59793
/data/Dataset/train/train/clip_03517.wav,57658
/data/Dataset/train/train/clip_03518.wav,40574
/data/Dataset/train/train/clip_03519.wav,76877
/data/Dataset/train/train/clip_03520.wav,38185
/data/Dataset/train/train/clip_03521.wav,36409
/data/Dataset/test/test/clip_03522.wav,43243
/data/Dataset/train/train/clip_03523.wav,34232
/data/Dataset/train/train/clip_03524.wav,31413
/data/Dataset/train/train/clip_03525.wav,32032
/data/Dataset/train/train/clip_03526.wav,56590
/data/Dataset/test/test/clip_03527.wav,37371
/data/Dataset/train/train/clip_03528.wav,37371
/data/Dataset/train/train/clip_03529.wav,37905
/data/Dataset/train/train/clip_03530.wav,43243
/data/Dataset/test/test/clip_03531.wav,59259
/data/Dataset/train/train/clip_03532.wav,29363
/data/Dataset/train/train/clip_03533.wav,38972
/data/Dataset/train/train/clip_03534.wav,44311
/data/Dataset/train/train/clip_03535.wav,27649
/data/Dataset/train/train/clip_03536.wav,30358
/data/Dataset/test/test/clip_03537.wav,68335
/data/Dataset/train/train/clip_03538.wav,66733
/data/Dataset/train/train/clip_03539.wav,36837
/data/Dataset/train/train/clip_03540.wav,37669
/data/Dataset/train/train/clip_03541.wav,53920
/data/Dataset/train/train/clip_03542.wav,31558
/data/Dataset/train/train/clip_03543.wav,39506
/data/Dataset/train/train/clip_03544.wav,36303
/data/Dataset/train/train/clip_03545.wav,51785
/data/Dataset/train/train/clip_03546.wav,52853
/data/Dataset/train/train/clip_03547.wav,52319
/data/Dataset/train/train/clip_03548.wav,21948
/data/Dataset/train/train/clip_03549.wav,35235
/data/Dataset/train/train/clip_03550.wav,48582
/data/Dataset/train/train/clip_03551.wav,38326
/data/Dataset/test/test/clip_03552.wav,42709
/data/Dataset/train/train/clip_03553.wav,34823
/data/Dataset/train/train/clip_03554.wav,46446
/data/Dataset/train/train/clip_03555.wav,26447
/data/Dataset/test/test/clip_03556.wav,59793
/data/Dataset/train/train/clip_03557.wav,29896
/data/Dataset/train/train/clip_03558.wav,36303
/data/Dataset/test/test/clip_03559.wav,40040
/data/Dataset/train/train/clip_03560.wav,45468
/data/Dataset/train/train/clip_03561.wav,59259
/data/Dataset/test/test/clip_03562.wav,69937
/data/Dataset/train/train/clip_03563.wav,40603
/data/Dataset/train/train/clip_03564.wav,42175
/data/Dataset/train/train/clip_03565.wav,30430
/data/Dataset/test/test/clip_03566.wav,61395
/data/Dataset/test/test/clip_03567.wav,33634
/data/Dataset/train/train/clip_03568.wav,38653
/data/Dataset/train/train/clip_03569.wav,48582
/data/Dataset/train/train/clip_03570.wav,37905
/data/Dataset/train/train/clip_03571.wav,36837
/data/Dataset/train/train/clip_03572.wav,42709
/data/Dataset/train/train/clip_03573.wav,25363
/data/Dataset/train/train/clip_03574.wav,31498
/data/Dataset/train/train/clip_03575.wav,36303
/data/Dataset/train/train/clip_03576.wav,51251
/data/Dataset/test/test/clip_03577.wav,46446
/data/Dataset/test/test/clip_03578.wav,34701
/data/Dataset/train/train/clip_03579.wav,30742
/data/Dataset/train/train/clip_03580.wav,43243
/data/Dataset/train/train/clip_03581.wav,35203
/data/Dataset/test/test/clip_03582.wav,40574
/data/Dataset/train/train/clip_03583.wav,24024
/data/Dataset/train/train/clip_03584.wav,53920
/data/Dataset/train/train/clip_03585.wav,41108
/data/Dataset/train/train/clip_03586.wav,57658
/data/Dataset/train/train/clip_03587.wav,33634
/data/Dataset/train/train/clip_03588.wav,42152
/data/Dataset/train/train/clip_03589.wav,40393
/data/Dataset/train/train/clip_03590.wav,51251
/data/Dataset/train/train/clip_03591.wav,24024
/data/Dataset/train/train/clip_03592.wav,37167
/data/Dataset/test/test/clip_03593.wav,30964
/data/Dataset/train/train/clip_03594.wav,45912
/data/Dataset/train/train/clip_03595.wav,34167
/data/Dataset/train/train/clip_03596.wav,37904
/data/Dataset/train/train/clip_03597.wav,38438
/data/Dataset/train/train/clip_03598.wav,44311
/data/Dataset/train/train/clip_03599.wav,40368
/data/Dataset/train/train/clip_03600.wav,54988
/data/Dataset/train/train/clip_03601.wav,41642
/data/Dataset/train/train/clip_03602.wav,36303
/data/Dataset/test/test/clip_03603.wav,39506
/data/Dataset/test/test/clip_03604.wav,41108
/data/Dataset/train/train/clip_03605.wav,39506
/data/Dataset/test/test/clip_03606.wav,35235
/data/Dataset/train/train/clip_03607.wav,29896
/data/Dataset/train/train/clip_03608.wav,40814
/data/Dataset/test/test/clip_03609.wav,51251
/data/Dataset/train/train/clip_03610.wav,36837
/data/Dataset/train/train/clip_03611.wav,32039
/data/Dataset/train/train/clip_03612.wav,64064
/data/Dataset/train/train/clip_03613.wav,53387
/data/Dataset/train/train/clip_03614.wav,35235
/data/Dataset/train/train/clip_03615.wav,39506
/data/Dataset/test/test/clip_03616.wav,40574
/data/Dataset/train/train/clip_03617.wav,35235
/data/Dataset/train/train/clip_03618.wav,39506
/data/Dataset/train/train/clip_03619.wav,33634
/data/Dataset/train/train/clip_03620.wav,37371
/data/Dataset/test/test/clip_03621.wav,58191
/data/Dataset/train/train/clip_03622.wav,36837
/data/Dataset/train/train/clip_03623.wav,41108
/data/Dataset/train/train/clip_03624.wav,35223
/data/Dataset/train/train/clip_03625.wav,46446
/data/Dataset/train/train/clip_03626.wav,45913
/data/Dataset/train/train/clip_03627.wav,38972
/data/Dataset/train/train/clip_03628.wav,42175
/data/Dataset/train/train/clip_03629.wav,42175
/data/Dataset/test/test/clip_03630.wav,22422
/data/Dataset/train/train/clip_03631.wav,38438
/data/Dataset/train/train/clip_03632.wav,52853
/data/Dataset/train/train/clip_03633.wav,28829
/data/Dataset/train/train/clip_03634.wav,45912
/data/Dataset/train/train/clip_03635.wav,56590
/data/Dataset/train/train/clip_03636.wav,30442
/data/Dataset/train/train/clip_03637.wav,40040
/data/Dataset/train/train/clip_03638.wav,30964
/data/Dataset/train/train/clip_03639.wav,34133
/data/Dataset/train/train/clip_03640.wav,34167
/data/Dataset/train/train/clip_03641.wav,54988
/data/Dataset/train/train/clip_03642.wav,41108
/data/Dataset/train/train/clip_03643.wav,72606
/data/Dataset/train/train/clip_03644.wav,38170
/data/Dataset/train/train/clip_03645.wav,29363
/data/Dataset/train/train/clip_03646.wav,62996
/data/Dataset/train/train/clip_03647.wav,34265
/data/Dataset/train/train/clip_03648.wav,38616
/data/Dataset/train/train/clip_03649.wav,42480
/data/Dataset/train/train/clip_03650.wav,32032
/data/Dataset/test/test/clip_03651.wav,49116
/data/Dataset/train/train/clip_03652.wav,24138
/data/Dataset/train/train/clip_03653.wav,30964
/data/Dataset/train/train/clip_03654.wav,34701
/data/Dataset/train/train/clip_03655.wav,45379
/data/Dataset/test/test/clip_03656.wav,55522
/data/Dataset/train/train/clip_03657.wav,45379
/data/Dataset/train/train/clip_03658.wav,35769
/data/Dataset/train/train/clip_03659.wav,42709
/data/Dataset/train/train/clip_03660.wav,38972
/data/Dataset/train/train/clip_03661.wav,31498
/data/Dataset/train/train/clip_03662.wav,43777
/data/Dataset/train/train/clip_03663.wav,38972
/data/Dataset/train/train/clip_03664.wav,42709
/data/Dataset/test/test/clip_03665.wav,48582
/data/Dataset/train/train/clip_03666.wav,41867
/data/Dataset/train/train/clip_03667.wav,51251
/data/Dataset/test/test/clip_03668.wav,32566
/data/Dataset/train/train/clip_03669.wav,28295
/data/Dataset/train/train/clip_03670.wav,33634
/data/Dataset/test/test/clip_03671.wav,46446
/data/Dataset/train/train/clip_03672.wav,41642
/data/Dataset/train/train/clip_03673.wav,43243
/data/Dataset/train/train/clip_03674.wav,55522
/data/Dataset/train/train/clip_03675.wav,36110
/data/Dataset/train/train/clip_03676.wav,50183
/data/Dataset/train/train/clip_03677.wav,36415
/data/Dataset/train/train/clip_03678.wav,38787
/data/Dataset/test/test/clip_03679.wav,39506
/data/Dataset/train/train/clip_03680.wav,24530
/data/Dataset/train/train/clip_03681.wav,32032
/data/Dataset/test/test/clip_03682.wav,50717
/data/Dataset/train/train/clip_03683.wav,35235
/data/Dataset/train/train/clip_03684.wav,61928
/data/Dataset/train/train/clip_03685.wav,65132
/data/Dataset/train/train/clip_03686.wav,30192
/data/Dataset/train/train/clip_03687.wav,60327
/data/Dataset/train/train/clip_03688.wav,31498
/data/Dataset/train/train/clip_03689.wav,28829
/data/Dataset/test/test/clip_03690.wav,56056
/data/Dataset/test/test/clip_03691.wav,52319
/data/Dataset/train/train/clip_03692.wav,40679
/data/Dataset/train/train/clip_03693.wav,44311
/data/Dataset/test/test/clip_03694.wav,28829
/data/Dataset/train/train/clip_03695.wav,42175
/data/Dataset/test/test/clip_03696.wav,57658
/data/Dataset/train/train/clip_03697.wav,58725
/data/Dataset/train/train/clip_03698.wav,30339
/data/Dataset/train/train/clip_03699.wav,38438
/data/Dataset/train/train/clip_03700.wav,27761
/data/Dataset/train/train/clip_03701.wav,44845
/data/Dataset/test/test/clip_03702.wav,59259
/data/Dataset/test/test/clip_03703.wav,30430
/data/Dataset/train/train/clip_03704.wav,43777
/data/Dataset/train/train/clip_03705.wav,60861
/data/Dataset/train/train/clip_03706.wav,35769
/data/Dataset/train/train/clip_03707.wav,33100
/data/Dataset/test/test/clip_03708.wav,37371
/data/Dataset/train/train/clip_03709.wav,47514
/data/Dataset/train/train/clip_03710.wav,37371
/data/Dataset/train/train/clip_03711.wav,24558
/data/Dataset/train/train/clip_03712.wav,65666
/data/Dataset/train/train/clip_03713.wav,51785
/data/Dataset/train/train/clip_03714.wav,27227
/data/Dataset/train/train/clip_03715.wav,55522
/data/Dataset/train/train/clip_03716.wav,44845
/data/Dataset/train/train/clip_03717.wav,36367
/data/Dataset/train/train/clip_03718.wav,49650
/data/Dataset/train/train/clip_03719.wav,36523
/data/Dataset/train/train/clip_03720.wav,30964
/data/Dataset/train/train/clip_03721.wav,35235
/data/Dataset/train/train/clip_03722.wav,28618
/data/Dataset/train/train/clip_03723.wav,40574
/data/Dataset/train/train/clip_03724.wav,34701
/data/Dataset/train/train/clip_03725.wav,28295
/data/Dataset/train/train/clip_03726.wav,34167
/data/Dataset/train/train/clip_03727.wav,36837
/data/Dataset/train/train/clip_03728.wav,51785
/data/Dataset/train/train/clip_03729.wav,41504
/data/Dataset/train/train/clip_03730.wav,40040
/data/Dataset/train/train/clip_03731.wav,38438
/data/Dataset/train/train/clip_03732.wav,42709
/data/Dataset/train/train/clip_03733.wav,30229
/data/Dataset/train/train/clip_03734.wav,29272
/data/Dataset/train/train/clip_03735.wav,36817
/data/Dataset/train/train/clip_03736.wav,41625
/data/Dataset/train/train/clip_03737.wav,54988
/data/Dataset/train/train/clip_03738.wav,42709
/data/Dataset/test/test/clip_03739.wav,41642
/data/Dataset/train/train/clip_03740.wav,32566
/data/Dataset/train/train/clip_03741.wav,30228
/data/Dataset/train/train/clip_03742.wav,34701
/data/Dataset/train/train/clip_03743.wav,60327
/data/Dataset/train/train/clip_03744.wav,30898
/data/Dataset/train/train/clip_03745.wav,45912
/data/Dataset/test/test/clip_03746.wav,45912
/data/Dataset/train/train/clip_03747.wav,31498
/data/Dataset/train/train/clip_03748.wav,34996
/data/Dataset/test/test/clip_03749.wav,39506
/data/Dataset/train/train/clip_03750.wav,34956
/data/Dataset/train/train/clip_03751.wav,38972
/data/Dataset/train/train/clip_03752.wav,49116
/data/Dataset/train/train/clip_03753.wav,35235
/data/Dataset/train/train/clip_03754.wav,31498
/data/Dataset/train/train/clip_03755.wav,23311
/data/Dataset/train/train/clip_03756.wav,37615
/data/Dataset/train/train/clip_03757.wav,41108
/data/Dataset/train/train/clip_03758.wav,40040
/data/Dataset/test/test/clip_03759.wav,39506
/data/Dataset/test/test/clip_03760.wav,42175
/data/Dataset/train/train/clip_03761.wav,41108
/data/Dataset/test/test/clip_03762.wav,54988
/data/Dataset/test/test/clip_03763.wav,47514
/data/Dataset/train/train/clip_03764.wav,38972
/data/Dataset/train/train/clip_03765.wav,28295
/data/Dataset/train/train/clip_03766.wav,35235
/data/Dataset/train/train/clip_03767.wav,40574
/data/Dataset/train/train/clip_03768.wav,28434
/data/Dataset/train/train/clip_03769.wav,38438
/data/Dataset/train/train/clip_03770.wav,47514
/data/Dataset/train/train/clip_03771.wav,27761
/data/Dataset/test/test/clip_03772.wav,45912
/data/Dataset/train/train/clip_03773.wav,26204
/data/Dataset/test/test/clip_03774.wav,36409
/data/Dataset/train/train/clip_03775.wav,38438
/data/Dataset/test/test/clip_03776.wav,34167
/data/Dataset/train/train/clip_03777.wav,36523
/data/Dataset/train/train/clip_03778.wav,36303
/data/Dataset/train/train/clip_03779.wav,42709
/data/Dataset/test/test/clip_03780.wav,57124
/data/Dataset/train/train/clip_03781.wav,28829
/data/Dataset/train/train/clip_03782.wav,39764
/data/Dataset/train/train/clip_03783.wav,40865
/data/Dataset/train/train/clip_03784.wav,36303
/data/Dataset/train/train/clip_03785.wav,50184
/data/Dataset/train/train/clip_03786.wav,56590
/data/Dataset/train/train/clip_03787.wav,41108
/data/Dataset/train/train/clip_03788.wav,34701
/data/Dataset/test/test/clip_03789.wav,45379
/data/Dataset/train/train/clip_03790.wav,33369
/data/Dataset/train/train/clip_03791.wav,75275
/data/Dataset/train/train/clip_03792.wav,51251
/data/Dataset/train/train/clip_03793.wav,40040
/data/Dataset/train/train/clip_03794.wav,52319
/data/Dataset/train/train/clip_03795.wav,41108
/data/Dataset/train/train/clip_03796.wav,44845
/data/Dataset/train/train/clip_03797.wav,41108
/data/Dataset/test/test/clip_03798.wav,56056
/data/Dataset/train/train/clip_03799.wav,37904
/data/Dataset/train/train/clip_03800.wav,46446
/data/Dataset/train/train/clip_03801.wav,38898
/data/Dataset/train/train/clip_03802.wav,37904
/data/Dataset/train/train/clip_03803.wav,42175
/data/Dataset/train/train/clip_03804.wav,22048
/data/Dataset/train/train/clip_03805.wav,43777
/data/Dataset/train/train/clip_03806.wav,40040
/data/Dataset/train/train/clip_03807.wav,35235
/data/Dataset/test/test/clip_03808.wav,69937
/data/Dataset/test/test/clip_03809.wav,35235
/data/Dataset/train/train/clip_03810.wav,29402
/data/Dataset/train/train/clip_03811.wav,43777
/data/Dataset/train/train/clip_03812.wav,33632
/data/Dataset/train/train/clip_03813.wav,24650
/data/Dataset/train/train/clip_03814.wav,58191
/data/Dataset/train/train/clip_03815.wav,38438
/data/Dataset/train/train/clip_03816.wav,33473
/data/Dataset/train/train/clip_03817.wav,60327
/data/Dataset/train/train/clip_03818.wav,40040
/data/Dataset/train/train/clip_03819.wav,60861
/data/Dataset/train/train/clip_03820.wav,37260
/data/Dataset/train/train/clip_03821.wav,41108
/data/Dataset/train/train/clip_03822.wav,31498
/data/Dataset/train/train/clip_03823.wav,39385
/data/Dataset/train/train/clip_03824.wav,21339
/data/Dataset/train/train/clip_03825.wav,36523
/data/Dataset/train/train/clip_03826.wav,42175
/data/Dataset/train/train/clip_03827.wav,58192
/data/Dataset/train/train/clip_03828.wav,42709
/data/Dataset/train/train/clip_03829.wav,32288
/data/Dataset/train/train/clip_03830.wav,59793
/data/Dataset/train/train/clip_03831.wav,42175
/data/Dataset/test/test/clip_03832.wav,42175
/data/Dataset/train/train/clip_03833.wav,45912
/data/Dataset/train/train/clip_03834.wav,48048
/data/Dataset/train/train/clip_03835.wav,41307
/data/Dataset/train/train/clip_03836.wav,41108
/data/Dataset/train/train/clip_03837.wav,42175
/data/Dataset/test/test/clip_03838.wav,30430
/data/Dataset/train/train/clip_03839.wav,28295
/data/Dataset/train/train/clip_03840.wav,27266
/data/Dataset/test/test/clip_03841.wav,59793
/data/Dataset/test/test/clip_03842.wav,48582
/data/Dataset/train/train/clip_03843.wav,32005
/data/Dataset/test/test/clip_03844.wav,38438
/data/Dataset/train/train/clip_03845.wav,61929
/data/Dataset/train/train/clip_03846.wav,46849
/data/Dataset/train/train/clip_03847.wav,24657
/data/Dataset/train/train/clip_03848.wav,41108
/data/Dataset/train/train/clip_03849.wav,63530
/data/Dataset/test/test/clip_03850.wav,46980
/data/Dataset/train/train/clip_03851.wav,26739
/data/Dataset/train/train/clip_03852.wav,40574
/data/Dataset/train/train/clip_03853.wav,59793
/data/Dataset/train/train/clip_03854.wav,43243
/data/Dataset/train/train/clip_03855.wav,34846
/data/Dataset/train/train/clip_03856.wav,37904
/data/Dataset/train/train/clip_03857.wav,26693
/data/Dataset/train/train/clip_03858.wav,36303
/data/Dataset/train/train/clip_03859.wav,27453
/data/Dataset/train/train/clip_03860.wav,26159
/data/Dataset/train/train/clip_03861.wav,35873
/data/Dataset/train/train/clip_03862.wav,30964
/data/Dataset/train/train/clip_03863.wav,32368
/data/Dataset/train/train/clip_03864.wav,63530
/data/Dataset/test/test/clip_03865.wav,51785
/data/Dataset/train/train/clip_03866.wav,22792
/data/Dataset/train/train/clip_03867.wav,39506
/data/Dataset/train/train/clip_03868.wav,43243
/data/Dataset/train/train/clip_03869.wav,48582
/data/Dataset/test/test/clip_03870.wav,56590
/data/Dataset/train/train/clip_03871.wav,42175
/data/Dataset/train/train/clip_03872.wav,25935
/data/Dataset/train/train/clip_03873.wav,31498
/data/Dataset/train/train/clip_03874.wav,54988
/data/Dataset/train/train/clip_03875.wav,41108
/data/Dataset/train/train/clip_03876.wav,44845
/data/Dataset/test/test/clip_03877.wav,44311
/data/Dataset/train/train/clip_03878.wav,32566
/data/Dataset/test/test/clip_03879.wav,38438
/data/Dataset/train/train/clip_03880.wav,41642
/data/Dataset/train/train/clip_03881.wav,29733
/data/Dataset/train/train/clip_03882.wav,32032
/data/Dataset/test/test/clip_03883.wav,44845
/data/Dataset/train/train/clip_03884.wav,40704
/data/Dataset/test/test/clip_03885.wav,59259
/data/Dataset/test/test/clip_03886.wav,57124
/data/Dataset/train/train/clip_03887.wav,57124
/data/Dataset/train/train/clip_03888.wav,37371
/data/Dataset/test/test/clip_03889.wav,41108
/data/Dataset/test/test/clip_03890.wav,34701
/data/Dataset/train/train/clip_03891.wav,38972
/data/Dataset/train/train/clip_03892.wav,29363
/data/Dataset/train/train/clip_03893.wav,42709
/data/Dataset/train/train/clip_03894.wav,54988
/data/Dataset/train/train/clip_03895.wav,43777
/data/Dataset/test/test/clip_03896.wav,42709
/data/Dataset/train/train/clip_03897.wav,35656
/data/Dataset/train/train/clip_03898.wav,47514
/data/Dataset/train/train/clip_03899.wav,46980
/data/Dataset/test/test/clip_03900.wav,33100
/data/Dataset/train/train/clip_03901.wav,58725
/data/Dataset/train/train/clip_03902.wav,38972
/data/Dataset/train/train/clip_03903.wav,32566
/data/Dataset/train/train/clip_03904.wav,37905
/data/Dataset/train/train/clip_03905.wav,49650
/data/Dataset/train/train/clip_03906.wav,36837
/data/Dataset/train/train/clip_03907.wav,34167
/data/Dataset/train/train/clip_03908.wav,33129
/data/Dataset/train/train/clip_03909.wav,32566
/data/Dataset/train/train/clip_03910.wav,29363
/data/Dataset/train/train/clip_03911.wav,52319
/data/Dataset/train/train/clip_03912.wav,42709
/data/Dataset/train/train/clip_03913.wav,39128
/data/Dataset/train/train/clip_03914.wav,50183
/data/Dataset/train/train/clip_03915.wav,44311
/data/Dataset/train/train/clip_03916.wav,43777
/data/Dataset/train/train/clip_03917.wav,45913
/data/Dataset/train/train/clip_03918.wav,34327
/data/Dataset/train/train/clip_03919.wav,36325
/data/Dataset/train/train/clip_03920.wav,36111
/data/Dataset/train/train/clip_03921.wav,34978
/data/Dataset/train/train/clip_03922.wav,30430
/data/Dataset/train/train/clip_03923.wav,37414
/data/Dataset/train/train/clip_03924.wav,34701
/data/Dataset/train/train/clip_03925.wav,44311
/data/Dataset/train/train/clip_03926.wav,40040
/data/Dataset/train/train/clip_03927.wav,41108
/data/Dataset/train/train/clip_03928.wav,36409
/data/Dataset/train/train/clip_03929.wav,35235
/data/Dataset/train/train/clip_03930.wav,81682
/data/Dataset/train/train/clip_03931.wav,48582
/data/Dataset/train/train/clip_03932.wav,53387
/data/Dataset/train/train/clip_03933.wav,27455
/data/Dataset/train/train/clip_03934.wav,31498
/data/Dataset/train/train/clip_03935.wav,38972
/data/Dataset/train/train/clip_03936.wav,32566
/data/Dataset/train/train/clip_03937.wav,63530
/data/Dataset/train/train/clip_03938.wav,34701
/data/Dataset/test/test/clip_03939.wav,36837
/data/Dataset/train/train/clip_03940.wav,59259
/data/Dataset/train/train/clip_03941.wav,38438
/data/Dataset/train/train/clip_03942.wav,34701
/data/Dataset/train/train/clip_03943.wav,33634
/data/Dataset/train/train/clip_03944.wav,41849
/data/Dataset/train/train/clip_03945.wav,36303
/data/Dataset/test/test/clip_03946.wav,37371
/data/Dataset/train/train/clip_03947.wav,32077
/data/Dataset/train/train/clip_03948.wav,37371
/data/Dataset/train/train/clip_03949.wav,32566
/data/Dataset/train/train/clip_03950.wav,40040
/data/Dataset/test/test/clip_03951.wav,45912
/data/Dataset/train/train/clip_03952.wav,44845
/data/Dataset/train/train/clip_03953.wav,45379
/data/Dataset/train/train/clip_03954.wav,29363
/data/Dataset/train/train/clip_03955.wav,32865
/data/Dataset/train/train/clip_03956.wav,58725
/data/Dataset/train/train/clip_03957.wav,53920
/data/Dataset/train/train/clip_03958.wav,46029
/data/Dataset/test/test/clip_03959.wav,40040
/data/Dataset/train/train/clip_03960.wav,41642
/data/Dataset/train/train/clip_03961.wav,27227
/data/Dataset/train/train/clip_03962.wav,33878
/data/Dataset/train/train/clip_03963.wav,35918
/data/Dataset/train/train/clip_03964.wav,54988
/data/Dataset/test/test/clip_03965.wav,40574
/data/Dataset/test/test/clip_03966.wav,49650
/data/Dataset/test/test/clip_03967.wav,42175
/data/Dataset/test/test/clip_03968.wav,38438
/data/Dataset/test/test/clip_03969.wav,47514
/data/Dataset/train/train/clip_03970.wav,57658
/data/Dataset/train/train/clip_03971.wav,25775
/data/Dataset/train/train/clip_03972.wav,29382
/data/Dataset/train/train/clip_03973.wav,40574
/data/Dataset/train/train/clip_03974.wav,40463
/data/Dataset/train/train/clip_03975.wav,57658
/data/Dataset/train/train/clip_03976.wav,56590
/data/Dataset/train/train/clip_03977.wav,45379
/data/Dataset/train/train/clip_03978.wav,36523
/data/Dataset/train/train/clip_03979.wav,23603
/data/Dataset/train/train/clip_03980.wav,58191
/data/Dataset/test/test/clip_03981.wav,40574
/data/Dataset/test/test/clip_03982.wav,36837
/data/Dataset/test/test/clip_03983.wav,39506
/data/Dataset/train/train/clip_03984.wav,47514
/data/Dataset/train/train/clip_03985.wav,54454
/data/Dataset/train/train/clip_03986.wav,65666
/data/Dataset/test/test/clip_03987.wav,28295
/data/Dataset/test/test/clip_03988.wav,43243
/data/Dataset/train/train/clip_03989.wav,47514
/data/Dataset/train/train/clip_03990.wav,45912
/data/Dataset/train/train/clip_03991.wav,32032
/data/Dataset/train/train/clip_03992.wav,60327
/data/Dataset/train/train/clip_03993.wav,34167
/data/Dataset/train/train/clip_03994.wav,42175
/data/Dataset/train/train/clip_03995.wav,42175
/data/Dataset/train/train/clip_03996.wav,27096
/data/Dataset/train/train/clip_03997.wav,41108
/data/Dataset/test/test/clip_03998.wav,38438
/data/Dataset/test/test/clip_03999.wav,57124
/data/Dataset/train/train/clip_04000.wav,42175
/data/Dataset/train/train/clip_04001.wav,37371
/data/Dataset/test/test/clip_04002.wav,30430
/data/Dataset/train/train/clip_04003.wav,32321
/data/Dataset/train/train/clip_04004.wav,30964
/data/Dataset/train/train/clip_04005.wav,29363
/data/Dataset/train/train/clip_04006.wav,30617
/data/Dataset/train/train/clip_04007.wav,56056
/data/Dataset/train/train/clip_04008.wav,44311
/data/Dataset/train/train/clip_04009.wav,30554
/data/Dataset/train/train/clip_04010.wav,29089
/data/Dataset/train/train/clip_04011.wav,28295
/data/Dataset/train/train/clip_04012.wav,38860
/data/Dataset/test/test/clip_04013.wav,48048
/data/Dataset/train/train/clip_04014.wav,37915
/data/Dataset/train/train/clip_04015.wav,32207
/data/Dataset/train/train/clip_04016.wav,31832
/data/Dataset/test/test/clip_04017.wav,64598
/data/Dataset/train/train/clip_04018.wav,48048
/data/Dataset/train/train/clip_04019.wav,44845
/data/Dataset/train/train/clip_04020.wav,29896
/data/Dataset/test/test/clip_04021.wav,39506
/data/Dataset/test/test/clip_04022.wav,39506
/data/Dataset/train/train/clip_04023.wav,42175
/data/Dataset/test/test/clip_04024.wav,36303
/data/Dataset/train/train/clip_04025.wav,29896
/data/Dataset/train/train/clip_04026.wav,34012
/data/Dataset/train/train/clip_04027.wav,46674
/data/Dataset/test/test/clip_04028.wav,40574
/data/Dataset/train/train/clip_04029.wav,35769
/data/Dataset/train/train/clip_04030.wav,36837
/data/Dataset/train/train/clip_04031.wav,38972
/data/Dataset/test/test/clip_04032.wav,37371
/data/Dataset/train/train/clip_04033.wav,43243
/data/Dataset/train/train/clip_04034.wav,37371
/data/Dataset/test/test/clip_04035.wav,37371
/data/Dataset/train/train/clip_04036.wav,25626
/data/Dataset/train/train/clip_04037.wav,35235
/data/Dataset/train/train/clip_04038.wav,46446
/data/Dataset/train/train/clip_04039.wav,55522
/data/Dataset/train/train/clip_04040.wav,33953
/data/Dataset/train/train/clip_04041.wav,56056
/data/Dataset/train/train/clip_04042.wav,31513
/data/Dataset/train/train/clip_04043.wav,57124
/data/Dataset/train/train/clip_04044.wav,35819
/data/Dataset/train/train/clip_04045.wav,41642
/data/Dataset/train/train/clip_04046.wav,33634
/data/Dataset/train/train/clip_04047.wav,45379
/data/Dataset/train/train/clip_04048.wav,37449
/data/Dataset/train/train/clip_04049.wav,34456
/data/Dataset/train/train/clip_04050.wav,25481
/data/Dataset/test/test/clip_04051.wav,50183
/data/Dataset/train/train/clip_04052.wav,32032
/data/Dataset/train/train/clip_04053.wav,38972
/data/Dataset/train/train/clip_04054.wav,30100
/data/Dataset/train/train/clip_04055.wav,42709
/data/Dataset/test/test/clip_04056.wav,41642
/data/Dataset/train/train/clip_04057.wav,38438
/data/Dataset/train/train/clip_04058.wav,32032
/data/Dataset/train/train/clip_04059.wav,61395
/data/Dataset/train/train/clip_04060.wav,22838
/data/Dataset/train/train/clip_04061.wav,39199
/data/Dataset/train/train/clip_04062.wav,30964
/data/Dataset/train/train/clip_04063.wav,26159
/data/Dataset/train/train/clip_04064.wav,30555
/data/Dataset/train/train/clip_04065.wav,33100
/data/Dataset/train/train/clip_04066.wav,35769
/data/Dataset/train/train/clip_04067.wav,40574
/data/Dataset/train/train/clip_04068.wav,36303
/data/Dataset/test/test/clip_04069.wav,46980
/data/Dataset/train/train/clip_04070.wav,35235
/data/Dataset/train/train/clip_04071.wav,42808
/data/Dataset/train/train/clip_04072.wav,33304
/data/Dataset/test/test/clip_04073.wav,26693
/data/Dataset/test/test/clip_04074.wav,40040
/data/Dataset/train/train/clip_04075.wav,30964
/data/Dataset/train/train/clip_04076.wav,31389
/data/Dataset/train/train/clip_04077.wav,30964
/data/Dataset/train/train/clip_04078.wav,33634
/data/Dataset/train/train/clip_04079.wav,33100
/data/Dataset/test/test/clip_04080.wav,34167
/data/Dataset/train/train/clip_04081.wav,38438
/data/Dataset/train/train/clip_04082.wav,41361
/data/Dataset/train/train/clip_04083.wav,44311
/data/Dataset/test/test/clip_04084.wav,51251
/data/Dataset/train/train/clip_04085.wav,25088
/data/Dataset/train/train/clip_04086.wav,44845
/data/Dataset/train/train/clip_04087.wav,32943
/data/Dataset/train/train/clip_04088.wav,64598
/data/Dataset/train/train/clip_04089.wav,40040
/data/Dataset/train/train/clip_04090.wav,58725
/data/Dataset/train/train/clip_04091.wav,38438
/data/Dataset/train/train/clip_04092.wav,44311
/data/Dataset/train/train/clip_04093.wav,36391
/data/Dataset/train/train/clip_04094.wav,33634
/data/Dataset/train/train/clip_04095.wav,40040
/data/Dataset/train/train/clip_04096.wav,34167
/data/Dataset/train/train/clip_04097.wav,53387
/data/Dataset/train/train/clip_04098.wav,45379
/data/Dataset/train/train/clip_04099.wav,27761
/data/Dataset/train/train/clip_04100.wav,52853
/data/Dataset/train/train/clip_04101.wav,34338
/data/Dataset/train/train/clip_04102.wav,37738
/data/Dataset/train/train/clip_04103.wav,57658
/data/Dataset/train/train/clip_04104.wav,40574
/data/Dataset/train/train/clip_04105.wav,59793
/data/Dataset/train/train/clip_04106.wav,32566
/data/Dataset/train/train/clip_04107.wav,29896
/data/Dataset/test/test/clip_04108.wav,42175
/data/Dataset/train/train/clip_04109.wav,40040
/data/Dataset/train/train/clip_04110.wav,42175
/data/Dataset/train/train/clip_04111.wav,34167
/data/Dataset/train/train/clip_04112.wav,28829
/data/Dataset/train/train/clip_04113.wav,64598
/data/Dataset/test/test/clip_04114.wav,50183
/data/Dataset/train/train/clip_04115.wav,27238
/data/Dataset/train/train/clip_04116.wav,34169
/data/Dataset/train/train/clip_04117.wav,31498
/data/Dataset/train/train/clip_04118.wav,44311
/data/Dataset/train/train/clip_04119.wav,53387
/data/Dataset/train/train/clip_04120.wav,45379
/data/Dataset/test/test/clip_04121.wav,40040
/data/Dataset/test/test/clip_04122.wav,69403
/data/Dataset/train/train/clip_04123.wav,29194
/data/Dataset/train/train/clip_04124.wav,30430
/data/Dataset/train/train/clip_04125.wav,33396
/data/Dataset/train/train/clip_04126.wav,42709
/data/Dataset/test/test/clip_04127.wav,36523
/data/Dataset/train/train/clip_04128.wav,42709
/data/Dataset/test/test/clip_04129.wav,56056
/data/Dataset/train/train/clip_04130.wav,40040
/data/Dataset/train/train/clip_04131.wav,42175
/data/Dataset/train/train/clip_04132.wav,75809
/data/Dataset/train/train/clip_04133.wav,32032
/data/Dataset/train/train/clip_04134.wav,43243
/data/Dataset/train/train/clip_04135.wav,32744
/data/Dataset/train/train/clip_04136.wav,45913
/data/Dataset/train/train/clip_04137.wav,40908
/data/Dataset/train/train/clip_04138.wav,40574
/data/Dataset/train/train/clip_04139.wav,41642
/data/Dataset/train/train/clip_04140.wav,62462
/data/Dataset/train/train/clip_04141.wav,32566
/data/Dataset/train/train/clip_04142.wav,42709
/data/Dataset/train/train/clip_04143.wav,44311
/data/Dataset/train/train/clip_04144.wav,38239
/data/Dataset/train/train/clip_04145.wav,45912
/data/Dataset/test/test/clip_04146.wav,30964
/data/Dataset/train/train/clip_04147.wav,26133
/data/Dataset/train/train/clip_04148.wav,27097
/data/Dataset/train/train/clip_04149.wav,62462
/data/Dataset/train/train/clip_04150.wav,33634
/data/Dataset/train/train/clip_04151.wav,38438
/data/Dataset/train/train/clip_04152.wav,32032
/data/Dataset/train/train/clip_04153.wav,29896
/data/Dataset/train/train/clip_04154.wav,32566
/data/Dataset/train/train/clip_04155.wav,45912
/data/Dataset/train/train/clip_04156.wav,38972
/data/Dataset/test/test/clip_04157.wav,40574
/data/Dataset/train/train/clip_04158.wav,31813
/data/Dataset/train/train/clip_04159.wav,58725
/data/Dataset/train/train/clip_04160.wav,43243
/data/Dataset/train/train/clip_04161.wav,28295
/data/Dataset/train/train/clip_04162.wav,39506
/data/Dataset/train/train/clip_04163.wav,56590
/data/Dataset/train/train/clip_04164.wav,32639
/data/Dataset/train/train/clip_04165.wav,25092
/data/Dataset/train/train/clip_04166.wav,28829
/data/Dataset/train/train/clip_04167.wav,35769
/data/Dataset/train/train/clip_04168.wav,23463
/data/Dataset/train/train/clip_04169.wav,30964
/data/Dataset/test/test/clip_04170.wav,38438
/data/Dataset/train/train/clip_04171.wav,38438
/data/Dataset/train/train/clip_04172.wav,59259
/data/Dataset/train/train/clip_04173.wav,38438
/data/Dataset/train/train/clip_04174.wav,41642
/data/Dataset/test/test/clip_04175.wav,36837
/data/Dataset/train/train/clip_04176.wav,49650
/data/Dataset/train/train/clip_04177.wav,38613
/data/Dataset/train/train/clip_04178.wav,33634
/data/Dataset/train/train/clip_04179.wav,37371
/data/Dataset/train/train/clip_04180.wav,36070
/data/Dataset/train/train/clip_04181.wav,35207
/data/Dataset/train/train/clip_04182.wav,43243
/data/Dataset/train/train/clip_04183.wav,36837
/data/Dataset/train/train/clip_04184.wav,42175
/data/Dataset/train/train/clip_04185.wav,77411
/data/Dataset/train/train/clip_04186.wav,34701
/data/Dataset/train/train/clip_04187.wav,50717
/data/Dataset/train/train/clip_04188.wav,33100
/data/Dataset/train/train/clip_04189.wav,32566
/data/Dataset/test/test/clip_04190.wav,30430
/data/Dataset/train/train/clip_04191.wav,42175
/data/Dataset/train/train/clip_04192.wav,41642
/data/Dataset/train/train/clip_04193.wav,52319
/data/Dataset/train/train/clip_04194.wav,38438
/data/Dataset/train/train/clip_04195.wav,39090
/data/Dataset/train/train/clip_04196.wav,38972
/data/Dataset/train/train/clip_04197.wav,38438
/data/Dataset/train/train/clip_04198.wav,27970
/data/Dataset/train/train/clip_04199.wav,35235
/data/Dataset/train/train/clip_04200.wav,33634
/data/Dataset/test/test/clip_04201.wav,48048
/data/Dataset/train/train/clip_04202.wav,44311
/data/Dataset/test/test/clip_04203.wav,40040
/data/Dataset/train/train/clip_04204.wav,30606
/data/Dataset/test/test/clip_04205.wav,40574
/data/Dataset/train/train/clip_04206.wav,36409
/data/Dataset/train/train/clip_04207.wav,53387
/data/Dataset/train/train/clip_04208.wav,34167
/data/Dataset/train/train/clip_04209.wav,30430
/data/Dataset/train/train/clip_04210.wav,35235
/data/Dataset/test/test/clip_04211.wav,56056
/data/Dataset/train/train/clip_04212.wav,49650
/data/Dataset/train/train/clip_04213.wav,33634
/data/Dataset/train/train/clip_04214.wav,60327
/data/Dataset/train/train/clip_04215.wav,39506
/data/Dataset/train/train/clip_04216.wav,23585
/data/Dataset/test/test/clip_04217.wav,44311
/data/Dataset/train/train/clip_04218.wav,33634
/data/Dataset/train/train/clip_04219.wav,24714
/data/Dataset/train/train/clip_04220.wav,37371
/data/Dataset/train/train/clip_04221.wav,27662
/data/Dataset/train/train/clip_04222.wav,40040
/data/Dataset/train/train/clip_04223.wav,32901
/data/Dataset/train/train/clip_04224.wav,42175
/data/Dataset/train/train/clip_04225.wav,58725
/data/Dataset/train/train/clip_04226.wav,57658
/data/Dataset/test/test/clip_04227.wav,39506
/data/Dataset/train/train/clip_04228.wav,34167
/data/Dataset/train/train/clip_04229.wav,36750
/data/Dataset/test/test/clip_04230.wav,46446
/data/Dataset/train/train/clip_04231.wav,41108
/data/Dataset/train/train/clip_04232.wav,67801
/data/Dataset/test/test/clip_04233.wav,49116
/data/Dataset/train/train/clip_04234.wav,50183
/data/Dataset/train/train/clip_04235.wav,56590
/data/Dataset/train/train/clip_04236.wav,29408
/data/Dataset/train/train/clip_04237.wav,51785
/data/Dataset/test/test/clip_04238.wav,31498
/data/Dataset/train/train/clip_04239.wav,56056
/data/Dataset/test/test/clip_04240.wav,55522
/data/Dataset/train/train/clip_04241.wav,33634
/data/Dataset/train/train/clip_04242.wav,43777
/data/Dataset/test/test/clip_04243.wav,42709
/data/Dataset/test/test/clip_04244.wav,41108
/data/Dataset/train/train/clip_04245.wav,64064
/data/Dataset/train/train/clip_04246.wav,38891
/data/Dataset/test/test/clip_04247.wav,46446
/data/Dataset/train/train/clip_04248.wav,40672
/data/Dataset/train/train/clip_04249.wav,42709
/data/Dataset/train/train/clip_04250.wav,30964
/data/Dataset/train/train/clip_04251.wav,33375
/data/Dataset/train/train/clip_04252.wav,53387
/data/Dataset/train/train/clip_04253.wav,46446
/data/Dataset/train/train/clip_04254.wav,49116
/data/Dataset/train/train/clip_04255.wav,60861
/data/Dataset/train/train/clip_04256.wav,48582
/data/Dataset/train/train/clip_04257.wav,32243
/data/Dataset/test/test/clip_04258.wav,30430
/data/Dataset/test/test/clip_04259.wav,28295
/data/Dataset/train/train/clip_04260.wav,54988
/data/Dataset/train/train/clip_04261.wav,38972
/data/Dataset/train/train/clip_04262.wav,40574
/data/Dataset/test/test/clip_04263.wav,33100
/data/Dataset/train/train/clip_04264.wav,42778
/data/Dataset/train/train/clip_04265.wav,35286
/data/Dataset/train/train/clip_04266.wav,35235
/data/Dataset/train/train/clip_04267.wav,34708
/data/Dataset/train/train/clip_04268.wav,39506
/data/Dataset/train/train/clip_04269.wav,42175
/data/Dataset/train/train/clip_04270.wav,26631
/data/Dataset/train/train/clip_04271.wav,27367
/data/Dataset/train/train/clip_04272.wav,40040
/data/Dataset/train/train/clip_04273.wav,36303
/data/Dataset/train/train/clip_04274.wav,32842
/data/Dataset/train/train/clip_04275.wav,51251
/data/Dataset/test/test/clip_04276.wav,44845
/data/Dataset/train/train/clip_04277.wav,72072
/data/Dataset/train/train/clip_04278.wav,52319
/data/Dataset/train/train/clip_04279.wav,34580
/data/Dataset/test/test/clip_04280.wav,50184
/data/Dataset/train/train/clip_04281.wav,69937
/data/Dataset/train/train/clip_04282.wav,30964
/data/Dataset/train/train/clip_04283.wav,32093
/data/Dataset/train/train/clip_04284.wav,29461
/data/Dataset/train/train/clip_04285.wav,28602
/data/Dataset/test/test/clip_04286.wav,46446
/data/Dataset/train/train/clip_04287.wav,37371
/data/Dataset/train/train/clip_04288.wav,38972
/data/Dataset/train/train/clip_04289.wav,33715
/data/Dataset/train/train/clip_04290.wav,41642
/data/Dataset/train/train/clip_04291.wav,37175
/data/Dataset/train/train/clip_04292.wav,50717
/data/Dataset/train/train/clip_04293.wav,40574
/data/Dataset/train/train/clip_04294.wav,30384
/data/Dataset/test/test/clip_04295.wav,41108
/data/Dataset/train/train/clip_04296.wav,28829
/data/Dataset/test/test/clip_04297.wav,41108
/data/Dataset/test/test/clip_04298.wav,63530
/data/Dataset/train/train/clip_04299.wav,49116
/data/Dataset/train/train/clip_04300.wav,33313
/data/Dataset/train/train/clip_04301.wav,36782
/data/Dataset/test/test/clip_04302.wav,61929
/data/Dataset/test/test/clip_04303.wav,40040
/data/Dataset/train/train/clip_04304.wav,44845
/data/Dataset/train/train/clip_04305.wav,41108
/data/Dataset/train/train/clip_04306.wav,30964
/data/Dataset/train/train/clip_04307.wav,61395
/data/Dataset/train/train/clip_04308.wav,36837
/data/Dataset/train/train/clip_04309.wav,65666
/data/Dataset/train/train/clip_04310.wav,35235
/data/Dataset/train/train/clip_04311.wav,42709
/data/Dataset/train/train/clip_04312.wav,40040
/data/Dataset/train/train/clip_04313.wav,57658
/data/Dataset/train/train/clip_04314.wav,25552
/data/Dataset/test/test/clip_04315.wav,40574
/data/Dataset/train/train/clip_04316.wav,33100
/data/Dataset/train/train/clip_04317.wav,29988
/data/Dataset/train/train/clip_04318.wav,40040
/data/Dataset/train/train/clip_04319.wav,32868
/data/Dataset/train/train/clip_04320.wav,60327
/data/Dataset/train/train/clip_04321.wav,56056
/data/Dataset/train/train/clip_04322.wav,42175
/data/Dataset/train/train/clip_04323.wav,33753
/data/Dataset/train/train/clip_04324.wav,32032
/data/Dataset/test/test/clip_04325.wav,54454
/data/Dataset/train/train/clip_04326.wav,38972
/data/Dataset/train/train/clip_04327.wav,28295
/data/Dataset/train/train/clip_04328.wav,59793
/data/Dataset/train/train/clip_04329.wav,46446
/data/Dataset/train/train/clip_04330.wav,40040
/data/Dataset/train/train/clip_04331.wav,35235
/data/Dataset/train/train/clip_04332.wav,34397
/data/Dataset/test/test/clip_04333.wav,48048
/data/Dataset/test/test/clip_04334.wav,31498
/data/Dataset/train/train/clip_04335.wav,34700
/data/Dataset/train/train/clip_04336.wav,36303
/data/Dataset/test/test/clip_04337.wav,40574
/data/Dataset/train/train/clip_04338.wav,29997
/data/Dataset/test/test/clip_04339.wav,45913
/data/Dataset/train/train/clip_04340.wav,34167
/data/Dataset/train/train/clip_04341.wav,38397
/data/Dataset/train/train/clip_04342.wav,57658
/data/Dataset/train/train/clip_04343.wav,37535
/data/Dataset/train/train/clip_04344.wav,33305
/data/Dataset/train/train/clip_04345.wav,31729
/data/Dataset/train/train/clip_04346.wav,29363
/data/Dataset/train/train/clip_04347.wav,35289
/data/Dataset/test/test/clip_04348.wav,27227
/data/Dataset/train/train/clip_04349.wav,37905
/data/Dataset/train/train/clip_04350.wav,38972
/data/Dataset/train/train/clip_04351.wav,48048
/data/Dataset/train/train/clip_04352.wav,40570
/data/Dataset/train/train/clip_04353.wav,29345
/data/Dataset/train/train/clip_04354.wav,39506
/data/Dataset/train/train/clip_04355.wav,30430
/data/Dataset/train/train/clip_04356.wav,49116
/data/Dataset/train/train/clip_04357.wav,30972
/data/Dataset/train/train/clip_04358.wav,34167
/data/Dataset/train/train/clip_04359.wav,49650
/data/Dataset/train/train/clip_04360.wav,29363
/data/Dataset/train/train/clip_04361.wav,44311
/data/Dataset/train/train/clip_04362.wav,34762
/data/Dataset/test/test/clip_04363.wav,37371
/data/Dataset/test/test/clip_04364.wav,55522
/data/Dataset/train/train/clip_04365.wav,44311
/data/Dataset/train/train/clip_04366.wav,48582
/data/Dataset/test/test/clip_04367.wav,37371
/data/Dataset/test/test/clip_04368.wav,42709
/data/Dataset/test/test/clip_04369.wav,65666
/data/Dataset/train/train/clip_04370.wav,62462
/data/Dataset/train/train/clip_04371.wav,30964
/data/Dataset/train/train/clip_04372.wav,32064
/data/Dataset/train/train/clip_04373.wav,41642
/data/Dataset/train/train/clip_04374.wav,28295
/data/Dataset/train/train/clip_04375.wav,34167
/data/Dataset/test/test/clip_04376.wav,38972
/data/Dataset/train/train/clip_04377.wav,32032
/data/Dataset/train/train/clip_04378.wav,42175
/data/Dataset/train/train/clip_04379.wav,51785
/data/Dataset/train/train/clip_04380.wav,44845
/data/Dataset/train/train/clip_04381.wav,28099
/data/Dataset/test/test/clip_04382.wav,42175
/data/Dataset/train/train/clip_04383.wav,50717
/data/Dataset/train/train/clip_04384.wav,32683
/data/Dataset/train/train/clip_04385.wav,25092
/data/Dataset/train/train/clip_04386.wav,42175
/data/Dataset/test/test/clip_04387.wav,41642
/data/Dataset/test/test/clip_04388.wav,49116
/data/Dataset/train/train/clip_04389.wav,42709
/data/Dataset/train/train/clip_04390.wav,40040
/data/Dataset/train/train/clip_04391.wav,32572
/data/Dataset/train/train/clip_04392.wav,46446
/data/Dataset/train/train/clip_04393.wav,61395
/data/Dataset/train/train/clip_04394.wav,53920
/data/Dataset/test/test/clip_04395.wav,37904
/data/Dataset/train/train/clip_04396.wav,33871
/data/Dataset/train/train/clip_04397.wav,32032
/data/Dataset/train/train/clip_04398.wav,34701
/data/Dataset/test/test/clip_04399.wav,42709
/data/Dataset/train/train/clip_04400.wav,40615
/data/Dataset/train/train/clip_04401.wav,41642
/data/Dataset/train/train/clip_04402.wav,34325
/data/Dataset/train/train/clip_04403.wav,45379
/data/Dataset/train/train/clip_04404.wav,35235
/data/Dataset/train/train/clip_04405.wav,24433
/data/Dataset/train/train/clip_04406.wav,71538
/data/Dataset/train/train/clip_04407.wav,32032
/data/Dataset/train/train/clip_04408.wav,35181
/data/Dataset/train/train/clip_04409.wav,34167
/data/Dataset/train/train/clip_04410.wav,27878
/data/Dataset/train/train/clip_04411.wav,31945
/data/Dataset/train/train/clip_04412.wav,46446
/data/Dataset/train/train/clip_04413.wav,36303
/data/Dataset/train/train/clip_04414.wav,39506
/data/Dataset/test/test/clip_04415.wav,40040
/data/Dataset/train/train/clip_04416.wav,32232
/data/Dataset/test/test/clip_04417.wav,48048
/data/Dataset/test/test/clip_04418.wav,43243
/data/Dataset/train/train/clip_04419.wav,66200
/data/Dataset/train/train/clip_04420.wav,52853
/data/Dataset/train/train/clip_04421.wav,60861
/data/Dataset/train/train/clip_04422.wav,44845
/data/Dataset/test/test/clip_04423.wav,46446
/data/Dataset/train/train/clip_04424.wav,40635
/data/Dataset/test/test/clip_04425.wav,57124
/data/Dataset/test/test/clip_04426.wav,35235
/data/Dataset/test/test/clip_04427.wav,43243
/data/Dataset/train/train/clip_04428.wav,45379
/data/Dataset/test/test/clip_04429.wav,41642
/data/Dataset/train/train/clip_04430.wav,39506
/data/Dataset/train/train/clip_04431.wav,32566
/data/Dataset/test/test/clip_04432.wav,38972
/data/Dataset/train/train/clip_04433.wav,38438
/data/Dataset/train/train/clip_04434.wav,29897
/data/Dataset/test/test/clip_04435.wav,37904
/data/Dataset/test/test/clip_04436.wav,34701
/data/Dataset/train/train/clip_04437.wav,32094
/data/Dataset/train/train/clip_04438.wav,44845
/data/Dataset/train/train/clip_04439.wav,32071
/data/Dataset/train/train/clip_04440.wav,45912
/data/Dataset/train/train/clip_04441.wav,36850
/data/Dataset/test/test/clip_04442.wav,27227
/data/Dataset/train/train/clip_04443.wav,38972
/data/Dataset/train/train/clip_04444.wav,36837
/data/Dataset/train/train/clip_04445.wav,28719
/data/Dataset/train/train/clip_04446.wav,38438
/data/Dataset/train/train/clip_04447.wav,59793
/data/Dataset/train/train/clip_04448.wav,26878
/data/Dataset/train/train/clip_04449.wav,36837
/data/Dataset/train/train/clip_04450.wav,52853
/data/Dataset/train/train/clip_04451.wav,41306
/data/Dataset/train/train/clip_04452.wav,60861
/data/Dataset/train/train/clip_04453.wav,25388
/data/Dataset/train/train/clip_04454.wav,36837
/data/Dataset/train/train/clip_04455.wav,39506
/data/Dataset/train/train/clip_04456.wav,36303
/data/Dataset/train/train/clip_04457.wav,60327
/data/Dataset/test/test/clip_04458.wav,48582
/data/Dataset/test/test/clip_04459.wav,58725
/data/Dataset/train/train/clip_04460.wav,30349
/data/Dataset/train/train/clip_04461.wav,40325
/data/Dataset/test/test/clip_04462.wav,60861
/data/Dataset/test/test/clip_04463.wav,38972
/data/Dataset/train/train/clip_04464.wav,34701
/data/Dataset/train/train/clip_04465.wav,44311
/data/Dataset/train/train/clip_04466.wav,31144
/data/Dataset/train/train/clip_04467.wav,25617
/data/Dataset/train/train/clip_04468.wav,42709
/data/Dataset/train/train/clip_04469.wav,25529
/data/Dataset/test/test/clip_04470.wav,46980
/data/Dataset/train/train/clip_04471.wav,50717
/data/Dataset/train/train/clip_04472.wav,53920
/data/Dataset/test/test/clip_04473.wav,60861
/data/Dataset/train/train/clip_04474.wav,30154
/data/Dataset/train/train/clip_04475.wav,31630
/data/Dataset/train/train/clip_04476.wav,38438
/data/Dataset/train/train/clip_04477.wav,38203
/data/Dataset/test/test/clip_04478.wav,28829
/data/Dataset/train/train/clip_04479.wav,32566
/data/Dataset/train/train/clip_04480.wav,35569
/data/Dataset/test/test/clip_04481.wav,41108
/data/Dataset/test/test/clip_04482.wav,43243
/data/Dataset/train/train/clip_04483.wav,26901
/data/Dataset/train/train/clip_04484.wav,35394
/data/Dataset/train/train/clip_04485.wav,31673
/data/Dataset/test/test/clip_04486.wav,35769
/data/Dataset/test/test/clip_04487.wav,44845
/data/Dataset/train/train/clip_04488.wav,49116
/data/Dataset/train/train/clip_04489.wav,34701
/data/Dataset/train/train/clip_04490.wav,36409
/data/Dataset/train/train/clip_04491.wav,33100
/data/Dataset/test/test/clip_04492.wav,41642
/data/Dataset/train/train/clip_04493.wav,62996
/data/Dataset/train/train/clip_04494.wav,31498
/data/Dataset/train/train/clip_04495.wav,32566
/data/Dataset/train/train/clip_04496.wav,54988
/data/Dataset/train/train/clip_04497.wav,33634
/data/Dataset/test/test/clip_04498.wav,36409
/data/Dataset/test/test/clip_04499.wav,34167
/data/Dataset/train/train/clip_04500.wav,30430
/data/Dataset/test/test/clip_04501.wav,46980
/data/Dataset/train/train/clip_04502.wav,33286
/data/Dataset/train/train/clip_04503.wav,26771
/data/Dataset/train/train/clip_04504.wav,40574
/data/Dataset/train/train/clip_04505.wav,30936
/data/Dataset/train/train/clip_04506.wav,36837
/data/Dataset/train/train/clip_04507.wav,22377
/data/Dataset/train/train/clip_04508.wav,46980
/data/Dataset/test/test/clip_04509.wav,34167
/data/Dataset/train/train/clip_04510.wav,32032
/data/Dataset/test/test/clip_04511.wav,46980
/data/Dataset/test/test/clip_04512.wav,36837
/data/Dataset/test/test/clip_04513.wav,35235
/data/Dataset/train/train/clip_04514.wav,56056
/data/Dataset/train/train/clip_04515.wav,29932
/data/Dataset/train/train/clip_04516.wav,51251
/data/Dataset/train/train/clip_04517.wav,35769
/data/Dataset/train/train/clip_04518.wav,37904
/data/Dataset/train/train/clip_04519.wav,44845
/data/Dataset/train/train/clip_04520.wav,29363
/data/Dataset/train/train/clip_04521.wav,32032
/data/Dataset/train/train/clip_04522.wav,42175
/data/Dataset/train/train/clip_04523.wav,46446
/data/Dataset/train/train/clip_04524.wav,36303
/data/Dataset/train/train/clip_04525.wav,33488
/data/Dataset/train/train/clip_04526.wav,32566
/data/Dataset/train/train/clip_04527.wav,31092
/data/Dataset/train/train/clip_04528.wav,43243
/data/Dataset/train/train/clip_04529.wav,49650
/data/Dataset/test/test/clip_04530.wav,37371
/data/Dataset/train/train/clip_04531.wav,54988
/data/Dataset/test/test/clip_04532.wav,38972
/data/Dataset/train/train/clip_04533.wav,31456
/data/Dataset/test/test/clip_04534.wav,52853
/data/Dataset/train/train/clip_04535.wav,50717
/data/Dataset/train/train/clip_04536.wav,30964
/data/Dataset/train/train/clip_04537.wav,32032
/data/Dataset/train/train/clip_04538.wav,37904
/data/Dataset/test/test/clip_04539.wav,44845
/data/Dataset/train/train/clip_04540.wav,36523
/data/Dataset/train/train/clip_04541.wav,41784
/data/Dataset/train/train/clip_04542.wav,46446
/data/Dataset/test/test/clip_04543.wav,65132
/data/Dataset/train/train/clip_04544.wav,34167
/data/Dataset/test/test/clip_04545.wav,40574
/data/Dataset/train/train/clip_04546.wav,42934
/data/Dataset/train/train/clip_04547.wav,21706
/data/Dataset/train/train/clip_04548.wav,27227
/data/Dataset/train/train/clip_04549.wav,39506
/data/Dataset/train/train/clip_04550.wav,34701
/data/Dataset/train/train/clip_04551.wav,49650
/data/Dataset/train/train/clip_04552.wav,22617
/data/Dataset/train/train/clip_04553.wav,28649
/data/Dataset/test/test/clip_04554.wav,36409
/data/Dataset/train/train/clip_04555.wav,37371
/data/Dataset/test/test/clip_04556.wav,45379
/data/Dataset/train/train/clip_04557.wav,26986
/data/Dataset/train/train/clip_04558.wav,48582
/data/Dataset/train/train/clip_04559.wav,40574
/data/Dataset/train/train/clip_04560.wav,38972
/data/Dataset/train/train/clip_04561.wav,40040
/data/Dataset/train/train/clip_04562.wav,36409
/data/Dataset/train/train/clip_04563.wav,32566
/data/Dataset/train/train/clip_04564.wav,31498
/data/Dataset/train/train/clip_04565.wav,27761
/data/Dataset/train/train/clip_04566.wav,25220
/data/Dataset/train/train/clip_04567.wav,45379
/data/Dataset/train/train/clip_04568.wav,27761
/data/Dataset/train/train/clip_04569.wav,45379
/data/Dataset/train/train/clip_04570.wav,39506
/data/Dataset/train/train/clip_04571.wav,26380
/data/Dataset/train/train/clip_04572.wav,30964
/data/Dataset/train/train/clip_04573.wav,30430
/data/Dataset/train/train/clip_04574.wav,31498
/data/Dataset/train/train/clip_04575.wav,40574
/data/Dataset/train/train/clip_04576.wav,32566
/data/Dataset/test/test/clip_04577.wav,60861
/data/Dataset/train/train/clip_04578.wav,69937
/data/Dataset/train/train/clip_04579.wav,40574
/data/Dataset/train/train/clip_04580.wav,52853
/data/Dataset/test/test/clip_04581.wav,59793
/data/Dataset/train/train/clip_04582.wav,59793
/data/Dataset/train/train/clip_04583.wav,67801
/data/Dataset/train/train/clip_04584.wav,76343
/data/Dataset/train/train/clip_04585.wav,41642
/data/Dataset/train/train/clip_04586.wav,35235
/data/Dataset/train/train/clip_04587.wav,32847
/data/Dataset/test/test/clip_04588.wav,31498
/data/Dataset/train/train/clip_04589.wav,37976
/data/Dataset/train/train/clip_04590.wav,28829
/data/Dataset/train/train/clip_04591.wav,31603
/data/Dataset/train/train/clip_04592.wav,38998
/data/Dataset/test/test/clip_04593.wav,58191
/data/Dataset/train/train/clip_04594.wav,43777
/data/Dataset/train/train/clip_04595.wav,34169
/data/Dataset/train/train/clip_04596.wav,41530
/data/Dataset/train/train/clip_04597.wav,32901
/data/Dataset/train/train/clip_04598.wav,31498
/data/Dataset/train/train/clip_04599.wav,24934
/data/Dataset/train/train/clip_04600.wav,29982
/data/Dataset/train/train/clip_04601.wav,33259
/data/Dataset/train/train/clip_04602.wav,27302
/data/Dataset/train/train/clip_04603.wav,43777
/data/Dataset/test/test/clip_04604.wav,79012
/data/Dataset/train/train/clip_04605.wav,41108
/data/Dataset/train/train/clip_04606.wav,31498
/data/Dataset/train/train/clip_04607.wav,31028
/data/Dataset/test/test/clip_04608.wav,47514
/data/Dataset/train/train/clip_04609.wav,35235
/data/Dataset/train/train/clip_04610.wav,38546
/data/Dataset/train/train/clip_04611.wav,32566
/data/Dataset/train/train/clip_04612.wav,36409
/data/Dataset/train/train/clip_04613.wav,24855
/data/Dataset/train/train/clip_04614.wav,28786
/data/Dataset/train/train/clip_04615.wav,43243
/data/Dataset/train/train/clip_04616.wav,40574
/data/Dataset/test/test/clip_04617.wav,48048
/data/Dataset/train/train/clip_04618.wav,36837
/data/Dataset/test/test/clip_04619.wav,43777
/data/Dataset/train/train/clip_04620.wav,48582
/data/Dataset/train/train/clip_04621.wav,43243
/data/Dataset/train/train/clip_04622.wav,38972
/data/Dataset/train/train/clip_04623.wav,34701
/data/Dataset/train/train/clip_04624.wav,40129
/data/Dataset/test/test/clip_04625.wav,50184
/data/Dataset/train/train/clip_04626.wav,39506
/data/Dataset/train/train/clip_04627.wav,54454
/data/Dataset/train/train/clip_04628.wav,33634
/data/Dataset/train/train/clip_04629.wav,32032
/data/Dataset/train/train/clip_04630.wav,34167
/data/Dataset/test/test/clip_04631.wav,46980
/data/Dataset/train/train/clip_04632.wav,38451
/data/Dataset/test/test/clip_04633.wav,40574
/data/Dataset/train/train/clip_04634.wav,45912
/data/Dataset/test/test/clip_04635.wav,38972
/data/Dataset/train/train/clip_04636.wav,32566
/data/Dataset/train/train/clip_04637.wav,38400
/data/Dataset/train/train/clip_04638.wav,42175
/data/Dataset/test/test/clip_04639.wav,79546
/data/Dataset/train/train/clip_04640.wav,41751
/data/Dataset/train/train/clip_04641.wav,39506
/data/Dataset/test/test/clip_04642.wav,34701
/data/Dataset/train/train/clip_04643.wav,44311
/data/Dataset/train/train/clip_04644.wav,30328
/data/Dataset/train/train/clip_04645.wav,32802
/data/Dataset/test/test/clip_04646.wav,56590
/data/Dataset/train/train/clip_04647.wav,37371
/data/Dataset/train/train/clip_04648.wav,48582
/data/Dataset/train/train/clip_04649.wav,40574
/data/Dataset/train/train/clip_04650.wav,33634
/data/Dataset/train/train/clip_04651.wav,35702
/data/Dataset/train/train/clip_04652.wav,41747
/data/Dataset/train/train/clip_04653.wav,37572
/data/Dataset/train/train/clip_04654.wav,35235
/data/Dataset/train/train/clip_04655.wav,41642
/data/Dataset/test/test/clip_04656.wav,40040
/data/Dataset/test/test/clip_04657.wav,36303
/data/Dataset/train/train/clip_04658.wav,30989
/data/Dataset/train/train/clip_04659.wav,28295
/data/Dataset/train/train/clip_04660.wav,39506
/data/Dataset/train/train/clip_04661.wav,37905
/data/Dataset/test/test/clip_04662.wav,57124
/data/Dataset/train/train/clip_04663.wav,29363
/data/Dataset/train/train/clip_04664.wav,45379
/data/Dataset/train/train/clip_04665.wav,42709
/data/Dataset/train/train/clip_04666.wav,31633
/data/Dataset/train/train/clip_04667.wav,42175
/data/Dataset/train/train/clip_04668.wav,28829
/data/Dataset/train/train/clip_04669.wav,45379
/data/Dataset/train/train/clip_04670.wav,52319
/data/Dataset/train/train/clip_04671.wav,44845
/data/Dataset/train/train/clip_04672.wav,57124
/data/Dataset/train/train/clip_04673.wav,38972
/data/Dataset/train/train/clip_04674.wav,37371
/data/Dataset/train/train/clip_04675.wav,37904
/data/Dataset/train/train/clip_04676.wav,35235
/data/Dataset/train/train/clip_04677.wav,39506
/data/Dataset/test/test/clip_04678.wav,65666
/data/Dataset/train/train/clip_04679.wav,35769
/data/Dataset/train/train/clip_04680.wav,36303
/data/Dataset/train/train/clip_04681.wav,43022
/data/Dataset/train/train/clip_04682.wav,40574
/data/Dataset/train/train/clip_04683.wav,42709
/data/Dataset/train/train/clip_04684.wav,35991
/data/Dataset/train/train/clip_04685.wav,52853
/data/Dataset/train/train/clip_04686.wav,30964
/data/Dataset/test/test/clip_04687.wav,36409
/data/Dataset/train/train/clip_04688.wav,34701
/data/Dataset/train/train/clip_04689.wav,33100
/data/Dataset/train/train/clip_04690.wav,34701
/data/Dataset/train/train/clip_04691.wav,34167
/data/Dataset/train/train/clip_04692.wav,34322
/data/Dataset/train/train/clip_04693.wav,40574
/data/Dataset/train/train/clip_04694.wav,42759
/data/Dataset/test/test/clip_04695.wav,41108
/data/Dataset/test/test/clip_04696.wav,41642
/data/Dataset/test/test/clip_04697.wav,37904
/data/Dataset/test/test/clip_04698.wav,45912
/data/Dataset/train/train/clip_04699.wav,49650
/data/Dataset/train/train/clip_04700.wav,35235
/data/Dataset/train/train/clip_04701.wav,26916
/data/Dataset/train/train/clip_04702.wav,34701
/data/Dataset/train/train/clip_04703.wav,36837
/data/Dataset/train/train/clip_04704.wav,46980
/data/Dataset/test/test/clip_04705.wav,53920
/data/Dataset/train/train/clip_04706.wav,35235
/data/Dataset/train/train/clip_04707.wav,26096
/data/Dataset/train/train/clip_04708.wav,31073
/data/Dataset/train/train/clip_04709.wav,34167
/data/Dataset/test/test/clip_04710.wav,36523
/data/Dataset/train/train/clip_04711.wav,29896
/data/Dataset/train/train/clip_04712.wav,39014
/data/Dataset/train/train/clip_04713.wav,47514
/data/Dataset/train/train/clip_04714.wav,56056
/data/Dataset/train/train/clip_04715.wav,29897
/data/Dataset/test/test/clip_04716.wav,59259
/data/Dataset/train/train/clip_04717.wav,28295
/data/Dataset/train/train/clip_04718.wav,54988
/data/Dataset/train/train/clip_04719.wav,28321
/data/Dataset/test/test/clip_04720.wav,46980
/data/Dataset/train/train/clip_04721.wav,34167
/data/Dataset/test/test/clip_04722.wav,46446
/data/Dataset/train/train/clip_04723.wav,36303
/data/Dataset/train/train/clip_04724.wav,39506
/data/Dataset/train/train/clip_04725.wav,42175
/data/Dataset/train/train/clip_04726.wav,38972
/data/Dataset/test/test/clip_04727.wav,43243
/data/Dataset/train/train/clip_04728.wav,39506
/data/Dataset/train/train/clip_04729.wav,31643
/data/Dataset/train/train/clip_04730.wav,44311
/data/Dataset/train/train/clip_04731.wav,59259
/data/Dataset/train/train/clip_04732.wav,49650
/data/Dataset/test/test/clip_04733.wav,46980
/data/Dataset/train/train/clip_04734.wav,38438
/data/Dataset/train/train/clip_04735.wav,43777
/data/Dataset/train/train/clip_04736.wav,51785
/data/Dataset/train/train/clip_04737.wav,27227
/data/Dataset/train/train/clip_04738.wav,40574
/data/Dataset/train/train/clip_04739.wav,38438
/data/Dataset/train/train/clip_04740.wav,29896
/data/Dataset/train/train/clip_04741.wav,27186
/data/Dataset/train/train/clip_04742.wav,30831
/data/Dataset/train/train/clip_04743.wav,59259
/data/Dataset/train/train/clip_04744.wav,44845
/data/Dataset/train/train/clip_04745.wav,42709
/data/Dataset/train/train/clip_04746.wav,64064
/data/Dataset/train/train/clip_04747.wav,41642
/data/Dataset/train/train/clip_04748.wav,58725
/data/Dataset/train/train/clip_04749.wav,29341
/data/Dataset/train/train/clip_04750.wav,28829
/data/Dataset/train/train/clip_04751.wav,49650
/data/Dataset/train/train/clip_04752.wav,56590
/data/Dataset/train/train/clip_04753.wav,26937
/data/Dataset/train/train/clip_04754.wav,33407
/data/Dataset/train/train/clip_04755.wav,52853
/data/Dataset/train/train/clip_04756.wav,46446
/data/Dataset/train/train/clip_04757.wav,41108
/data/Dataset/train/train/clip_04758.wav,26388
/data/Dataset/train/train/clip_04759.wav,28295
/data/Dataset/train/train/clip_04760.wav,40574
/data/Dataset/train/train/clip_04761.wav,46446
/data/Dataset/train/train/clip_04762.wav,38438
/data/Dataset/train/train/clip_04763.wav,25631
/data/Dataset/train/train/clip_04764.wav,37379
/data/Dataset/test/test/clip_04765.wav,28829
/data/Dataset/train/train/clip_04766.wav,38972
/data/Dataset/train/train/clip_04767.wav,31486
/data/Dataset/train/train/clip_04768.wav,59259
/data/Dataset/train/train/clip_04769.wav,65132
/data/Dataset/train/train/clip_04770.wav,45379
/data/Dataset/train/train/clip_04771.wav,38438
/data/Dataset/train/train/clip_04772.wav,54988
/data/Dataset/train/train/clip_04773.wav,29998
/data/Dataset/train/train/clip_04774.wav,42338
/data/Dataset/test/test/clip_04775.wav,44311
/data/Dataset/test/test/clip_04776.wav,26693
/data/Dataset/train/train/clip_04777.wav,34701
/data/Dataset/train/train/clip_04778.wav,40040
/data/Dataset/test/test/clip_04779.wav,35235
/data/Dataset/train/train/clip_04780.wav,38972
/data/Dataset/train/train/clip_04781.wav,31843
/data/Dataset/train/train/clip_04782.wav,33634
/data/Dataset/train/train/clip_04783.wav,25253
/data/Dataset/train/train/clip_04784.wav,36440
/data/Dataset/train/train/clip_04785.wav,33634
/data/Dataset/train/train/clip_04786.wav,30964
/data/Dataset/train/train/clip_04787.wav,46446
/data/Dataset/train/train/clip_04788.wav,40574
/data/Dataset/train/train/clip_04789.wav,32032
/data/Dataset/train/train/clip_04790.wav,27223
/data/Dataset/train/train/clip_04791.wav,49650
/data/Dataset/train/train/clip_04792.wav,46980
/data/Dataset/train/train/clip_04793.wav,26802
/data/Dataset/train/train/clip_04794.wav,28295
/data/Dataset/train/train/clip_04795.wav,41802
/data/Dataset/train/train/clip_04796.wav,44311
/data/Dataset/train/train/clip_04797.wav,57124
/data/Dataset/train/train/clip_04798.wav,25224
/data/Dataset/test/test/clip_04799.wav,46446
/data/Dataset/train/train/clip_04800.wav,41642
/data/Dataset/train/train/clip_04801.wav,47514
/data/Dataset/train/train/clip_04802.wav,48582
/data/Dataset/train/train/clip_04803.wav,34701
/data/Dataset/test/test/clip_04804.wav,34701
/data/Dataset/train/train/clip_04805.wav,52319
/data/Dataset/train/train/clip_04806.wav,33634
/data/Dataset/train/train/clip_04807.wav,35053
/data/Dataset/train/train/clip_04808.wav,44845
/data/Dataset/train/train/clip_04809.wav,25477
/data/Dataset/train/train/clip_04810.wav,33473
/data/Dataset/train/train/clip_04811.wav,36409
/data/Dataset/train/train/clip_04812.wav,27346
/data/Dataset/train/train/clip_04813.wav,30430
/data/Dataset/train/train/clip_04814.wav,41642
/data/Dataset/train/train/clip_04815.wav,48048
/data/Dataset/train/train/clip_04816.wav,25052
/data/Dataset/train/train/clip_04817.wav,36303
/data/Dataset/train/train/clip_04818.wav,31498
/data/Dataset/test/test/clip_04819.wav,30964
/data/Dataset/train/train/clip_04820.wav,45912
/data/Dataset/train/train/clip_04821.wav,42175
/data/Dataset/train/train/clip_04822.wav,25987
/data/Dataset/test/test/clip_04823.wav,46446
/data/Dataset/train/train/clip_04824.wav,34167
/data/Dataset/train/train/clip_04825.wav,54988
/data/Dataset/train/train/clip_04826.wav,62462
/data/Dataset/train/train/clip_04827.wav,53387
/data/Dataset/test/test/clip_04828.wav,42709
/data/Dataset/train/train/clip_04829.wav,42175
/data/Dataset/train/train/clip_04830.wav,31498
/data/Dataset/train/train/clip_04831.wav,64064
/data/Dataset/train/train/clip_04832.wav,38972
/data/Dataset/test/test/clip_04833.wav,51251
/data/Dataset/train/train/clip_04834.wav,40287
/data/Dataset/train/train/clip_04835.wav,35502
/data/Dataset/train/train/clip_04836.wav,33339
/data/Dataset/train/train/clip_04837.wav,32032
/data/Dataset/train/train/clip_04838.wav,28295
/data/Dataset/train/train/clip_04839.wav,42709
/data/Dataset/train/train/clip_04840.wav,37589
/data/Dataset/train/train/clip_04841.wav,34167
/data/Dataset/train/train/clip_04842.wav,36837
/data/Dataset/train/train/clip_04843.wav,29212
/data/Dataset/train/train/clip_04844.wav,40574
/data/Dataset/train/train/clip_04845.wav,39506
/data/Dataset/train/train/clip_04846.wav,36837
/data/Dataset/train/train/clip_04847.wav,44023
/data/Dataset/train/train/clip_04848.wav,42608
/data/Dataset/train/train/clip_04849.wav,36023
/data/Dataset/train/train/clip_04850.wav,30430
/data/Dataset/train/train/clip_04851.wav,57658
/data/Dataset/test/test/clip_04852.wav,35769
/data/Dataset/train/train/clip_04853.wav,32566
/data/Dataset/train/train/clip_04854.wav,29986
/data/Dataset/train/train/clip_04855.wav,41551
/data/Dataset/train/train/clip_04856.wav,48582
/data/Dataset/train/train/clip_04857.wav,41407
/data/Dataset/train/train/clip_04858.wav,33100
/data/Dataset/test/test/clip_04859.wav,31498
/data/Dataset/train/train/clip_04860.wav,61395
/data/Dataset/train/train/clip_04861.wav,54454
/data/Dataset/train/train/clip_04862.wav,53920
/data/Dataset/train/train/clip_04863.wav,34701
/data/Dataset/train/train/clip_04864.wav,40040
/data/Dataset/train/train/clip_04865.wav,32020
/data/Dataset/train/train/clip_04866.wav,38438
/data/Dataset/train/train/clip_04867.wav,32032
/data/Dataset/train/train/clip_04868.wav,76343
/data/Dataset/train/train/clip_04869.wav,39506
/data/Dataset/train/train/clip_04870.wav,32566
/data/Dataset/train/train/clip_04871.wav,30147
/data/Dataset/train/train/clip_04872.wav,30738
/data/Dataset/train/train/clip_04873.wav,60327
/data/Dataset/train/train/clip_04874.wav,67801
/data/Dataset/train/train/clip_04875.wav,43777
/data/Dataset/train/train/clip_04876.wav,35235
/data/Dataset/train/train/clip_04877.wav,42175
/data/Dataset/train/train/clip_04878.wav,34167
/data/Dataset/train/train/clip_04879.wav,53920
/data/Dataset/train/train/clip_04880.wav,36837
/data/Dataset/train/train/clip_04881.wav,42175
/data/Dataset/train/train/clip_04882.wav,26317
/data/Dataset/train/train/clip_04883.wav,40040
/data/Dataset/train/train/clip_04884.wav,31663
/data/Dataset/train/train/clip_04885.wav,50183
/data/Dataset/train/train/clip_04886.wav,37904
/data/Dataset/train/train/clip_04887.wav,44845
/data/Dataset/train/train/clip_04888.wav,54988
/data/Dataset/train/train/clip_04889.wav,25176
/data/Dataset/train/train/clip_04890.wav,52853
/data/Dataset/train/train/clip_04891.wav,42175
/data/Dataset/train/train/clip_04892.wav,37826
/data/Dataset/test/test/clip_04893.wav,56056
/data/Dataset/train/train/clip_04894.wav,28295
/data/Dataset/train/train/clip_04895.wav,32032
/data/Dataset/train/train/clip_04896.wav,46980
/data/Dataset/train/train/clip_04897.wav,42175
/data/Dataset/test/test/clip_04898.wav,43777
/data/Dataset/train/train/clip_04899.wav,42175
/data/Dataset/train/train/clip_04900.wav,34817
/data/Dataset/train/train/clip_04901.wav,32861
/data/Dataset/test/test/clip_04902.wav,46446
/data/Dataset/train/train/clip_04903.wav,42175
/data/Dataset/train/train/clip_04904.wav,29126
/data/Dataset/train/train/clip_04905.wav,41108
/data/Dataset/train/train/clip_04906.wav,33634
/data/Dataset/train/train/clip_04907.wav,30811
/data/Dataset/train/train/clip_04908.wav,40389
/data/Dataset/train/train/clip_04909.wav,58725
/data/Dataset/train/train/clip_04910.wav,32812
/data/Dataset/train/train/clip_04911.wav,40574
/data/Dataset/test/test/clip_04912.wav,51251
/data/Dataset/train/train/clip_04913.wav,27458
/data/Dataset/test/test/clip_04914.wav,38438
/data/Dataset/test/test/clip_04915.wav,32032
/data/Dataset/test/test/clip_04916.wav,51785
/data/Dataset/test/test/clip_04917.wav,71538
/data/Dataset/train/train/clip_04918.wav,37371
/data/Dataset/train/train/clip_04919.wav,55522
/data/Dataset/train/train/clip_04920.wav,26159
/data/Dataset/train/train/clip_04921.wav,38972
/data/Dataset/train/train/clip_04922.wav,47514
/data/Dataset/test/test/clip_04923.wav,36303
/data/Dataset/train/train/clip_04924.wav,56056
/data/Dataset/train/train/clip_04925.wav,33634
/data/Dataset/train/train/clip_04926.wav,29548
/data/Dataset/train/train/clip_04927.wav,43243
/data/Dataset/train/train/clip_04928.wav,34548
/data/Dataset/train/train/clip_04929.wav,45379
/data/Dataset/train/train/clip_04930.wav,33984
/data/Dataset/train/train/clip_04931.wav,33300
/data/Dataset/train/train/clip_04932.wav,37905
/data/Dataset/train/train/clip_04933.wav,28829
/data/Dataset/train/train/clip_04934.wav,37371
/data/Dataset/train/train/clip_04935.wav,35235
/data/Dataset/train/train/clip_04936.wav,34331
/data/Dataset/test/test/clip_04937.wav,32566
/data/Dataset/train/train/clip_04938.wav,33514
/data/Dataset/test/test/clip_04939.wav,51251
/data/Dataset/train/train/clip_04940.wav,28829
/data/Dataset/train/train/clip_04941.wav,33154
/data/Dataset/train/train/clip_04942.wav,29857
/data/Dataset/train/train/clip_04943.wav,33634
/data/Dataset/train/train/clip_04944.wav,42175
/data/Dataset/test/test/clip_04945.wav,44845
/data/Dataset/train/train/clip_04946.wav,57658
/data/Dataset/train/train/clip_04947.wav,36303
/data/Dataset/test/test/clip_04948.wav,52853
/data/Dataset/train/train/clip_04949.wav,38748
/data/Dataset/train/train/clip_04950.wav,45913
/data/Dataset/test/test/clip_04951.wav,29896
/data/Dataset/train/train/clip_04952.wav,24105
/data/Dataset/train/train/clip_04953.wav,41108
/data/Dataset/train/train/clip_04954.wav,26099
/data/Dataset/train/train/clip_04955.wav,43243
/data/Dataset/train/train/clip_04956.wav,36409
/data/Dataset/train/train/clip_04957.wav,31723
/data/Dataset/train/train/clip_04958.wav,40574
/data/Dataset/train/train/clip_04959.wav,50717
/data/Dataset/train/train/clip_04960.wav,34701
/data/Dataset/train/train/clip_04961.wav,29363
/data/Dataset/test/test/clip_04962.wav,41108
/data/Dataset/train/train/clip_04963.wav,36409
/data/Dataset/test/test/clip_04964.wav,62462
/data/Dataset/train/train/clip_04965.wav,37371
/data/Dataset/train/train/clip_04966.wav,38972
/data/Dataset/train/train/clip_04967.wav,42709
/data/Dataset/train/train/clip_04968.wav,31498
/data/Dataset/test/test/clip_04969.wav,43777
/data/Dataset/train/train/clip_04970.wav,34146
/data/Dataset/test/test/clip_04971.wav,43243
/data/Dataset/train/train/clip_04972.wav,42175
/data/Dataset/test/test/clip_04973.wav,41642
/data/Dataset/train/train/clip_04974.wav,49116
/data/Dataset/train/train/clip_04975.wav,57658
/data/Dataset/train/train/clip_04976.wav,33634
/data/Dataset/test/test/clip_04977.wav,37904
/data/Dataset/train/train/clip_04978.wav,33713
/data/Dataset/train/train/clip_04979.wav,36271
/data/Dataset/train/train/clip_04980.wav,34167
/data/Dataset/train/train/clip_04981.wav,45912
/data/Dataset/train/train/clip_04982.wav,30366
/data/Dataset/train/train/clip_04983.wav,33100
/data/Dataset/train/train/clip_04984.wav,35064
/data/Dataset/train/train/clip_04985.wav,40040
/data/Dataset/train/train/clip_04986.wav,38972
/data/Dataset/train/train/clip_04987.wav,25167
/data/Dataset/train/train/clip_04988.wav,43777
/data/Dataset/train/train/clip_04989.wav,38972
/data/Dataset/train/train/clip_04990.wav,33100
/data/Dataset/train/train/clip_04991.wav,36303
/data/Dataset/test/test/clip_04992.wav,38972
/data/Dataset/train/train/clip_04993.wav,46980
/data/Dataset/train/train/clip_04994.wav,40897
/data/Dataset/train/train/clip_04995.wav,34167
/data/Dataset/train/train/clip_04996.wav,36837
/data/Dataset/train/train/clip_04997.wav,42175
/data/Dataset/train/train/clip_04998.wav,25737
/data/Dataset/test/test/clip_04999.wav,30430
/data/Dataset/train/train/clip_05000.wav,29363
/data/Dataset/train/train/clip_05001.wav,61928
/data/Dataset/test/test/clip_05002.wav,57658
/data/Dataset/train/train/clip_05003.wav,45379
/data/Dataset/test/test/clip_05004.wav,44311
/data/Dataset/test/test/clip_05005.wav,42175
/data/Dataset/train/train/clip_05006.wav,35235
/data/Dataset/train/train/clip_05007.wav,28829
/data/Dataset/test/test/clip_05008.wav,43777
/data/Dataset/train/train/clip_05009.wav,33100
/data/Dataset/test/test/clip_05010.wav,51785
/data/Dataset/test/test/clip_05011.wav,33634
/data/Dataset/train/train/clip_05012.wav,27255
/data/Dataset/train/train/clip_05013.wav,32844
/data/Dataset/train/train/clip_05014.wav,35409
/data/Dataset/train/train/clip_05015.wav,27679
/data/Dataset/train/train/clip_05016.wav,59793
/data/Dataset/test/test/clip_05017.wav,53920
/data/Dataset/train/train/clip_05018.wav,43243
/data/Dataset/train/train/clip_05019.wav,43243
/data/Dataset/train/train/clip_05020.wav,25474
/data/Dataset/train/train/clip_05021.wav,37905
/data/Dataset/train/train/clip_05022.wav,51785
/data/Dataset/train/train/clip_05023.wav,31498
/data/Dataset/train/train/clip_05024.wav,55522
/data/Dataset/train/train/clip_05025.wav,52853
/data/Dataset/train/train/clip_05026.wav,31621
/data/Dataset/train/train/clip_05027.wav,54988
/data/Dataset/train/train/clip_05028.wav,55522
/data/Dataset/train/train/clip_05029.wav,33389
/data/Dataset/train/train/clip_05030.wav,41642
/data/Dataset/train/train/clip_05031.wav,36213
/data/Dataset/train/train/clip_05032.wav,30430
/data/Dataset/train/train/clip_05033.wav,59259
/data/Dataset/train/train/clip_05034.wav,30430
/data/Dataset/train/train/clip_05035.wav,29363
/data/Dataset/train/train/clip_05036.wav,36109
/data/Dataset/train/train/clip_05037.wav,34167
/data/Dataset/train/train/clip_05038.wav,23837
/data/Dataset/train/train/clip_05039.wav,32566
/data/Dataset/train/train/clip_05040.wav,29907
/data/Dataset/train/train/clip_05041.wav,28829
/data/Dataset/test/test/clip_05042.wav,51785
/data/Dataset/test/test/clip_05043.wav,60861
/data/Dataset/train/train/clip_05044.wav,33100
/data/Dataset/train/train/clip_05045.wav,51785
/data/Dataset/train/train/clip_05046.wav,45379
/data/Dataset/train/train/clip_05047.wav,41108
/data/Dataset/train/train/clip_05048.wav,36837
/data/Dataset/train/train/clip_05049.wav,37371
/data/Dataset/train/train/clip_05050.wav,34247
/data/Dataset/train/train/clip_05051.wav,44311
/data/Dataset/train/train/clip_05052.wav,36303
/data/Dataset/train/train/clip_05053.wav,49650
/data/Dataset/train/train/clip_05054.wav,30065
/data/Dataset/train/train/clip_05055.wav,35393
/data/Dataset/train/train/clip_05056.wav,37371
/data/Dataset/train/train/clip_05057.wav,49116
/data/Dataset/test/test/clip_05058.wav,49650
/data/Dataset/train/train/clip_05059.wav,40040
/data/Dataset/test/test/clip_05060.wav,48582
/data/Dataset/train/train/clip_05061.wav,34701
/data/Dataset/train/train/clip_05062.wav,45912
/data/Dataset/train/train/clip_05063.wav,38438
/data/Dataset/train/train/clip_05064.wav,44845
/data/Dataset/train/train/clip_05065.wav,37904
/data/Dataset/train/train/clip_05066.wav,58191
/data/Dataset/test/test/clip_05067.wav,55522
/data/Dataset/train/train/clip_05068.wav,40574
/data/Dataset/train/train/clip_05069.wav,40574
/data/Dataset/train/train/clip_05070.wav,45912
/data/Dataset/train/train/clip_05071.wav,36303
/data/Dataset/train/train/clip_05072.wav,30430
/data/Dataset/train/train/clip_05073.wav,33100
/data/Dataset/train/train/clip_05074.wav,38217
/data/Dataset/test/test/clip_05075.wav,39506
/data/Dataset/train/train/clip_05076.wav,41642
/data/Dataset/train/train/clip_05077.wav,61395
/data/Dataset/train/train/clip_05078.wav,36523
/data/Dataset/train/train/clip_05079.wav,54988
/data/Dataset/train/train/clip_05080.wav,35769
/data/Dataset/train/train/clip_05081.wav,36837
/data/Dataset/train/train/clip_05082.wav,37904
/data/Dataset/train/train/clip_05083.wav,47514
/data/Dataset/train/train/clip_05084.wav,27584
/data/Dataset/train/train/clip_05085.wav,36523
/data/Dataset/train/train/clip_05086.wav,38197
/data/Dataset/train/train/clip_05087.wav,24281
/data/Dataset/test/test/clip_05088.wav,42709
/data/Dataset/train/train/clip_05089.wav,54988
/data/Dataset/train/train/clip_05090.wav,32347
/data/Dataset/train/train/clip_05091.wav,37371
/data/Dataset/train/train/clip_05092.wav,46980
/data/Dataset/train/train/clip_05093.wav,26698
/data/Dataset/train/train/clip_05094.wav,38438
/data/Dataset/train/train/clip_05095.wav,28829
/data/Dataset/train/train/clip_05096.wav,33393
/data/Dataset/train/train/clip_05097.wav,29070
/data/Dataset/train/train/clip_05098.wav,41642
/data/Dataset/train/train/clip_05099.wav,40146
/data/Dataset/train/train/clip_05100.wav,30430
/data/Dataset/train/train/clip_05101.wav,34061
/data/Dataset/train/train/clip_05102.wav,31259
/data/Dataset/train/train/clip_05103.wav,37428
/data/Dataset/test/test/clip_05104.wav,34701
/data/Dataset/train/train/clip_05105.wav,36837
/data/Dataset/train/train/clip_05106.wav,69403
/data/Dataset/train/train/clip_05107.wav,38438
/data/Dataset/train/train/clip_05108.wav,31656
/data/Dataset/test/test/clip_05109.wav,28829
/data/Dataset/train/train/clip_05110.wav,40040
/data/Dataset/test/test/clip_05111.wav,66733
/data/Dataset/test/test/clip_05112.wav,41108
/data/Dataset/train/train/clip_05113.wav,32032
/data/Dataset/train/train/clip_05114.wav,31498
/data/Dataset/train/train/clip_05115.wav,35323
/data/Dataset/train/train/clip_05116.wav,36303
/data/Dataset/train/train/clip_05117.wav,33100
/data/Dataset/train/train/clip_05118.wav,67267
/data/Dataset/test/test/clip_05119.wav,40040
/data/Dataset/train/train/clip_05120.wav,46446
/data/Dataset/train/train/clip_05121.wav,35485
/data/Dataset/train/train/clip_05122.wav,49116
/data/Dataset/train/train/clip_05123.wav,57658
/data/Dataset/train/train/clip_05124.wav,31036
/data/Dataset/test/test/clip_05125.wav,42175
/data/Dataset/train/train/clip_05126.wav,41478
/data/Dataset/train/train/clip_05127.wav,56056
/data/Dataset/train/train/clip_05128.wav,36303
/data/Dataset/train/train/clip_05129.wav,62996
/data/Dataset/test/test/clip_05130.wav,47514
/data/Dataset/test/test/clip_05131.wav,50717
/data/Dataset/test/test/clip_05132.wav,33634
/data/Dataset/train/train/clip_05133.wav,38438
/data/Dataset/test/test/clip_05134.wav,58725
/data/Dataset/train/train/clip_05135.wav,51785
/data/Dataset/train/train/clip_05136.wav,38438
/data/Dataset/test/test/clip_05137.wav,56590
/data/Dataset/train/train/clip_05138.wav,32983
/data/Dataset/train/train/clip_05139.wav,26049
/data/Dataset/train/train/clip_05140.wav,40040
/data/Dataset/train/train/clip_05141.wav,35439
/data/Dataset/train/train/clip_05142.wav,36303
/data/Dataset/train/train/clip_05143.wav,42175
/data/Dataset/train/train/clip_05144.wav,80080
/data/Dataset/train/train/clip_05145.wav,37082
/data/Dataset/test/test/clip_05146.wav,36409
/data/Dataset/train/train/clip_05147.wav,43243
/data/Dataset/train/train/clip_05148.wav,31498
/data/Dataset/test/test/clip_05149.wav,35769
/data/Dataset/train/train/clip_05150.wav,38438
/data/Dataset/test/test/clip_05151.wav,55522
/data/Dataset/train/train/clip_05152.wav,39506
/data/Dataset/train/train/clip_05153.wav,32032
/data/Dataset/train/train/clip_05154.wav,41642
/data/Dataset/train/train/clip_05155.wav,67801
/data/Dataset/train/train/clip_05156.wav,48582
/data/Dataset/train/train/clip_05157.wav,37371
/data/Dataset/test/test/clip_05158.wav,36837
/data/Dataset/test/test/clip_05159.wav,49116
/data/Dataset/train/train/clip_05160.wav,34509
/data/Dataset/test/test/clip_05161.wav,40574
/data/Dataset/train/train/clip_05162.wav,38438
/data/Dataset/test/test/clip_05163.wav,28295
/data/Dataset/train/train/clip_05164.wav,43777
/data/Dataset/train/train/clip_05165.wav,37371
/data/Dataset/train/train/clip_05166.wav,30430
/data/Dataset/train/train/clip_05167.wav,39506
/data/Dataset/train/train/clip_05168.wav,52853
/data/Dataset/train/train/clip_05169.wav,41108
/data/Dataset/train/train/clip_05170.wav,58725
/data/Dataset/train/train/clip_05171.wav,52853
/data/Dataset/train/train/clip_05172.wav,39924
/data/Dataset/train/train/clip_05173.wav,30218
/data/Dataset/train/train/clip_05174.wav,33635
/data/Dataset/train/train/clip_05175.wav,51785
/data/Dataset/train/train/clip_05176.wav,56056
/data/Dataset/train/train/clip_05177.wav,36837
/data/Dataset/train/train/clip_05178.wav,59259
/data/Dataset/train/train/clip_05179.wav,34167
/data/Dataset/test/test/clip_05180.wav,43777
/data/Dataset/train/train/clip_05181.wav,35235
/data/Dataset/train/train/clip_05182.wav,33100
/data/Dataset/train/train/clip_05183.wav,24676
/data/Dataset/test/test/clip_05184.wav,36409
/data/Dataset/test/test/clip_05185.wav,71538
/data/Dataset/train/train/clip_05186.wav,34167
/data/Dataset/train/train/clip_05187.wav,47514
/data/Dataset/test/test/clip_05188.wav,39506
/data/Dataset/train/train/clip_05189.wav,36303
/data/Dataset/train/train/clip_05190.wav,29363
/data/Dataset/train/train/clip_05191.wav,37904
/data/Dataset/train/train/clip_05192.wav,38972
/data/Dataset/train/train/clip_05193.wav,35232
/data/Dataset/test/test/clip_05194.wav,56590
/data/Dataset/train/train/clip_05195.wav,32566
/data/Dataset/train/train/clip_05196.wav,34862
/data/Dataset/train/train/clip_05197.wav,36409
/data/Dataset/train/train/clip_05198.wav,49116
/data/Dataset/train/train/clip_05199.wav,36303
/data/Dataset/train/train/clip_05200.wav,47514
/data/Dataset/train/train/clip_05201.wav,37371
/data/Dataset/test/test/clip_05202.wav,33634
/data/Dataset/train/train/clip_05203.wav,44311
/data/Dataset/test/test/clip_05204.wav,35235
/data/Dataset/train/train/clip_05205.wav,41642
/data/Dataset/train/train/clip_05206.wav,60327
/data/Dataset/train/train/clip_05207.wav,51251
/data/Dataset/train/train/clip_05208.wav,36303
/data/Dataset/train/train/clip_05209.wav,39387
/data/Dataset/train/train/clip_05210.wav,61395
/data/Dataset/train/train/clip_05211.wav,32185
/data/Dataset/train/train/clip_05212.wav,30430
/data/Dataset/train/train/clip_05213.wav,37590
/data/Dataset/train/train/clip_05214.wav,29896
/data/Dataset/train/train/clip_05215.wav,46446
/data/Dataset/test/test/clip_05216.wav,40040
/data/Dataset/train/train/clip_05217.wav,39506
/data/Dataset/train/train/clip_05218.wav,35769
/data/Dataset/train/train/clip_05219.wav,40589
/data/Dataset/test/test/clip_05220.wav,43243
/data/Dataset/train/train/clip_05221.wav,52319
/data/Dataset/train/train/clip_05222.wav,33040
/data/Dataset/train/train/clip_05223.wav,45379
/data/Dataset/train/train/clip_05224.wav,38972
/data/Dataset/train/train/clip_05225.wav,57658
/data/Dataset/train/train/clip_05226.wav,36574
/data/Dataset/train/train/clip_05227.wav,35769
/data/Dataset/train/train/clip_05228.wav,55522
/data/Dataset/train/train/clip_05229.wav,47514
/data/Dataset/train/train/clip_05230.wav,38355
/data/Dataset/test/test/clip_05231.wav,36409
/data/Dataset/train/train/clip_05232.wav,54454
/data/Dataset/train/train/clip_05233.wav,42709
/data/Dataset/train/train/clip_05234.wav,36837
/data/Dataset/train/train/clip_05235.wav,26102
/data/Dataset/train/train/clip_05236.wav,36303
/data/Dataset/train/train/clip_05237.wav,33634
/data/Dataset/train/train/clip_05238.wav,56056
/data/Dataset/train/train/clip_05239.wav,40500
/data/Dataset/train/train/clip_05240.wav,45379
/data/Dataset/test/test/clip_05241.wav,37371
/data/Dataset/train/train/clip_05242.wav,51251
/data/Dataset/train/train/clip_05243.wav,31902
/data/Dataset/train/train/clip_05244.wav,56590
/data/Dataset/train/train/clip_05245.wav,34167
/data/Dataset/train/train/clip_05246.wav,28829
/data/Dataset/train/train/clip_05247.wav,35132
/data/Dataset/train/train/clip_05248.wav,38438
/data/Dataset/train/train/clip_05249.wav,36409
/data/Dataset/train/train/clip_05250.wav,42709
/data/Dataset/test/test/clip_05251.wav,46980
/data/Dataset/train/train/clip_05252.wav,40040
/data/Dataset/train/train/clip_05253.wav,36303
/data/Dataset/train/train/clip_05254.wav,27227
/data/Dataset/train/train/clip_05255.wav,33705
/data/Dataset/train/train/clip_05256.wav,43243
/data/Dataset/train/train/clip_05257.wav,35769
/data/Dataset/train/train/clip_05258.wav,57124
/data/Dataset/train/train/clip_05259.wav,42810
/data/Dataset/train/train/clip_05260.wav,49650
/data/Dataset/train/train/clip_05261.wav,32260
/data/Dataset/train/train/clip_05262.wav,37371
/data/Dataset/train/train/clip_05263.wav,34972
/data/Dataset/train/train/clip_05264.wav,40574
/data/Dataset/train/train/clip_05265.wav,38539
/data/Dataset/train/train/clip_05266.wav,44311
/data/Dataset/train/train/clip_05267.wav,42175
/data/Dataset/test/test/clip_05268.wav,41642
/data/Dataset/train/train/clip_05269.wav,33634
/data/Dataset/train/train/clip_05270.wav,40040
/data/Dataset/train/train/clip_05271.wav,32566
/data/Dataset/train/train/clip_05272.wav,41642
/data/Dataset/train/train/clip_05273.wav,43777
/data/Dataset/train/train/clip_05274.wav,31195
/data/Dataset/train/train/clip_05275.wav,52853
/data/Dataset/train/train/clip_05276.wav,50183
/data/Dataset/train/train/clip_05277.wav,36837
/data/Dataset/train/train/clip_05278.wav,40802
/data/Dataset/train/train/clip_05279.wav,39506
/data/Dataset/train/train/clip_05280.wav,34701
/data/Dataset/train/train/clip_05281.wav,36517
/data/Dataset/train/train/clip_05282.wav,34167
/data/Dataset/train/train/clip_05283.wav,32032
/data/Dataset/train/train/clip_05284.wav,29897
/data/Dataset/train/train/clip_05285.wav,46980
/data/Dataset/train/train/clip_05286.wav,32393
/data/Dataset/train/train/clip_05287.wav,40040
/data/Dataset/train/train/clip_05288.wav,29896
/data/Dataset/train/train/clip_05289.wav,39506
/data/Dataset/train/train/clip_05290.wav,37468
/data/Dataset/train/train/clip_05291.wav,32316
/data/Dataset/train/train/clip_05292.wav,43777
/data/Dataset/train/train/clip_05293.wav,36409
/data/Dataset/train/train/clip_05294.wav,36409
/data/Dataset/train/train/clip_05295.wav,35235
/data/Dataset/train/train/clip_05296.wav,59793
/data/Dataset/test/test/clip_05297.wav,41108
/data/Dataset/train/train/clip_05298.wav,37162
/data/Dataset/test/test/clip_05299.wav,50717
/data/Dataset/test/test/clip_05300.wav,46446
/data/Dataset/train/train/clip_05301.wav,32032
/data/Dataset/test/test/clip_05302.wav,72606
/data/Dataset/train/train/clip_05303.wav,33564
/data/Dataset/train/train/clip_05304.wav,42175
/data/Dataset/train/train/clip_05305.wav,56590
/data/Dataset/train/train/clip_05306.wav,43243
/data/Dataset/train/train/clip_05307.wav,34167
/data/Dataset/train/train/clip_05308.wav,27121
/data/Dataset/train/train/clip_05309.wav,35235
/data/Dataset/train/train/clip_05310.wav,33634
/data/Dataset/train/train/clip_05311.wav,28349
/data/Dataset/train/train/clip_05312.wav,54988
/data/Dataset/test/test/clip_05313.wav,48048
/data/Dataset/train/train/clip_05314.wav,32566
/data/Dataset/train/train/clip_05315.wav,59793
/data/Dataset/train/train/clip_05316.wav,38438
/data/Dataset/train/train/clip_05317.wav,37905
/data/Dataset/train/train/clip_05318.wav,42175
/data/Dataset/test/test/clip_05319.wav,45912
/data/Dataset/train/train/clip_05320.wav,49116
/data/Dataset/test/test/clip_05321.wav,38438
/data/Dataset/train/train/clip_05322.wav,37371
/data/Dataset/train/train/clip_05323.wav,31079
/data/Dataset/train/train/clip_05324.wav,60861
/data/Dataset/test/test/clip_05325.wav,50183
/data/Dataset/train/train/clip_05326.wav,38438
/data/Dataset/train/train/clip_05327.wav,42709
/data/Dataset/test/test/clip_05328.wav,44311
/data/Dataset/train/train/clip_05329.wav,58725
/data/Dataset/train/train/clip_05330.wav,33100
/data/Dataset/test/test/clip_05331.wav,37371
/data/Dataset/train/train/clip_05332.wav,37904
/data/Dataset/train/train/clip_05333.wav,34084
/data/Dataset/train/train/clip_05334.wav,29988
/data/Dataset/train/train/clip_05335.wav,41108
/data/Dataset/test/test/clip_05336.wav,38438
/data/Dataset/train/train/clip_05337.wav,36523
/data/Dataset/test/test/clip_05338.wav,40574
/data/Dataset/train/train/clip_05339.wav,36523
/data/Dataset/train/train/clip_05340.wav,36303
/data/Dataset/train/train/clip_05341.wav,47514
/data/Dataset/train/train/clip_05342.wav,41108
/data/Dataset/train/train/clip_05343.wav,37371
/data/Dataset/train/train/clip_05344.wav,46980
/data/Dataset/test/test/clip_05345.wav,47514
/data/Dataset/train/train/clip_05346.wav,32566
/data/Dataset/train/train/clip_05347.wav,40998
/data/Dataset/train/train/clip_05348.wav,62996
/data/Dataset/train/train/clip_05349.wav,25189
/data/Dataset/train/train/clip_05350.wav,46446
/data/Dataset/test/test/clip_05351.wav,61395
/data/Dataset/train/train/clip_05352.wav,28237
/data/Dataset/train/train/clip_05353.wav,36303
/data/Dataset/train/train/clip_05354.wav,31035
/data/Dataset/train/train/clip_05355.wav,57124
/data/Dataset/train/train/clip_05356.wav,47514
/data/Dataset/train/train/clip_05357.wav,26279
/data/Dataset/test/test/clip_05358.wav,32032
/data/Dataset/train/train/clip_05359.wav,27761
/data/Dataset/test/test/clip_05360.wav,48582
/data/Dataset/train/train/clip_05361.wav,61929
/data/Dataset/train/train/clip_05362.wav,43777
/data/Dataset/train/train/clip_05363.wav,37371
/data/Dataset/train/train/clip_05364.wav,59793
/data/Dataset/test/test/clip_05365.wav,34167
/data/Dataset/train/train/clip_05366.wav,51251
/data/Dataset/train/train/clip_05367.wav,32032
/data/Dataset/train/train/clip_05368.wav,46446
/data/Dataset/train/train/clip_05369.wav,61395
/data/Dataset/train/train/clip_05370.wav,27227
/data/Dataset/train/train/clip_05371.wav,69937
/data/Dataset/train/train/clip_05372.wav,35235
/data/Dataset/train/train/clip_05373.wav,26102
/data/Dataset/test/test/clip_05374.wav,45379
/data/Dataset/test/test/clip_05375.wav,55522
/data/Dataset/train/train/clip_05376.wav,36523
/data/Dataset/train/train/clip_05377.wav,42709
/data/Dataset/train/train/clip_05378.wav,68335
/data/Dataset/train/train/clip_05379.wav,40040
/data/Dataset/test/test/clip_05380.wav,49650
/data/Dataset/train/train/clip_05381.wav,40040
/data/Dataset/train/train/clip_05382.wav,36409
/data/Dataset/train/train/clip_05383.wav,41642
/data/Dataset/train/train/clip_05384.wav,36523
/data/Dataset/test/test/clip_05385.wav,44845
/data/Dataset/train/train/clip_05386.wav,46446
/data/Dataset/train/train/clip_05387.wav,45913
/data/Dataset/train/train/clip_05388.wav,42175
/data/Dataset/train/train/clip_05389.wav,25342
/data/Dataset/test/test/clip_05390.wav,43243
/data/Dataset/train/train/clip_05391.wav,29981
/data/Dataset/train/train/clip_05392.wav,35235
/data/Dataset/train/train/clip_05393.wav,51785
/data/Dataset/train/train/clip_05394.wav,30126
/data/Dataset/train/train/clip_05395.wav,38898
/data/Dataset/train/train/clip_05396.wav,49650
/data/Dataset/train/train/clip_05397.wav,34592
/data/Dataset/test/test/clip_05398.wav,40574
/data/Dataset/train/train/clip_05399.wav,34625
/data/Dataset/train/train/clip_05400.wav,36837
/data/Dataset/train/train/clip_05401.wav,40574
/data/Dataset/train/train/clip_05402.wav,35865
/data/Dataset/train/train/clip_05403.wav,38972
/data/Dataset/train/train/clip_05404.wav,45913
/data/Dataset/train/train/clip_05405.wav,38972
/data/Dataset/train/train/clip_05406.wav,42530
/data/Dataset/train/train/clip_05407.wav,34513
/data/Dataset/train/train/clip_05408.wav,31737
/data/Dataset/train/train/clip_05409.wav,38972
/data/Dataset/train/train/clip_05410.wav,44311
/data/Dataset/train/train/clip_05411.wav,37371
/data/Dataset/train/train/clip_05412.wav,61395
/data/Dataset/train/train/clip_05413.wav,48048
/data/Dataset/train/train/clip_05414.wav,36837
/data/Dataset/train/train/clip_05415.wav,34701
/data/Dataset/train/train/clip_05416.wav,27540
/data/Dataset/train/train/clip_05417.wav,31677
/data/Dataset/train/train/clip_05418.wav,34838
/data/Dataset/train/train/clip_05419.wav,42175
/data/Dataset/train/train/clip_05420.wav,33100
/data/Dataset/train/train/clip_05421.wav,55522
/data/Dataset/train/train/clip_05422.wav,37905
/data/Dataset/train/train/clip_05423.wav,40040
/data/Dataset/train/train/clip_05424.wav,59793
/data/Dataset/train/train/clip_05425.wav,34161
/data/Dataset/train/train/clip_05426.wav,23975
/data/Dataset/train/train/clip_05427.wav,37904
/data/Dataset/train/train/clip_05428.wav,45912
/data/Dataset/train/train/clip_05429.wav,54988
/data/Dataset/test/test/clip_05430.wav,36303
/data/Dataset/train/train/clip_05431.wav,31498
/data/Dataset/train/train/clip_05432.wav,32032
/data/Dataset/train/train/clip_05433.wav,37538
/data/Dataset/test/test/clip_05434.wav,43777
/data/Dataset/train/train/clip_05435.wav,33634
/data/Dataset/train/train/clip_05436.wav,33634
/data/Dataset/train/train/clip_05437.wav,42175
/data/Dataset/train/train/clip_05438.wav,38972
/data/Dataset/train/train/clip_05439.wav,38438
/data/Dataset/test/test/clip_05440.wav,38972
/data/Dataset/train/train/clip_05441.wav,41642
/data/Dataset/train/train/clip_05442.wav,37904
/data/Dataset/test/test/clip_05443.wav,49649
/data/Dataset/train/train/clip_05444.wav,32032
/data/Dataset/train/train/clip_05445.wav,30187
/data/Dataset/train/train/clip_05446.wav,39506
/data/Dataset/train/train/clip_05447.wav,28935
/data/Dataset/train/train/clip_05448.wav,29363
/data/Dataset/train/train/clip_05449.wav,33068
/data/Dataset/train/train/clip_05450.wav,58725
/data/Dataset/train/train/clip_05451.wav,39506
/data/Dataset/test/test/clip_05452.wav,51785
/data/Dataset/train/train/clip_05453.wav,37289
/data/Dataset/train/train/clip_05454.wav,45912
/data/Dataset/test/test/clip_05455.wav,28295
/data/Dataset/train/train/clip_05456.wav,34167
/data/Dataset/test/test/clip_05457.wav,38972
/data/Dataset/train/train/clip_05458.wav,36187
/data/Dataset/train/train/clip_05459.wav,37905
/data/Dataset/train/train/clip_05460.wav,38972
/data/Dataset/train/train/clip_05461.wav,29363
/data/Dataset/train/train/clip_05462.wav,59259
/data/Dataset/train/train/clip_05463.wav,43236
/data/Dataset/train/train/clip_05464.wav,33100
/data/Dataset/train/train/clip_05465.wav,48048
/data/Dataset/train/train/clip_05466.wav,31372
/data/Dataset/train/train/clip_05467.wav,32307
/data/Dataset/train/train/clip_05468.wav,34701
/data/Dataset/train/train/clip_05469.wav,61928
/data/Dataset/train/train/clip_05470.wav,30964
/data/Dataset/train/train/clip_05471.wav,57124
/data/Dataset/train/train/clip_05472.wav,36837
/data/Dataset/train/train/clip_05473.wav,60327
/data/Dataset/test/test/clip_05474.wav,41108
/data/Dataset/test/test/clip_05475.wav,39506
/data/Dataset/train/train/clip_05476.wav,38438
/data/Dataset/train/train/clip_05477.wav,36837
/data/Dataset/train/train/clip_05478.wav,46446
/data/Dataset/train/train/clip_05479.wav,38299
/data/Dataset/train/train/clip_05480.wav,31498
/data/Dataset/train/train/clip_05481.wav,38438
/data/Dataset/train/train/clip_05482.wav,51251
/data/Dataset/train/train/clip_05483.wav,36736
/data/Dataset/train/train/clip_05484.wav,43243
/data/Dataset/test/test/clip_05485.wav,61395
/data/Dataset/train/train/clip_05486.wav,52319
/data/Dataset/train/train/clip_05487.wav,36190
/data/Dataset/test/test/clip_05488.wav,50717
/data/Dataset/train/train/clip_05489.wav,42175
/data/Dataset/test/test/clip_05490.wav,53921
/data/Dataset/train/train/clip_05491.wav,35320
/data/Dataset/train/train/clip_05492.wav,33634
/data/Dataset/train/train/clip_05493.wav,32032
/data/Dataset/train/train/clip_05494.wav,60327
/data/Dataset/train/train/clip_05495.wav,32032
/data/Dataset/train/train/clip_05496.wav,42175
/data/Dataset/train/train/clip_05497.wav,44845
/data/Dataset/test/test/clip_05498.wav,65132
/data/Dataset/train/train/clip_05499.wav,40040
/data/Dataset/train/train/clip_05500.wav,41108
/data/Dataset/train/train/clip_05501.wav,37905
/data/Dataset/train/train/clip_05502.wav,31548
/data/Dataset/test/test/clip_05503.wav,53920
/data/Dataset/train/train/clip_05504.wav,38972
/data/Dataset/train/train/clip_05505.wav,28660
/data/Dataset/train/train/clip_05506.wav,66199
/data/Dataset/test/test/clip_05507.wav,53921
/data/Dataset/train/train/clip_05508.wav,45913
/data/Dataset/train/train/clip_05509.wav,63530
/data/Dataset/train/train/clip_05510.wav,31682
/data/Dataset/train/train/clip_05511.wav,32620
/data/Dataset/train/train/clip_05512.wav,43243
/data/Dataset/train/train/clip_05513.wav,65132
/data/Dataset/train/train/clip_05514.wav,39506
/data/Dataset/train/train/clip_05515.wav,41108
/data/Dataset/train/train/clip_05516.wav,36837
/data/Dataset/train/train/clip_05517.wav,45662
/data/Dataset/train/train/clip_05518.wav,35235
/data/Dataset/train/train/clip_05519.wav,56056
/data/Dataset/train/train/clip_05520.wav,32726
/data/Dataset/train/train/clip_05521.wav,35299
/data/Dataset/test/test/clip_05522.wav,35235
/data/Dataset/train/train/clip_05523.wav,42709
/data/Dataset/train/train/clip_05524.wav,37371
/data/Dataset/test/test/clip_05525.wav,58192
/data/Dataset/train/train/clip_05526.wav,52853
/data/Dataset/train/train/clip_05527.wav,55522
/data/Dataset/train/train/clip_05528.wav,35285
/data/Dataset/train/train/clip_05529.wav,37371
/data/Dataset/train/train/clip_05530.wav,32566
/data/Dataset/test/test/clip_05531.wav,46980
/data/Dataset/train/train/clip_05532.wav,39506
/data/Dataset/train/train/clip_05533.wav,48582
/data/Dataset/train/train/clip_05534.wav,46446
/data/Dataset/train/train/clip_05535.wav,37371
/data/Dataset/test/test/clip_05536.wav,45379
/data/Dataset/train/train/clip_05537.wav,63530
/data/Dataset/train/train/clip_05538.wav,47514
/data/Dataset/test/test/clip_05539.wav,32032
/data/Dataset/train/train/clip_05540.wav,40930
/data/Dataset/train/train/clip_05541.wav,29896
/data/Dataset/train/train/clip_05542.wav,44845
/data/Dataset/train/train/clip_05543.wav,44311
/data/Dataset/train/train/clip_05544.wav,37371
/data/Dataset/test/test/clip_05545.wav,44311
/data/Dataset/train/train/clip_05546.wav,58191
/data/Dataset/train/train/clip_05547.wav,42175
/data/Dataset/train/train/clip_05548.wav,37371
/data/Dataset/train/train/clip_05549.wav,41642
/data/Dataset/train/train/clip_05550.wav,30964
/data/Dataset/train/train/clip_05551.wav,57658
/data/Dataset/train/train/clip_05552.wav,62463
/data/Dataset/train/train/clip_05553.wav,28829
/data/Dataset/test/test/clip_05554.wav,38438
/data/Dataset/test/test/clip_05555.wav,50183
/data/Dataset/train/train/clip_05556.wav,40040
/data/Dataset/train/train/clip_05557.wav,42709
/data/Dataset/test/test/clip_05558.wav,34701
/data/Dataset/train/train/clip_05559.wav,43243
/data/Dataset/train/train/clip_05560.wav,41108
/data/Dataset/train/train/clip_05561.wav,56590
/data/Dataset/train/train/clip_05562.wav,66733
/data/Dataset/test/test/clip_05563.wav,47514
/data/Dataset/train/train/clip_05564.wav,35974
/data/Dataset/train/train/clip_05565.wav,36523
/data/Dataset/test/test/clip_05566.wav,45379
/data/Dataset/train/train/clip_05567.wav,38438
/data/Dataset/train/train/clip_05568.wav,34071
/data/Dataset/train/train/clip_05569.wav,32032
/data/Dataset/train/train/clip_05570.wav,36303
/data/Dataset/train/train/clip_05571.wav,36409
/data/Dataset/train/train/clip_05572.wav,40673
/data/Dataset/test/test/clip_05573.wav,30430
/data/Dataset/train/train/clip_05574.wav,42709
/data/Dataset/train/train/clip_05575.wav,36303
/data/Dataset/train/train/clip_05576.wav,37371
/data/Dataset/train/train/clip_05577.wav,34803
/data/Dataset/train/train/clip_05578.wav,42074
/data/Dataset/train/train/clip_05579.wav,59259
/data/Dataset/train/train/clip_05580.wav,37082
/data/Dataset/train/train/clip_05581.wav,41108
/data/Dataset/train/train/clip_05582.wav,27272
/data/Dataset/train/train/clip_05583.wav,40574
/data/Dataset/train/train/clip_05584.wav,33226
/data/Dataset/train/train/clip_05585.wav,31269
/data/Dataset/train/train/clip_05586.wav,37371
/data/Dataset/train/train/clip_05587.wav,32290
/data/Dataset/train/train/clip_05588.wav,37371
/data/Dataset/test/test/clip_05589.wav,42175
/data/Dataset/test/test/clip_05590.wav,53387
/data/Dataset/train/train/clip_05591.wav,48048
/data/Dataset/train/train/clip_05592.wav,33634
/data/Dataset/train/train/clip_05593.wav,31498
/data/Dataset/train/train/clip_05594.wav,54454
/data/Dataset/train/train/clip_05595.wav,50717
/data/Dataset/train/train/clip_05596.wav,35235
/data/Dataset/test/test/clip_05597.wav,32032
/data/Dataset/train/train/clip_05598.wav,57658
/data/Dataset/train/train/clip_05599.wav,53920
/data/Dataset/train/train/clip_05600.wav,30904
/data/Dataset/train/train/clip_05601.wav,41108
/data/Dataset/train/train/clip_05602.wav,33634
/data/Dataset/train/train/clip_05603.wav,49116
/data/Dataset/test/test/clip_05604.wav,57658
/data/Dataset/train/train/clip_05605.wav,30964
/data/Dataset/train/train/clip_05606.wav,38365
/data/Dataset/train/train/clip_05607.wav,27730
/data/Dataset/train/train/clip_05608.wav,38972
/data/Dataset/test/test/clip_05609.wav,54454
/data/Dataset/train/train/clip_05610.wav,30417
/data/Dataset/train/train/clip_05611.wav,31644
/data/Dataset/train/train/clip_05612.wav,36837
/data/Dataset/train/train/clip_05613.wav,29897
/data/Dataset/train/train/clip_05614.wav,36837
/data/Dataset/test/test/clip_05615.wav,32032
/data/Dataset/train/train/clip_05616.wav,36303
/data/Dataset/train/train/clip_05617.wav,30964
/data/Dataset/train/train/clip_05618.wav,29897
/data/Dataset/train/train/clip_05619.wav,32032
/data/Dataset/train/train/clip_05620.wav,60327
/data/Dataset/train/train/clip_05621.wav,42175
/data/Dataset/train/train/clip_05622.wav,32032
/data/Dataset/train/train/clip_05623.wav,26698
/data/Dataset/train/train/clip_05624.wav,34701
/data/Dataset/train/train/clip_05625.wav,26159
/data/Dataset/train/train/clip_05626.wav,36523
/data/Dataset/train/train/clip_05627.wav,30964
/data/Dataset/train/train/clip_05628.wav,26693
/data/Dataset/train/train/clip_05629.wav,34819
/data/Dataset/train/train/clip_05630.wav,41642
/data/Dataset/train/train/clip_05631.wav,38972
/data/Dataset/train/train/clip_05632.wav,48582
/data/Dataset/train/train/clip_05633.wav,49650
/data/Dataset/train/train/clip_05634.wav,43243
/data/Dataset/train/train/clip_05635.wav,54988
/data/Dataset/test/test/clip_05636.wav,36409
/data/Dataset/train/train/clip_05637.wav,67801
/data/Dataset/train/train/clip_05638.wav,43243
/data/Dataset/train/train/clip_05639.wav,26809
/data/Dataset/train/train/clip_05640.wav,48048
/data/Dataset/train/train/clip_05641.wav,48048
/data/Dataset/train/train/clip_05642.wav,51785
/data/Dataset/test/test/clip_05643.wav,28829
/data/Dataset/train/train/clip_05644.wav,53920
/data/Dataset/train/train/clip_05645.wav,42175
/data/Dataset/train/train/clip_05646.wav,61395
/data/Dataset/train/train/clip_05647.wav,43243
/data/Dataset/train/train/clip_05648.wav,38438
/data/Dataset/train/train/clip_05649.wav,41130
/data/Dataset/test/test/clip_05650.wav,33100
/data/Dataset/test/test/clip_05651.wav,53920
/data/Dataset/train/train/clip_05652.wav,37904
/data/Dataset/train/train/clip_05653.wav,40040
/data/Dataset/train/train/clip_05654.wav,48048
/data/Dataset/train/train/clip_05655.wav,33430
/data/Dataset/train/train/clip_05656.wav,37371
/data/Dataset/train/train/clip_05657.wav,61928
/data/Dataset/train/train/clip_05658.wav,35006
/data/Dataset/train/train/clip_05659.wav,40040
/data/Dataset/train/train/clip_05660.wav,31738
/data/Dataset/train/train/clip_05661.wav,40666
/data/Dataset/train/train/clip_05662.wav,32595
/data/Dataset/train/train/clip_05663.wav,32566
/data/Dataset/train/train/clip_05664.wav,32566
/data/Dataset/test/test/clip_05665.wav,36409
/data/Dataset/train/train/clip_05666.wav,36303
/data/Dataset/train/train/clip_05667.wav,64598
/data/Dataset/train/train/clip_05668.wav,30158
/data/Dataset/train/train/clip_05669.wav,35164
/data/Dataset/train/train/clip_05670.wav,32566
/data/Dataset/train/train/clip_05671.wav,54988
/data/Dataset/train/train/clip_05672.wav,48048
/data/Dataset/train/train/clip_05673.wav,30964
/data/Dataset/train/train/clip_05674.wav,40040
/data/Dataset/train/train/clip_05675.wav,41108
/data/Dataset/train/train/clip_05676.wav,33319
/data/Dataset/train/train/clip_05677.wav,34167
/data/Dataset/train/train/clip_05678.wav,36837
/data/Dataset/train/train/clip_05679.wav,30964
/data/Dataset/train/train/clip_05680.wav,42236
/data/Dataset/test/test/clip_05681.wav,42709
/data/Dataset/test/test/clip_05682.wav,59259
/data/Dataset/train/train/clip_05683.wav,40039
/data/Dataset/train/train/clip_05684.wav,40061
/data/Dataset/train/train/clip_05685.wav,34167
/data/Dataset/train/train/clip_05686.wav,59793
/data/Dataset/train/train/clip_05687.wav,35504
/data/Dataset/train/train/clip_05688.wav,37727
/data/Dataset/train/train/clip_05689.wav,59793
/data/Dataset/train/train/clip_05690.wav,38438
/data/Dataset/train/train/clip_05691.wav,35433
/data/Dataset/test/test/clip_05692.wav,56590
/data/Dataset/train/train/clip_05693.wav,61395
/data/Dataset/train/train/clip_05694.wav,36837
/data/Dataset/train/train/clip_05695.wav,36303
/data/Dataset/train/train/clip_05696.wav,53920
/data/Dataset/train/train/clip_05697.wav,40040
/data/Dataset/train/train/clip_05698.wav,41642
/data/Dataset/train/train/clip_05699.wav,24639
/data/Dataset/test/test/clip_05700.wav,37371
/data/Dataset/train/train/clip_05701.wav,40040
/data/Dataset/train/train/clip_05702.wav,41108
/data/Dataset/test/test/clip_05703.wav,60327
/data/Dataset/train/train/clip_05704.wav,42175
/data/Dataset/train/train/clip_05705.wav,33634
/data/Dataset/train/train/clip_05706.wav,41108
/data/Dataset/train/train/clip_05707.wav,28177
/data/Dataset/train/train/clip_05708.wav,36303
/data/Dataset/train/train/clip_05709.wav,36113
/data/Dataset/train/train/clip_05710.wav,31391
/data/Dataset/train/train/clip_05711.wav,38438
/data/Dataset/train/train/clip_05712.wav,45379
/data/Dataset/test/test/clip_05713.wav,33634
/data/Dataset/train/train/clip_05714.wav,32151
/data/Dataset/train/train/clip_05715.wav,31610
/data/Dataset/train/train/clip_05716.wav,58725
/data/Dataset/train/train/clip_05717.wav,58725
/data/Dataset/train/train/clip_05718.wav,34612
/data/Dataset/test/test/clip_05719.wav,42709
/data/Dataset/train/train/clip_05720.wav,38771
/data/Dataset/train/train/clip_05721.wav,43777
/data/Dataset/train/train/clip_05722.wav,56590
/data/Dataset/train/train/clip_05723.wav,53921
/data/Dataset/train/train/clip_05724.wav,44311
/data/Dataset/train/train/clip_05725.wav,34418
/data/Dataset/train/train/clip_05726.wav,41642
/data/Dataset/train/train/clip_05727.wav,54988
/data/Dataset/train/train/clip_05728.wav,37174
/data/Dataset/train/train/clip_05729.wav,40245
/data/Dataset/test/test/clip_05730.wav,32032
/data/Dataset/train/train/clip_05731.wav,39561
/data/Dataset/train/train/clip_05732.wav,35235
/data/Dataset/train/train/clip_05733.wav,42175
/data/Dataset/train/train/clip_05734.wav,27664
/data/Dataset/test/test/clip_05735.wav,49116
/data/Dataset/train/train/clip_05736.wav,54454
/data/Dataset/train/train/clip_05737.wav,37905
/data/Dataset/train/train/clip_05738.wav,25092
/data/Dataset/train/train/clip_05739.wav,44845
/data/Dataset/train/train/clip_05740.wav,31554
/data/Dataset/train/train/clip_05741.wav,31607
/data/Dataset/train/train/clip_05742.wav,36135
/data/Dataset/train/train/clip_05743.wav,31498
/data/Dataset/train/train/clip_05744.wav,45379
/data/Dataset/test/test/clip_05745.wav,48582
/data/Dataset/train/train/clip_05746.wav,41642
/data/Dataset/train/train/clip_05747.wav,59793
/data/Dataset/train/train/clip_05748.wav,41040
/data/Dataset/train/train/clip_05749.wav,29030
/data/Dataset/train/train/clip_05750.wav,39037
/data/Dataset/train/train/clip_05751.wav,33100
/data/Dataset/train/train/clip_05752.wav,42709
/data/Dataset/train/train/clip_05753.wav,36837
/data/Dataset/train/train/clip_05754.wav,38972
/data/Dataset/test/test/clip_05755.wav,36837
/data/Dataset/train/train/clip_05756.wav,48048
/data/Dataset/train/train/clip_05757.wav,26991
/data/Dataset/test/test/clip_05758.wav,50183
/data/Dataset/train/train/clip_05759.wav,45379
/data/Dataset/train/train/clip_05760.wav,37371
/data/Dataset/train/train/clip_05761.wav,39506
/data/Dataset/train/train/clip_05762.wav,27036
/data/Dataset/train/train/clip_05763.wav,45379
/data/Dataset/test/test/clip_05764.wav,36837
/data/Dataset/test/test/clip_05765.wav,58192
/data/Dataset/train/train/clip_05766.wav,41642
/data/Dataset/train/train/clip_05767.wav,56056
/data/Dataset/train/train/clip_05768.wav,31498
/data/Dataset/train/train/clip_05769.wav,35235
/data/Dataset/train/train/clip_05770.wav,40040
/data/Dataset/train/train/clip_05771.wav,40574
/data/Dataset/train/train/clip_05772.wav,33100
/data/Dataset/train/train/clip_05773.wav,30026
/data/Dataset/train/train/clip_05774.wav,38972
/data/Dataset/train/train/clip_05775.wav,40040
/data/Dataset/train/train/clip_05776.wav,32032
/data/Dataset/train/train/clip_05777.wav,28497
/data/Dataset/train/train/clip_05778.wav,42175
/data/Dataset/train/train/clip_05779.wav,56590
/data/Dataset/train/train/clip_05780.wav,41108
/data/Dataset/train/train/clip_05781.wav,59793
/data/Dataset/train/train/clip_05782.wav,56056
/data/Dataset/train/train/clip_05783.wav,26693
/data/Dataset/train/train/clip_05784.wav,41108
/data/Dataset/train/train/clip_05785.wav,52853
/data/Dataset/train/train/clip_05786.wav,32032
/data/Dataset/test/test/clip_05787.wav,36837
/data/Dataset/train/train/clip_05788.wav,37904
/data/Dataset/test/test/clip_05789.wav,52853
/data/Dataset/test/test/clip_05790.wav,32566
/data/Dataset/train/train/clip_05791.wav,41108
/data/Dataset/train/train/clip_05792.wav,36837
/data/Dataset/train/train/clip_05793.wav,26808
/data/Dataset/test/test/clip_05794.wav,61929
/data/Dataset/train/train/clip_05795.wav,32441
/data/Dataset/train/train/clip_05796.wav,49116
/data/Dataset/train/train/clip_05797.wav,41108
/data/Dataset/train/train/clip_05798.wav,24009
/data/Dataset/train/train/clip_05799.wav,40040
/data/Dataset/train/train/clip_05800.wav,43243
/data/Dataset/train/train/clip_05801.wav,33634
/data/Dataset/train/train/clip_05802.wav,23165
/data/Dataset/train/train/clip_05803.wav,34580
/data/Dataset/test/test/clip_05804.wav,41108
/data/Dataset/train/train/clip_05805.wav,43243
/data/Dataset/train/train/clip_05806.wav,57657
/data/Dataset/train/train/clip_05807.wav,23128
/data/Dataset/test/test/clip_05808.wav,50183
/data/Dataset/test/test/clip_05809.wav,39506
/data/Dataset/train/train/clip_05810.wav,35769
/data/Dataset/train/train/clip_05811.wav,60327
/data/Dataset/train/train/clip_05812.wav,38972
/data/Dataset/train/train/clip_05813.wav,37904
/data/Dataset/train/train/clip_05814.wav,51251
/data/Dataset/train/train/clip_05815.wav,60327
/data/Dataset/train/train/clip_05816.wav,50717
/data/Dataset/test/test/clip_05817.wav,40040
/data/Dataset/test/test/clip_05818.wav,40574
/data/Dataset/test/test/clip_05819.wav,38438
/data/Dataset/train/train/clip_05820.wav,29363
/data/Dataset/train/train/clip_05821.wav,37905
/data/Dataset/train/train/clip_05822.wav,59793
/data/Dataset/train/train/clip_05823.wav,36259
/data/Dataset/test/test/clip_05824.wav,38972
/data/Dataset/test/test/clip_05825.wav,46446
/data/Dataset/train/train/clip_05826.wav,34701
/data/Dataset/train/train/clip_05827.wav,37371
/data/Dataset/test/test/clip_05828.wav,60861
/data/Dataset/train/train/clip_05829.wav,61395
/data/Dataset/train/train/clip_05830.wav,35235
/data/Dataset/train/train/clip_05831.wav,30964
/data/Dataset/train/train/clip_05832.wav,33768
/data/Dataset/train/train/clip_05833.wav,38438
/data/Dataset/train/train/clip_05834.wav,54454
/data/Dataset/train/train/clip_05835.wav,30725
/data/Dataset/test/test/clip_05836.wav,45913
/data/Dataset/test/test/clip_05837.wav,34701
/data/Dataset/train/train/clip_05838.wav,65132
/data/Dataset/train/train/clip_05839.wav,40595
/data/Dataset/test/test/clip_05840.wav,34167
/data/Dataset/train/train/clip_05841.wav,30964
/data/Dataset/train/train/clip_05842.wav,43243
/data/Dataset/train/train/clip_05843.wav,25849
/data/Dataset/train/train/clip_05844.wav,30964
/data/Dataset/train/train/clip_05845.wav,38972
/data/Dataset/train/train/clip_05846.wav,28295
/data/Dataset/train/train/clip_05847.wav,45379
/data/Dataset/train/train/clip_05848.wav,38972
/data/Dataset/train/train/clip_05849.wav,32566
/data/Dataset/train/train/clip_05850.wav,37916
/data/Dataset/train/train/clip_05851.wav,29363
/data/Dataset/train/train/clip_05852.wav,32032
/data/Dataset/train/train/clip_05853.wav,36409
/data/Dataset/train/train/clip_05854.wav,38548
/data/Dataset/train/train/clip_05855.wav,24768
/data/Dataset/train/train/clip_05856.wav,37904
/data/Dataset/train/train/clip_05857.wav,28295
/data/Dataset/test/test/clip_05858.wav,48582
/data/Dataset/train/train/clip_05859.wav,38282
/data/Dataset/train/train/clip_05860.wav,25626
/data/Dataset/train/train/clip_05861.wav,37371
/data/Dataset/test/test/clip_05862.wav,27761
/data/Dataset/train/train/clip_05863.wav,26799
/data/Dataset/train/train/clip_05864.wav,41642
/data/Dataset/train/train/clip_05865.wav,26145
/data/Dataset/train/train/clip_05866.wav,32032
/data/Dataset/train/train/clip_05867.wav,48582
/data/Dataset/train/train/clip_05868.wav,41642
/data/Dataset/train/train/clip_05869.wav,74741
/data/Dataset/train/train/clip_05870.wav,39506
/data/Dataset/train/train/clip_05871.wav,35235
/data/Dataset/train/train/clip_05872.wav,26859
/data/Dataset/test/test/clip_05873.wav,36303
/data/Dataset/train/train/clip_05874.wav,57658
/data/Dataset/test/test/clip_05875.wav,55522
/data/Dataset/train/train/clip_05876.wav,49116
/data/Dataset/train/train/clip_05877.wav,36837
/data/Dataset/test/test/clip_05878.wav,39506
/data/Dataset/train/train/clip_05879.wav,36837
/data/Dataset/train/train/clip_05880.wav,50183
/data/Dataset/train/train/clip_05881.wav,32032
/data/Dataset/train/train/clip_05882.wav,58191
/data/Dataset/test/test/clip_05883.wav,36303
/data/Dataset/train/train/clip_05884.wav,31535
/data/Dataset/train/train/clip_05885.wav,46446
/data/Dataset/train/train/clip_05886.wav,30944
/data/Dataset/train/train/clip_05887.wav,32681
/data/Dataset/train/train/clip_05888.wav,34701
/data/Dataset/test/test/clip_05889.wav,42709
/data/Dataset/train/train/clip_05890.wav,25960
/data/Dataset/test/test/clip_05891.wav,68869
/data/Dataset/train/train/clip_05892.wav,52853
/data/Dataset/train/train/clip_05893.wav,37664
/data/Dataset/train/train/clip_05894.wav,54988
/data/Dataset/train/train/clip_05895.wav,24751
/data/Dataset/train/train/clip_05896.wav,51785
/data/Dataset/test/test/clip_05897.wav,52319
/data/Dataset/train/train/clip_05898.wav,40040
/data/Dataset/train/train/clip_05899.wav,45379
/data/Dataset/train/train/clip_05900.wav,54454
/data/Dataset/test/test/clip_05901.wav,41108
/data/Dataset/train/train/clip_05902.wav,40340
/data/Dataset/test/test/clip_05903.wav,41108
/data/Dataset/test/test/clip_05904.wav,43777
/data/Dataset/train/train/clip_05905.wav,45379
/data/Dataset/train/train/clip_05906.wav,40538
/data/Dataset/train/train/clip_05907.wav,41642
/data/Dataset/train/train/clip_05908.wav,38438
/data/Dataset/train/train/clip_05909.wav,48048
/data/Dataset/train/train/clip_05910.wav,36837
/data/Dataset/train/train/clip_05911.wav,37905
/data/Dataset/train/train/clip_05912.wav,42175
/data/Dataset/train/train/clip_05913.wav,34701
/data/Dataset/train/train/clip_05914.wav,28587
/data/Dataset/train/train/clip_05915.wav,33634
/data/Dataset/train/train/clip_05916.wav,45912
/data/Dataset/train/train/clip_05917.wav,60327
/data/Dataset/test/test/clip_05918.wav,31498
/data/Dataset/train/train/clip_05919.wav,36409
/data/Dataset/train/train/clip_05920.wav,58191
/data/Dataset/train/train/clip_05921.wav,33321
/data/Dataset/train/train/clip_05922.wav,41642
/data/Dataset/train/train/clip_05923.wav,20065
/data/Dataset/test/test/clip_05924.wav,28829
/data/Dataset/train/train/clip_05925.wav,46980
/data/Dataset/train/train/clip_05926.wav,61395
/data/Dataset/test/test/clip_05927.wav,36837
/data/Dataset/train/train/clip_05928.wav,58191
/data/Dataset/train/train/clip_05929.wav,29896
/data/Dataset/train/train/clip_05930.wav,20609
/data/Dataset/train/train/clip_05931.wav,43777
/data/Dataset/train/train/clip_05932.wav,31769
/data/Dataset/train/train/clip_05933.wav,34167
/data/Dataset/train/train/clip_05934.wav,39506
/data/Dataset/train/train/clip_05935.wav,30430
/data/Dataset/test/test/clip_05936.wav,45912
/data/Dataset/train/train/clip_05937.wav,31818
/data/Dataset/train/train/clip_05938.wav,51785
/data/Dataset/train/train/clip_05939.wav,36985
/data/Dataset/train/train/clip_05940.wav,33634
/data/Dataset/train/train/clip_05941.wav,33100
/data/Dataset/train/train/clip_05942.wav,32566
/data/Dataset/train/train/clip_05943.wav,37905
/data/Dataset/train/train/clip_05944.wav,44845
/data/Dataset/train/train/clip_05945.wav,43030
/data/Dataset/train/train/clip_05946.wav,42709
/data/Dataset/test/test/clip_05947.wav,39506
/data/Dataset/test/test/clip_05948.wav,42709
/data/Dataset/train/train/clip_05949.wav,70471
/data/Dataset/train/train/clip_05950.wav,38363
/data/Dataset/train/train/clip_05951.wav,36980
/data/Dataset/train/train/clip_05952.wav,28295
/data/Dataset/train/train/clip_05953.wav,30964
/data/Dataset/train/train/clip_05954.wav,30964
/data/Dataset/test/test/clip_05955.wav,39506
/data/Dataset/train/train/clip_05956.wav,38438
/data/Dataset/test/test/clip_05957.wav,28295
/data/Dataset/train/train/clip_05958.wav,31308
/data/Dataset/test/test/clip_05959.wav,42709
/data/Dataset/test/test/clip_05960.wav,42709
/data/Dataset/train/train/clip_05961.wav,42709
/data/Dataset/train/train/clip_05962.wav,46980
/data/Dataset/train/train/clip_05963.wav,32237
/data/Dataset/train/train/clip_05964.wav,55522
/data/Dataset/train/train/clip_05965.wav,24293
/data/Dataset/test/test/clip_05966.wav,52319
/data/Dataset/train/train/clip_05967.wav,29168
/data/Dataset/test/test/clip_05968.wav,35769
/data/Dataset/train/train/clip_05969.wav,45379
/data/Dataset/train/train/clip_05970.wav,41787
/data/Dataset/train/train/clip_05971.wav,42709
/data/Dataset/test/test/clip_05972.wav,56590
/data/Dataset/train/train/clip_05973.wav,48048
/data/Dataset/train/train/clip_05974.wav,27227
/data/Dataset/train/train/clip_05975.wav,26148
/data/Dataset/train/train/clip_05976.wav,59259
/data/Dataset/train/train/clip_05977.wav,36303
/data/Dataset/test/test/clip_05978.wav,36303
/data/Dataset/test/test/clip_05979.wav,29363
/data/Dataset/train/train/clip_05980.wav,38972
/data/Dataset/train/train/clip_05981.wav,46980
/data/Dataset/train/train/clip_05982.wav,42173
/data/Dataset/train/train/clip_05983.wav,27227
/data/Dataset/train/train/clip_05984.wav,33304
/data/Dataset/train/train/clip_05985.wav,51785
/data/Dataset/test/test/clip_05986.wav,38972
/data/Dataset/train/train/clip_05987.wav,40574
/data/Dataset/train/train/clip_05988.wav,43777
/data/Dataset/train/train/clip_05989.wav,52853
/data/Dataset/train/train/clip_05990.wav,38921
/data/Dataset/train/train/clip_05991.wav,42709
/data/Dataset/test/test/clip_05992.wav,33100
/data/Dataset/test/test/clip_05993.wav,42709
/data/Dataset/test/test/clip_05994.wav,45912
/data/Dataset/train/train/clip_05995.wav,51251
/data/Dataset/train/train/clip_05996.wav,34701
/data/Dataset/train/train/clip_05997.wav,33634
/data/Dataset/train/train/clip_05998.wav,41108
/data/Dataset/test/test/clip_05999.wav,30964
/data/Dataset/test/test/clip_06000.wav,65132
/data/Dataset/train/train/clip_06001.wav,32566
/data/Dataset/train/train/clip_06002.wav,49650
/data/Dataset/test/test/clip_06003.wav,42709
/data/Dataset/train/train/clip_06004.wav,49650
/data/Dataset/train/train/clip_06005.wav,62462
/data/Dataset/train/train/clip_06006.wav,39506
/data/Dataset/test/test/clip_06007.wav,32032
/data/Dataset/train/train/clip_06008.wav,29179
/data/Dataset/train/train/clip_06009.wav,41108
/data/Dataset/train/train/clip_06010.wav,61395
/data/Dataset/train/train/clip_06011.wav,57124
/data/Dataset/train/train/clip_06012.wav,44845
/data/Dataset/train/train/clip_06013.wav,30965
/data/Dataset/train/train/clip_06014.wav,55522
/data/Dataset/test/test/clip_06015.wav,40574
/data/Dataset/test/test/clip_06016.wav,38438
/data/Dataset/train/train/clip_06017.wav,25626
/data/Dataset/train/train/clip_06018.wav,50183
/data/Dataset/test/test/clip_06019.wav,58725
/data/Dataset/train/train/clip_06020.wav,40055
/data/Dataset/train/train/clip_06021.wav,33432
/data/Dataset/train/train/clip_06022.wav,39506
/data/Dataset/train/train/clip_06023.wav,28856
/data/Dataset/train/train/clip_06024.wav,34167
/data/Dataset/train/train/clip_06025.wav,65132
/data/Dataset/train/train/clip_06026.wav,44311
/data/Dataset/test/test/clip_06027.wav,45912
/data/Dataset/train/train/clip_06028.wav,56590
/data/Dataset/train/train/clip_06029.wav,56590
/data/Dataset/train/train/clip_06030.wav,38936
/data/Dataset/train/train/clip_06031.wav,37821
/data/Dataset/train/train/clip_06032.wav,49650
/data/Dataset/test/test/clip_06033.wav,43243
/data/Dataset/train/train/clip_06034.wav,29363
/data/Dataset/train/train/clip_06035.wav,35235
/data/Dataset/train/train/clip_06036.wav,24034
/data/Dataset/train/train/clip_06037.wav,42175
/data/Dataset/train/train/clip_06038.wav,34516
/data/Dataset/train/train/clip_06039.wav,32032
/data/Dataset/train/train/clip_06040.wav,45912
/data/Dataset/train/train/clip_06041.wav,29981
/data/Dataset/train/train/clip_06042.wav,35235
/data/Dataset/train/train/clip_06043.wav,27983
/data/Dataset/train/train/clip_06044.wav,32015
/data/Dataset/train/train/clip_06045.wav,34825
/data/Dataset/test/test/clip_06046.wav,45912
/data/Dataset/train/train/clip_06047.wav,60861
/data/Dataset/test/test/clip_06048.wav,49650
/data/Dataset/train/train/clip_06049.wav,48048
/data/Dataset/train/train/clip_06050.wav,37743
/data/Dataset/train/train/clip_06051.wav,46980
/data/Dataset/train/train/clip_06052.wav,32910
/data/Dataset/train/train/clip_06053.wav,42709
/data/Dataset/train/train/clip_06054.wav,41108
/data/Dataset/train/train/clip_06055.wav,32032
/data/Dataset/train/train/clip_06056.wav,43243
/data/Dataset/test/test/clip_06057.wav,31498
/data/Dataset/train/train/clip_06058.wav,37371
/data/Dataset/train/train/clip_06059.wav,33634
/data/Dataset/train/train/clip_06060.wav,52853
/data/Dataset/train/train/clip_06061.wav,54454
/data/Dataset/train/train/clip_06062.wav,38438
/data/Dataset/train/train/clip_06063.wav,34701
/data/Dataset/train/train/clip_06064.wav,28829
/data/Dataset/test/test/clip_06065.wav,63530
/data/Dataset/train/train/clip_06066.wav,43777
/data/Dataset/train/train/clip_06067.wav,37904
/data/Dataset/train/train/clip_06068.wav,46446
/data/Dataset/train/train/clip_06069.wav,45379
/data/Dataset/train/train/clip_06070.wav,23724
/data/Dataset/train/train/clip_06071.wav,44311
/data/Dataset/train/train/clip_06072.wav,41108
/data/Dataset/train/train/clip_06073.wav,40040
/data/Dataset/train/train/clip_06074.wav,38438
/data/Dataset/train/train/clip_06075.wav,29066
/data/Dataset/train/train/clip_06076.wav,55522
/data/Dataset/train/train/clip_06077.wav,34303
/data/Dataset/test/test/clip_06078.wav,38438
/data/Dataset/train/train/clip_06079.wav,37957
/data/Dataset/train/train/clip_06080.wav,36523
/data/Dataset/train/train/clip_06081.wav,36837
/data/Dataset/train/train/clip_06082.wav,42709
/data/Dataset/train/train/clip_06083.wav,40040
/data/Dataset/train/train/clip_06084.wav,41108
/data/Dataset/test/test/clip_06085.wav,48582
/data/Dataset/train/train/clip_06086.wav,29897
/data/Dataset/train/train/clip_06087.wav,33634
/data/Dataset/train/train/clip_06088.wav,44845
/data/Dataset/train/train/clip_06089.wav,36578
/data/Dataset/train/train/clip_06090.wav,73674
/data/Dataset/test/test/clip_06091.wav,53921
/data/Dataset/train/train/clip_06092.wav,44845
/data/Dataset/test/test/clip_06093.wav,44845
/data/Dataset/train/train/clip_06094.wav,43777
/data/Dataset/train/train/clip_06095.wav,42175
/data/Dataset/test/test/clip_06096.wav,50183
/data/Dataset/train/train/clip_06097.wav,32032
/data/Dataset/train/train/clip_06098.wav,37371
/data/Dataset/train/train/clip_06099.wav,34517
/data/Dataset/test/test/clip_06100.wav,38972
/data/Dataset/train/train/clip_06101.wav,36523
/data/Dataset/test/test/clip_06102.wav,36409
/data/Dataset/train/train/clip_06103.wav,52853
/data/Dataset/train/train/clip_06104.wav,30964
/data/Dataset/train/train/clip_06105.wav,37371
/data/Dataset/test/test/clip_06106.wav,48582
/data/Dataset/test/test/clip_06107.wav,46980
/data/Dataset/train/train/clip_06108.wav,37904
/data/Dataset/train/train/clip_06109.wav,41361
/data/Dataset/train/train/clip_06110.wav,50183
/data/Dataset/train/train/clip_06111.wav,46446
/data/Dataset/train/train/clip_06112.wav,38438
/data/Dataset/train/train/clip_06113.wav,38972
/data/Dataset/train/train/clip_06114.wav,50183
/data/Dataset/train/train/clip_06115.wav,61395
/data/Dataset/train/train/clip_06116.wav,57657
/data/Dataset/train/train/clip_06117.wav,64598
/data/Dataset/train/train/clip_06118.wav,26916
/data/Dataset/train/train/clip_06119.wav,32104
/data/Dataset/train/train/clip_06120.wav,30430
/data/Dataset/train/train/clip_06121.wav,36921
/data/Dataset/train/train/clip_06122.wav,36303
/data/Dataset/train/train/clip_06123.wav,40770
/data/Dataset/train/train/clip_06124.wav,49650
/data/Dataset/train/train/clip_06125.wav,40460
/data/Dataset/test/test/clip_06126.wav,36303
/data/Dataset/train/train/clip_06127.wav,35235
/data/Dataset/train/train/clip_06128.wav,26498
/data/Dataset/train/train/clip_06129.wav,49116
/data/Dataset/train/train/clip_06130.wav,26956
/data/Dataset/train/train/clip_06131.wav,41108
/data/Dataset/train/train/clip_06132.wav,35308
/data/Dataset/train/train/clip_06133.wav,29896
/data/Dataset/train/train/clip_06134.wav,61395
/data/Dataset/train/train/clip_06135.wav,34581
/data/Dataset/train/train/clip_06136.wav,55522
/data/Dataset/train/train/clip_06137.wav,29897
/data/Dataset/train/train/clip_06138.wav,38913
/data/Dataset/train/train/clip_06139.wav,28067
/data/Dataset/train/train/clip_06140.wav,25092
/data/Dataset/train/train/clip_06141.wav,36409
/data/Dataset/train/train/clip_06142.wav,39506
/data/Dataset/train/train/clip_06143.wav,38438
/data/Dataset/train/train/clip_06144.wav,41108
/data/Dataset/train/train/clip_06145.wav,28310
/data/Dataset/train/train/clip_06146.wav,41642
/data/Dataset/test/test/clip_06147.wav,69936
/data/Dataset/train/train/clip_06148.wav,33100
/data/Dataset/train/train/clip_06149.wav,50183
/data/Dataset/train/train/clip_06150.wav,44311
/data/Dataset/train/train/clip_06151.wav,33100
/data/Dataset/train/train/clip_06152.wav,32566
/data/Dataset/train/train/clip_06153.wav,44845
/data/Dataset/train/train/clip_06154.wav,34701
/data/Dataset/test/test/clip_06155.wav,41642
/data/Dataset/train/train/clip_06156.wav,35235
/data/Dataset/test/test/clip_06157.wav,69403
/data/Dataset/train/train/clip_06158.wav,42709
/data/Dataset/train/train/clip_06159.wav,41108
/data/Dataset/train/train/clip_06160.wav,38972
/data/Dataset/test/test/clip_06161.wav,41642
/data/Dataset/train/train/clip_06162.wav,44311
/data/Dataset/train/train/clip_06163.wav,39506
/data/Dataset/train/train/clip_06164.wav,41108
/data/Dataset/train/train/clip_06165.wav,38438
/data/Dataset/train/train/clip_06166.wav,45379
/data/Dataset/train/train/clip_06167.wav,39127
/data/Dataset/train/train/clip_06168.wav,42175
/data/Dataset/train/train/clip_06169.wav,32566
/data/Dataset/train/train/clip_06170.wav,37371
/data/Dataset/train/train/clip_06171.wav,44311
/data/Dataset/train/train/clip_06172.wav,41642
/data/Dataset/train/train/clip_06173.wav,45912
/data/Dataset/train/train/clip_06174.wav,28442
/data/Dataset/train/train/clip_06175.wav,39311
/data/Dataset/train/train/clip_06176.wav,42175
/data/Dataset/train/train/clip_06177.wav,25626
/data/Dataset/train/train/clip_06178.wav,27833
/data/Dataset/train/train/clip_06179.wav,44311
/data/Dataset/train/train/clip_06180.wav,36303
/data/Dataset/train/train/clip_06181.wav,34701
/data/Dataset/train/train/clip_06182.wav,36303
/data/Dataset/train/train/clip_06183.wav,25329
/data/Dataset/train/train/clip_06184.wav,27227
/data/Dataset/train/train/clip_06185.wav,36409
/data/Dataset/train/train/clip_06186.wav,35951
/data/Dataset/train/train/clip_06187.wav,40574
/data/Dataset/train/train/clip_06188.wav,28295
/data/Dataset/train/train/clip_06189.wav,46980
/data/Dataset/train/train/clip_06190.wav,40040
/data/Dataset/train/train/clip_06191.wav,48582
/data/Dataset/test/test/clip_06192.wav,40574
/data/Dataset/train/train/clip_06193.wav,41642
/data/Dataset/test/test/clip_06194.wav,42175
/data/Dataset/train/train/clip_06195.wav,40304
/data/Dataset/train/train/clip_06196.wav,32283
/data/Dataset/train/train/clip_06197.wav,33045
/data/Dataset/train/train/clip_06198.wav,29812
/data/Dataset/train/train/clip_06199.wav,36303
/data/Dataset/train/train/clip_06200.wav,37905
/data/Dataset/train/train/clip_06201.wav,37904
/data/Dataset/train/train/clip_06202.wav,37371
/data/Dataset/test/test/clip_06203.wav,64598
/data/Dataset/test/test/clip_06204.wav,37904
/data/Dataset/test/test/clip_06205.wav,36303
/data/Dataset/train/train/clip_06206.wav,36303
/data/Dataset/train/train/clip_06207.wav,53387
/data/Dataset/train/train/clip_06208.wav,31775
/data/Dataset/train/train/clip_06209.wav,39506
/data/Dataset/train/train/clip_06210.wav,40574
/data/Dataset/train/train/clip_06211.wav,44311
/data/Dataset/train/train/clip_06212.wav,45379
/data/Dataset/train/train/clip_06213.wav,40574
/data/Dataset/train/train/clip_06214.wav,59259
/data/Dataset/test/test/clip_06215.wav,28829
/data/Dataset/test/test/clip_06216.wav,43777
/data/Dataset/train/train/clip_06217.wav,37371
/data/Dataset/train/train/clip_06218.wav,25962
/data/Dataset/test/test/clip_06219.wav,46980
/data/Dataset/train/train/clip_06220.wav,40998
/data/Dataset/train/train/clip_06221.wav,48048
/data/Dataset/train/train/clip_06222.wav,60327
/data/Dataset/train/train/clip_06223.wav,45379
/data/Dataset/train/train/clip_06224.wav,32364
/data/Dataset/train/train/clip_06225.wav,27008
/data/Dataset/test/test/clip_06226.wav,45912
/data/Dataset/train/train/clip_06227.wav,45379
/data/Dataset/train/train/clip_06228.wav,42641
/data/Dataset/train/train/clip_06229.wav,30007
/data/Dataset/train/train/clip_06230.wav,53920
/data/Dataset/train/train/clip_06231.wav,37128
/data/Dataset/train/train/clip_06232.wav,36409
/data/Dataset/train/train/clip_06233.wav,29363
/data/Dataset/train/train/clip_06234.wav,30430
/data/Dataset/train/train/clip_06235.wav,59793
/data/Dataset/train/train/clip_06236.wav,38114
/data/Dataset/train/train/clip_06237.wav,23722
/data/Dataset/train/train/clip_06238.wav,51251
/data/Dataset/train/train/clip_06239.wav,36523
/data/Dataset/test/test/clip_06240.wav,45912
/data/Dataset/train/train/clip_06241.wav,57124
/data/Dataset/train/train/clip_06242.wav,33100
/data/Dataset/train/train/clip_06243.wav,30147
/data/Dataset/train/train/clip_06244.wav,61928
/data/Dataset/train/train/clip_06245.wav,54454
/data/Dataset/train/train/clip_06246.wav,26190
/data/Dataset/train/train/clip_06247.wav,41642
/data/Dataset/test/test/clip_06248.wav,36409
/data/Dataset/train/train/clip_06249.wav,42709
/data/Dataset/test/test/clip_06250.wav,37371
/data/Dataset/train/train/clip_06251.wav,55522
/data/Dataset/train/train/clip_06252.wav,71538
/data/Dataset/train/train/clip_06253.wav,32566
/data/Dataset/train/train/clip_06254.wav,61929
/data/Dataset/test/test/clip_06255.wav,32032
/data/Dataset/train/train/clip_06256.wav,33634
/data/Dataset/train/train/clip_06257.wav,40040
/data/Dataset/train/train/clip_06258.wav,38972
/data/Dataset/train/train/clip_06259.wav,36837
/data/Dataset/train/train/clip_06260.wav,33634
/data/Dataset/train/train/clip_06261.wav,46446
/data/Dataset/test/test/clip_06262.wav,51785
/data/Dataset/train/train/clip_06263.wav,56056
/data/Dataset/test/test/clip_06264.wav,51785
/data/Dataset/train/train/clip_06265.wav,40040
/data/Dataset/train/train/clip_06266.wav,42709
/data/Dataset/train/train/clip_06267.wav,47514
/data/Dataset/train/train/clip_06268.wav,28357
/data/Dataset/train/train/clip_06269.wav,34167
/data/Dataset/train/train/clip_06270.wav,34701
/data/Dataset/train/train/clip_06271.wav,52853
/data/Dataset/train/train/clip_06272.wav,42891
/data/Dataset/train/train/clip_06273.wav,33992
/data/Dataset/train/train/clip_06274.wav,38438
/data/Dataset/train/train/clip_06275.wav,36837
/data/Dataset/train/train/clip_06276.wav,38692
/data/Dataset/train/train/clip_06277.wav,37371
/data/Dataset/train/train/clip_06278.wav,52319
/data/Dataset/train/train/clip_06279.wav,26939
/data/Dataset/train/train/clip_06280.wav,36316
/data/Dataset/train/train/clip_06281.wav,58725
/data/Dataset/train/train/clip_06282.wav,29510
/data/Dataset/train/train/clip_06283.wav,42709
/data/Dataset/test/test/clip_06284.wav,43243
/data/Dataset/train/train/clip_06285.wav,41642
/data/Dataset/train/train/clip_06286.wav,45913
/data/Dataset/train/train/clip_06287.wav,34701
/data/Dataset/train/train/clip_06288.wav,51251
/data/Dataset/train/train/clip_06289.wav,42709
/data/Dataset/train/train/clip_06290.wav,31977
/data/Dataset/train/train/clip_06291.wav,53921
/data/Dataset/train/train/clip_06292.wav,37371
/data/Dataset/train/train/clip_06293.wav,49650
/data/Dataset/train/train/clip_06294.wav,39506
/data/Dataset/train/train/clip_06295.wav,38438
/data/Dataset/train/train/clip_06296.wav,44311
/data/Dataset/train/train/clip_06297.wav,63530
/data/Dataset/train/train/clip_06298.wav,46980
/data/Dataset/train/train/clip_06299.wav,44311
/data/Dataset/train/train/clip_06300.wav,38972
/data/Dataset/train/train/clip_06301.wav,22422
/data/Dataset/train/train/clip_06302.wav,54454
/data/Dataset/train/train/clip_06303.wav,46446
/data/Dataset/train/train/clip_06304.wav,30000
/data/Dataset/train/train/clip_06305.wav,49116
/data/Dataset/train/train/clip_06306.wav,30370
/data/Dataset/train/train/clip_06307.wav,33602
/data/Dataset/train/train/clip_06308.wav,43243
/data/Dataset/test/test/clip_06309.wav,38438
/data/Dataset/train/train/clip_06310.wav,32285
/data/Dataset/train/train/clip_06311.wav,26677
/data/Dataset/train/train/clip_06312.wav,36409
/data/Dataset/train/train/clip_06313.wav,34701
/data/Dataset/train/train/clip_06314.wav,38972
/data/Dataset/train/train/clip_06315.wav,30539
/data/Dataset/train/train/clip_06316.wav,38438
/data/Dataset/train/train/clip_06317.wav,57124
/data/Dataset/train/train/clip_06318.wav,37917
/data/Dataset/train/train/clip_06319.wav,36303
/data/Dataset/train/train/clip_06320.wav,29033
/data/Dataset/train/train/clip_06321.wav,42709
/data/Dataset/train/train/clip_06322.wav,36472
/data/Dataset/train/train/clip_06323.wav,32644
/data/Dataset/train/train/clip_06324.wav,43777
/data/Dataset/train/train/clip_06325.wav,61928
/data/Dataset/train/train/clip_06326.wav,27131
/data/Dataset/train/train/clip_06327.wav,30797
/data/Dataset/train/train/clip_06328.wav,36409
/data/Dataset/train/train/clip_06329.wav,38438
/data/Dataset/train/train/clip_06330.wav,36523
/data/Dataset/train/train/clip_06331.wav,23442
/data/Dataset/train/train/clip_06332.wav,37371
/data/Dataset/train/train/clip_06333.wav,41108
/data/Dataset/train/train/clip_06334.wav,34167
/data/Dataset/train/train/clip_06335.wav,51785
/data/Dataset/train/train/clip_06336.wav,45379
/data/Dataset/test/test/clip_06337.wav,49650
/data/Dataset/test/test/clip_06338.wav,70470
/data/Dataset/test/test/clip_06339.wav,37904
/data/Dataset/test/test/clip_06340.wav,60327
/data/Dataset/train/train/clip_06341.wav,69937
/data/Dataset/train/train/clip_06342.wav,29363
/data/Dataset/train/train/clip_06343.wav,41108
/data/Dataset/train/train/clip_06344.wav,34167
/data/Dataset/test/test/clip_06345.wav,37371
/data/Dataset/test/test/clip_06346.wav,38438
/data/Dataset/test/test/clip_06347.wav,45379
/data/Dataset/train/train/clip_06348.wav,33100
/data/Dataset/train/train/clip_06349.wav,44311
/data/Dataset/train/train/clip_06350.wav,36303
/data/Dataset/train/train/clip_06351.wav,30252
/data/Dataset/train/train/clip_06352.wav,34167
/data/Dataset/train/train/clip_06353.wav,46446
/data/Dataset/train/train/clip_06354.wav,45379
/data/Dataset/train/train/clip_06355.wav,50717
/data/Dataset/train/train/clip_06356.wav,36303
/data/Dataset/train/train/clip_06357.wav,45379
/data/Dataset/train/train/clip_06358.wav,50717
/data/Dataset/train/train/clip_06359.wav,45912
/data/Dataset/train/train/clip_06360.wav,37904
/data/Dataset/train/train/clip_06361.wav,36303
/data/Dataset/test/test/clip_06362.wav,51251
/data/Dataset/train/train/clip_06363.wav,57658
/data/Dataset/train/train/clip_06364.wav,44845
/data/Dataset/train/train/clip_06365.wav,36306
/data/Dataset/train/train/clip_06366.wav,45912
/data/Dataset/train/train/clip_06367.wav,33634
/data/Dataset/train/train/clip_06368.wav,27854
/data/Dataset/train/train/clip_06369.wav,35274
/data/Dataset/train/train/clip_06370.wav,39506
/data/Dataset/train/train/clip_06371.wav,41642
/data/Dataset/train/train/clip_06372.wav,36837
/data/Dataset/test/test/clip_06373.wav,51785
/data/Dataset/train/train/clip_06374.wav,48048
/data/Dataset/train/train/clip_06375.wav,29363
/data/Dataset/train/train/clip_06376.wav,36837
/data/Dataset/train/train/clip_06377.wav,27761
/data/Dataset/train/train/clip_06378.wav,42709
/data/Dataset/test/test/clip_06379.wav,45912
/data/Dataset/train/train/clip_06380.wav,27776
/data/Dataset/train/train/clip_06381.wav,54988
/data/Dataset/train/train/clip_06382.wav,48582
/data/Dataset/train/train/clip_06383.wav,37211
/data/Dataset/train/train/clip_06384.wav,57658
/data/Dataset/train/train/clip_06385.wav,29786
/data/Dataset/train/train/clip_06386.wav,40040
/data/Dataset/train/train/clip_06387.wav,54988
/data/Dataset/train/train/clip_06388.wav,43777
/data/Dataset/train/train/clip_06389.wav,36303
/data/Dataset/train/train/clip_06390.wav,34167
/data/Dataset/test/test/clip_06391.wav,68335
/data/Dataset/train/train/clip_06392.wav,42709
/data/Dataset/train/train/clip_06393.wav,34167
/data/Dataset/test/test/clip_06394.wav,41642
/data/Dataset/train/train/clip_06395.wav,60327
/data/Dataset/train/train/clip_06396.wav,32032
/data/Dataset/train/train/clip_06397.wav,40040
/data/Dataset/train/train/clip_06398.wav,41108
/data/Dataset/train/train/clip_06399.wav,32032
/data/Dataset/train/train/clip_06400.wav,34544
/data/Dataset/train/train/clip_06401.wav,43243
/data/Dataset/train/train/clip_06402.wav,22770
/data/Dataset/test/test/clip_06403.wav,46980
/data/Dataset/train/train/clip_06404.wav,33634
/data/Dataset/train/train/clip_06405.wav,48048
/data/Dataset/train/train/clip_06406.wav,36837
/data/Dataset/train/train/clip_06407.wav,32566
/data/Dataset/train/train/clip_06408.wav,33148
/data/Dataset/train/train/clip_06409.wav,38758
/data/Dataset/train/train/clip_06410.wav,31317
/data/Dataset/train/train/clip_06411.wav,57658
/data/Dataset/train/train/clip_06412.wav,29363
/data/Dataset/train/train/clip_06413.wav,26306
/data/Dataset/train/train/clip_06414.wav,34701
/data/Dataset/train/train/clip_06415.wav,46980
/data/Dataset/train/train/clip_06416.wav,32857
/data/Dataset/train/train/clip_06417.wav,37905
/data/Dataset/train/train/clip_06418.wav,42709
/data/Dataset/train/train/clip_06419.wav,28784
/data/Dataset/train/train/clip_06420.wav,37371
/data/Dataset/train/train/clip_06421.wav,40574
/data/Dataset/train/train/clip_06422.wav,37880
/data/Dataset/train/train/clip_06423.wav,42045
/data/Dataset/train/train/clip_06424.wav,50183
/data/Dataset/train/train/clip_06425.wav,37904
/data/Dataset/train/train/clip_06426.wav,32566
/data/Dataset/train/train/clip_06427.wav,36837
/data/Dataset/test/test/clip_06428.wav,45379
/data/Dataset/train/train/clip_06429.wav,56590
/data/Dataset/train/train/clip_06430.wav,42175
/data/Dataset/train/train/clip_06431.wav,41642
/data/Dataset/train/train/clip_06432.wav,56590
/data/Dataset/train/train/clip_06433.wav,37371
/data/Dataset/train/train/clip_06434.wav,40040
/data/Dataset/train/train/clip_06435.wav,25299
/data/Dataset/train/train/clip_06436.wav,34701
/data/Dataset/train/train/clip_06437.wav,33100
/data/Dataset/train/train/clip_06438.wav,34167
/data/Dataset/test/test/clip_06439.wav,30964
/data/Dataset/train/train/clip_06440.wav,54454
/data/Dataset/train/train/clip_06441.wav,34701
/data/Dataset/train/train/clip_06442.wav,36837
/data/Dataset/train/train/clip_06443.wav,39156
/data/Dataset/test/test/clip_06444.wav,40040
/data/Dataset/train/train/clip_06445.wav,38438
/data/Dataset/train/train/clip_06446.wav,31876
/data/Dataset/test/test/clip_06447.wav,56056
/data/Dataset/train/train/clip_06448.wav,45913
/data/Dataset/train/train/clip_06449.wav,37904
/data/Dataset/train/train/clip_06450.wav,29896
/data/Dataset/test/test/clip_06451.wav,32032
/data/Dataset/train/train/clip_06452.wav,22488
/data/Dataset/test/test/clip_06453.wav,38972
/data/Dataset/train/train/clip_06454.wav,35837
/data/Dataset/train/train/clip_06455.wav,36837
/data/Dataset/train/train/clip_06456.wav,28829
/data/Dataset/train/train/clip_06457.wav,33634
/data/Dataset/train/train/clip_06458.wav,40547
/data/Dataset/test/test/clip_06459.wav,34167
/data/Dataset/train/train/clip_06460.wav,40574
/data/Dataset/train/train/clip_06461.wav,36303
/data/Dataset/test/test/clip_06462.wav,36837
/data/Dataset/train/train/clip_06463.wav,27192
/data/Dataset/train/train/clip_06464.wav,48048
/data/Dataset/train/train/clip_06465.wav,33411
/data/Dataset/train/train/clip_06466.wav,38438
/data/Dataset/train/train/clip_06467.wav,33634
/data/Dataset/train/train/clip_06468.wav,35235
/data/Dataset/train/train/clip_06469.wav,28295
/data/Dataset/train/train/clip_06470.wav,53920
/data/Dataset/train/train/clip_06471.wav,42709
/data/Dataset/train/train/clip_06472.wav,33044
/data/Dataset/train/train/clip_06473.wav,49116
/data/Dataset/train/train/clip_06474.wav,54988
/data/Dataset/train/train/clip_06475.wav,27464
/data/Dataset/test/test/clip_06476.wav,38438
/data/Dataset/train/train/clip_06477.wav,32566
/data/Dataset/train/train/clip_06478.wav,35235
/data/Dataset/train/train/clip_06479.wav,37371
/data/Dataset/train/train/clip_06480.wav,41108
/data/Dataset/train/train/clip_06481.wav,32015
/data/Dataset/train/train/clip_06482.wav,41761
/data/Dataset/train/train/clip_06483.wav,48582
/data/Dataset/train/train/clip_06484.wav,31498
/data/Dataset/train/train/clip_06485.wav,55522
/data/Dataset/test/test/clip_06486.wav,40040
/data/Dataset/train/train/clip_06487.wav,52853
/data/Dataset/train/train/clip_06488.wav,37524
/data/Dataset/test/test/clip_06489.wav,44311
/data/Dataset/train/train/clip_06490.wav,46446
/data/Dataset/train/train/clip_06491.wav,25594
/data/Dataset/train/train/clip_06492.wav,34701
/data/Dataset/train/train/clip_06493.wav,45913
/data/Dataset/train/train/clip_06494.wav,68869
/data/Dataset/train/train/clip_06495.wav,40574
/data/Dataset/train/train/clip_06496.wav,35936
/data/Dataset/train/train/clip_06497.wav,35235
/data/Dataset/train/train/clip_06498.wav,28829
/data/Dataset/train/train/clip_06499.wav,46446
/data/Dataset/train/train/clip_06500.wav,25626
/data/Dataset/test/test/clip_06501.wav,36409
/data/Dataset/train/train/clip_06502.wav,32566
/data/Dataset/train/train/clip_06503.wav,37904
/data/Dataset/train/train/clip_06504.wav,38972
/data/Dataset/train/train/clip_06505.wav,45912
/data/Dataset/train/train/clip_06506.wav,41108
/data/Dataset/train/train/clip_06507.wav,48582
/data/Dataset/train/train/clip_06508.wav,29363
/data/Dataset/train/train/clip_06509.wav,53921
/data/Dataset/train/train/clip_06510.wav,48048
/data/Dataset/train/train/clip_06511.wav,45379
/data/Dataset/test/test/clip_06512.wav,42175
/data/Dataset/train/train/clip_06513.wav,43243
/data/Dataset/train/train/clip_06514.wav,29363
/data/Dataset/train/train/clip_06515.wav,33100
/data/Dataset/test/test/clip_06516.wav,43243
/data/Dataset/test/test/clip_06517.wav,30964
/data/Dataset/train/train/clip_06518.wav,51785
/data/Dataset/train/train/clip_06519.wav,34701
/data/Dataset/train/train/clip_06520.wav,46980
/data/Dataset/train/train/clip_06521.wav,33100
/data/Dataset/test/test/clip_06522.wav,37904
/data/Dataset/test/test/clip_06523.wav,44845
/data/Dataset/train/train/clip_06524.wav,46980
/data/Dataset/train/train/clip_06525.wav,24657
/data/Dataset/train/train/clip_06526.wav,30430
/data/Dataset/train/train/clip_06527.wav,35769
/data/Dataset/train/train/clip_06528.wav,33100
/data/Dataset/train/train/clip_06529.wav,35555
/data/Dataset/train/train/clip_06530.wav,67267
/data/Dataset/train/train/clip_06531.wav,31498
/data/Dataset/train/train/clip_06532.wav,68869
/data/Dataset/train/train/clip_06533.wav,38972
/data/Dataset/train/train/clip_06534.wav,62462
/data/Dataset/train/train/clip_06535.wav,22370
/data/Dataset/train/train/clip_06536.wav,30817
/data/Dataset/train/train/clip_06537.wav,33634
/data/Dataset/test/test/clip_06538.wav,30430
/data/Dataset/train/train/clip_06539.wav,41642
/data/Dataset/train/train/clip_06540.wav,48582
/data/Dataset/train/train/clip_06541.wav,37371
/data/Dataset/test/test/clip_06542.wav,43243
/data/Dataset/train/train/clip_06543.wav,25626
/data/Dataset/train/train/clip_06544.wav,62463
/data/Dataset/test/test/clip_06545.wav,40040
/data/Dataset/train/train/clip_06546.wav,28092
/data/Dataset/train/train/clip_06547.wav,45913
/data/Dataset/train/train/clip_06548.wav,47514
/data/Dataset/train/train/clip_06549.wav,62462
/data/Dataset/train/train/clip_06550.wav,45379
/data/Dataset/test/test/clip_06551.wav,42709
/data/Dataset/train/train/clip_06552.wav,52853
/data/Dataset/train/train/clip_06553.wav,42175
/data/Dataset/train/train/clip_06554.wav,25743
/data/Dataset/train/train/clip_06555.wav,48048
/data/Dataset/test/test/clip_06556.wav,51785
/data/Dataset/train/train/clip_06557.wav,27761
/data/Dataset/train/train/clip_06558.wav,29896
/data/Dataset/train/train/clip_06559.wav,59793
/data/Dataset/test/test/clip_06560.wav,38972
/data/Dataset/train/train/clip_06561.wav,41642
/data/Dataset/train/train/clip_06562.wav,60861
/data/Dataset/train/train/clip_06563.wav,36837
/data/Dataset/train/train/clip_06564.wav,36813
/data/Dataset/train/train/clip_06565.wav,24971
/data/Dataset/train/train/clip_06566.wav,48582
/data/Dataset/train/train/clip_06567.wav,30430
/data/Dataset/train/train/clip_06568.wav,34167
/data/Dataset/test/test/clip_06569.wav,59259
/data/Dataset/train/train/clip_06570.wav,23143
/data/Dataset/train/train/clip_06571.wav,24886
/data/Dataset/train/train/clip_06572.wav,36205
/data/Dataset/train/train/clip_06573.wav,33100
/data/Dataset/train/train/clip_06574.wav,34167
/data/Dataset/train/train/clip_06575.wav,34701
/data/Dataset/train/train/clip_06576.wav,33054
/data/Dataset/train/train/clip_06577.wav,39506
/data/Dataset/test/test/clip_06578.wav,78478
/data/Dataset/train/train/clip_06579.wav,71004
/data/Dataset/train/train/clip_06580.wav,37904
/data/Dataset/train/train/clip_06581.wav,26137
/data/Dataset/train/train/clip_06582.wav,37371
/data/Dataset/test/test/clip_06583.wav,33634
/data/Dataset/test/test/clip_06584.wav,51251
/data/Dataset/train/train/clip_06585.wav,39506
/data/Dataset/train/train/clip_06586.wav,34760
/data/Dataset/train/train/clip_06587.wav,23796
/data/Dataset/train/train/clip_06588.wav,41642
/data/Dataset/test/test/clip_06589.wav,37371
/data/Dataset/train/train/clip_06590.wav,59259
/data/Dataset/train/train/clip_06591.wav,24707
/data/Dataset/train/train/clip_06592.wav,28295
/data/Dataset/train/train/clip_06593.wav,42709
/data/Dataset/train/train/clip_06594.wav,46980
/data/Dataset/train/train/clip_06595.wav,36303
/data/Dataset/train/train/clip_06596.wav,24506
/data/Dataset/train/train/clip_06597.wav,31498
/data/Dataset/train/train/clip_06598.wav,29824
/data/Dataset/train/train/clip_06599.wav,35235
/data/Dataset/train/train/clip_06600.wav,40426
/data/Dataset/train/train/clip_06601.wav,37795
/data/Dataset/test/test/clip_06602.wav,49116
/data/Dataset/train/train/clip_06603.wav,41642
/data/Dataset/train/train/clip_06604.wav,46980
/data/Dataset/train/train/clip_06605.wav,36038
/data/Dataset/test/test/clip_06606.wav,46980
/data/Dataset/train/train/clip_06607.wav,29829
/data/Dataset/train/train/clip_06608.wav,36837
/data/Dataset/train/train/clip_06609.wav,37599
/data/Dataset/train/train/clip_06610.wav,42709
/data/Dataset/train/train/clip_06611.wav,32458
/data/Dataset/test/test/clip_06612.wav,37371
/data/Dataset/train/train/clip_06613.wav,24319
/data/Dataset/train/train/clip_06614.wav,48582
/data/Dataset/train/train/clip_06615.wav,35769
/data/Dataset/train/train/clip_06616.wav,42175
/data/Dataset/train/train/clip_06617.wav,27474
/data/Dataset/train/train/clip_06618.wav,28829
/data/Dataset/train/train/clip_06619.wav,34167
/data/Dataset/train/train/clip_06620.wav,36837
/data/Dataset/train/train/clip_06621.wav,39946
/data/Dataset/test/test/clip_06622.wav,33100
/data/Dataset/train/train/clip_06623.wav,37904
/data/Dataset/train/train/clip_06624.wav,36837
/data/Dataset/test/test/clip_06625.wav,50183
/data/Dataset/train/train/clip_06626.wav,32688
/data/Dataset/test/test/clip_06627.wav,54988
/data/Dataset/train/train/clip_06628.wav,40612
/data/Dataset/train/train/clip_06629.wav,21868
/data/Dataset/test/test/clip_06630.wav,62996
/data/Dataset/train/train/clip_06631.wav,37371
/data/Dataset/test/test/clip_06632.wav,39506
/data/Dataset/train/train/clip_06633.wav,32032
/data/Dataset/train/train/clip_06634.wav,40574
/data/Dataset/train/train/clip_06635.wav,26693
/data/Dataset/test/test/clip_06636.wav,36837
/data/Dataset/train/train/clip_06637.wav,36713
/data/Dataset/train/train/clip_06638.wav,41108
/data/Dataset/train/train/clip_06639.wav,35226
/data/Dataset/train/train/clip_06640.wav,38469
/data/Dataset/train/train/clip_06641.wav,37371
/data/Dataset/train/train/clip_06642.wav,51251
/data/Dataset/train/train/clip_06643.wav,67267
/data/Dataset/train/train/clip_06644.wav,34537
/data/Dataset/train/train/clip_06645.wav,39737
/data/Dataset/train/train/clip_06646.wav,28295
/data/Dataset/test/test/clip_06647.wav,50183
/data/Dataset/test/test/clip_06648.wav,50717
/data/Dataset/train/train/clip_06649.wav,50183
/data/Dataset/train/train/clip_06650.wav,44311
/data/Dataset/train/train/clip_06651.wav,35235
/data/Dataset/train/train/clip_06652.wav,26159
/data/Dataset/train/train/clip_06653.wav,33621
/data/Dataset/train/train/clip_06654.wav,42709
/data/Dataset/test/test/clip_06655.wav,59259
/data/Dataset/train/train/clip_06656.wav,32566
/data/Dataset/train/train/clip_06657.wav,60861
/data/Dataset/train/train/clip_06658.wav,32061
/data/Dataset/test/test/clip_06659.wav,44311
/data/Dataset/test/test/clip_06660.wav,31498
/data/Dataset/train/train/clip_06661.wav,50184
/data/Dataset/train/train/clip_06662.wav,43243
/data/Dataset/train/train/clip_06663.wav,34719
/data/Dataset/train/train/clip_06664.wav,35235
/data/Dataset/train/train/clip_06665.wav,43777
/data/Dataset/train/train/clip_06666.wav,30964
/data/Dataset/train/train/clip_06667.wav,33346
/data/Dataset/train/train/clip_06668.wav,34461
/data/Dataset/train/train/clip_06669.wav,30430
/data/Dataset/train/train/clip_06670.wav,62996
/data/Dataset/train/train/clip_06671.wav,38438
/data/Dataset/test/test/clip_06672.wav,43243
/data/Dataset/train/train/clip_06673.wav,32032
/data/Dataset/train/train/clip_06674.wav,28295
/data/Dataset/train/train/clip_06675.wav,25043
/data/Dataset/train/train/clip_06676.wav,38438
/data/Dataset/train/train/clip_06677.wav,59259
/data/Dataset/train/train/clip_06678.wav,35769
/data/Dataset/train/train/clip_06679.wav,34701
/data/Dataset/train/train/clip_06680.wav,36523
/data/Dataset/test/test/clip_06681.wav,35235
/data/Dataset/train/train/clip_06682.wav,33634
/data/Dataset/train/train/clip_06683.wav,35235
/data/Dataset/train/train/clip_06684.wav,23865
/data/Dataset/train/train/clip_06685.wav,55522
/data/Dataset/train/train/clip_06686.wav,35259
/data/Dataset/test/test/clip_06687.wav,40040
/data/Dataset/train/train/clip_06688.wav,33100
/data/Dataset/train/train/clip_06689.wav,58725
/data/Dataset/train/train/clip_06690.wav,40040
/data/Dataset/train/train/clip_06691.wav,41996
/data/Dataset/test/test/clip_06692.wav,50183
/data/Dataset/train/train/clip_06693.wav,43777
/data/Dataset/test/test/clip_06694.wav,57124
/data/Dataset/train/train/clip_06695.wav,32648
/data/Dataset/train/train/clip_06696.wav,36348
/data/Dataset/train/train/clip_06697.wav,27227
/data/Dataset/train/train/clip_06698.wav,32566
/data/Dataset/train/train/clip_06699.wav,40040
/data/Dataset/train/train/clip_06700.wav,32455
/data/Dataset/train/train/clip_06701.wav,38972
/data/Dataset/test/test/clip_06702.wav,30964
/data/Dataset/train/train/clip_06703.wav,38438
/data/Dataset/train/train/clip_06704.wav,43777
/data/Dataset/test/test/clip_06705.wav,28829
/data/Dataset/train/train/clip_06706.wav,33100
/data/Dataset/train/train/clip_06707.wav,42175
/data/Dataset/test/test/clip_06708.wav,46446
/data/Dataset/test/test/clip_06709.wav,43777
/data/Dataset/train/train/clip_06710.wav,36837
/data/Dataset/test/test/clip_06711.wav,48048
/data/Dataset/train/train/clip_06712.wav,60327
/data/Dataset/train/train/clip_06713.wav,40040
/data/Dataset/train/train/clip_06714.wav,38972
/data/Dataset/train/train/clip_06715.wav,37888
/data/Dataset/train/train/clip_06716.wav,37905
/data/Dataset/train/train/clip_06717.wav,31927
/data/Dataset/train/train/clip_06718.wav,35493
/data/Dataset/test/test/clip_06719.wav,46446
/data/Dataset/train/train/clip_06720.wav,43243
/data/Dataset/train/train/clip_06721.wav,30430
/data/Dataset/test/test/clip_06722.wav,41108
/data/Dataset/train/train/clip_06723.wav,39459
/data/Dataset/train/train/clip_06724.wav,42175
/data/Dataset/train/train/clip_06725.wav,32363
/data/Dataset/train/train/clip_06726.wav,51251
/data/Dataset/train/train/clip_06727.wav,25751
/data/Dataset/train/train/clip_06728.wav,55522
/data/Dataset/train/train/clip_06729.wav,48048
/data/Dataset/train/train/clip_06730.wav,25426
/data/Dataset/train/train/clip_06731.wav,43777
/data/Dataset/test/test/clip_06732.wav,31498
/data/Dataset/train/train/clip_06733.wav,34921
/data/Dataset/train/train/clip_06734.wav,36409
/data/Dataset/test/test/clip_06735.wav,48582
/data/Dataset/train/train/clip_06736.wav,46446
/data/Dataset/train/train/clip_06737.wav,69936
/data/Dataset/train/train/clip_06738.wav,39506
/data/Dataset/train/train/clip_06739.wav,38438
/data/Dataset/train/train/clip_06740.wav,38438
/data/Dataset/train/train/clip_06741.wav,58725
/data/Dataset/train/train/clip_06742.wav,34167
/data/Dataset/train/train/clip_06743.wav,42175
/data/Dataset/train/train/clip_06744.wav,41642
/data/Dataset/test/test/clip_06745.wav,49116
/data/Dataset/train/train/clip_06746.wav,28126
/data/Dataset/train/train/clip_06747.wav,43777
/data/Dataset/test/test/clip_06748.wav,57124
/data/Dataset/train/train/clip_06749.wav,29622
/data/Dataset/train/train/clip_06750.wav,23388
/data/Dataset/train/train/clip_06751.wav,25626
/data/Dataset/train/train/clip_06752.wav,40040
/data/Dataset/train/train/clip_06753.wav,26693
/data/Dataset/train/train/clip_06754.wav,42709
/data/Dataset/train/train/clip_06755.wav,56590
/data/Dataset/train/train/clip_06756.wav,70470
/data/Dataset/train/train/clip_06757.wav,33634
/data/Dataset/train/train/clip_06758.wav,35769
/data/Dataset/train/train/clip_06759.wav,39506
/data/Dataset/train/train/clip_06760.wav,31406
/data/Dataset/train/train/clip_06761.wav,48048
/data/Dataset/train/train/clip_06762.wav,35235
/data/Dataset/train/train/clip_06763.wav,30430
/data/Dataset/train/train/clip_06764.wav,29896
/data/Dataset/train/train/clip_06765.wav,34696
/data/Dataset/train/train/clip_06766.wav,47514
/data/Dataset/test/test/clip_06767.wav,40574
/data/Dataset/test/test/clip_06768.wav,27761
/data/Dataset/train/train/clip_06769.wav,48048
/data/Dataset/train/train/clip_06770.wav,52853
/data/Dataset/train/train/clip_06771.wav,33634
/data/Dataset/train/train/clip_06772.wav,26907
/data/Dataset/train/train/clip_06773.wav,43243
/data/Dataset/train/train/clip_06774.wav,35769
/data/Dataset/train/train/clip_06775.wav,56590
/data/Dataset/test/test/clip_06776.wav,34701
/data/Dataset/train/train/clip_06777.wav,44311
/data/Dataset/train/train/clip_06778.wav,43243
/data/Dataset/train/train/clip_06779.wav,49650
/data/Dataset/train/train/clip_06780.wav,30216
/data/Dataset/train/train/clip_06781.wav,61929
/data/Dataset/train/train/clip_06782.wav,42149
/data/Dataset/train/train/clip_06783.wav,30806
/data/Dataset/train/train/clip_06784.wav,24024
/data/Dataset/train/train/clip_06785.wav,25092
/data/Dataset/train/train/clip_06786.wav,44311
/data/Dataset/train/train/clip_06787.wav,28829
/data/Dataset/train/train/clip_06788.wav,40040
/data/Dataset/train/train/clip_06789.wav,30964
/data/Dataset/train/train/clip_06790.wav,45912
/data/Dataset/test/test/clip_06791.wav,36837
/data/Dataset/train/train/clip_06792.wav,24411
/data/Dataset/test/test/clip_06793.wav,40040
/data/Dataset/test/test/clip_06794.wav,67801
/data/Dataset/train/train/clip_06795.wav,32566
/data/Dataset/train/train/clip_06796.wav,33634
/data/Dataset/train/train/clip_06797.wav,60861
/data/Dataset/train/train/clip_06798.wav,33100
/data/Dataset/train/train/clip_06799.wav,66199
/data/Dataset/train/train/clip_06800.wav,38438
/data/Dataset/train/train/clip_06801.wav,34701
/data/Dataset/train/train/clip_06802.wav,35235
/data/Dataset/train/train/clip_06803.wav,37371
/data/Dataset/train/train/clip_06804.wav,43243
/data/Dataset/train/train/clip_06805.wav,39506
/data/Dataset/train/train/clip_06806.wav,60327
/data/Dataset/train/train/clip_06807.wav,33634
/data/Dataset/train/train/clip_06808.wav,41108
/data/Dataset/train/train/clip_06809.wav,61929
/data/Dataset/test/test/clip_06810.wav,41642
/data/Dataset/train/train/clip_06811.wav,45379
/data/Dataset/train/train/clip_06812.wav,43243
/data/Dataset/train/train/clip_06813.wav,24625
/data/Dataset/train/train/clip_06814.wav,41753
/data/Dataset/test/test/clip_06815.wav,36303
/data/Dataset/train/train/clip_06816.wav,52319
/data/Dataset/train/train/clip_06817.wav,40040
/data/Dataset/train/train/clip_06818.wav,35734
/data/Dataset/train/train/clip_06819.wav,35235
/data/Dataset/train/train/clip_06820.wav,26159
/data/Dataset/train/train/clip_06821.wav,42175
/data/Dataset/train/train/clip_06822.wav,37274
/data/Dataset/train/train/clip_06823.wav,38438
/data/Dataset/train/train/clip_06824.wav,48582
/data/Dataset/train/train/clip_06825.wav,38972
/data/Dataset/train/train/clip_06826.wav,35235
/data/Dataset/train/train/clip_06827.wav,67801
/data/Dataset/train/train/clip_06828.wav,36023
/data/Dataset/train/train/clip_06829.wav,38972
/data/Dataset/train/train/clip_06830.wav,36409
/data/Dataset/train/train/clip_06831.wav,35235
/data/Dataset/train/train/clip_06832.wav,66199
/data/Dataset/train/train/clip_06833.wav,63530
/data/Dataset/train/train/clip_06834.wav,34701
/data/Dataset/train/train/clip_06835.wav,35235
/data/Dataset/train/train/clip_06836.wav,40040
/data/Dataset/train/train/clip_06837.wav,37371
/data/Dataset/train/train/clip_06838.wav,41108
/data/Dataset/train/train/clip_06839.wav,44311
/data/Dataset/train/train/clip_06840.wav,74207
/data/Dataset/train/train/clip_06841.wav,52853
/data/Dataset/train/train/clip_06842.wav,29897
/data/Dataset/test/test/clip_06843.wav,42709
/data/Dataset/train/train/clip_06844.wav,35459
/data/Dataset/train/train/clip_06845.wav,34701
/data/Dataset/train/train/clip_06846.wav,33927
/data/Dataset/train/train/clip_06847.wav,36303
/data/Dataset/train/train/clip_06848.wav,24986
/data/Dataset/train/train/clip_06849.wav,29896
/data/Dataset/test/test/clip_06850.wav,37371
/data/Dataset/train/train/clip_06851.wav,27816
/data/Dataset/train/train/clip_06852.wav,44289
/data/Dataset/train/train/clip_06853.wav,38642
/data/Dataset/test/test/clip_06854.wav,43243
/data/Dataset/train/train/clip_06855.wav,24558
/data/Dataset/train/train/clip_06856.wav,38972
/data/Dataset/train/train/clip_06857.wav,43777
/data/Dataset/train/train/clip_06858.wav,40040
/data/Dataset/train/train/clip_06859.wav,52853
/data/Dataset/train/train/clip_06860.wav,29363
/data/Dataset/train/train/clip_06861.wav,56590
/data/Dataset/test/test/clip_06862.wav,40574
/data/Dataset/train/train/clip_06863.wav,30246
/data/Dataset/train/train/clip_06864.wav,32566
/data/Dataset/train/train/clip_06865.wav,37371
/data/Dataset/train/train/clip_06866.wav,30732
/data/Dataset/train/train/clip_06867.wav,36882
/data/Dataset/train/train/clip_06868.wav,57657
/data/Dataset/train/train/clip_06869.wav,44845
/data/Dataset/train/train/clip_06870.wav,40574
/data/Dataset/train/train/clip_06871.wav,58725
/data/Dataset/train/train/clip_06872.wav,46446
/data/Dataset/train/train/clip_06873.wav,25626
/data/Dataset/train/train/clip_06874.wav,33583
/data/Dataset/train/train/clip_06875.wav,64064
/data/Dataset/train/train/clip_06876.wav,41642
/data/Dataset/train/train/clip_06877.wav,41642
/data/Dataset/train/train/clip_06878.wav,44845
/data/Dataset/train/train/clip_06879.wav,40186
/data/Dataset/train/train/clip_06880.wav,46980
/data/Dataset/train/train/clip_06881.wav,40574
/data/Dataset/train/train/clip_06882.wav,34303
/data/Dataset/train/train/clip_06883.wav,27227
/data/Dataset/train/train/clip_06884.wav,22941
/data/Dataset/test/test/clip_06885.wav,50183
/data/Dataset/train/train/clip_06886.wav,50183
/data/Dataset/train/train/clip_06887.wav,38438
/data/Dataset/train/train/clip_06888.wav,28295
/data/Dataset/train/train/clip_06889.wav,27761
/data/Dataset/train/train/clip_06890.wav,32032
/data/Dataset/train/train/clip_06891.wav,32983
/data/Dataset/train/train/clip_06892.wav,54988
/data/Dataset/train/train/clip_06893.wav,27761
/data/Dataset/train/train/clip_06894.wav,61395
/data/Dataset/train/train/clip_06895.wav,41629
/data/Dataset/train/train/clip_06896.wav,50717
/data/Dataset/train/train/clip_06897.wav,36409
/data/Dataset/train/train/clip_06898.wav,38972
/data/Dataset/train/train/clip_06899.wav,50183
/data/Dataset/train/train/clip_06900.wav,47514
/data/Dataset/train/train/clip_06901.wav,49116
/data/Dataset/test/test/clip_06902.wav,61395
/data/Dataset/train/train/clip_06903.wav,38972
/data/Dataset/train/train/clip_06904.wav,30212
/data/Dataset/train/train/clip_06905.wav,31498
/data/Dataset/train/train/clip_06906.wav,49650
/data/Dataset/train/train/clip_06907.wav,35773
/data/Dataset/train/train/clip_06908.wav,34822
/data/Dataset/train/train/clip_06909.wav,32313
/data/Dataset/test/test/clip_06910.wav,35235
/data/Dataset/train/train/clip_06911.wav,31733
/data/Dataset/train/train/clip_06912.wav,34167
/data/Dataset/train/train/clip_06913.wav,45379
/data/Dataset/test/test/clip_06914.wav,36837
/data/Dataset/train/train/clip_06915.wav,60861
/data/Dataset/train/train/clip_06916.wav,41642
/data/Dataset/train/train/clip_06917.wav,32032
/data/Dataset/train/train/clip_06918.wav,42175
/data/Dataset/train/train/clip_06919.wav,48048
/data/Dataset/train/train/clip_06920.wav,48048
/data/Dataset/train/train/clip_06921.wav,30430
/data/Dataset/train/train/clip_06922.wav,22243
/data/Dataset/train/train/clip_06923.wav,28838
/data/Dataset/train/train/clip_06924.wav,36103
/data/Dataset/train/train/clip_06925.wav,28295
/data/Dataset/train/train/clip_06926.wav,51251
/data/Dataset/test/test/clip_06927.wav,37371
/data/Dataset/train/train/clip_06928.wav,27405
/data/Dataset/train/train/clip_06929.wav,37904
/data/Dataset/train/train/clip_06930.wav,29363
/data/Dataset/train/train/clip_06931.wav,32210
/data/Dataset/train/train/clip_06932.wav,46446
/data/Dataset/train/train/clip_06933.wav,39876
/data/Dataset/train/train/clip_06934.wav,65666
/data/Dataset/test/test/clip_06935.wav,44311
/data/Dataset/train/train/clip_06936.wav,27814
/data/Dataset/train/train/clip_06937.wav,39506
/data/Dataset/train/train/clip_06938.wav,58192
/data/Dataset/train/train/clip_06939.wav,35235
/data/Dataset/train/train/clip_06940.wav,52319
/data/Dataset/train/train/clip_06941.wav,28295
/data/Dataset/train/train/clip_06942.wav,26760
/data/Dataset/train/train/clip_06943.wav,64064
/data/Dataset/test/test/clip_06944.wav,34701
/data/Dataset/train/train/clip_06945.wav,34701
/data/Dataset/train/train/clip_06946.wav,34352
/data/Dataset/test/test/clip_06947.wav,55522
/data/Dataset/train/train/clip_06948.wav,38883
/data/Dataset/test/test/clip_06949.wav,33100
/data/Dataset/train/train/clip_06950.wav,38438
/data/Dataset/train/train/clip_06951.wav,30765
/data/Dataset/train/train/clip_06952.wav,33796
/data/Dataset/train/train/clip_06953.wav,39506
/data/Dataset/train/train/clip_06954.wav,46980
/data/Dataset/test/test/clip_06955.wav,49116
/data/Dataset/train/train/clip_06956.wav,24149
/data/Dataset/train/train/clip_06957.wav,38972
/data/Dataset/train/train/clip_06958.wav,39958
/data/Dataset/test/test/clip_06959.wav,39506
/data/Dataset/train/train/clip_06960.wav,32566
/data/Dataset/test/test/clip_06961.wav,63530
/data/Dataset/test/test/clip_06962.wav,42709
/data/Dataset/train/train/clip_06963.wav,33634
/data/Dataset/train/train/clip_06964.wav,62996
/data/Dataset/train/train/clip_06965.wav,36523
/data/Dataset/train/train/clip_06966.wav,32315
/data/Dataset/train/train/clip_06967.wav,63530
/data/Dataset/train/train/clip_06968.wav,24743
/data/Dataset/train/train/clip_06969.wav,38438
/data/Dataset/train/train/clip_06970.wav,30964
/data/Dataset/train/train/clip_06971.wav,34167
/data/Dataset/train/train/clip_06972.wav,52853
/data/Dataset/train/train/clip_06973.wav,33634
/data/Dataset/train/train/clip_06974.wav,31498
/data/Dataset/test/test/clip_06975.wav,55522
/data/Dataset/train/train/clip_06976.wav,40544
/data/Dataset/train/train/clip_06977.wav,56056
/data/Dataset/test/test/clip_06978.wav,43243
/data/Dataset/test/test/clip_06979.wav,56056
/data/Dataset/train/train/clip_06980.wav,47514
/data/Dataset/train/train/clip_06981.wav,32566
/data/Dataset/train/train/clip_06982.wav,46980
/data/Dataset/train/train/clip_06983.wav,34701
/data/Dataset/train/train/clip_06984.wav,45379
/data/Dataset/train/train/clip_06985.wav,50183
/data/Dataset/train/train/clip_06986.wav,59793
/data/Dataset/train/train/clip_06987.wav,49116
/data/Dataset/train/train/clip_06988.wav,36523
/data/Dataset/train/train/clip_06989.wav,41108
/data/Dataset/train/train/clip_06990.wav,41642
/data/Dataset/train/train/clip_06991.wav,37904
/data/Dataset/train/train/clip_06992.wav,46446
/data/Dataset/train/train/clip_06993.wav,45912
/data/Dataset/train/train/clip_06994.wav,54988
/data/Dataset/train/train/clip_06995.wav,46446
/data/Dataset/train/train/clip_06996.wav,29363
/data/Dataset/train/train/clip_06997.wav,32384
/data/Dataset/train/train/clip_06998.wav,37641
/data/Dataset/train/train/clip_06999.wav,35769
/data/Dataset/train/train/clip_07000.wav,33634
/data/Dataset/train/train/clip_07001.wav,36889
/data/Dataset/train/train/clip_07002.wav,25460
/data/Dataset/train/train/clip_07003.wav,30430
/data/Dataset/train/train/clip_07004.wav,30964
/data/Dataset/train/train/clip_07005.wav,32566
/data/Dataset/train/train/clip_07006.wav,69936
/data/Dataset/train/train/clip_07007.wav,37905
/data/Dataset/test/test/clip_07008.wav,37905
/data/Dataset/train/train/clip_07009.wav,46446
/data/Dataset/train/train/clip_07010.wav,50183
/data/Dataset/train/train/clip_07011.wav,28295
/data/Dataset/train/train/clip_07012.wav,36303
/data/Dataset/train/train/clip_07013.wav,38045
/data/Dataset/train/train/clip_07014.wav,42709
/data/Dataset/train/train/clip_07015.wav,29363
/data/Dataset/train/train/clip_07016.wav,34701
/data/Dataset/train/train/clip_07017.wav,34794
/data/Dataset/train/train/clip_07018.wav,42709
/data/Dataset/test/test/clip_07019.wav,42709
/data/Dataset/train/train/clip_07020.wav,31708
/data/Dataset/train/train/clip_07021.wav,38094
/data/Dataset/train/train/clip_07022.wav,44311
/data/Dataset/train/train/clip_07023.wav,32566
/data/Dataset/train/train/clip_07024.wav,30964
/data/Dataset/train/train/clip_07025.wav,43243
/data/Dataset/train/train/clip_07026.wav,28500
/data/Dataset/train/train/clip_07027.wav,33100
/data/Dataset/train/train/clip_07028.wav,26403
/data/Dataset/train/train/clip_07029.wav,54988
/data/Dataset/train/train/clip_07030.wav,40040
/data/Dataset/train/train/clip_07031.wav,33634
/data/Dataset/test/test/clip_07032.wav,45379
/data/Dataset/train/train/clip_07033.wav,58725
/data/Dataset/train/train/clip_07034.wav,28295
/data/Dataset/train/train/clip_07035.wav,32566
/data/Dataset/train/train/clip_07036.wav,61929
/data/Dataset/train/train/clip_07037.wav,32032
/data/Dataset/train/train/clip_07038.wav,42175
/data/Dataset/test/test/clip_07039.wav,27761
/data/Dataset/train/train/clip_07040.wav,48048
/data/Dataset/train/train/clip_07041.wav,23940
/data/Dataset/train/train/clip_07042.wav,32325
/data/Dataset/train/train/clip_07043.wav,43777
/data/Dataset/train/train/clip_07044.wav,25092
/data/Dataset/train/train/clip_07045.wav,34856
/data/Dataset/train/train/clip_07046.wav,36837
/data/Dataset/train/train/clip_07047.wav,35769
/data/Dataset/train/train/clip_07048.wav,36522
/data/Dataset/test/test/clip_07049.wav,34167
/data/Dataset/train/train/clip_07050.wav,30225
/data/Dataset/train/train/clip_07051.wav,64598
/data/Dataset/train/train/clip_07052.wav,42709
/data/Dataset/train/train/clip_07053.wav,49650
/data/Dataset/train/train/clip_07054.wav,48048
/data/Dataset/train/train/clip_07055.wav,51785
/data/Dataset/train/train/clip_07056.wav,42175
/data/Dataset/train/train/clip_07057.wav,69936
/data/Dataset/train/train/clip_07058.wav,42608
/data/Dataset/train/train/clip_07059.wav,32927
/data/Dataset/test/test/clip_07060.wav,62996
/data/Dataset/train/train/clip_07061.wav,43777
/data/Dataset/train/train/clip_07062.wav,52319
/data/Dataset/test/test/clip_07063.wav,43777
/data/Dataset/train/train/clip_07064.wav,34701
/data/Dataset/train/train/clip_07065.wav,41642
/data/Dataset/train/train/clip_07066.wav,31993
/data/Dataset/test/test/clip_07067.wav,43243
/data/Dataset/test/test/clip_07068.wav,59793
/data/Dataset/train/train/clip_07069.wav,37905
/data/Dataset/train/train/clip_07070.wav,35769
/data/Dataset/train/train/clip_07071.wav,38972
/data/Dataset/train/train/clip_07072.wav,45379
/data/Dataset/train/train/clip_07073.wav,32566
/data/Dataset/train/train/clip_07074.wav,55522
/data/Dataset/train/train/clip_07075.wav,37371
/data/Dataset/train/train/clip_07076.wav,29363
/data/Dataset/train/train/clip_07077.wav,59793
/data/Dataset/train/train/clip_07078.wav,44311
/data/Dataset/train/train/clip_07079.wav,72072
/data/Dataset/train/train/clip_07080.wav,35112
/data/Dataset/train/train/clip_07081.wav,41108
/data/Dataset/train/train/clip_07082.wav,61928
/data/Dataset/train/train/clip_07083.wav,30964
/data/Dataset/train/train/clip_07084.wav,28329
/data/Dataset/train/train/clip_07085.wav,34642
/data/Dataset/test/test/clip_07086.wav,33100
/data/Dataset/train/train/clip_07087.wav,29139
/data/Dataset/train/train/clip_07088.wav,30507
/data/Dataset/train/train/clip_07089.wav,40574
/data/Dataset/train/train/clip_07090.wav,29317
/data/Dataset/train/train/clip_07091.wav,26684
/data/Dataset/train/train/clip_07092.wav,37980
/data/Dataset/train/train/clip_07093.wav,42175
/data/Dataset/train/train/clip_07094.wav,28829
/data/Dataset/train/train/clip_07095.wav,45379
/data/Dataset/train/train/clip_07096.wav,32635
/data/Dataset/train/train/clip_07097.wav,30964
/data/Dataset/train/train/clip_07098.wav,24074
/data/Dataset/test/test/clip_07099.wav,46446
/data/Dataset/train/train/clip_07100.wav,38438
/data/Dataset/train/train/clip_07101.wav,36626
/data/Dataset/train/train/clip_07102.wav,38438
/data/Dataset/train/train/clip_07103.wav,48582
/data/Dataset/train/train/clip_07104.wav,46980
/data/Dataset/train/train/clip_07105.wav,52319
/data/Dataset/train/train/clip_07106.wav,25626
/data/Dataset/train/train/clip_07107.wav,38438
/data/Dataset/train/train/clip_07108.wav,53920
/data/Dataset/train/train/clip_07109.wav,43709
/data/Dataset/train/train/clip_07110.wav,33673
/data/Dataset/test/test/clip_07111.wav,32566
/data/Dataset/train/train/clip_07112.wav,35309
/data/Dataset/train/train/clip_07113.wav,36303
/data/Dataset/train/train/clip_07114.wav,56056
/data/Dataset/test/test/clip_07115.wav,68335
/data/Dataset/train/train/clip_07116.wav,31138
/data/Dataset/train/train/clip_07117.wav,45379
/data/Dataset/train/train/clip_07118.wav,43777
/data/Dataset/train/train/clip_07119.wav,29897
/data/Dataset/train/train/clip_07120.wav,37371
/data/Dataset/train/train/clip_07121.wav,42175
/data/Dataset/train/train/clip_07122.wav,67267
/data/Dataset/train/train/clip_07123.wav,34167
/data/Dataset/train/train/clip_07124.wav,45913
/data/Dataset/test/test/clip_07125.wav,46980
/data/Dataset/train/train/clip_07126.wav,24254
/data/Dataset/train/train/clip_07127.wav,30088
/data/Dataset/train/train/clip_07128.wav,44311
/data/Dataset/train/train/clip_07129.wav,40574
/data/Dataset/train/train/clip_07130.wav,59259
/data/Dataset/test/test/clip_07131.wav,45912
/data/Dataset/train/train/clip_07132.wav,50183
/data/Dataset/train/train/clip_07133.wav,46980
/data/Dataset/train/train/clip_07134.wav,38972
/data/Dataset/train/train/clip_07135.wav,39506
/data/Dataset/train/train/clip_07136.wav,45912
/data/Dataset/train/train/clip_07137.wav,31359
/data/Dataset/test/test/clip_07138.wav,60327
/data/Dataset/train/train/clip_07139.wav,36409
/data/Dataset/test/test/clip_07140.wav,59793
/data/Dataset/train/train/clip_07141.wav,44311
/data/Dataset/train/train/clip_07142.wav,28295
/data/Dataset/train/train/clip_07143.wav,54454
/data/Dataset/train/train/clip_07144.wav,32566
/data/Dataset/train/train/clip_07145.wav,39506
/data/Dataset/train/train/clip_07146.wav,33634
/data/Dataset/train/train/clip_07147.wav,38972
/data/Dataset/train/train/clip_07148.wav,77945
/data/Dataset/train/train/clip_07149.wav,40574
/data/Dataset/train/train/clip_07150.wav,32032
/data/Dataset/train/train/clip_07151.wav,34701
/data/Dataset/train/train/clip_07152.wav,39279
/data/Dataset/train/train/clip_07153.wav,32576
/data/Dataset/test/test/clip_07154.wav,34701
/data/Dataset/train/train/clip_07155.wav,61929
/data/Dataset/train/train/clip_07156.wav,33100
/data/Dataset/test/test/clip_07157.wav,39506
/data/Dataset/train/train/clip_07158.wav,40040
/data/Dataset/test/test/clip_07159.wav,66733
/data/Dataset/test/test/clip_07160.wav,59793
/data/Dataset/train/train/clip_07161.wav,33634
/data/Dataset/train/train/clip_07162.wav,47514
/data/Dataset/train/train/clip_07163.wav,52319
/data/Dataset/train/train/clip_07164.wav,40574
/data/Dataset/train/train/clip_07165.wav,37371
/data/Dataset/train/train/clip_07166.wav,39506
/data/Dataset/train/train/clip_07167.wav,36523
/data/Dataset/train/train/clip_07168.wav,54988
/data/Dataset/train/train/clip_07169.wav,31578
/data/Dataset/test/test/clip_07170.wav,46980
/data/Dataset/train/train/clip_07171.wav,34167
/data/Dataset/train/train/clip_07172.wav,36523
/data/Dataset/train/train/clip_07173.wav,39548
/data/Dataset/train/train/clip_07174.wav,27228
/data/Dataset/train/train/clip_07175.wav,56590
/data/Dataset/train/train/clip_07176.wav,25599
/data/Dataset/train/train/clip_07177.wav,54454
/data/Dataset/train/train/clip_07178.wav,40040
/data/Dataset/train/train/clip_07179.wav,34265
/data/Dataset/train/train/clip_07180.wav,25092
/data/Dataset/train/train/clip_07181.wav,44311
/data/Dataset/train/train/clip_07182.wav,48048
/data/Dataset/train/train/clip_07183.wav,34456
/data/Dataset/test/test/clip_07184.wav,58192
/data/Dataset/train/train/clip_07185.wav,36523
/data/Dataset/train/train/clip_07186.wav,41108
/data/Dataset/train/train/clip_07187.wav,44845
/data/Dataset/train/train/clip_07188.wav,32032
/data/Dataset/test/test/clip_07189.wav,43777
/data/Dataset/train/train/clip_07190.wav,37905
/data/Dataset/test/test/clip_07191.wav,55522
/data/Dataset/train/train/clip_07192.wav,23745
/data/Dataset/train/train/clip_07193.wav,34167
/data/Dataset/train/train/clip_07194.wav,31639
/data/Dataset/train/train/clip_07195.wav,34701
/data/Dataset/train/train/clip_07196.wav,24773
/data/Dataset/train/train/clip_07197.wav,28295
/data/Dataset/train/train/clip_07198.wav,23634
/data/Dataset/train/train/clip_07199.wav,43243
/data/Dataset/train/train/clip_07200.wav,40040
/data/Dataset/train/train/clip_07201.wav,35235
/data/Dataset/test/test/clip_07202.wav,38972
/data/Dataset/train/train/clip_07203.wav,47514
/data/Dataset/test/test/clip_07204.wav,30964
/data/Dataset/train/train/clip_07205.wav,52853
/data/Dataset/test/test/clip_07206.wav,43243
/data/Dataset/train/train/clip_07207.wav,44845
/data/Dataset/train/train/clip_07208.wav,24522
/data/Dataset/train/train/clip_07209.wav,25092
/data/Dataset/test/test/clip_07210.wav,56056
/data/Dataset/train/train/clip_07211.wav,37500
/data/Dataset/train/train/clip_07212.wav,39154
/data/Dataset/train/train/clip_07213.wav,47514
/data/Dataset/train/train/clip_07214.wav,46446
/data/Dataset/train/train/clip_07215.wav,36310
/data/Dataset/train/train/clip_07216.wav,44311
/data/Dataset/train/train/clip_07217.wav,38029
/data/Dataset/train/train/clip_07218.wav,39279
/data/Dataset/train/train/clip_07219.wav,27137
/data/Dataset/train/train/clip_07220.wav,39506
/data/Dataset/train/train/clip_07221.wav,37371
/data/Dataset/train/train/clip_07222.wav,24558
/data/Dataset/test/test/clip_07223.wav,36303
/data/Dataset/test/test/clip_07224.wav,36303
/data/Dataset/train/train/clip_07225.wav,46980
/data/Dataset/train/train/clip_07226.wav,42709
/data/Dataset/train/train/clip_07227.wav,45912
/data/Dataset/train/train/clip_07228.wav,33618
/data/Dataset/train/train/clip_07229.wav,59793
/data/Dataset/train/train/clip_07230.wav,49650
/data/Dataset/train/train/clip_07231.wav,66199
/data/Dataset/train/train/clip_07232.wav,40574
/data/Dataset/train/train/clip_07233.wav,65132
/data/Dataset/train/train/clip_07234.wav,52853
/data/Dataset/train/train/clip_07235.wav,42175
/data/Dataset/train/train/clip_07236.wav,42709
/data/Dataset/train/train/clip_07237.wav,28624
/data/Dataset/train/train/clip_07238.wav,35235
/data/Dataset/train/train/clip_07239.wav,43243
/data/Dataset/test/test/clip_07240.wav,35769
/data/Dataset/train/train/clip_07241.wav,46980
/data/Dataset/train/train/clip_07242.wav,36523
/data/Dataset/train/train/clip_07243.wav,34701
/data/Dataset/train/train/clip_07244.wav,36409
/data/Dataset/train/train/clip_07245.wav,40306
/data/Dataset/test/test/clip_07246.wav,50717
/data/Dataset/train/train/clip_07247.wav,33871
/data/Dataset/train/train/clip_07248.wav,70470
/data/Dataset/train/train/clip_07249.wav,45379
/data/Dataset/train/train/clip_07250.wav,39796
/data/Dataset/train/train/clip_07251.wav,24899
/data/Dataset/train/train/clip_07252.wav,24558
/data/Dataset/train/train/clip_07253.wav,34551
/data/Dataset/train/train/clip_07254.wav,35390
/data/Dataset/train/train/clip_07255.wav,59793
/data/Dataset/train/train/clip_07256.wav,33634
/data/Dataset/train/train/clip_07257.wav,31880
/data/Dataset/train/train/clip_07258.wav,36837
/data/Dataset/test/test/clip_07259.wav,65665
/data/Dataset/train/train/clip_07260.wav,25092
/data/Dataset/train/train/clip_07261.wav,63530
/data/Dataset/test/test/clip_07262.wav,39506
/data/Dataset/train/train/clip_07263.wav,46980
/data/Dataset/train/train/clip_07264.wav,31646
/data/Dataset/train/train/clip_07265.wav,41108
/data/Dataset/train/train/clip_07266.wav,30205
/data/Dataset/test/test/clip_07267.wav,30430
/data/Dataset/train/train/clip_07268.wav,38771
/data/Dataset/train/train/clip_07269.wav,44845
/data/Dataset/train/train/clip_07270.wav,30430
/data/Dataset/train/train/clip_07271.wav,43777
/data/Dataset/train/train/clip_07272.wav,33634
/data/Dataset/train/train/clip_07273.wav,42709
/data/Dataset/train/train/clip_07274.wav,36523
/data/Dataset/train/train/clip_07275.wav,38972
/data/Dataset/train/train/clip_07276.wav,58725
/data/Dataset/train/train/clip_07277.wav,43777
/data/Dataset/train/train/clip_07278.wav,42709
/data/Dataset/test/test/clip_07279.wav,38972
/data/Dataset/test/test/clip_07280.wav,51251
/data/Dataset/train/train/clip_07281.wav,52319
/data/Dataset/train/train/clip_07282.wav,56590
/data/Dataset/train/train/clip_07283.wav,38438
/data/Dataset/train/train/clip_07284.wav,46446
/data/Dataset/train/train/clip_07285.wav,51785
/data/Dataset/test/test/clip_07286.wav,34701
/data/Dataset/train/train/clip_07287.wav,39506
/data/Dataset/train/train/clip_07288.wav,41108
/data/Dataset/train/train/clip_07289.wav,36008
/data/Dataset/test/test/clip_07290.wav,44845
/data/Dataset/train/train/clip_07291.wav,52319
/data/Dataset/train/train/clip_07292.wav,43374
/data/Dataset/train/train/clip_07293.wav,45913
/data/Dataset/train/train/clip_07294.wav,36409
/data/Dataset/train/train/clip_07295.wav,51785
/data/Dataset/test/test/clip_07296.wav,28295
/data/Dataset/train/train/clip_07297.wav,57658
/data/Dataset/test/test/clip_07298.wav,39506
/data/Dataset/train/train/clip_07299.wav,40040
/data/Dataset/train/train/clip_07300.wav,36837
/data/Dataset/train/train/clip_07301.wav,33100
/data/Dataset/train/train/clip_07302.wav,48048
/data/Dataset/train/train/clip_07303.wav,33073
/data/Dataset/train/train/clip_07304.wav,26524
/data/Dataset/test/test/clip_07305.wav,58191
/data/Dataset/train/train/clip_07306.wav,31279
/data/Dataset/train/train/clip_07307.wav,34701
/data/Dataset/train/train/clip_07308.wav,28295
/data/Dataset/train/train/clip_07309.wav,40574
/data/Dataset/train/train/clip_07310.wav,31012
/data/Dataset/train/train/clip_07311.wav,44845
/data/Dataset/train/train/clip_07312.wav,51251
/data/Dataset/train/train/clip_07313.wav,35117
/data/Dataset/test/test/clip_07314.wav,29896
/data/Dataset/train/train/clip_07315.wav,45913
/data/Dataset/train/train/clip_07316.wav,24915
/data/Dataset/test/test/clip_07317.wav,54454
/data/Dataset/train/train/clip_07318.wav,44311
/data/Dataset/train/train/clip_07319.wav,60861
/data/Dataset/train/train/clip_07320.wav,32566
/data/Dataset/train/train/clip_07321.wav,36523
/data/Dataset/train/train/clip_07322.wav,44311
/data/Dataset/train/train/clip_07323.wav,30699
/data/Dataset/train/train/clip_07324.wav,40574
/data/Dataset/train/train/clip_07325.wav,35105
/data/Dataset/train/train/clip_07326.wav,62996
/data/Dataset/test/test/clip_07327.wav,36303
/data/Dataset/test/test/clip_07328.wav,29363
/data/Dataset/test/test/clip_07329.wav,40574
/data/Dataset/test/test/clip_07330.wav,46446
/data/Dataset/test/test/clip_07331.wav,37371
/data/Dataset/train/train/clip_07332.wav,29363
/data/Dataset/test/test/clip_07333.wav,67801
/data/Dataset/train/train/clip_07334.wav,32520
/data/Dataset/test/test/clip_07335.wav,36837
/data/Dataset/train/train/clip_07336.wav,41642
/data/Dataset/train/train/clip_07337.wav,51785
/data/Dataset/train/train/clip_07338.wav,40574
/data/Dataset/train/train/clip_07339.wav,41108
/data/Dataset/train/train/clip_07340.wav,41108
/data/Dataset/train/train/clip_07341.wav,34167
/data/Dataset/train/train/clip_07342.wav,41108
/data/Dataset/train/train/clip_07343.wav,34393
/data/Dataset/train/train/clip_07344.wav,31069
/data/Dataset/train/train/clip_07345.wav,37468
/data/Dataset/train/train/clip_07346.wav,35502
/data/Dataset/train/train/clip_07347.wav,36837
/data/Dataset/train/train/clip_07348.wav,37371
/data/Dataset/test/test/clip_07349.wav,32032
/data/Dataset/train/train/clip_07350.wav,36409
/data/Dataset/train/train/clip_07351.wav,30838
/data/Dataset/train/train/clip_07352.wav,35749
/data/Dataset/train/train/clip_07353.wav,38972
/data/Dataset/train/train/clip_07354.wav,30430
/data/Dataset/train/train/clip_07355.wav,36523
/data/Dataset/train/train/clip_07356.wav,36065
/data/Dataset/train/train/clip_07357.wav,44311
/data/Dataset/train/train/clip_07358.wav,27761
/data/Dataset/train/train/clip_07359.wav,60327
/data/Dataset/train/train/clip_07360.wav,52853
/data/Dataset/train/train/clip_07361.wav,75809
/data/Dataset/train/train/clip_07362.wav,49650
/data/Dataset/train/train/clip_07363.wav,35235
/data/Dataset/train/train/clip_07364.wav,41108
/data/Dataset/train/train/clip_07365.wav,38350
/data/Dataset/train/train/clip_07366.wav,28914
/data/Dataset/train/train/clip_07367.wav,30964
/data/Dataset/train/train/clip_07368.wav,43243
/data/Dataset/train/train/clip_07369.wav,36303
/data/Dataset/test/test/clip_07370.wav,42175
/data/Dataset/train/train/clip_07371.wav,34167
/data/Dataset/train/train/clip_07372.wav,33100
/data/Dataset/train/train/clip_07373.wav,30964
/data/Dataset/train/train/clip_07374.wav,35905
/data/Dataset/train/train/clip_07375.wav,66200
/data/Dataset/test/test/clip_07376.wav,48048
/data/Dataset/train/train/clip_07377.wav,36367
/data/Dataset/train/train/clip_07378.wav,65666
/data/Dataset/train/train/clip_07379.wav,48582
/data/Dataset/train/train/clip_07380.wav,40040
/data/Dataset/train/train/clip_07381.wav,44311
/data/Dataset/train/train/clip_07382.wav,41642
/data/Dataset/train/train/clip_07383.wav,45379
/data/Dataset/train/train/clip_07384.wav,44845
/data/Dataset/train/train/clip_07385.wav,46446
/data/Dataset/train/train/clip_07386.wav,34420
/data/Dataset/train/train/clip_07387.wav,27869
/data/Dataset/train/train/clip_07388.wav,30159
/data/Dataset/train/train/clip_07389.wav,41642
/data/Dataset/train/train/clip_07390.wav,32032
/data/Dataset/train/train/clip_07391.wav,36523
/data/Dataset/train/train/clip_07392.wav,41013
/data/Dataset/test/test/clip_07393.wav,35769
/data/Dataset/train/train/clip_07394.wav,34802
/data/Dataset/test/test/clip_07395.wav,47514
/data/Dataset/train/train/clip_07396.wav,34701
/data/Dataset/train/train/clip_07397.wav,28829
/data/Dataset/train/train/clip_07398.wav,37905
/data/Dataset/train/train/clip_07399.wav,20999
/data/Dataset/train/train/clip_07400.wav,60327
/data/Dataset/train/train/clip_07401.wav,37234
/data/Dataset/train/train/clip_07402.wav,58191
/data/Dataset/train/train/clip_07403.wav,31258
/data/Dataset/test/test/clip_07404.wav,42709
/data/Dataset/train/train/clip_07405.wav,33100
/data/Dataset/train/train/clip_07406.wav,29167
/data/Dataset/test/test/clip_07407.wav,38438
/data/Dataset/train/train/clip_07408.wav,32566
/data/Dataset/train/train/clip_07409.wav,33634
/data/Dataset/train/train/clip_07410.wav,43176
/data/Dataset/train/train/clip_07411.wav,33100
/data/Dataset/train/train/clip_07412.wav,39625
/data/Dataset/train/train/clip_07413.wav,27253
/data/Dataset/train/train/clip_07414.wav,29004
/data/Dataset/train/train/clip_07415.wav,35769
/data/Dataset/train/train/clip_07416.wav,25626
/data/Dataset/train/train/clip_07417.wav,35769
/data/Dataset/test/test/clip_07418.wav,42709
/data/Dataset/train/train/clip_07419.wav,48048
/data/Dataset/train/train/clip_07420.wav,40040
/data/Dataset/train/train/clip_07421.wav,31498
/data/Dataset/train/train/clip_07422.wav,55522
/data/Dataset/train/train/clip_07423.wav,57658
/data/Dataset/train/train/clip_07424.wav,34148
/data/Dataset/train/train/clip_07425.wav,33905
/data/Dataset/train/train/clip_07426.wav,25810
/data/Dataset/train/train/clip_07427.wav,32566
/data/Dataset/train/train/clip_07428.wav,32074
/data/Dataset/train/train/clip_07429.wav,41642
/data/Dataset/train/train/clip_07430.wav,32032
/data/Dataset/train/train/clip_07431.wav,31498
/data/Dataset/train/train/clip_07432.wav,51785
/data/Dataset/train/train/clip_07433.wav,46446
/data/Dataset/test/test/clip_07434.wav,50717
/data/Dataset/train/train/clip_07435.wav,41108
/data/Dataset/train/train/clip_07436.wav,51785
/data/Dataset/test/test/clip_07437.wav,45379
/data/Dataset/train/train/clip_07438.wav,31208
/data/Dataset/test/test/clip_07439.wav,37904
/data/Dataset/train/train/clip_07440.wav,41108
/data/Dataset/train/train/clip_07441.wav,37946
/data/Dataset/train/train/clip_07442.wav,40574
/data/Dataset/train/train/clip_07443.wav,63530
/data/Dataset/train/train/clip_07444.wav,51785
/data/Dataset/train/train/clip_07445.wav,41590
/data/Dataset/train/train/clip_07446.wav,46980
/data/Dataset/test/test/clip_07447.wav,39506
/data/Dataset/train/train/clip_07448.wav,62462
/data/Dataset/train/train/clip_07449.wav,60861
/data/Dataset/train/train/clip_07450.wav,57124
/data/Dataset/train/train/clip_07451.wav,26159
/data/Dataset/train/train/clip_07452.wav,43777
/data/Dataset/train/train/clip_07453.wav,36303
/data/Dataset/train/train/clip_07454.wav,41108
/data/Dataset/train/train/clip_07455.wav,39438
/data/Dataset/train/train/clip_07456.wav,25303
/data/Dataset/test/test/clip_07457.wav,63530
/data/Dataset/train/train/clip_07458.wav,35612
/data/Dataset/train/train/clip_07459.wav,42175
/data/Dataset/train/train/clip_07460.wav,41108
/data/Dataset/test/test/clip_07461.wav,38972
/data/Dataset/test/test/clip_07462.wav,39506
/data/Dataset/test/test/clip_07463.wav,41108
/data/Dataset/test/test/clip_07464.wav,54454
/data/Dataset/train/train/clip_07465.wav,56056
/data/Dataset/train/train/clip_07466.wav,34167
/data/Dataset/test/test/clip_07467.wav,41642
/data/Dataset/test/test/clip_07468.wav,43243
/data/Dataset/train/train/clip_07469.wav,46980
/data/Dataset/train/train/clip_07470.wav,44311
/data/Dataset/train/train/clip_07471.wav,48582
/data/Dataset/train/train/clip_07472.wav,67267
/data/Dataset/train/train/clip_07473.wav,33523
/data/Dataset/train/train/clip_07474.wav,51785
/data/Dataset/test/test/clip_07475.wav,59793
/data/Dataset/train/train/clip_07476.wav,30362
/data/Dataset/train/train/clip_07477.wav,43243
/data/Dataset/train/train/clip_07478.wav,32098
/data/Dataset/test/test/clip_07479.wav,36837
/data/Dataset/train/train/clip_07480.wav,36523
/data/Dataset/test/test/clip_07481.wav,61395
/data/Dataset/train/train/clip_07482.wav,39506
/data/Dataset/train/train/clip_07483.wav,47514
/data/Dataset/train/train/clip_07484.wav,40574
/data/Dataset/train/train/clip_07485.wav,26589
/data/Dataset/train/train/clip_07486.wav,35108
/data/Dataset/test/test/clip_07487.wav,60861
/data/Dataset/train/train/clip_07488.wav,42709
/data/Dataset/train/train/clip_07489.wav,35769
/data/Dataset/train/train/clip_07490.wav,35235
/data/Dataset/test/test/clip_07491.wav,37371
/data/Dataset/train/train/clip_07492.wav,28523
/data/Dataset/train/train/clip_07493.wav,34167
/data/Dataset/train/train/clip_07494.wav,26159
/data/Dataset/train/train/clip_07495.wav,56056
/data/Dataset/train/train/clip_07496.wav,30430
/data/Dataset/train/train/clip_07497.wav,31302
/data/Dataset/train/train/clip_07498.wav,38438
/data/Dataset/test/test/clip_07499.wav,26159
/data/Dataset/test/test/clip_07500.wav,53920
/data/Dataset/train/train/clip_07501.wav,38972
/data/Dataset/train/train/clip_07502.wav,42175
/data/Dataset/train/train/clip_07503.wav,36409
/data/Dataset/test/test/clip_07504.wav,66733
/data/Dataset/train/train/clip_07505.wav,34167
/data/Dataset/train/train/clip_07506.wav,50183
/data/Dataset/test/test/clip_07507.wav,34167
/data/Dataset/test/test/clip_07508.wav,46980
/data/Dataset/train/train/clip_07509.wav,50717
/data/Dataset/train/train/clip_07510.wav,53921
/data/Dataset/train/train/clip_07511.wav,58725
/data/Dataset/train/train/clip_07512.wav,33467
/data/Dataset/train/train/clip_07513.wav,32032
/data/Dataset/train/train/clip_07514.wav,39608
/data/Dataset/train/train/clip_07515.wav,42709
/data/Dataset/train/train/clip_07516.wav,60327
/data/Dataset/train/train/clip_07517.wav,33634
/data/Dataset/train/train/clip_07518.wav,50717
/data/Dataset/train/train/clip_07519.wav,36188
/data/Dataset/train/train/clip_07520.wav,37371
/data/Dataset/test/test/clip_07521.wav,50717
/data/Dataset/train/train/clip_07522.wav,31579
/data/Dataset/test/test/clip_07523.wav,65666
/data/Dataset/train/train/clip_07524.wav,62996
/data/Dataset/train/train/clip_07525.wav,44845
/data/Dataset/train/train/clip_07526.wav,44311
/data/Dataset/train/train/clip_07527.wav,43777
/data/Dataset/train/train/clip_07528.wav,49650
/data/Dataset/train/train/clip_07529.wav,63530
/data/Dataset/train/train/clip_07530.wav,36303
/data/Dataset/train/train/clip_07531.wav,52319
/data/Dataset/train/train/clip_07532.wav,34167
/data/Dataset/test/test/clip_07533.wav,42175
/data/Dataset/train/train/clip_07534.wav,40040
/data/Dataset/train/train/clip_07535.wav,28829
/data/Dataset/train/train/clip_07536.wav,34926
/data/Dataset/train/train/clip_07537.wav,33321
/data/Dataset/train/train/clip_07538.wav,31217
/data/Dataset/train/train/clip_07539.wav,32032
/data/Dataset/test/test/clip_07540.wav,58725
/data/Dataset/train/train/clip_07541.wav,38972
/data/Dataset/train/train/clip_07542.wav,48048
/data/Dataset/test/test/clip_07543.wav,38438
/data/Dataset/train/train/clip_07544.wav,37904
/data/Dataset/train/train/clip_07545.wav,36409
/data/Dataset/train/train/clip_07546.wav,35599
/data/Dataset/train/train/clip_07547.wav,34656
/data/Dataset/train/train/clip_07548.wav,32032
/data/Dataset/train/train/clip_07549.wav,36303
/data/Dataset/train/train/clip_07550.wav,28829
/data/Dataset/train/train/clip_07551.wav,34701
/data/Dataset/test/test/clip_07552.wav,57658
/data/Dataset/test/test/clip_07553.wav,40574
/data/Dataset/test/test/clip_07554.wav,52319
/data/Dataset/train/train/clip_07555.wav,29896
/data/Dataset/test/test/clip_07556.wav,42175
/data/Dataset/train/train/clip_07557.wav,51785
/data/Dataset/train/train/clip_07558.wav,33100
/data/Dataset/train/train/clip_07559.wav,35235
/data/Dataset/train/train/clip_07560.wav,33100
/data/Dataset/test/test/clip_07561.wav,33100
/data/Dataset/train/train/clip_07562.wav,53387
/data/Dataset/train/train/clip_07563.wav,45379
/data/Dataset/train/train/clip_07564.wav,42709
/data/Dataset/test/test/clip_07565.wav,53920
/data/Dataset/train/train/clip_07566.wav,38438
/data/Dataset/train/train/clip_07567.wav,24560
/data/Dataset/test/test/clip_07568.wav,60861
/data/Dataset/train/train/clip_07569.wav,39999
/data/Dataset/train/train/clip_07570.wav,40040
/data/Dataset/train/train/clip_07571.wav,28776
/data/Dataset/train/train/clip_07572.wav,49116
/data/Dataset/test/test/clip_07573.wav,28829
/data/Dataset/train/train/clip_07574.wav,44845
/data/Dataset/train/train/clip_07575.wav,53921
/data/Dataset/train/train/clip_07576.wav,43243
/data/Dataset/train/train/clip_07577.wav,42709
/data/Dataset/test/test/clip_07578.wav,44311
/data/Dataset/train/train/clip_07579.wav,43243
/data/Dataset/train/train/clip_07580.wav,33634
/data/Dataset/train/train/clip_07581.wav,30891
/data/Dataset/train/train/clip_07582.wav,37371
/data/Dataset/train/train/clip_07583.wav,30430
/data/Dataset/test/test/clip_07584.wav,36303
/data/Dataset/train/train/clip_07585.wav,62463
/data/Dataset/train/train/clip_07586.wav,36303
/data/Dataset/train/train/clip_07587.wav,52319
/data/Dataset/train/train/clip_07588.wav,34167
/data/Dataset/train/train/clip_07589.wav,49650
/data/Dataset/train/train/clip_07590.wav,36523
/data/Dataset/train/train/clip_07591.wav,31349
/data/Dataset/train/train/clip_07592.wav,35869
/data/Dataset/train/train/clip_07593.wav,62996
/data/Dataset/train/train/clip_07594.wav,51785
/data/Dataset/train/train/clip_07595.wav,54988
/data/Dataset/train/train/clip_07596.wav,36095
/data/Dataset/train/train/clip_07597.wav,45379
/data/Dataset/train/train/clip_07598.wav,36837
/data/Dataset/train/train/clip_07599.wav,35769
/data/Dataset/train/train/clip_07600.wav,38438
/data/Dataset/train/train/clip_07601.wav,24900
/data/Dataset/train/train/clip_07602.wav,37371
/data/Dataset/train/train/clip_07603.wav,33871
/data/Dataset/train/train/clip_07604.wav,28829
/data/Dataset/train/train/clip_07605.wav,34167
/data/Dataset/train/train/clip_07606.wav,34701
/data/Dataset/test/test/clip_07607.wav,42709
/data/Dataset/train/train/clip_07608.wav,41936
/data/Dataset/train/train/clip_07609.wav,34490
/data/Dataset/train/train/clip_07610.wav,22191
/data/Dataset/train/train/clip_07611.wav,36095
/data/Dataset/train/train/clip_07612.wav,58191
/data/Dataset/test/test/clip_07613.wav,64598
/data/Dataset/train/train/clip_07614.wav,49116
/data/Dataset/train/train/clip_07615.wav,32032
/data/Dataset/train/train/clip_07616.wav,46980
/data/Dataset/train/train/clip_07617.wav,62996
/data/Dataset/train/train/clip_07618.wav,36355
/data/Dataset/train/train/clip_07619.wav,44845
/data/Dataset/train/train/clip_07620.wav,42709
/data/Dataset/train/train/clip_07621.wav,41108
/data/Dataset/train/train/clip_07622.wav,29363
/data/Dataset/train/train/clip_07623.wav,35235
/data/Dataset/train/train/clip_07624.wav,62462
/data/Dataset/train/train/clip_07625.wav,34167
/data/Dataset/train/train/clip_07626.wav,46446
/data/Dataset/train/train/clip_07627.wav,36303
/data/Dataset/test/test/clip_07628.wav,50717
/data/Dataset/train/train/clip_07629.wav,43243
/data/Dataset/train/train/clip_07630.wav,30430
/data/Dataset/train/train/clip_07631.wav,62462
/data/Dataset/train/train/clip_07632.wav,40100
/data/Dataset/train/train/clip_07633.wav,44845
/data/Dataset/test/test/clip_07634.wav,42175
/data/Dataset/train/train/clip_07635.wav,38438
/data/Dataset/train/train/clip_07636.wav,45912
/data/Dataset/train/train/clip_07637.wav,41642
/data/Dataset/train/train/clip_07638.wav,38972
/data/Dataset/train/train/clip_07639.wav,36303
/data/Dataset/train/train/clip_07640.wav,56590
/data/Dataset/test/test/clip_07641.wav,59259
/data/Dataset/train/train/clip_07642.wav,27076
/data/Dataset/train/train/clip_07643.wav,29396
/data/Dataset/train/train/clip_07644.wav,40574
/data/Dataset/train/train/clip_07645.wav,60327
/data/Dataset/test/test/clip_07646.wav,39506
/data/Dataset/train/train/clip_07647.wav,33634
/data/Dataset/test/test/clip_07648.wav,36523
/data/Dataset/test/test/clip_07649.wav,58191
/data/Dataset/test/test/clip_07650.wav,49116
/data/Dataset/train/train/clip_07651.wav,39506
/data/Dataset/train/train/clip_07652.wav,23138
/data/Dataset/train/train/clip_07653.wav,49650
/data/Dataset/train/train/clip_07654.wav,37904
/data/Dataset/test/test/clip_07655.wav,46446
/data/Dataset/train/train/clip_07656.wav,32566
/data/Dataset/train/train/clip_07657.wav,51785
/data/Dataset/train/train/clip_07658.wav,26649
/data/Dataset/train/train/clip_07659.wav,49116
/data/Dataset/test/test/clip_07660.wav,52853
/data/Dataset/test/test/clip_07661.wav,50717
/data/Dataset/train/train/clip_07662.wav,53921
/data/Dataset/train/train/clip_07663.wav,34701
/data/Dataset/train/train/clip_07664.wav,33239
/data/Dataset/train/train/clip_07665.wav,35204
/data/Dataset/test/test/clip_07666.wav,35235
/data/Dataset/train/train/clip_07667.wav,36522
/data/Dataset/train/train/clip_07668.wav,28899
/data/Dataset/train/train/clip_07669.wav,46980
/data/Dataset/train/train/clip_07670.wav,50183
/data/Dataset/train/train/clip_07671.wav,35328
/data/Dataset/train/train/clip_07672.wav,41642
/data/Dataset/train/train/clip_07673.wav,40040
/data/Dataset/train/train/clip_07674.wav,34701
/data/Dataset/train/train/clip_07675.wav,36303
/data/Dataset/train/train/clip_07676.wav,34701
/data/Dataset/train/train/clip_07677.wav,29466
/data/Dataset/test/test/clip_07678.wav,42709
/data/Dataset/test/test/clip_07679.wav,36837
/data/Dataset/train/train/clip_07680.wav,34167
/data/Dataset/train/train/clip_07681.wav,35235
/data/Dataset/test/test/clip_07682.wav,46980
/data/Dataset/train/train/clip_07683.wav,26573
/data/Dataset/train/train/clip_07684.wav,36409
/data/Dataset/train/train/clip_07685.wav,57124
/data/Dataset/train/train/clip_07686.wav,48582
/data/Dataset/train/train/clip_07687.wav,33617
/data/Dataset/train/train/clip_07688.wav,40574
/data/Dataset/test/test/clip_07689.wav,36409
/data/Dataset/train/train/clip_07690.wav,58192
/data/Dataset/train/train/clip_07691.wav,48048
/data/Dataset/test/test/clip_07692.wav,46446
/data/Dataset/train/train/clip_07693.wav,52319
/data/Dataset/train/train/clip_07694.wav,60861
/data/Dataset/train/train/clip_07695.wav,41108
/data/Dataset/test/test/clip_07696.wav,58725
/data/Dataset/train/train/clip_07697.wav,49116
/data/Dataset/train/train/clip_07698.wav,42175
/data/Dataset/train/train/clip_07699.wav,35235
/data/Dataset/test/test/clip_07700.wav,28829
/data/Dataset/train/train/clip_07701.wav,48048
/data/Dataset/train/train/clip_07702.wav,27631
/data/Dataset/train/train/clip_07703.wav,60327
/data/Dataset/train/train/clip_07704.wav,51785
/data/Dataset/train/train/clip_07705.wav,41642
/data/Dataset/train/train/clip_07706.wav,36408
/data/Dataset/train/train/clip_07707.wav,42175
/data/Dataset/train/train/clip_07708.wav,34701
/data/Dataset/train/train/clip_07709.wav,57124
/data/Dataset/train/train/clip_07710.wav,37904
/data/Dataset/train/train/clip_07711.wav,60327
/data/Dataset/train/train/clip_07712.wav,32566
/data/Dataset/train/train/clip_07713.wav,48048
/data/Dataset/train/train/clip_07714.wav,36950
/data/Dataset/train/train/clip_07715.wav,39939
/data/Dataset/train/train/clip_07716.wav,30964
/data/Dataset/train/train/clip_07717.wav,49650
/data/Dataset/train/train/clip_07718.wav,36837
/data/Dataset/train/train/clip_07719.wav,49650
/data/Dataset/train/train/clip_07720.wav,50717
/data/Dataset/train/train/clip_07721.wav,50717
/data/Dataset/train/train/clip_07722.wav,45379
/data/Dataset/train/train/clip_07723.wav,30430
/data/Dataset/train/train/clip_07724.wav,51251
/data/Dataset/train/train/clip_07725.wav,57658
/data/Dataset/train/train/clip_07726.wav,32032
/data/Dataset/train/train/clip_07727.wav,41108
/data/Dataset/train/train/clip_07728.wav,34701
/data/Dataset/train/train/clip_07729.wav,44311
/data/Dataset/test/test/clip_07730.wav,40040
/data/Dataset/train/train/clip_07731.wav,28590
/data/Dataset/train/train/clip_07732.wav,39506
/data/Dataset/train/train/clip_07733.wav,35235
/data/Dataset/test/test/clip_07734.wav,64064
/data/Dataset/train/train/clip_07735.wav,23885
/data/Dataset/train/train/clip_07736.wav,54988
/data/Dataset/train/train/clip_07737.wav,37735
/data/Dataset/train/train/clip_07738.wav,30964
/data/Dataset/train/train/clip_07739.wav,33100
/data/Dataset/test/test/clip_07740.wav,47514
/data/Dataset/train/train/clip_07741.wav,59793
/data/Dataset/train/train/clip_07742.wav,34167
/data/Dataset/train/train/clip_07743.wav,25918
/data/Dataset/test/test/clip_07744.wav,41642
/data/Dataset/train/train/clip_07745.wav,48582
/data/Dataset/train/train/clip_07746.wav,36409
/data/Dataset/train/train/clip_07747.wav,42175
/data/Dataset/train/train/clip_07748.wav,44311
/data/Dataset/train/train/clip_07749.wav,35235
/data/Dataset/train/train/clip_07750.wav,56056
/data/Dataset/train/train/clip_07751.wav,38350
/data/Dataset/train/train/clip_07752.wav,31614
/data/Dataset/train/train/clip_07753.wav,28261
/data/Dataset/train/train/clip_07754.wav,52319
/data/Dataset/train/train/clip_07755.wav,42981
/data/Dataset/train/train/clip_07756.wav,46980
/data/Dataset/train/train/clip_07757.wav,42175
/data/Dataset/train/train/clip_07758.wav,32390
/data/Dataset/train/train/clip_07759.wav,34497
/data/Dataset/train/train/clip_07760.wav,54454
/data/Dataset/train/train/clip_07761.wav,32032
/data/Dataset/train/train/clip_07762.wav,36837
/data/Dataset/train/train/clip_07763.wav,34701
/data/Dataset/train/train/clip_07764.wav,38972
/data/Dataset/train/train/clip_07765.wav,33100
/data/Dataset/train/train/clip_07766.wav,40574
/data/Dataset/train/train/clip_07767.wav,36409
/data/Dataset/train/train/clip_07768.wav,23263
/data/Dataset/train/train/clip_07769.wav,35235
/data/Dataset/train/train/clip_07770.wav,61395
/data/Dataset/train/train/clip_07771.wav,33758
/data/Dataset/train/train/clip_07772.wav,27133
/data/Dataset/train/train/clip_07773.wav,53920
/data/Dataset/test/test/clip_07774.wav,37371
/data/Dataset/train/train/clip_07775.wav,34167
/data/Dataset/train/train/clip_07776.wav,39506
/data/Dataset/test/test/clip_07777.wav,59259
/data/Dataset/test/test/clip_07778.wav,36837
/data/Dataset/train/train/clip_07779.wav,27346
/data/Dataset/train/train/clip_07780.wav,42709
/data/Dataset/train/train/clip_07781.wav,37154
/data/Dataset/train/train/clip_07782.wav,37904
/data/Dataset/train/train/clip_07783.wav,32415
/data/Dataset/test/test/clip_07784.wav,36409
/data/Dataset/train/train/clip_07785.wav,28504
/data/Dataset/train/train/clip_07786.wav,56056
/data/Dataset/train/train/clip_07787.wav,36945
/data/Dataset/train/train/clip_07788.wav,46446
/data/Dataset/test/test/clip_07789.wav,41642
/data/Dataset/train/train/clip_07790.wav,37371
/data/Dataset/test/test/clip_07791.wav,40040
/data/Dataset/train/train/clip_07792.wav,65665
/data/Dataset/train/train/clip_07793.wav,45379
/data/Dataset/train/train/clip_07794.wav,32566
/data/Dataset/train/train/clip_07795.wav,57658
/data/Dataset/train/train/clip_07796.wav,37905
/data/Dataset/train/train/clip_07797.wav,62996
/data/Dataset/train/train/clip_07798.wav,37555
/data/Dataset/train/train/clip_07799.wav,37371
/data/Dataset/train/train/clip_07800.wav,36409
/data/Dataset/train/train/clip_07801.wav,44845
/data/Dataset/train/train/clip_07802.wav,68335
/data/Dataset/train/train/clip_07803.wav,33018
/data/Dataset/train/train/clip_07804.wav,30964
/data/Dataset/train/train/clip_07805.wav,37905
/data/Dataset/train/train/clip_07806.wav,26501
/data/Dataset/train/train/clip_07807.wav,32032
/data/Dataset/train/train/clip_07808.wav,24558
/data/Dataset/test/test/clip_07809.wav,49116
/data/Dataset/train/train/clip_07810.wav,36523
/data/Dataset/train/train/clip_07811.wav,56590
/data/Dataset/train/train/clip_07812.wav,45379
/data/Dataset/train/train/clip_07813.wav,33634
/data/Dataset/test/test/clip_07814.wav,50183
/data/Dataset/train/train/clip_07815.wav,43243
/data/Dataset/train/train/clip_07816.wav,33100
/data/Dataset/train/train/clip_07817.wav,34167
/data/Dataset/train/train/clip_07818.wav,42709
/data/Dataset/train/train/clip_07819.wav,48048
/data/Dataset/train/train/clip_07820.wav,33634
/data/Dataset/train/train/clip_07821.wav,38197
/data/Dataset/train/train/clip_07822.wav,35235
/data/Dataset/train/train/clip_07823.wav,66199
/data/Dataset/train/train/clip_07824.wav,37371
/data/Dataset/train/train/clip_07825.wav,34701
/data/Dataset/train/train/clip_07826.wav,41387
/data/Dataset/train/train/clip_07827.wav,24439
/data/Dataset/train/train/clip_07828.wav,42175
/data/Dataset/test/test/clip_07829.wav,50183
/data/Dataset/train/train/clip_07830.wav,62996
/data/Dataset/train/train/clip_07831.wav,58725
/data/Dataset/test/test/clip_07832.wav,40040
/data/Dataset/train/train/clip_07833.wav,22839
/data/Dataset/train/train/clip_07834.wav,40574
/data/Dataset/train/train/clip_07835.wav,41108
/data/Dataset/train/train/clip_07836.wav,30964
/data/Dataset/train/train/clip_07837.wav,46980
/data/Dataset/train/train/clip_07838.wav,43055
/data/Dataset/train/train/clip_07839.wav,56590
/data/Dataset/train/train/clip_07840.wav,28295
/data/Dataset/train/train/clip_07841.wav,29997
/data/Dataset/train/train/clip_07842.wav,44311
/data/Dataset/train/train/clip_07843.wav,32566
/data/Dataset/train/train/clip_07844.wav,36837
/data/Dataset/train/train/clip_07845.wav,35235
/data/Dataset/train/train/clip_07846.wav,46980
/data/Dataset/train/train/clip_07847.wav,41441
/data/Dataset/train/train/clip_07848.wav,33100
/data/Dataset/train/train/clip_07849.wav,46980
/data/Dataset/train/train/clip_07850.wav,29363
/data/Dataset/train/train/clip_07851.wav,49650
/data/Dataset/train/train/clip_07852.wav,34701
/data/Dataset/train/train/clip_07853.wav,24625
/data/Dataset/train/train/clip_07854.wav,50183
/data/Dataset/train/train/clip_07855.wav,50717
/data/Dataset/train/train/clip_07856.wav,32032
/data/Dataset/test/test/clip_07857.wav,42709
/data/Dataset/train/train/clip_07858.wav,37904
/data/Dataset/train/train/clip_07859.wav,27761
/data/Dataset/train/train/clip_07860.wav,38438
/data/Dataset/train/train/clip_07861.wav,54454
/data/Dataset/train/train/clip_07862.wav,68869
/data/Dataset/train/train/clip_07863.wav,41642
/data/Dataset/train/train/clip_07864.wav,58192
/data/Dataset/train/train/clip_07865.wav,43777
/data/Dataset/train/train/clip_07866.wav,43777
/data/Dataset/train/train/clip_07867.wav,28295
/data/Dataset/train/train/clip_07868.wav,46980
/data/Dataset/train/train/clip_07869.wav,32566
/data/Dataset/train/train/clip_07870.wav,38438
/data/Dataset/train/train/clip_07871.wav,32132
/data/Dataset/train/train/clip_07872.wav,36409
/data/Dataset/train/train/clip_07873.wav,32566
/data/Dataset/train/train/clip_07874.wav,42175
/data/Dataset/train/train/clip_07875.wav,43243
/data/Dataset/train/train/clip_07876.wav,29896
/data/Dataset/test/test/clip_07877.wav,56056
/data/Dataset/train/train/clip_07878.wav,45379
/data/Dataset/train/train/clip_07879.wav,43243
/data/Dataset/train/train/clip_07880.wav,57124
/data/Dataset/train/train/clip_07881.wav,51251
/data/Dataset/train/train/clip_07882.wav,55522
/data/Dataset/train/train/clip_07883.wav,41108
/data/Dataset/train/train/clip_07884.wav,35235
/data/Dataset/train/train/clip_07885.wav,42175
/data/Dataset/test/test/clip_07886.wav,31498
/data/Dataset/train/train/clip_07887.wav,34701
/data/Dataset/train/train/clip_07888.wav,58191
/data/Dataset/train/train/clip_07889.wav,49650
/data/Dataset/train/train/clip_07890.wav,39506
/data/Dataset/train/train/clip_07891.wav,35769
/data/Dataset/test/test/clip_07892.wav,36837
/data/Dataset/train/train/clip_07893.wav,45379
/data/Dataset/train/train/clip_07894.wav,25092
/data/Dataset/train/train/clip_07895.wav,43777
/data/Dataset/train/train/clip_07896.wav,34701
/data/Dataset/test/test/clip_07897.wav,45913
/data/Dataset/train/train/clip_07898.wav,36303
/data/Dataset/train/train/clip_07899.wav,58191
/data/Dataset/train/train/clip_07900.wav,31498
/data/Dataset/train/train/clip_07901.wav,37371
/data/Dataset/train/train/clip_07902.wav,48582
/data/Dataset/train/train/clip_07903.wav,31678
/data/Dataset/train/train/clip_07904.wav,34975
/data/Dataset/train/train/clip_07905.wav,36837
/data/Dataset/train/train/clip_07906.wav,65666
/data/Dataset/train/train/clip_07907.wav,49116
/data/Dataset/train/train/clip_07908.wav,26061
/data/Dataset/train/train/clip_07909.wav,37371
/data/Dataset/test/test/clip_07910.wav,49650
/data/Dataset/test/test/clip_07911.wav,36837
/data/Dataset/train/train/clip_07912.wav,38972
/data/Dataset/train/train/clip_07913.wav,33321
/data/Dataset/test/test/clip_07914.wav,42709
/data/Dataset/test/test/clip_07915.wav,59793
/data/Dataset/train/train/clip_07916.wav,41108
/data/Dataset/train/train/clip_07917.wav,33634
/data/Dataset/train/train/clip_07918.wav,62462
/data/Dataset/train/train/clip_07919.wav,64598
/data/Dataset/train/train/clip_07920.wav,36045
/data/Dataset/train/train/clip_07921.wav,33100
/data/Dataset/train/train/clip_07922.wav,42175
/data/Dataset/train/train/clip_07923.wav,25092
/data/Dataset/train/train/clip_07924.wav,26693
/data/Dataset/train/train/clip_07925.wav,37688
/data/Dataset/train/train/clip_07926.wav,35235
/data/Dataset/train/train/clip_07927.wav,28295
/data/Dataset/train/train/clip_07928.wav,57658
/data/Dataset/train/train/clip_07929.wav,43243
/data/Dataset/test/test/clip_07930.wav,42709
/data/Dataset/train/train/clip_07931.wav,44845
/data/Dataset/test/test/clip_07932.wav,47514
/data/Dataset/train/train/clip_07933.wav,43777
/data/Dataset/train/train/clip_07934.wav,30964
/data/Dataset/train/train/clip_07935.wav,43777
/data/Dataset/test/test/clip_07936.wav,32566
/data/Dataset/train/train/clip_07937.wav,36303
/data/Dataset/train/train/clip_07938.wav,25075
/data/Dataset/train/train/clip_07939.wav,39871
/data/Dataset/train/train/clip_07940.wav,32566
/data/Dataset/train/train/clip_07941.wav,26846
/data/Dataset/train/train/clip_07942.wav,36409
/data/Dataset/train/train/clip_07943.wav,39138
/data/Dataset/train/train/clip_07944.wav,31767
/data/Dataset/train/train/clip_07945.wav,43243
/data/Dataset/train/train/clip_07946.wav,36303
/data/Dataset/train/train/clip_07947.wav,48048
/data/Dataset/train/train/clip_07948.wav,40040
/data/Dataset/train/train/clip_07949.wav,48048
/data/Dataset/train/train/clip_07950.wav,37371
/data/Dataset/test/test/clip_07951.wav,40574
/data/Dataset/train/train/clip_07952.wav,42175
/data/Dataset/train/train/clip_07953.wav,45913
/data/Dataset/train/train/clip_07954.wav,36837
/data/Dataset/train/train/clip_07955.wav,37904
/data/Dataset/train/train/clip_07956.wav,26693
/data/Dataset/train/train/clip_07957.wav,45379
/data/Dataset/train/train/clip_07958.wav,72606
/data/Dataset/train/train/clip_07959.wav,37904
/data/Dataset/train/train/clip_07960.wav,50717
/data/Dataset/train/train/clip_07961.wav,41642
/data/Dataset/test/test/clip_07962.wav,57658
/data/Dataset/train/train/clip_07963.wav,31498
/data/Dataset/train/train/clip_07964.wav,32032
/data/Dataset/train/train/clip_07965.wav,34167
/data/Dataset/test/test/clip_07966.wav,42709
/data/Dataset/train/train/clip_07967.wav,31498
/data/Dataset/train/train/clip_07968.wav,47514
/data/Dataset/train/train/clip_07969.wav,34701
/data/Dataset/train/train/clip_07970.wav,29897
/data/Dataset/train/train/clip_07971.wav,52319
/data/Dataset/test/test/clip_07972.wav,29363
/data/Dataset/train/train/clip_07973.wav,34701
/data/Dataset/train/train/clip_07974.wav,23357
/data/Dataset/train/train/clip_07975.wav,49650
/data/Dataset/train/train/clip_07976.wav,37904
/data/Dataset/test/test/clip_07977.wav,31498
/data/Dataset/train/train/clip_07978.wav,36409
/data/Dataset/train/train/clip_07979.wav,39098
/data/Dataset/train/train/clip_07980.wav,59793
/data/Dataset/train/train/clip_07981.wav,27761
/data/Dataset/train/train/clip_07982.wav,59793
/data/Dataset/train/train/clip_07983.wav,28035
/data/Dataset/train/train/clip_07984.wav,37562
/data/Dataset/train/train/clip_07985.wav,38680
/data/Dataset/train/train/clip_07986.wav,25494
/data/Dataset/train/train/clip_07987.wav,22890
/data/Dataset/train/train/clip_07988.wav,57124
/data/Dataset/train/train/clip_07989.wav,37371
/data/Dataset/train/train/clip_07990.wav,43243
/data/Dataset/train/train/clip_07991.wav,27227
/data/Dataset/train/train/clip_07992.wav,28829
/data/Dataset/train/train/clip_07993.wav,24977
/data/Dataset/train/train/clip_07994.wav,34701
/data/Dataset/train/train/clip_07995.wav,40574
/data/Dataset/train/train/clip_07996.wav,67267
/data/Dataset/train/train/clip_07997.wav,34701
/data/Dataset/train/train/clip_07998.wav,51251
/data/Dataset/train/train/clip_07999.wav,49650
/data/Dataset/train/train/clip_08000.wav,32911
/data/Dataset/train/train/clip_08001.wav,42103
/data/Dataset/train/train/clip_08002.wav,55522
/data/Dataset/train/train/clip_08003.wav,44845
/data/Dataset/test/test/clip_08004.wav,40040
/data/Dataset/train/train/clip_08005.wav,56590
/data/Dataset/train/train/clip_08006.wav,38958
/data/Dataset/test/test/clip_08007.wav,50717
/data/Dataset/train/train/clip_08008.wav,35235
/data/Dataset/train/train/clip_08009.wav,42175
/data/Dataset/train/train/clip_08010.wav,29417
/data/Dataset/test/test/clip_08011.wav,37904
/data/Dataset/train/train/clip_08012.wav,33634
/data/Dataset/train/train/clip_08013.wav,37371
/data/Dataset/train/train/clip_08014.wav,31498
/data/Dataset/train/train/clip_08015.wav,33183
/data/Dataset/train/train/clip_08016.wav,32566
/data/Dataset/train/train/clip_08017.wav,36145
/data/Dataset/train/train/clip_08018.wav,44311
/data/Dataset/train/train/clip_08019.wav,37905
/data/Dataset/train/train/clip_08020.wav,47514
/data/Dataset/train/train/clip_08021.wav,54454
/data/Dataset/train/train/clip_08022.wav,43777
/data/Dataset/test/test/clip_08023.wav,60861
/data/Dataset/train/train/clip_08024.wav,34167
/data/Dataset/train/train/clip_08025.wav,25626
/data/Dataset/train/train/clip_08026.wav,41108
/data/Dataset/train/train/clip_08027.wav,39623
/data/Dataset/train/train/clip_08028.wav,32566
/data/Dataset/train/train/clip_08029.wav,50717
/data/Dataset/train/train/clip_08030.wav,28829
/data/Dataset/train/train/clip_08031.wav,32566
/data/Dataset/train/train/clip_08032.wav,59793
/data/Dataset/train/train/clip_08033.wav,32032
/data/Dataset/test/test/clip_08034.wav,58725
/data/Dataset/train/train/clip_08035.wav,32111
/data/Dataset/train/train/clip_08036.wav,39506
/data/Dataset/train/train/clip_08037.wav,39506
/data/Dataset/train/train/clip_08038.wav,46980
/data/Dataset/train/train/clip_08039.wav,53921
/data/Dataset/train/train/clip_08040.wav,33634
/data/Dataset/train/train/clip_08041.wav,29051
/data/Dataset/train/train/clip_08042.wav,56056
/data/Dataset/train/train/clip_08043.wav,39506
/data/Dataset/train/train/clip_08044.wav,32032
/data/Dataset/train/train/clip_08045.wav,45913
/data/Dataset/train/train/clip_08046.wav,54454
/data/Dataset/train/train/clip_08047.wav,34413
/data/Dataset/test/test/clip_08048.wav,42175
/data/Dataset/test/test/clip_08049.wav,37371
/data/Dataset/train/train/clip_08050.wav,35159
/data/Dataset/train/train/clip_08051.wav,44845
/data/Dataset/train/train/clip_08052.wav,28829
/data/Dataset/test/test/clip_08053.wav,33100
/data/Dataset/train/train/clip_08054.wav,46980
/data/Dataset/train/train/clip_08055.wav,63530
/data/Dataset/train/train/clip_08056.wav,44311
/data/Dataset/test/test/clip_08057.wav,59259
/data/Dataset/train/train/clip_08058.wav,36329
/data/Dataset/train/train/clip_08059.wav,44738
/data/Dataset/train/train/clip_08060.wav,73140
/data/Dataset/train/train/clip_08061.wav,36409
/data/Dataset/train/train/clip_08062.wav,38332
/data/Dataset/test/test/clip_08063.wav,41108
/data/Dataset/train/train/clip_08064.wav,38972
/data/Dataset/train/train/clip_08065.wav,60327
/data/Dataset/train/train/clip_08066.wav,42709
/data/Dataset/test/test/clip_08067.wav,55522
/data/Dataset/train/train/clip_08068.wav,38438
/data/Dataset/train/train/clip_08069.wav,42175
/data/Dataset/train/train/clip_08070.wav,46980
/data/Dataset/train/train/clip_08071.wav,23170
/data/Dataset/test/test/clip_08072.wav,47514
/data/Dataset/train/train/clip_08073.wav,58192
/data/Dataset/test/test/clip_08074.wav,40574
/data/Dataset/train/train/clip_08075.wav,34701
/data/Dataset/train/train/clip_08076.wav,49116
/data/Dataset/train/train/clip_08077.wav,41108
/data/Dataset/test/test/clip_08078.wav,46980
/data/Dataset/train/train/clip_08079.wav,37371
/data/Dataset/train/train/clip_08080.wav,41642
/data/Dataset/train/train/clip_08081.wav,45379
/data/Dataset/train/train/clip_08082.wav,31694
/data/Dataset/train/train/clip_08083.wav,36303
/data/Dataset/train/train/clip_08084.wav,39901
/data/Dataset/train/train/clip_08085.wav,51785
/data/Dataset/train/train/clip_08086.wav,33298
/data/Dataset/train/train/clip_08087.wav,34230
/data/Dataset/train/train/clip_08088.wav,46446
/data/Dataset/train/train/clip_08089.wav,42709
/data/Dataset/train/train/clip_08090.wav,46980
/data/Dataset/train/train/clip_08091.wav,35235
/data/Dataset/train/train/clip_08092.wav,41108
/data/Dataset/test/test/clip_08093.wav,38972
/data/Dataset/test/test/clip_08094.wav,52319
/data/Dataset/train/train/clip_08095.wav,44845
/data/Dataset/train/train/clip_08096.wav,59793
/data/Dataset/train/train/clip_08097.wav,28829
/data/Dataset/train/train/clip_08098.wav,45913
/data/Dataset/train/train/clip_08099.wav,38438
/data/Dataset/train/train/clip_08100.wav,34802
/data/Dataset/train/train/clip_08101.wav,49650
/data/Dataset/train/train/clip_08102.wav,46446
/data/Dataset/test/test/clip_08103.wav,36303
/data/Dataset/train/train/clip_08104.wav,51251
/data/Dataset/train/train/clip_08105.wav,33987
/data/Dataset/train/train/clip_08106.wav,39940
/data/Dataset/train/train/clip_08107.wav,25979
/data/Dataset/train/train/clip_08108.wav,36837
/data/Dataset/train/train/clip_08109.wav,42709
/data/Dataset/train/train/clip_08110.wav,30421
/data/Dataset/train/train/clip_08111.wav,37343
/data/Dataset/train/train/clip_08112.wav,30351
/data/Dataset/train/train/clip_08113.wav,33634
/data/Dataset/train/train/clip_08114.wav,26275
/data/Dataset/train/train/clip_08115.wav,43777
/data/Dataset/train/train/clip_08116.wav,44311
/data/Dataset/train/train/clip_08117.wav,39181
/data/Dataset/train/train/clip_08118.wav,24971
/data/Dataset/train/train/clip_08119.wav,34757
/data/Dataset/train/train/clip_08120.wav,39859
/data/Dataset/test/test/clip_08121.wav,62462
/data/Dataset/train/train/clip_08122.wav,33100
/data/Dataset/train/train/clip_08123.wav,40040
/data/Dataset/train/train/clip_08124.wav,44311
/data/Dataset/test/test/clip_08125.wav,84351
/data/Dataset/train/train/clip_08126.wav,30964
/data/Dataset/train/train/clip_08127.wav,58725
/data/Dataset/train/train/clip_08128.wav,56590
/data/Dataset/test/test/clip_08129.wav,40574
/data/Dataset/train/train/clip_08130.wav,37905
/data/Dataset/train/train/clip_08131.wav,42709
/data/Dataset/train/train/clip_08132.wav,41664
/data/Dataset/train/train/clip_08133.wav,30921
/data/Dataset/test/test/clip_08134.wav,40040
/data/Dataset/train/train/clip_08135.wav,45379
/data/Dataset/train/train/clip_08136.wav,37371
/data/Dataset/train/train/clip_08137.wav,24951
/data/Dataset/train/train/clip_08138.wav,53324
/data/Dataset/train/train/clip_08139.wav,37231
/data/Dataset/train/train/clip_08140.wav,20287
/data/Dataset/train/train/clip_08141.wav,27047
/data/Dataset/train/train/clip_08142.wav,32032
/data/Dataset/train/train/clip_08143.wav,29363
/data/Dataset/train/train/clip_08144.wav,68869
/data/Dataset/train/train/clip_08145.wav,56056
/data/Dataset/train/train/clip_08146.wav,27200
/data/Dataset/train/train/clip_08147.wav,43777
/data/Dataset/train/train/clip_08148.wav,37371
/data/Dataset/train/train/clip_08149.wav,41642
/data/Dataset/train/train/clip_08150.wav,36303
/data/Dataset/train/train/clip_08151.wav,57124
/data/Dataset/train/train/clip_08152.wav,45913
/data/Dataset/train/train/clip_08153.wav,40428
/data/Dataset/train/train/clip_08154.wav,41114
/data/Dataset/train/train/clip_08155.wav,35235
/data/Dataset/train/train/clip_08156.wav,37371
/data/Dataset/train/train/clip_08157.wav,35122
/data/Dataset/train/train/clip_08158.wav,34366
/data/Dataset/train/train/clip_08159.wav,44311
/data/Dataset/train/train/clip_08160.wav,51251
/data/Dataset/train/train/clip_08161.wav,41288
/data/Dataset/test/test/clip_08162.wav,50717
/data/Dataset/train/train/clip_08163.wav,47514
/data/Dataset/train/train/clip_08164.wav,52319
/data/Dataset/train/train/clip_08165.wav,59259
/data/Dataset/train/train/clip_08166.wav,38972
/data/Dataset/train/train/clip_08167.wav,56056
/data/Dataset/train/train/clip_08168.wav,39506
/data/Dataset/train/train/clip_08169.wav,32004
/data/Dataset/test/test/clip_08170.wav,36837
/data/Dataset/train/train/clip_08171.wav,29472
/data/Dataset/train/train/clip_08172.wav,32438
/data/Dataset/test/test/clip_08173.wav,36837
/data/Dataset/train/train/clip_08174.wav,43777
/data/Dataset/train/train/clip_08175.wav,37371
/data/Dataset/train/train/clip_08176.wav,29221
/data/Dataset/train/train/clip_08177.wav,65132
/data/Dataset/train/train/clip_08178.wav,33728
/data/Dataset/test/test/clip_08179.wav,47514
/data/Dataset/train/train/clip_08180.wav,36409
/data/Dataset/train/train/clip_08181.wav,35972
/data/Dataset/test/test/clip_08182.wav,29363
/data/Dataset/train/train/clip_08183.wav,52319
/data/Dataset/train/train/clip_08184.wav,30964
/data/Dataset/test/test/clip_08185.wav,47514
/data/Dataset/train/train/clip_08186.wav,25626
/data/Dataset/test/test/clip_08187.wav,45379
/data/Dataset/test/test/clip_08188.wav,36409
/data/Dataset/train/train/clip_08189.wav,68869
/data/Dataset/train/train/clip_08190.wav,33566
/data/Dataset/train/train/clip_08191.wav,48048
/data/Dataset/test/test/clip_08192.wav,33100
/data/Dataset/train/train/clip_08193.wav,64064
/data/Dataset/train/train/clip_08194.wav,41108
/data/Dataset/train/train/clip_08195.wav,50183
/data/Dataset/train/train/clip_08196.wav,29363
/data/Dataset/train/train/clip_08197.wav,36837
/data/Dataset/train/train/clip_08198.wav,59259
/data/Dataset/train/train/clip_08199.wav,26159
/data/Dataset/test/test/clip_08200.wav,48582
/data/Dataset/train/train/clip_08201.wav,30430
/data/Dataset/test/test/clip_08202.wav,57124
/data/Dataset/train/train/clip_08203.wav,49650
/data/Dataset/train/train/clip_08204.wav,26693
/data/Dataset/train/train/clip_08205.wav,31532
/data/Dataset/train/train/clip_08206.wav,40712
/data/Dataset/train/train/clip_08207.wav,27766
/data/Dataset/train/train/clip_08208.wav,29897
/data/Dataset/train/train/clip_08209.wav,46980
/data/Dataset/train/train/clip_08210.wav,39506
/data/Dataset/train/train/clip_08211.wav,35388
/data/Dataset/train/train/clip_08212.wav,31982
/data/Dataset/train/train/clip_08213.wav,32566
/data/Dataset/train/train/clip_08214.wav,30221
/data/Dataset/test/test/clip_08215.wav,53921
/data/Dataset/train/train/clip_08216.wav,34167
/data/Dataset/train/train/clip_08217.wav,37905
/data/Dataset/train/train/clip_08218.wav,31505
/data/Dataset/train/train/clip_08219.wav,33218
/data/Dataset/train/train/clip_08220.wav,37828
/data/Dataset/train/train/clip_08221.wav,40574
/data/Dataset/train/train/clip_08222.wav,36303
/data/Dataset/train/train/clip_08223.wav,72606
/data/Dataset/test/test/clip_08224.wav,57124
/data/Dataset/train/train/clip_08225.wav,38972
/data/Dataset/train/train/clip_08226.wav,46446
/data/Dataset/train/train/clip_08227.wav,40040
/data/Dataset/train/train/clip_08228.wav,32566
/data/Dataset/train/train/clip_08229.wav,63530
/data/Dataset/train/train/clip_08230.wav,37371
/data/Dataset/train/train/clip_08231.wav,39506
/data/Dataset/train/train/clip_08232.wav,36303
/data/Dataset/train/train/clip_08233.wav,38413
/data/Dataset/train/train/clip_08234.wav,27227
/data/Dataset/train/train/clip_08235.wav,33100
/data/Dataset/test/test/clip_08236.wav,37371
/data/Dataset/train/train/clip_08237.wav,39506
/data/Dataset/train/train/clip_08238.wav,39506
/data/Dataset/train/train/clip_08239.wav,51251
/data/Dataset/train/train/clip_08240.wav,31640
/data/Dataset/test/test/clip_08241.wav,56056
/data/Dataset/train/train/clip_08242.wav,31498
/data/Dataset/train/train/clip_08243.wav,33475
/data/Dataset/train/train/clip_08244.wav,31647
/data/Dataset/test/test/clip_08245.wav,50183
/data/Dataset/train/train/clip_08246.wav,52853
/data/Dataset/train/train/clip_08247.wav,68869
/data/Dataset/train/train/clip_08248.wav,41642
/data/Dataset/test/test/clip_08249.wav,67267
/data/Dataset/test/test/clip_08250.wav,40040
/data/Dataset/train/train/clip_08251.wav,49650
/data/Dataset/train/train/clip_08252.wav,41642
/data/Dataset/train/train/clip_08253.wav,34167
/data/Dataset/train/train/clip_08254.wav,41642
/data/Dataset/train/train/clip_08255.wav,45913
/data/Dataset/train/train/clip_08256.wav,49650
/data/Dataset/train/train/clip_08257.wav,56056
/data/Dataset/train/train/clip_08258.wav,24101
/data/Dataset/train/train/clip_08259.wav,63530
/data/Dataset/train/train/clip_08260.wav,40572
/data/Dataset/train/train/clip_08261.wav,61929
/data/Dataset/train/train/clip_08262.wav,60861
/data/Dataset/train/train/clip_08263.wav,37094
/data/Dataset/train/train/clip_08264.wav,33283
/data/Dataset/train/train/clip_08265.wav,57658
/data/Dataset/train/train/clip_08266.wav,30430
/data/Dataset/train/train/clip_08267.wav,48048
/data/Dataset/train/train/clip_08268.wav,35769
/data/Dataset/test/test/clip_08269.wav,36409
/data/Dataset/train/train/clip_08270.wav,42709
/data/Dataset/train/train/clip_08271.wav,40574
/data/Dataset/train/train/clip_08272.wav,44845
/data/Dataset/train/train/clip_08273.wav,41108
/data/Dataset/train/train/clip_08274.wav,60861
/data/Dataset/train/train/clip_08275.wav,41642
/data/Dataset/train/train/clip_08276.wav,35235
/data/Dataset/train/train/clip_08277.wav,36523
/data/Dataset/train/train/clip_08278.wav,32078
/data/Dataset/train/train/clip_08279.wav,34092
/data/Dataset/train/train/clip_08280.wav,33634
/data/Dataset/train/train/clip_08281.wav,38073
/data/Dataset/train/train/clip_08282.wav,23717
/data/Dataset/train/train/clip_08283.wav,41108
/data/Dataset/train/train/clip_08284.wav,67267
/data/Dataset/train/train/clip_08285.wav,36409
/data/Dataset/train/train/clip_08286.wav,29452
/data/Dataset/train/train/clip_08287.wav,43777
/data/Dataset/train/train/clip_08288.wav,45379
/data/Dataset/train/train/clip_08289.wav,56590
/data/Dataset/train/train/clip_08290.wav,77945
/data/Dataset/train/train/clip_08291.wav,32941
/data/Dataset/test/test/clip_08292.wav,49650
/data/Dataset/train/train/clip_08293.wav,61929
/data/Dataset/train/train/clip_08294.wav,45379
/data/Dataset/train/train/clip_08295.wav,38972
/data/Dataset/train/train/clip_08296.wav,25224
/data/Dataset/test/test/clip_08297.wav,62996
/data/Dataset/train/train/clip_08298.wav,50183
/data/Dataset/train/train/clip_08299.wav,42709
/data/Dataset/train/train/clip_08300.wav,35061
/data/Dataset/train/train/clip_08301.wav,42175
/data/Dataset/train/train/clip_08302.wav,47514
/data/Dataset/test/test/clip_08303.wav,39506
/data/Dataset/train/train/clip_08304.wav,41526
/data/Dataset/train/train/clip_08305.wav,29363
/data/Dataset/train/train/clip_08306.wav,37534
/data/Dataset/test/test/clip_08307.wav,37905
/data/Dataset/test/test/clip_08308.wav,59259
/data/Dataset/train/train/clip_08309.wav,51251
/data/Dataset/train/train/clip_08310.wav,41642
/data/Dataset/train/train/clip_08311.wav,30430
/data/Dataset/train/train/clip_08312.wav,40972
/data/Dataset/train/train/clip_08313.wav,44845
/data/Dataset/test/test/clip_08314.wav,50717
/data/Dataset/train/train/clip_08315.wav,37371
/data/Dataset/train/train/clip_08316.wav,30430
/data/Dataset/train/train/clip_08317.wav,41642
/data/Dataset/train/train/clip_08318.wav,51251
/data/Dataset/train/train/clip_08319.wav,51251
/data/Dataset/train/train/clip_08320.wav,40040
/data/Dataset/test/test/clip_08321.wav,35235
/data/Dataset/train/train/clip_08322.wav,37371
/data/Dataset/train/train/clip_08323.wav,30964
/data/Dataset/train/train/clip_08324.wav,56590
/data/Dataset/train/train/clip_08325.wav,44845
/data/Dataset/train/train/clip_08326.wav,33100
/data/Dataset/train/train/clip_08327.wav,39506
/data/Dataset/train/train/clip_08328.wav,35203
/data/Dataset/train/train/clip_08329.wav,35235
/data/Dataset/train/train/clip_08330.wav,42175
/data/Dataset/train/train/clip_08331.wav,34167
/data/Dataset/train/train/clip_08332.wav,52853
/data/Dataset/test/test/clip_08333.wav,35769
/data/Dataset/train/train/clip_08334.wav,47514
/data/Dataset/train/train/clip_08335.wav,30430
/data/Dataset/train/train/clip_08336.wav,29896
/data/Dataset/train/train/clip_08337.wav,55522
/data/Dataset/train/train/clip_08338.wav,50183
/data/Dataset/train/train/clip_08339.wav,49650
/data/Dataset/train/train/clip_08340.wav,36303
/data/Dataset/train/train/clip_08341.wav,35196
/data/Dataset/train/train/clip_08342.wav,29363
/data/Dataset/train/train/clip_08343.wav,31089
/data/Dataset/train/train/clip_08344.wav,27242
/data/Dataset/train/train/clip_08345.wav,35335
/data/Dataset/train/train/clip_08346.wav,51251
/data/Dataset/train/train/clip_08347.wav,36303
/data/Dataset/train/train/clip_08348.wav,29897
/data/Dataset/train/train/clip_08349.wav,30075
/data/Dataset/test/test/clip_08350.wav,38972
/data/Dataset/train/train/clip_08351.wav,37854
/data/Dataset/train/train/clip_08352.wav,32224
/data/Dataset/train/train/clip_08353.wav,37905
/data/Dataset/train/train/clip_08354.wav,37572
/data/Dataset/train/train/clip_08355.wav,43243
/data/Dataset/train/train/clip_08356.wav,31484
/data/Dataset/train/train/clip_08357.wav,41730
/data/Dataset/train/train/clip_08358.wav,39506
/data/Dataset/train/train/clip_08359.wav,58725
/data/Dataset/train/train/clip_08360.wav,34701
/data/Dataset/train/train/clip_08361.wav,33216
/data/Dataset/train/train/clip_08362.wav,42709
/data/Dataset/train/train/clip_08363.wav,31498
/data/Dataset/test/test/clip_08364.wav,41642
/data/Dataset/train/train/clip_08365.wav,68335
/data/Dataset/train/train/clip_08366.wav,60861
/data/Dataset/test/test/clip_08367.wav,38972
/data/Dataset/train/train/clip_08368.wav,38972
/data/Dataset/train/train/clip_08369.wav,27297
/data/Dataset/train/train/clip_08370.wav,45912
/data/Dataset/train/train/clip_08371.wav,32032
/data/Dataset/train/train/clip_08372.wav,34049
/data/Dataset/train/train/clip_08373.wav,37904
/data/Dataset/train/train/clip_08374.wav,33634
/data/Dataset/train/train/clip_08375.wav,38972
/data/Dataset/train/train/clip_08376.wav,40427
/data/Dataset/test/test/clip_08377.wav,37371
/data/Dataset/train/train/clip_08378.wav,50183
/data/Dataset/train/train/clip_08379.wav,43777
/data/Dataset/test/test/clip_08380.wav,29896
/data/Dataset/train/train/clip_08381.wav,32566
/data/Dataset/train/train/clip_08382.wav,37905
/data/Dataset/train/train/clip_08383.wav,39506
/data/Dataset/test/test/clip_08384.wav,38438
/data/Dataset/train/train/clip_08385.wav,64064
/data/Dataset/train/train/clip_08386.wav,42175
/data/Dataset/train/train/clip_08387.wav,32566
/data/Dataset/train/train/clip_08388.wav,61395
/data/Dataset/test/test/clip_08389.wav,60327
/data/Dataset/train/train/clip_08390.wav,40574
/data/Dataset/train/train/clip_08391.wav,56056
/data/Dataset/train/train/clip_08392.wav,36409
/data/Dataset/train/train/clip_08393.wav,36776
/data/Dataset/train/train/clip_08394.wav,32032
/data/Dataset/train/train/clip_08395.wav,47514
/data/Dataset/train/train/clip_08396.wav,53920
/data/Dataset/train/train/clip_08397.wav,49650
/data/Dataset/train/train/clip_08398.wav,30964
/data/Dataset/train/train/clip_08399.wav,32560
/data/Dataset/train/train/clip_08400.wav,55522
/data/Dataset/train/train/clip_08401.wav,38438
/data/Dataset/test/test/clip_08402.wav,46446
/data/Dataset/test/test/clip_08403.wav,59259
/data/Dataset/train/train/clip_08404.wav,23045
/data/Dataset/train/train/clip_08405.wav,37576
/data/Dataset/test/test/clip_08406.wav,32032
/data/Dataset/train/train/clip_08407.wav,29896
/data/Dataset/train/train/clip_08408.wav,34701
/data/Dataset/train/train/clip_08409.wav,38758
/data/Dataset/train/train/clip_08410.wav,47514
/data/Dataset/train/train/clip_08411.wav,62996
/data/Dataset/train/train/clip_08412.wav,33469
/data/Dataset/train/train/clip_08413.wav,40574
/data/Dataset/train/train/clip_08414.wav,43243
/data/Dataset/train/train/clip_08415.wav,40040
/data/Dataset/train/train/clip_08416.wav,45379
/data/Dataset/test/test/clip_08417.wav,40574
/data/Dataset/train/train/clip_08418.wav,41642
/data/Dataset/train/train/clip_08419.wav,31498
/data/Dataset/train/train/clip_08420.wav,42709
/data/Dataset/train/train/clip_08421.wav,36303
/data/Dataset/test/test/clip_08422.wav,51251
/data/Dataset/train/train/clip_08423.wav,28660
/data/Dataset/test/test/clip_08424.wav,70470
/data/Dataset/train/train/clip_08425.wav,44845
/data/Dataset/train/train/clip_08426.wav,31498
/data/Dataset/train/train/clip_08427.wav,32566
/data/Dataset/train/train/clip_08428.wav,36169
/data/Dataset/train/train/clip_08429.wav,38944
/data/Dataset/train/train/clip_08430.wav,54454
/data/Dataset/train/train/clip_08431.wav,39792
/data/Dataset/train/train/clip_08432.wav,37371
/data/Dataset/train/train/clip_08433.wav,38438
/data/Dataset/train/train/clip_08434.wav,32566
/data/Dataset/train/train/clip_08435.wav,29363
/data/Dataset/train/train/clip_08436.wav,32566
/data/Dataset/train/train/clip_08437.wav,39506
/data/Dataset/train/train/clip_08438.wav,64598
/data/Dataset/train/train/clip_08439.wav,39506
/data/Dataset/test/test/clip_08440.wav,64064
/data/Dataset/train/train/clip_08441.wav,25966
/data/Dataset/train/train/clip_08442.wav,32032
/data/Dataset/train/train/clip_08443.wav,59793
/data/Dataset/train/train/clip_08444.wav,32566
/data/Dataset/train/train/clip_08445.wav,64064
/data/Dataset/test/test/clip_08446.wav,41642
/data/Dataset/train/train/clip_08447.wav,29363
/data/Dataset/train/train/clip_08448.wav,32853
/data/Dataset/train/train/clip_08449.wav,33908
/data/Dataset/train/train/clip_08450.wav,31794
/data/Dataset/train/train/clip_08451.wav,65132
/data/Dataset/train/train/clip_08452.wav,39506
/data/Dataset/train/train/clip_08453.wav,28295
/data/Dataset/test/test/clip_08454.wav,36837
/data/Dataset/train/train/clip_08455.wav,34701
/data/Dataset/test/test/clip_08456.wav,48048
/data/Dataset/train/train/clip_08457.wav,66200
/data/Dataset/train/train/clip_08458.wav,37371
/data/Dataset/test/test/clip_08459.wav,56056
/data/Dataset/train/train/clip_08460.wav,42175
/data/Dataset/train/train/clip_08461.wav,34398
/data/Dataset/train/train/clip_08462.wav,32530
/data/Dataset/train/train/clip_08463.wav,59793
/data/Dataset/train/train/clip_08464.wav,29363
/data/Dataset/test/test/clip_08465.wav,34701
/data/Dataset/train/train/clip_08466.wav,43777
/data/Dataset/train/train/clip_08467.wav,42175
/data/Dataset/train/train/clip_08468.wav,23490
/data/Dataset/train/train/clip_08469.wav,39632
/data/Dataset/train/train/clip_08470.wav,44311
/data/Dataset/train/train/clip_08471.wav,32032
/data/Dataset/train/train/clip_08472.wav,32695
/data/Dataset/train/train/clip_08473.wav,32813
/data/Dataset/train/train/clip_08474.wav,30964
/data/Dataset/train/train/clip_08475.wav,40040
/data/Dataset/train/train/clip_08476.wav,40040
/data/Dataset/test/test/clip_08477.wav,32566
/data/Dataset/train/train/clip_08478.wav,36409
/data/Dataset/train/train/clip_08479.wav,40574
/data/Dataset/train/train/clip_08480.wav,36303
/data/Dataset/test/test/clip_08481.wav,43777
/data/Dataset/train/train/clip_08482.wav,43777
/data/Dataset/train/train/clip_08483.wav,35911
/data/Dataset/train/train/clip_08484.wav,35913
/data/Dataset/train/train/clip_08485.wav,40040
/data/Dataset/train/train/clip_08486.wav,29213
/data/Dataset/train/train/clip_08487.wav,51251
/data/Dataset/train/train/clip_08488.wav,32899
/data/Dataset/train/train/clip_08489.wav,31615
/data/Dataset/train/train/clip_08490.wav,31397
/data/Dataset/train/train/clip_08491.wav,46980
/data/Dataset/test/test/clip_08492.wav,59259
/data/Dataset/train/train/clip_08493.wav,44510
/data/Dataset/train/train/clip_08494.wav,34701
/data/Dataset/train/train/clip_08495.wav,42787
/data/Dataset/train/train/clip_08496.wav,37905
/data/Dataset/train/train/clip_08497.wav,25981
/data/Dataset/train/train/clip_08498.wav,38135
/data/Dataset/train/train/clip_08499.wav,40040
/data/Dataset/train/train/clip_08500.wav,31193
/data/Dataset/test/test/clip_08501.wav,36303
/data/Dataset/test/test/clip_08502.wav,47514
/data/Dataset/train/train/clip_08503.wav,27761
/data/Dataset/train/train/clip_08504.wav,38438
/data/Dataset/train/train/clip_08505.wav,32430
/data/Dataset/train/train/clip_08506.wav,38438
/data/Dataset/train/train/clip_08507.wav,35235
/data/Dataset/train/train/clip_08508.wav,28464
/data/Dataset/train/train/clip_08509.wav,54455
/data/Dataset/train/train/clip_08510.wav,67801
/data/Dataset/test/test/clip_08511.wav,25626
/data/Dataset/train/train/clip_08512.wav,46980
/data/Dataset/train/train/clip_08513.wav,36114
/data/Dataset/train/train/clip_08514.wav,42175
/data/Dataset/train/train/clip_08515.wav,41108
/data/Dataset/train/train/clip_08516.wav,51785
/data/Dataset/train/train/clip_08517.wav,40863
/data/Dataset/train/train/clip_08518.wav,33728
/data/Dataset/train/train/clip_08519.wav,69937
/data/Dataset/train/train/clip_08520.wav,36523
/data/Dataset/train/train/clip_08521.wav,27658
/data/Dataset/train/train/clip_08522.wav,28295
/data/Dataset/train/train/clip_08523.wav,40574
/data/Dataset/train/train/clip_08524.wav,49116
/data/Dataset/train/train/clip_08525.wav,33362
/data/Dataset/train/train/clip_08526.wav,26838
/data/Dataset/train/train/clip_08527.wav,43243
/data/Dataset/train/train/clip_08528.wav,33634
/data/Dataset/train/train/clip_08529.wav,38972
/data/Dataset/train/train/clip_08530.wav,24217
/data/Dataset/train/train/clip_08531.wav,43777
/data/Dataset/train/train/clip_08532.wav,37905
/data/Dataset/train/train/clip_08533.wav,37904
/data/Dataset/train/train/clip_08534.wav,38438
/data/Dataset/train/train/clip_08535.wav,39180
/data/Dataset/train/train/clip_08536.wav,36523
/data/Dataset/train/train/clip_08537.wav,37904
/data/Dataset/train/train/clip_08538.wav,48048
/data/Dataset/train/train/clip_08539.wav,48582
/data/Dataset/train/train/clip_08540.wav,38972
/data/Dataset/train/train/clip_08541.wav,33677
/data/Dataset/train/train/clip_08542.wav,32032
/data/Dataset/train/train/clip_08543.wav,50717
/data/Dataset/train/train/clip_08544.wav,40158
/data/Dataset/train/train/clip_08545.wav,44311
/data/Dataset/train/train/clip_08546.wav,20991
/data/Dataset/test/test/clip_08547.wav,41108
/data/Dataset/train/train/clip_08548.wav,33100
/data/Dataset/train/train/clip_08549.wav,32566
/data/Dataset/train/train/clip_08550.wav,38972
/data/Dataset/test/test/clip_08551.wav,51251
/data/Dataset/test/test/clip_08552.wav,35235
/data/Dataset/train/train/clip_08553.wav,50717
/data/Dataset/train/train/clip_08554.wav,45912
/data/Dataset/train/train/clip_08555.wav,39506
/data/Dataset/train/train/clip_08556.wav,36409
/data/Dataset/train/train/clip_08557.wav,47514
/data/Dataset/test/test/clip_08558.wav,31498
/data/Dataset/train/train/clip_08559.wav,30501
/data/Dataset/train/train/clip_08560.wav,55522
/data/Dataset/train/train/clip_08561.wav,25923
/data/Dataset/train/train/clip_08562.wav,47514
/data/Dataset/train/train/clip_08563.wav,39660
/data/Dataset/test/test/clip_08564.wav,41642
/data/Dataset/train/train/clip_08565.wav,36303
/data/Dataset/test/test/clip_08566.wav,42709
/data/Dataset/train/train/clip_08567.wav,32322
/data/Dataset/train/train/clip_08568.wav,43777
/data/Dataset/test/test/clip_08569.wav,34701
/data/Dataset/train/train/clip_08570.wav,43243
/data/Dataset/train/train/clip_08571.wav,46980
/data/Dataset/test/test/clip_08572.wav,38438
/data/Dataset/train/train/clip_08573.wav,50183
/data/Dataset/train/train/clip_08574.wav,40574
/data/Dataset/train/train/clip_08575.wav,33634
/data/Dataset/test/test/clip_08576.wav,36409
/data/Dataset/test/test/clip_08577.wav,51785
/data/Dataset/test/test/clip_08578.wav,49116
/data/Dataset/train/train/clip_08579.wav,26631
/data/Dataset/train/train/clip_08580.wav,69937
/data/Dataset/train/train/clip_08581.wav,49650
/data/Dataset/test/test/clip_08582.wav,42709
/data/Dataset/train/train/clip_08583.wav,56590
/data/Dataset/train/train/clip_08584.wav,34437
/data/Dataset/train/train/clip_08585.wav,30964
/data/Dataset/train/train/clip_08586.wav,53387
/data/Dataset/test/test/clip_08587.wav,26693
/data/Dataset/train/train/clip_08588.wav,29896
/data/Dataset/train/train/clip_08589.wav,37371
/data/Dataset/train/train/clip_08590.wav,42175
/data/Dataset/train/train/clip_08591.wav,34701
/data/Dataset/train/train/clip_08592.wav,43424
/data/Dataset/train/train/clip_08593.wav,45379
/data/Dataset/train/train/clip_08594.wav,24653
/data/Dataset/test/test/clip_08595.wav,47514
/data/Dataset/train/train/clip_08596.wav,28295
/data/Dataset/train/train/clip_08597.wav,28426
/data/Dataset/test/test/clip_08598.wav,46980
/data/Dataset/test/test/clip_08599.wav,35235
/data/Dataset/train/train/clip_08600.wav,31952
/data/Dataset/train/train/clip_08601.wav,32425
/data/Dataset/train/train/clip_08602.wav,42459
/data/Dataset/train/train/clip_08603.wav,31498
/data/Dataset/test/test/clip_08604.wav,37371
/data/Dataset/train/train/clip_08605.wav,40040
/data/Dataset/test/test/clip_08606.wav,44845
/data/Dataset/train/train/clip_08607.wav,34586
/data/Dataset/train/train/clip_08608.wav,56590
/data/Dataset/train/train/clip_08609.wav,35235
/data/Dataset/train/train/clip_08610.wav,23954
/data/Dataset/train/train/clip_08611.wav,35571
/data/Dataset/train/train/clip_08612.wav,46446
/data/Dataset/train/train/clip_08613.wav,49650
/data/Dataset/train/train/clip_08614.wav,44311
/data/Dataset/train/train/clip_08615.wav,32566
/data/Dataset/train/train/clip_08616.wav,41642
/data/Dataset/train/train/clip_08617.wav,43777
/data/Dataset/train/train/clip_08618.wav,34701
/data/Dataset/train/train/clip_08619.wav,31647
/data/Dataset/train/train/clip_08620.wav,38592
/data/Dataset/train/train/clip_08621.wav,37904
/data/Dataset/train/train/clip_08622.wav,43777
/data/Dataset/train/train/clip_08623.wav,51251
/data/Dataset/train/train/clip_08624.wav,41642
/data/Dataset/train/train/clip_08625.wav,31011
/data/Dataset/train/train/clip_08626.wav,30503
/data/Dataset/train/train/clip_08627.wav,34701
/data/Dataset/train/train/clip_08628.wav,31498
/data/Dataset/train/train/clip_08629.wav,56590
/data/Dataset/train/train/clip_08630.wav,39506
/data/Dataset/test/test/clip_08631.wav,57658
/data/Dataset/test/test/clip_08632.wav,54455
/data/Dataset/test/test/clip_08633.wav,51785
/data/Dataset/train/train/clip_08634.wav,48048
/data/Dataset/train/train/clip_08635.wav,35235
/data/Dataset/train/train/clip_08636.wav,34167
/data/Dataset/train/train/clip_08637.wav,60861
/data/Dataset/train/train/clip_08638.wav,31054
/data/Dataset/train/train/clip_08639.wav,45912
/data/Dataset/train/train/clip_08640.wav,61929
/data/Dataset/train/train/clip_08641.wav,47514
/data/Dataset/train/train/clip_08642.wav,43777
/data/Dataset/train/train/clip_08643.wav,38972
/data/Dataset/train/train/clip_08644.wav,35251
/data/Dataset/train/train/clip_08645.wav,26525
/data/Dataset/train/train/clip_08646.wav,60861
/data/Dataset/train/train/clip_08647.wav,37371
/data/Dataset/train/train/clip_08648.wav,29363
/data/Dataset/train/train/clip_08649.wav,26857
/data/Dataset/test/test/clip_08650.wav,43243
/data/Dataset/train/train/clip_08651.wav,27761
/data/Dataset/train/train/clip_08652.wav,22453
/data/Dataset/train/train/clip_08653.wav,43987
/data/Dataset/train/train/clip_08654.wav,58725
/data/Dataset/train/train/clip_08655.wav,50183
/data/Dataset/train/train/clip_08656.wav,40169
/data/Dataset/train/train/clip_08657.wav,31498
/data/Dataset/train/train/clip_08658.wav,35235
/data/Dataset/train/train/clip_08659.wav,37371
/data/Dataset/train/train/clip_08660.wav,38972
/data/Dataset/train/train/clip_08661.wav,40122
/data/Dataset/train/train/clip_08662.wav,45379
/data/Dataset/train/train/clip_08663.wav,34701
/data/Dataset/test/test/clip_08664.wav,64598
/data/Dataset/train/train/clip_08665.wav,34281
/data/Dataset/train/train/clip_08666.wav,44845
/data/Dataset/train/train/clip_08667.wav,36303
/data/Dataset/train/train/clip_08668.wav,34167
/data/Dataset/test/test/clip_08669.wav,40574
/data/Dataset/train/train/clip_08670.wav,46980
/data/Dataset/train/train/clip_08671.wav,36303
/data/Dataset/train/train/clip_08672.wav,36409
/data/Dataset/train/train/clip_08673.wav,31498
/data/Dataset/train/train/clip_08674.wav,30430
/data/Dataset/test/test/clip_08675.wav,70470
/data/Dataset/train/train/clip_08676.wav,46980
/data/Dataset/train/train/clip_08677.wav,42175
/data/Dataset/train/train/clip_08678.wav,39984
/data/Dataset/test/test/clip_08679.wav,37371
/data/Dataset/train/train/clip_08680.wav,29896
/data/Dataset/train/train/clip_08681.wav,33100
/data/Dataset/train/train/clip_08682.wav,70471
/data/Dataset/train/train/clip_08683.wav,66199
/data/Dataset/train/train/clip_08684.wav,47514
/data/Dataset/train/train/clip_08685.wav,50717
/data/Dataset/train/train/clip_08686.wav,46446
/data/Dataset/train/train/clip_08687.wav,41642
/data/Dataset/train/train/clip_08688.wav,36303
/data/Dataset/test/test/clip_08689.wav,42175
/data/Dataset/train/train/clip_08690.wav,44845
/data/Dataset/train/train/clip_08691.wav,30689
/data/Dataset/train/train/clip_08692.wav,37904
/data/Dataset/train/train/clip_08693.wav,33100
/data/Dataset/train/train/clip_08694.wav,40040
/data/Dataset/train/train/clip_08695.wav,42175
/data/Dataset/train/train/clip_08696.wav,30949
/data/Dataset/train/train/clip_08697.wav,45912
/data/Dataset/train/train/clip_08698.wav,40040
/data/Dataset/train/train/clip_08699.wav,41108
/data/Dataset/test/test/clip_08700.wav,28829
/data/Dataset/train/train/clip_08701.wav,50717
/data/Dataset/train/train/clip_08702.wav,36040
/data/Dataset/train/train/clip_08703.wav,45913
/data/Dataset/test/test/clip_08704.wav,37905
/data/Dataset/train/train/clip_08705.wav,58191
/data/Dataset/train/train/clip_08706.wav,34880
/data/Dataset/test/test/clip_08707.wav,49650
/data/Dataset/train/train/clip_08708.wav,31798
/data/Dataset/train/train/clip_08709.wav,39785
/data/Dataset/train/train/clip_08710.wav,32566
/data/Dataset/train/train/clip_08711.wav,31936
/data/Dataset/train/train/clip_08712.wav,33634
/data/Dataset/train/train/clip_08713.wav,40040
/data/Dataset/train/train/clip_08714.wav,36303
/data/Dataset/test/test/clip_08715.wav,38972
/data/Dataset/train/train/clip_08716.wav,30430
/data/Dataset/train/train/clip_08717.wav,44845
/data/Dataset/test/test/clip_08718.wav,59259
/data/Dataset/train/train/clip_08719.wav,40574
/data/Dataset/test/test/clip_08720.wav,69403
/data/Dataset/test/test/clip_08721.wav,41642
/data/Dataset/test/test/clip_08722.wav,53920
/data/Dataset/train/train/clip_08723.wav,28829
/data/Dataset/train/train/clip_08724.wav,38438
/data/Dataset/train/train/clip_08725.wav,38203
/data/Dataset/train/train/clip_08726.wav,55522
/data/Dataset/train/train/clip_08727.wav,29906
/data/Dataset/test/test/clip_08728.wav,40574
/data/Dataset/train/train/clip_08729.wav,32567
/data/Dataset/train/train/clip_08730.wav,38689
/data/Dataset/test/test/clip_08731.wav,43243
/data/Dataset/train/train/clip_08732.wav,52319
/data/Dataset/train/train/clip_08733.wav,31498
/data/Dataset/train/train/clip_08734.wav,33100
/data/Dataset/train/train/clip_08735.wav,45379
/data/Dataset/train/train/clip_08736.wav,32566
/data/Dataset/train/train/clip_08737.wav,34701
/data/Dataset/test/test/clip_08738.wav,49116
/data/Dataset/train/train/clip_08739.wav,37532
/data/Dataset/train/train/clip_08740.wav,66733
/data/Dataset/test/test/clip_08741.wav,54454
/data/Dataset/train/train/clip_08742.wav,34167
/data/Dataset/train/train/clip_08743.wav,58192
/data/Dataset/train/train/clip_08744.wav,24902
/data/Dataset/train/train/clip_08745.wav,42709
/data/Dataset/train/train/clip_08746.wav,33100
/data/Dataset/train/train/clip_08747.wav,27761
/data/Dataset/test/test/clip_08748.wav,77411
/data/Dataset/test/test/clip_08749.wav,50183
/data/Dataset/train/train/clip_08750.wav,33634
/data/Dataset/test/test/clip_08751.wav,49650
/data/Dataset/train/train/clip_08752.wav,30430
/data/Dataset/train/train/clip_08753.wav,32032
/data/Dataset/train/train/clip_08754.wav,25338
/data/Dataset/train/train/clip_08755.wav,47514
/data/Dataset/train/train/clip_08756.wav,55522
/data/Dataset/train/train/clip_08757.wav,32336
/data/Dataset/test/test/clip_08758.wav,56056
/data/Dataset/train/train/clip_08759.wav,34998
/data/Dataset/train/train/clip_08760.wav,49116
/data/Dataset/train/train/clip_08761.wav,42709
/data/Dataset/test/test/clip_08762.wav,44311
/data/Dataset/train/train/clip_08763.wav,34701
/data/Dataset/train/train/clip_08764.wav,30285
/data/Dataset/train/train/clip_08765.wav,37371
/data/Dataset/test/test/clip_08766.wav,34701
/data/Dataset/test/test/clip_08767.wav,45913
/data/Dataset/test/test/clip_08768.wav,34167
/data/Dataset/train/train/clip_08769.wav,48048
/data/Dataset/train/train/clip_08770.wav,43102
/data/Dataset/train/train/clip_08771.wav,36837
/data/Dataset/train/train/clip_08772.wav,60861
/data/Dataset/train/train/clip_08773.wav,27818
/data/Dataset/train/train/clip_08774.wav,31498
/data/Dataset/train/train/clip_08775.wav,49116
/data/Dataset/train/train/clip_08776.wav,45912
/data/Dataset/train/train/clip_08777.wav,38972
/data/Dataset/train/train/clip_08778.wav,72072
/data/Dataset/train/train/clip_08779.wav,35327
/data/Dataset/test/test/clip_08780.wav,60327
/data/Dataset/train/train/clip_08781.wav,33796
/data/Dataset/test/test/clip_08782.wav,31498
/data/Dataset/train/train/clip_08783.wav,54988
/data/Dataset/train/train/clip_08784.wav,21756
/data/Dataset/train/train/clip_08785.wav,48048
/data/Dataset/train/train/clip_08786.wav,42709
/data/Dataset/train/train/clip_08787.wav,34167
/data/Dataset/train/train/clip_08788.wav,32773
/data/Dataset/train/train/clip_08789.wav,56056
/data/Dataset/train/train/clip_08790.wav,40574
/data/Dataset/train/train/clip_08791.wav,43243
/data/Dataset/train/train/clip_08792.wav,31498
/data/Dataset/train/train/clip_08793.wav,33634
/data/Dataset/train/train/clip_08794.wav,54988
/data/Dataset/test/test/clip_08795.wav,33100
/data/Dataset/train/train/clip_08796.wav,54988
/data/Dataset/train/train/clip_08797.wav,39506
/data/Dataset/train/train/clip_08798.wav,41642
/data/Dataset/train/train/clip_08799.wav,34167
/data/Dataset/train/train/clip_08800.wav,40574
/data/Dataset/test/test/clip_08801.wav,33634
/data/Dataset/train/train/clip_08802.wav,42872
/data/Dataset/train/train/clip_08803.wav,33634
/data/Dataset/train/train/clip_08804.wav,48582
/data/Dataset/train/train/clip_08805.wav,61929
/data/Dataset/train/train/clip_08806.wav,26774
/data/Dataset/train/train/clip_08807.wav,46446
/data/Dataset/train/train/clip_08808.wav,39595
/data/Dataset/train/train/clip_08809.wav,34701
/data/Dataset/train/train/clip_08810.wav,40574
/data/Dataset/test/test/clip_08811.wav,34701
/data/Dataset/train/train/clip_08812.wav,35034
/data/Dataset/train/train/clip_08813.wav,41294
/data/Dataset/train/train/clip_08814.wav,26159
/data/Dataset/test/test/clip_08815.wav,33100
/data/Dataset/train/train/clip_08816.wav,37904
/data/Dataset/train/train/clip_08817.wav,29729
/data/Dataset/train/train/clip_08818.wav,37371
/data/Dataset/train/train/clip_08819.wav,54454
/data/Dataset/train/train/clip_08820.wav,40574
/data/Dataset/train/train/clip_08821.wav,46980
/data/Dataset/train/train/clip_08822.wav,36303
/data/Dataset/train/train/clip_08823.wav,27761
/data/Dataset/train/train/clip_08824.wav,29897
/data/Dataset/train/train/clip_08825.wav,35235
/data/Dataset/test/test/clip_08826.wav,43243
/data/Dataset/train/train/clip_08827.wav,38972
/data/Dataset/train/train/clip_08828.wav,48048
/data/Dataset/train/train/clip_08829.wav,32032
/data/Dataset/test/test/clip_08830.wav,49116
/data/Dataset/train/train/clip_08831.wav,36837
/data/Dataset/test/test/clip_08832.wav,30964
/data/Dataset/train/train/clip_08833.wav,45379
/data/Dataset/test/test/clip_08834.wav,45913
/data/Dataset/test/test/clip_08835.wav,45912
/data/Dataset/train/train/clip_08836.wav,36788
/data/Dataset/test/test/clip_08837.wav,41108
/data/Dataset/test/test/clip_08838.wav,30430
/data/Dataset/train/train/clip_08839.wav,46446
/data/Dataset/train/train/clip_08840.wav,60327
/data/Dataset/test/test/clip_08841.wav,47514
/data/Dataset/test/test/clip_08842.wav,60327
/data/Dataset/train/train/clip_08843.wav,48048
/data/Dataset/train/train/clip_08844.wav,33634
/data/Dataset/test/test/clip_08845.wav,40574
/data/Dataset/train/train/clip_08846.wav,25793
/data/Dataset/train/train/clip_08847.wav,32032
/data/Dataset/train/train/clip_08848.wav,25532
/data/Dataset/train/train/clip_08849.wav,24290
/data/Dataset/train/train/clip_08850.wav,30430
/data/Dataset/train/train/clip_08851.wav,55522
/data/Dataset/train/train/clip_08852.wav,44845
/data/Dataset/train/train/clip_08853.wav,36837
/data/Dataset/train/train/clip_08854.wav,58192
/data/Dataset/train/train/clip_08855.wav,37371
/data/Dataset/test/test/clip_08856.wav,46980
/data/Dataset/train/train/clip_08857.wav,30375
/data/Dataset/train/train/clip_08858.wav,38972
/data/Dataset/train/train/clip_08859.wav,37371
/data/Dataset/train/train/clip_08860.wav,38438
/data/Dataset/train/train/clip_08861.wav,45379
/data/Dataset/train/train/clip_08862.wav,37485
/data/Dataset/train/train/clip_08863.wav,32032
/data/Dataset/train/train/clip_08864.wav,48582
/data/Dataset/train/train/clip_08865.wav,55522
/data/Dataset/train/train/clip_08866.wav,27706
/data/Dataset/train/train/clip_08867.wav,51251
/data/Dataset/train/train/clip_08868.wav,37371
/data/Dataset/train/train/clip_08869.wav,45379
/data/Dataset/train/train/clip_08870.wav,46980
/data/Dataset/train/train/clip_08871.wav,37371
/data/Dataset/train/train/clip_08872.wav,32032
/data/Dataset/train/train/clip_08873.wav,49650
/data/Dataset/test/test/clip_08874.wav,49116
/data/Dataset/train/train/clip_08875.wav,57658
/data/Dataset/train/train/clip_08876.wav,47514
/data/Dataset/train/train/clip_08877.wav,36837
/data/Dataset/train/train/clip_08878.wav,41642
/data/Dataset/train/train/clip_08879.wav,29558
/data/Dataset/train/train/clip_08880.wav,54988
/data/Dataset/train/train/clip_08881.wav,56590
/data/Dataset/train/train/clip_08882.wav,35235
/data/Dataset/train/train/clip_08883.wav,42175
/data/Dataset/test/test/clip_08884.wav,36409
/data/Dataset/train/train/clip_08885.wav,22261
/data/Dataset/train/train/clip_08886.wav,26909
/data/Dataset/train/train/clip_08887.wav,25680
/data/Dataset/train/train/clip_08888.wav,45913
/data/Dataset/train/train/clip_08889.wav,43091
/data/Dataset/test/test/clip_08890.wav,47514
/data/Dataset/train/train/clip_08891.wav,41430
/data/Dataset/train/train/clip_08892.wav,28147
/data/Dataset/train/train/clip_08893.wav,42175
/data/Dataset/train/train/clip_08894.wav,38972
/data/Dataset/train/train/clip_08895.wav,43777
/data/Dataset/train/train/clip_08896.wav,46980
/data/Dataset/test/test/clip_08897.wav,45912
/data/Dataset/test/test/clip_08898.wav,43777
/data/Dataset/test/test/clip_08899.wav,49650
/data/Dataset/train/train/clip_08900.wav,35235
/data/Dataset/train/train/clip_08901.wav,31027
/data/Dataset/train/train/clip_08902.wav,37371
/data/Dataset/train/train/clip_08903.wav,37371
/data/Dataset/train/train/clip_08904.wav,59793
/data/Dataset/train/train/clip_08905.wav,33100
/data/Dataset/train/train/clip_08906.wav,32566
/data/Dataset/test/test/clip_08907.wav,51785
/data/Dataset/train/train/clip_08908.wav,35318
/data/Dataset/train/train/clip_08909.wav,37028
/data/Dataset/train/train/clip_08910.wav,42691
/data/Dataset/train/train/clip_08911.wav,40040
/data/Dataset/train/train/clip_08912.wav,28725
/data/Dataset/train/train/clip_08913.wav,37905
/data/Dataset/train/train/clip_08914.wav,24912
/data/Dataset/train/train/clip_08915.wav,53921
/data/Dataset/train/train/clip_08916.wav,41108
/data/Dataset/train/train/clip_08917.wav,28829
/data/Dataset/train/train/clip_08918.wav,42709
/data/Dataset/train/train/clip_08919.wav,50183
/data/Dataset/train/train/clip_08920.wav,30335
/data/Dataset/train/train/clip_08921.wav,33634
/data/Dataset/train/train/clip_08922.wav,62463
/data/Dataset/train/train/clip_08923.wav,56056
/data/Dataset/train/train/clip_08924.wav,34167
/data/Dataset/train/train/clip_08925.wav,26159
/data/Dataset/train/train/clip_08926.wav,59259
/data/Dataset/train/train/clip_08927.wav,24024
/data/Dataset/test/test/clip_08928.wav,38972
/data/Dataset/test/test/clip_08929.wav,40574
/data/Dataset/test/test/clip_08930.wav,40040
/data/Dataset/train/train/clip_08931.wav,56056
/data/Dataset/train/train/clip_08932.wav,38957
/data/Dataset/train/train/clip_08933.wav,44311
/data/Dataset/train/train/clip_08934.wav,44845
/data/Dataset/train/train/clip_08935.wav,35235
/data/Dataset/train/train/clip_08936.wav,26727
/data/Dataset/test/test/clip_08937.wav,41108
/data/Dataset/train/train/clip_08938.wav,50183
/data/Dataset/train/train/clip_08939.wav,45912
/data/Dataset/train/train/clip_08940.wav,27761
/data/Dataset/train/train/clip_08941.wav,53920
/data/Dataset/train/train/clip_08942.wav,43796
/data/Dataset/train/train/clip_08943.wav,40589
/data/Dataset/test/test/clip_08944.wav,56590
/data/Dataset/train/train/clip_08945.wav,31456
/data/Dataset/train/train/clip_08946.wav,43243
/data/Dataset/train/train/clip_08947.wav,46980
/data/Dataset/train/train/clip_08948.wav,34490
/data/Dataset/train/train/clip_08949.wav,32566
/data/Dataset/test/test/clip_08950.wav,36523
/data/Dataset/train/train/clip_08951.wav,73140
/data/Dataset/train/train/clip_08952.wav,36303
/data/Dataset/train/train/clip_08953.wav,48582
/data/Dataset/train/train/clip_08954.wav,48582
/data/Dataset/train/train/clip_08955.wav,30430
/data/Dataset/test/test/clip_08956.wav,42175
/data/Dataset/train/train/clip_08957.wav,45379
/data/Dataset/train/train/clip_08958.wav,24254
/data/Dataset/train/train/clip_08959.wav,43777
/data/Dataset/train/train/clip_08960.wav,33634
/data/Dataset/train/train/clip_08961.wav,56056
/data/Dataset/train/train/clip_08962.wav,35235
/data/Dataset/train/train/clip_08963.wav,22922
/data/Dataset/train/train/clip_08964.wav,39506
/data/Dataset/train/train/clip_08965.wav,38980
/data/Dataset/test/test/clip_08966.wav,36409
/data/Dataset/train/train/clip_08967.wav,29896
/data/Dataset/train/train/clip_08968.wav,33100
/data/Dataset/train/train/clip_08969.wav,48582
/data/Dataset/train/train/clip_08970.wav,43534
/data/Dataset/train/train/clip_08971.wav,34167
/data/Dataset/train/train/clip_08972.wav,34167
/data/Dataset/train/train/clip_08973.wav,32032
/data/Dataset/train/train/clip_08974.wav,48582
/data/Dataset/test/test/clip_08975.wav,35235
/data/Dataset/train/train/clip_08976.wav,42175
/data/Dataset/train/train/clip_08977.wav,43777
/data/Dataset/train/train/clip_08978.wav,38243
/data/Dataset/train/train/clip_08979.wav,42175
/data/Dataset/train/train/clip_08980.wav,33125
/data/Dataset/train/train/clip_08981.wav,45913
/data/Dataset/train/train/clip_08982.wav,25626
/data/Dataset/train/train/clip_08983.wav,33100
/data/Dataset/train/train/clip_08984.wav,51785
/data/Dataset/train/train/clip_08985.wav,33785
/data/Dataset/train/train/clip_08986.wav,27761
/data/Dataset/train/train/clip_08987.wav,24905
/data/Dataset/train/train/clip_08988.wav,23780
/data/Dataset/test/test/clip_08989.wav,54988
/data/Dataset/train/train/clip_08990.wav,33634
/data/Dataset/train/train/clip_08991.wav,32032
/data/Dataset/train/train/clip_08992.wav,43243
/data/Dataset/train/train/clip_08993.wav,35840
/data/Dataset/train/train/clip_08994.wav,36303
/data/Dataset/train/train/clip_08995.wav,41108
/data/Dataset/train/train/clip_08996.wav,42709
/data/Dataset/train/train/clip_08997.wav,33100
/data/Dataset/test/test/clip_08998.wav,44845
/data/Dataset/train/train/clip_08999.wav,41642
/data/Dataset/train/train/clip_09000.wav,31611
/data/Dataset/train/train/clip_09001.wav,62996
/data/Dataset/train/train/clip_09002.wav,28793
/data/Dataset/test/test/clip_09003.wav,48048
/data/Dataset/train/train/clip_09004.wav,48048
/data/Dataset/train/train/clip_09005.wav,36938
/data/Dataset/train/train/clip_09006.wav,37620
/data/Dataset/train/train/clip_09007.wav,30964
/data/Dataset/train/train/clip_09008.wav,38972
/data/Dataset/train/train/clip_09009.wav,49650
/data/Dataset/train/train/clip_09010.wav,62996
/data/Dataset/train/train/clip_09011.wav,28670
/data/Dataset/train/train/clip_09012.wav,46446
/data/Dataset/train/train/clip_09013.wav,45379
/data/Dataset/test/test/clip_09014.wav,33100
/data/Dataset/train/train/clip_09015.wav,24108
/data/Dataset/train/train/clip_09016.wav,40040
/data/Dataset/train/train/clip_09017.wav,34701
/data/Dataset/train/train/clip_09018.wav,43243
/data/Dataset/train/train/clip_09019.wav,34167
/data/Dataset/train/train/clip_09020.wav,31437
/data/Dataset/test/test/clip_09021.wav,37904
/data/Dataset/train/train/clip_09022.wav,32576
/data/Dataset/train/train/clip_09023.wav,33634
/data/Dataset/train/train/clip_09024.wav,28829
/data/Dataset/train/train/clip_09025.wav,38972
/data/Dataset/train/train/clip_09026.wav,40574
/data/Dataset/train/train/clip_09027.wav,40179
/data/Dataset/train/train/clip_09028.wav,52853
/data/Dataset/test/test/clip_09029.wav,38438
/data/Dataset/train/train/clip_09030.wav,36409
/data/Dataset/train/train/clip_09031.wav,24646
/data/Dataset/train/train/clip_09032.wav,39195
/data/Dataset/train/train/clip_09033.wav,38828
/data/Dataset/train/train/clip_09034.wav,39485
/data/Dataset/train/train/clip_09035.wav,56056
/data/Dataset/train/train/clip_09036.wav,32616
/data/Dataset/train/train/clip_09037.wav,33100
/data/Dataset/test/test/clip_09038.wav,52853
/data/Dataset/test/test/clip_09039.wav,32032
/data/Dataset/train/train/clip_09040.wav,61395
/data/Dataset/train/train/clip_09041.wav,66733
/data/Dataset/train/train/clip_09042.wav,23913
/data/Dataset/train/train/clip_09043.wav,34844
/data/Dataset/train/train/clip_09044.wav,47514
/data/Dataset/train/train/clip_09045.wav,66199
/data/Dataset/train/train/clip_09046.wav,35235
/data/Dataset/train/train/clip_09047.wav,28295
/data/Dataset/train/train/clip_09048.wav,54454
/data/Dataset/train/train/clip_09049.wav,39506
/data/Dataset/train/train/clip_09050.wav,35235
/data/Dataset/train/train/clip_09051.wav,32632
/data/Dataset/train/train/clip_09052.wav,46980
/data/Dataset/train/train/clip_09053.wav,52853
/data/Dataset/train/train/clip_09054.wav,27227
/data/Dataset/train/train/clip_09055.wav,36645
/data/Dataset/train/train/clip_09056.wav,29897
/data/Dataset/train/train/clip_09057.wav,51251
/data/Dataset/test/test/clip_09058.wav,34701
/data/Dataset/train/train/clip_09059.wav,40762
/data/Dataset/train/train/clip_09060.wav,45379
/data/Dataset/train/train/clip_09061.wav,44311
/data/Dataset/test/test/clip_09062.wav,39506
/data/Dataset/train/train/clip_09063.wav,44311
/data/Dataset/train/train/clip_09064.wav,27167
/data/Dataset/train/train/clip_09065.wav,41642
/data/Dataset/train/train/clip_09066.wav,39731
/data/Dataset/train/train/clip_09067.wav,37371
/data/Dataset/train/train/clip_09068.wav,45379
/data/Dataset/train/train/clip_09069.wav,52319
/data/Dataset/train/train/clip_09070.wav,41642
/data/Dataset/train/train/clip_09071.wav,48582
/data/Dataset/train/train/clip_09072.wav,29363
/data/Dataset/train/train/clip_09073.wav,37371
/data/Dataset/train/train/clip_09074.wav,44845
/data/Dataset/train/train/clip_09075.wav,27761
/data/Dataset/train/train/clip_09076.wav,30964
/data/Dataset/train/train/clip_09077.wav,62463
/data/Dataset/train/train/clip_09078.wav,52319
/data/Dataset/train/train/clip_09079.wav,33483
/data/Dataset/train/train/clip_09080.wav,43243
/data/Dataset/train/train/clip_09081.wav,29491
/data/Dataset/train/train/clip_09082.wav,31685
/data/Dataset/train/train/clip_09083.wav,42709
/data/Dataset/train/train/clip_09084.wav,36837
/data/Dataset/train/train/clip_09085.wav,24673
/data/Dataset/train/train/clip_09086.wav,37904
/data/Dataset/train/train/clip_09087.wav,37371
/data/Dataset/test/test/clip_09088.wav,38972
/data/Dataset/train/train/clip_09089.wav,44845
/data/Dataset/train/train/clip_09090.wav,46446
/data/Dataset/train/train/clip_09091.wav,29896
/data/Dataset/train/train/clip_09092.wav,34701
/data/Dataset/test/test/clip_09093.wav,33100
/data/Dataset/train/train/clip_09094.wav,28829
/data/Dataset/train/train/clip_09095.wav,59793
/data/Dataset/train/train/clip_09096.wav,63530
/data/Dataset/train/train/clip_09097.wav,22320
/data/Dataset/train/train/clip_09098.wav,45379
/data/Dataset/train/train/clip_09099.wav,39506
/data/Dataset/train/train/clip_09100.wav,39506
/data/Dataset/train/train/clip_09101.wav,59259
/data/Dataset/train/train/clip_09102.wav,48048
/data/Dataset/train/train/clip_09103.wav,23490
/data/Dataset/test/test/clip_09104.wav,36409
/data/Dataset/train/train/clip_09105.wav,28829
/data/Dataset/train/train/clip_09106.wav,37371
/data/Dataset/test/test/clip_09107.wav,61395
/data/Dataset/test/test/clip_09108.wav,58725
/data/Dataset/train/train/clip_09109.wav,38972
/data/Dataset/train/train/clip_09110.wav,25808
/data/Dataset/train/train/clip_09111.wav,35769
/data/Dataset/train/train/clip_09112.wav,51785
/data/Dataset/train/train/clip_09113.wav,42998
/data/Dataset/train/train/clip_09114.wav,48048
/data/Dataset/train/train/clip_09115.wav,37371
/data/Dataset/train/train/clip_09116.wav,32566
/data/Dataset/train/train/clip_09117.wav,35544
/data/Dataset/train/train/clip_09118.wav,36525
/data/Dataset/train/train/clip_09119.wav,32283
/data/Dataset/test/test/clip_09120.wav,41642
/data/Dataset/train/train/clip_09121.wav,47514
/data/Dataset/train/train/clip_09122.wav,53921
/data/Dataset/train/train/clip_09123.wav,40574
/data/Dataset/test/test/clip_09124.wav,49650
/data/Dataset/test/test/clip_09125.wav,34167
/data/Dataset/train/train/clip_09126.wav,42709
/data/Dataset/train/train/clip_09127.wav,65132
/data/Dataset/train/train/clip_09128.wav,40574
/data/Dataset/train/train/clip_09129.wav,33100
/data/Dataset/train/train/clip_09130.wav,64064
/data/Dataset/test/test/clip_09131.wav,37371
/data/Dataset/test/test/clip_09132.wav,37371
/data/Dataset/test/test/clip_09133.wav,41642
/data/Dataset/train/train/clip_09134.wav,36837
/data/Dataset/train/train/clip_09135.wav,23313
/data/Dataset/train/train/clip_09136.wav,38438
/data/Dataset/train/train/clip_09137.wav,39506
/data/Dataset/train/train/clip_09138.wav,49116
/data/Dataset/train/train/clip_09139.wav,25235
/data/Dataset/train/train/clip_09140.wav,41642
/data/Dataset/test/test/clip_09141.wav,48582
/data/Dataset/test/test/clip_09142.wav,55522
/data/Dataset/train/train/clip_09143.wav,25808
/data/Dataset/train/train/clip_09144.wav,42709
/data/Dataset/train/train/clip_09145.wav,49650
/data/Dataset/test/test/clip_09146.wav,34167
/data/Dataset/train/train/clip_09147.wav,34167
/data/Dataset/train/train/clip_09148.wav,37904
/data/Dataset/train/train/clip_09149.wav,40574
/data/Dataset/train/train/clip_09150.wav,37371
/data/Dataset/test/test/clip_09151.wav,46980
/data/Dataset/train/train/clip_09152.wav,40040
/data/Dataset/train/train/clip_09153.wav,50717
/data/Dataset/train/train/clip_09154.wav,36961
/data/Dataset/test/test/clip_09155.wav,34701
/data/Dataset/test/test/clip_09156.wav,62462
/data/Dataset/train/train/clip_09157.wav,29466
/data/Dataset/train/train/clip_09158.wav,60861
/data/Dataset/train/train/clip_09159.wav,42175
/data/Dataset/train/train/clip_09160.wav,40040
/data/Dataset/train/train/clip_09161.wav,34701
/data/Dataset/test/test/clip_09162.wav,43243
/data/Dataset/train/train/clip_09163.wav,30964
/data/Dataset/train/train/clip_09164.wav,40948
/data/Dataset/train/train/clip_09165.wav,40574
/data/Dataset/train/train/clip_09166.wav,30964
/data/Dataset/train/train/clip_09167.wav,35235
/data/Dataset/train/train/clip_09168.wav,37904
/data/Dataset/train/train/clip_09169.wav,45912
/data/Dataset/test/test/clip_09170.wav,41642
/data/Dataset/train/train/clip_09171.wav,43243
/data/Dataset/test/test/clip_09172.wav,61395
/data/Dataset/train/train/clip_09173.wav,22635
/data/Dataset/test/test/clip_09174.wav,36409
/data/Dataset/train/train/clip_09175.wav,33100
/data/Dataset/train/train/clip_09176.wav,50717
/data/Dataset/train/train/clip_09177.wav,43698
/data/Dataset/train/train/clip_09178.wav,34249
/data/Dataset/train/train/clip_09179.wav,45912
/data/Dataset/train/train/clip_09180.wav,45912
/data/Dataset/train/train/clip_09181.wav,40040
/data/Dataset/train/train/clip_09182.wav,37208
/data/Dataset/train/train/clip_09183.wav,28295
/data/Dataset/train/train/clip_09184.wav,49650
/data/Dataset/train/train/clip_09185.wav,41108
/data/Dataset/train/train/clip_09186.wav,28829
/data/Dataset/train/train/clip_09187.wav,31324
/data/Dataset/train/train/clip_09188.wav,58192
/data/Dataset/train/train/clip_09189.wav,55522
/data/Dataset/train/train/clip_09190.wav,42709
/data/Dataset/test/test/clip_09191.wav,46980
/data/Dataset/train/train/clip_09192.wav,43243
/data/Dataset/train/train/clip_09193.wav,53920
/data/Dataset/train/train/clip_09194.wav,33100
/data/Dataset/test/test/clip_09195.wav,35235
/data/Dataset/train/train/clip_09196.wav,34701
/data/Dataset/test/test/clip_09197.wav,58725
/data/Dataset/train/train/clip_09198.wav,29189
/data/Dataset/train/train/clip_09199.wav,38972
/data/Dataset/train/train/clip_09200.wav,36837
/data/Dataset/train/train/clip_09201.wav,35544
/data/Dataset/train/train/clip_09202.wav,57657
/data/Dataset/train/train/clip_09203.wav,29363
/data/Dataset/test/test/clip_09204.wav,41108
/data/Dataset/test/test/clip_09205.wav,44845
/data/Dataset/train/train/clip_09206.wav,60861
/data/Dataset/train/train/clip_09207.wav,47514
/data/Dataset/train/train/clip_09208.wav,25237
/data/Dataset/train/train/clip_09209.wav,38050
/data/Dataset/train/train/clip_09210.wav,59793
/data/Dataset/test/test/clip_09211.wav,37905
/data/Dataset/train/train/clip_09212.wav,61395
/data/Dataset/train/train/clip_09213.wav,44311
/data/Dataset/train/train/clip_09214.wav,62996
/data/Dataset/train/train/clip_09215.wav,34167
/data/Dataset/train/train/clip_09216.wav,31498
/data/Dataset/test/test/clip_09217.wav,39506
/data/Dataset/train/train/clip_09218.wav,36303
/data/Dataset/train/train/clip_09219.wav,26693
/data/Dataset/train/train/clip_09220.wav,46980
/data/Dataset/test/test/clip_09221.wav,46980
/data/Dataset/train/train/clip_09222.wav,32566
/data/Dataset/train/train/clip_09223.wav,58191
/data/Dataset/train/train/clip_09224.wav,44845
/data/Dataset/test/test/clip_09225.wav,40574
/data/Dataset/test/test/clip_09226.wav,30964
/data/Dataset/train/train/clip_09227.wav,45912
/data/Dataset/test/test/clip_09228.wav,42709
/data/Dataset/train/train/clip_09229.wav,30964
/data/Dataset/train/train/clip_09230.wav,50183
/data/Dataset/test/test/clip_09231.wav,73674
/data/Dataset/train/train/clip_09232.wav,26095
/data/Dataset/train/train/clip_09233.wav,51785
/data/Dataset/train/train/clip_09234.wav,42175
/data/Dataset/train/train/clip_09235.wav,24595
/data/Dataset/train/train/clip_09236.wav,30746
/data/Dataset/train/train/clip_09237.wav,38269
/data/Dataset/test/test/clip_09238.wav,32032
/data/Dataset/train/train/clip_09239.wav,31748
/data/Dataset/train/train/clip_09240.wav,39506
/data/Dataset/train/train/clip_09241.wav,50183
/data/Dataset/train/train/clip_09242.wav,63530
/data/Dataset/test/test/clip_09243.wav,77411
/data/Dataset/train/train/clip_09244.wav,38438
/data/Dataset/train/train/clip_09245.wav,39506
/data/Dataset/train/train/clip_09246.wav,36303
/data/Dataset/train/train/clip_09247.wav,33432
/data/Dataset/train/train/clip_09248.wav,35235
/data/Dataset/train/train/clip_09249.wav,36303
/data/Dataset/train/train/clip_09250.wav,30860
/data/Dataset/train/train/clip_09251.wav,32032
/data/Dataset/train/train/clip_09252.wav,29363
/data/Dataset/test/test/clip_09253.wav,57658
/data/Dataset/test/test/clip_09254.wav,38438
/data/Dataset/train/train/clip_09255.wav,43243
/data/Dataset/test/test/clip_09256.wav,35769
/data/Dataset/test/test/clip_09257.wav,55522
/data/Dataset/test/test/clip_09258.wav,65132
/data/Dataset/train/train/clip_09259.wav,41642
/data/Dataset/train/train/clip_09260.wav,45379
/data/Dataset/test/test/clip_09261.wav,63530
/data/Dataset/test/test/clip_09262.wav,38972
/data/Dataset/train/train/clip_09263.wav,33634
/data/Dataset/train/train/clip_09264.wav,26360
/data/Dataset/train/train/clip_09265.wav,46446
/data/Dataset/train/train/clip_09266.wav,28086
/data/Dataset/train/train/clip_09267.wav,27035
/data/Dataset/train/train/clip_09268.wav,34701
/data/Dataset/train/train/clip_09269.wav,37371
/data/Dataset/train/train/clip_09270.wav,37975
/data/Dataset/train/train/clip_09271.wav,37953
/data/Dataset/train/train/clip_09272.wav,57658
/data/Dataset/test/test/clip_09273.wav,37371
/data/Dataset/train/train/clip_09274.wav,28829
/data/Dataset/train/train/clip_09275.wav,48048
/data/Dataset/train/train/clip_09276.wav,42709
/data/Dataset/train/train/clip_09277.wav,42709
/data/Dataset/train/train/clip_09278.wav,39699
/data/Dataset/train/train/clip_09279.wav,46980
/data/Dataset/train/train/clip_09280.wav,43777
/data/Dataset/train/train/clip_09281.wav,37904
/data/Dataset/train/train/clip_09282.wav,37371
/data/Dataset/train/train/clip_09283.wav,32032
/data/Dataset/train/train/clip_09284.wav,42175
/data/Dataset/train/train/clip_09285.wav,34901
/data/Dataset/train/train/clip_09286.wav,56590
/data/Dataset/train/train/clip_09287.wav,48048
/data/Dataset/train/train/clip_09288.wav,32152
/data/Dataset/train/train/clip_09289.wav,29897
/data/Dataset/train/train/clip_09290.wav,30964
/data/Dataset/test/test/clip_09291.wav,36303
/data/Dataset/test/test/clip_09292.wav,58192
/data/Dataset/train/train/clip_09293.wav,27761
/data/Dataset/test/test/clip_09294.wav,41108
/data/Dataset/train/train/clip_09295.wav,37905
/data/Dataset/train/train/clip_09296.wav,33634
/data/Dataset/train/train/clip_09297.wav,36837
/data/Dataset/train/train/clip_09298.wav,40040
/data/Dataset/train/train/clip_09299.wav,33634
/data/Dataset/train/train/clip_09300.wav,32566
/data/Dataset/train/train/clip_09301.wav,54454
/data/Dataset/train/train/clip_09302.wav,36409
/data/Dataset/train/train/clip_09303.wav,34177
/data/Dataset/train/train/clip_09304.wav,51251
/data/Dataset/train/train/clip_09305.wav,27581
/data/Dataset/train/train/clip_09306.wav,28829
/data/Dataset/train/train/clip_09307.wav,36303
/data/Dataset/test/test/clip_09308.wav,42175
/data/Dataset/train/train/clip_09309.wav,46980
/data/Dataset/test/test/clip_09310.wav,36303
/data/Dataset/test/test/clip_09311.wav,53920
/data/Dataset/train/train/clip_09312.wav,36820
/data/Dataset/train/train/clip_09313.wav,29230
/data/Dataset/train/train/clip_09314.wav,39748
/data/Dataset/train/train/clip_09315.wav,63530
/data/Dataset/train/train/clip_09316.wav,28829
/data/Dataset/train/train/clip_09317.wav,34701
/data/Dataset/train/train/clip_09318.wav,34701
/data/Dataset/train/train/clip_09319.wav,58191
/data/Dataset/train/train/clip_09320.wav,32566
/data/Dataset/train/train/clip_09321.wav,48048
/data/Dataset/train/train/clip_09322.wav,56590
/data/Dataset/train/train/clip_09323.wav,45454
/data/Dataset/train/train/clip_09324.wav,45913
/data/Dataset/train/train/clip_09325.wav,48048
/data/Dataset/train/train/clip_09326.wav,37005
/data/Dataset/train/train/clip_09327.wav,36303
/data/Dataset/train/train/clip_09328.wav,63530
/data/Dataset/train/train/clip_09329.wav,30515
/data/Dataset/train/train/clip_09330.wav,55522
/data/Dataset/train/train/clip_09331.wav,43243
/data/Dataset/train/train/clip_09332.wav,32566
/data/Dataset/train/train/clip_09333.wav,40040
/data/Dataset/train/train/clip_09334.wav,34701
/data/Dataset/train/train/clip_09335.wav,35581
/data/Dataset/train/train/clip_09336.wav,29363
/data/Dataset/train/train/clip_09337.wav,36303
/data/Dataset/train/train/clip_09338.wav,40387
/data/Dataset/test/test/clip_09339.wav,36303
/data/Dataset/train/train/clip_09340.wav,49650
/data/Dataset/test/test/clip_09341.wav,57658
/data/Dataset/train/train/clip_09342.wav,41642
/data/Dataset/train/train/clip_09343.wav,25711
/data/Dataset/test/test/clip_09344.wav,32032
/data/Dataset/train/train/clip_09345.wav,44311
/data/Dataset/train/train/clip_09346.wav,30026
/data/Dataset/train/train/clip_09347.wav,36837
/data/Dataset/train/train/clip_09348.wav,31666
/data/Dataset/test/test/clip_09349.wav,31498
/data/Dataset/train/train/clip_09350.wav,56590
/data/Dataset/train/train/clip_09351.wav,32032
/data/Dataset/test/test/clip_09352.wav,41642
/data/Dataset/train/train/clip_09353.wav,23976
/data/Dataset/train/train/clip_09354.wav,54988
/data/Dataset/train/train/clip_09355.wav,30430
/data/Dataset/train/train/clip_09356.wav,37904
/data/Dataset/train/train/clip_09357.wav,42709
/data/Dataset/train/train/clip_09358.wav,33634
/data/Dataset/train/train/clip_09359.wav,62463
/data/Dataset/train/train/clip_09360.wav,31031
/data/Dataset/train/train/clip_09361.wav,31498
/data/Dataset/test/test/clip_09362.wav,42709
/data/Dataset/test/test/clip_09363.wav,34701
/data/Dataset/train/train/clip_09364.wav,43777
/data/Dataset/train/train/clip_09365.wav,36837
/data/Dataset/train/train/clip_09366.wav,32032
/data/Dataset/train/train/clip_09367.wav,31123
/data/Dataset/train/train/clip_09368.wav,36837
/data/Dataset/train/train/clip_09369.wav,38438
/data/Dataset/train/train/clip_09370.wav,50183
/data/Dataset/train/train/clip_09371.wav,58191
/data/Dataset/train/train/clip_09372.wav,33634
/data/Dataset/train/train/clip_09373.wav,60327
/data/Dataset/test/test/clip_09374.wav,41642
/data/Dataset/train/train/clip_09375.wav,40040
/data/Dataset/train/train/clip_09376.wav,56056
/data/Dataset/train/train/clip_09377.wav,30964
/data/Dataset/train/train/clip_09378.wav,26147
/data/Dataset/train/train/clip_09379.wav,32790
/data/Dataset/train/train/clip_09380.wav,42709
/data/Dataset/train/train/clip_09381.wav,51251
/data/Dataset/test/test/clip_09382.wav,35235
/data/Dataset/train/train/clip_09383.wav,33634
/data/Dataset/train/train/clip_09384.wav,21355
/data/Dataset/train/train/clip_09385.wav,24693
/data/Dataset/train/train/clip_09386.wav,35688
/data/Dataset/train/train/clip_09387.wav,41135
/data/Dataset/train/train/clip_09388.wav,38676
/data/Dataset/train/train/clip_09389.wav,49650
/data/Dataset/train/train/clip_09390.wav,42709
/data/Dataset/train/train/clip_09391.wav,36409
/data/Dataset/train/train/clip_09392.wav,46446
/data/Dataset/train/train/clip_09393.wav,33108
/data/Dataset/train/train/clip_09394.wav,33414
/data/Dataset/train/train/clip_09395.wav,34701
/data/Dataset/test/test/clip_09396.wav,58725
/data/Dataset/train/train/clip_09397.wav,45912
/data/Dataset/train/train/clip_09398.wav,29897
/data/Dataset/train/train/clip_09399.wav,40040
/data/Dataset/train/train/clip_09400.wav,41642
/data/Dataset/train/train/clip_09401.wav,29363
/data/Dataset/train/train/clip_09402.wav,36837
/data/Dataset/train/train/clip_09403.wav,40155
/data/Dataset/train/train/clip_09404.wav,41347
/data/Dataset/train/train/clip_09405.wav,57657
/data/Dataset/train/train/clip_09406.wav,33100
/data/Dataset/train/train/clip_09407.wav,40574
/data/Dataset/train/train/clip_09408.wav,36409
/data/Dataset/train/train/clip_09409.wav,34176
/data/Dataset/test/test/clip_09410.wav,35769
/data/Dataset/train/train/clip_09411.wav,48582
/data/Dataset/train/train/clip_09412.wav,34167
/data/Dataset/test/test/clip_09413.wav,45379
/data/Dataset/test/test/clip_09414.wav,34167
/data/Dataset/train/train/clip_09415.wav,32836
/data/Dataset/train/train/clip_09416.wav,47514
/data/Dataset/train/train/clip_09417.wav,39506
/data/Dataset/train/train/clip_09418.wav,36303
/data/Dataset/train/train/clip_09419.wav,32032
/data/Dataset/train/train/clip_09420.wav,59259
/data/Dataset/test/test/clip_09421.wav,44845
/data/Dataset/test/test/clip_09422.wav,41642
/data/Dataset/train/train/clip_09423.wav,49116
/data/Dataset/train/train/clip_09424.wav,60327
/data/Dataset/test/test/clip_09425.wav,37904
/data/Dataset/train/train/clip_09426.wav,64064
/data/Dataset/train/train/clip_09427.wav,42709
/data/Dataset/train/train/clip_09428.wav,61395
/data/Dataset/train/train/clip_09429.wav,33836
/data/Dataset/train/train/clip_09430.wav,49650
/data/Dataset/test/test/clip_09431.wav,50717
/data/Dataset/train/train/clip_09432.wav,43777
/data/Dataset/test/test/clip_09433.wav,40574
/data/Dataset/train/train/clip_09434.wav,36837
/data/Dataset/train/train/clip_09435.wav,24207
/data/Dataset/train/train/clip_09436.wav,39506
/data/Dataset/train/train/clip_09437.wav,60861
/data/Dataset/train/train/clip_09438.wav,29363
/data/Dataset/train/train/clip_09439.wav,25631
/data/Dataset/train/train/clip_09440.wav,49650
/data/Dataset/train/train/clip_09441.wav,46980
/data/Dataset/train/train/clip_09442.wav,42175
/data/Dataset/train/train/clip_09443.wav,34167
/data/Dataset/train/train/clip_09444.wav,34167
/data/Dataset/train/train/clip_09445.wav,36837
/data/Dataset/train/train/clip_09446.wav,37371
/data/Dataset/train/train/clip_09447.wav,34774
/data/Dataset/train/train/clip_09448.wav,50717
/data/Dataset/train/train/clip_09449.wav,36303
/data/Dataset/test/test/clip_09450.wav,50717
/data/Dataset/train/train/clip_09451.wav,36837
/data/Dataset/test/test/clip_09452.wav,42709
/data/Dataset/train/train/clip_09453.wav,39065
/data/Dataset/train/train/clip_09454.wav,41642
/data/Dataset/test/test/clip_09455.wav,49116
/data/Dataset/train/train/clip_09456.wav,42040
/data/Dataset/train/train/clip_09457.wav,29297
/data/Dataset/train/train/clip_09458.wav,27067
/data/Dataset/train/train/clip_09459.wav,59793
/data/Dataset/train/train/clip_09460.wav,32197
/data/Dataset/train/train/clip_09461.wav,58725
/data/Dataset/train/train/clip_09462.wav,43243
/data/Dataset/train/train/clip_09463.wav,31724
/data/Dataset/train/train/clip_09464.wav,33804
/data/Dataset/test/test/clip_09465.wav,45912
/data/Dataset/train/train/clip_09466.wav,45913
/data/Dataset/train/train/clip_09467.wav,59793
/data/Dataset/test/test/clip_09468.wav,32032
/data/Dataset/train/train/clip_09469.wav,48582
/data/Dataset/train/train/clip_09470.wav,63530
/data/Dataset/train/train/clip_09471.wav,25746
/data/Dataset/test/test/clip_09472.wav,34167
/data/Dataset/train/train/clip_09473.wav,29632
/data/Dataset/train/train/clip_09474.wav,32566
/data/Dataset/train/train/clip_09475.wav,34701
/data/Dataset/train/train/clip_09476.wav,43243
/data/Dataset/test/test/clip_09477.wav,42175
/data/Dataset/train/train/clip_09478.wav,53920
/data/Dataset/train/train/clip_09479.wav,33529
/data/Dataset/train/train/clip_09480.wav,58725
/data/Dataset/train/train/clip_09481.wav,44845
/data/Dataset/train/train/clip_09482.wav,55522
/data/Dataset/train/train/clip_09483.wav,61395
/data/Dataset/test/test/clip_09484.wav,37371
/data/Dataset/train/train/clip_09485.wav,43777
/data/Dataset/train/train/clip_09486.wav,40040
/data/Dataset/train/train/clip_09487.wav,32129
/data/Dataset/train/train/clip_09488.wav,63530
/data/Dataset/train/train/clip_09489.wav,43243
/data/Dataset/train/train/clip_09490.wav,51785
/data/Dataset/train/train/clip_09491.wav,42709
/data/Dataset/train/train/clip_09492.wav,40040
/data/Dataset/train/train/clip_09493.wav,69937
/data/Dataset/test/test/clip_09494.wav,51785
/data/Dataset/train/train/clip_09495.wav,38438
/data/Dataset/train/train/clip_09496.wav,67801
/data/Dataset/test/test/clip_09497.wav,38438
/data/Dataset/train/train/clip_09498.wav,57124
/data/Dataset/train/train/clip_09499.wav,39506
/data/Dataset/train/train/clip_09500.wav,43777
/data/Dataset/train/train/clip_09501.wav,32897
/data/Dataset/train/train/clip_09502.wav,35235
/data/Dataset/train/train/clip_09503.wav,54454
/data/Dataset/train/train/clip_09504.wav,35449
/data/Dataset/train/train/clip_09505.wav,51251
/data/Dataset/train/train/clip_09506.wav,29363
/data/Dataset/train/train/clip_09507.wav,40574
/data/Dataset/train/train/clip_09508.wav,56590
/data/Dataset/train/train/clip_09509.wav,53387
/data/Dataset/train/train/clip_09510.wav,31644
/data/Dataset/train/train/clip_09511.wav,43777
/data/Dataset/train/train/clip_09512.wav,32861
/data/Dataset/test/test/clip_09513.wav,34167
/data/Dataset/train/train/clip_09514.wav,32106
/data/Dataset/train/train/clip_09515.wav,30672
/data/Dataset/train/train/clip_09516.wav,38972
/data/Dataset/train/train/clip_09517.wav,38972
/data/Dataset/train/train/clip_09518.wav,39112
/data/Dataset/train/train/clip_09519.wav,29363
/data/Dataset/train/train/clip_09520.wav,32566
/data/Dataset/train/train/clip_09521.wav,40574
/data/Dataset/train/train/clip_09522.wav,49650
/data/Dataset/train/train/clip_09523.wav,45912
/data/Dataset/train/train/clip_09524.wav,35804
/data/Dataset/test/test/clip_09525.wav,36303
/data/Dataset/test/test/clip_09526.wav,38438
/data/Dataset/train/train/clip_09527.wav,53921
/data/Dataset/train/train/clip_09528.wav,59793
/data/Dataset/train/train/clip_09529.wav,40040
/data/Dataset/test/test/clip_09530.wav,39506
/data/Dataset/test/test/clip_09531.wav,41642
/data/Dataset/train/train/clip_09532.wav,26875
/data/Dataset/train/train/clip_09533.wav,48048
/data/Dataset/train/train/clip_09534.wav,42709
/data/Dataset/train/train/clip_09535.wav,36303
/data/Dataset/train/train/clip_09536.wav,39506
/data/Dataset/train/train/clip_09537.wav,49650
/data/Dataset/train/train/clip_09538.wav,23713
/data/Dataset/train/train/clip_09539.wav,58191
/data/Dataset/train/train/clip_09540.wav,36837
/data/Dataset/train/train/clip_09541.wav,61929
/data/Dataset/train/train/clip_09542.wav,44311
/data/Dataset/train/train/clip_09543.wav,24470
/data/Dataset/train/train/clip_09544.wav,47514
/data/Dataset/train/train/clip_09545.wav,52319
/data/Dataset/train/train/clip_09546.wav,61929
/data/Dataset/train/train/clip_09547.wav,33100
/data/Dataset/test/test/clip_09548.wav,42175
/data/Dataset/train/train/clip_09549.wav,35235
/data/Dataset/train/train/clip_09550.wav,38324
/data/Dataset/train/train/clip_09551.wav,40096
/data/Dataset/train/train/clip_09552.wav,33078
/data/Dataset/train/train/clip_09553.wav,33523
/data/Dataset/test/test/clip_09554.wav,37905
/data/Dataset/test/test/clip_09555.wav,43243
/data/Dataset/train/train/clip_09556.wav,31263
/data/Dataset/test/test/clip_09557.wav,32566
/data/Dataset/train/train/clip_09558.wav,33620
/data/Dataset/train/train/clip_09559.wav,39506
/data/Dataset/train/train/clip_09560.wav,41642
/data/Dataset/test/test/clip_09561.wav,66733
/data/Dataset/train/train/clip_09562.wav,38438
/data/Dataset/train/train/clip_09563.wav,33779
/data/Dataset/train/train/clip_09564.wav,26421
/data/Dataset/test/test/clip_09565.wav,33634
/data/Dataset/train/train/clip_09566.wav,27761
/data/Dataset/train/train/clip_09567.wav,37905
/data/Dataset/train/train/clip_09568.wav,42175
/data/Dataset/train/train/clip_09569.wav,43777
/data/Dataset/train/train/clip_09570.wav,38972
/data/Dataset/train/train/clip_09571.wav,45379
/data/Dataset/train/train/clip_09572.wav,32566
/data/Dataset/train/train/clip_09573.wav,46980
/data/Dataset/train/train/clip_09574.wav,34668
/data/Dataset/train/train/clip_09575.wav,40873
/data/Dataset/train/train/clip_09576.wav,30964
/data/Dataset/test/test/clip_09577.wav,46980
/data/Dataset/train/train/clip_09578.wav,24558
/data/Dataset/train/train/clip_09579.wav,36976
/data/Dataset/test/test/clip_09580.wav,48048
/data/Dataset/train/train/clip_09581.wav,37904
/data/Dataset/test/test/clip_09582.wav,61395
/data/Dataset/train/train/clip_09583.wav,39506
/data/Dataset/train/train/clip_09584.wav,36876
/data/Dataset/train/train/clip_09585.wav,58725
/data/Dataset/train/train/clip_09586.wav,33634
/data/Dataset/train/train/clip_09587.wav,39006
/data/Dataset/train/train/clip_09588.wav,43243
/data/Dataset/train/train/clip_09589.wav,45379
/data/Dataset/train/train/clip_09590.wav,46446
/data/Dataset/train/train/clip_09591.wav,50717
/data/Dataset/train/train/clip_09592.wav,45912
/data/Dataset/train/train/clip_09593.wav,43243
/data/Dataset/train/train/clip_09594.wav,39506
/data/Dataset/train/train/clip_09595.wav,34167
/data/Dataset/train/train/clip_09596.wav,36758
/data/Dataset/train/train/clip_09597.wav,32032
/data/Dataset/test/test/clip_09598.wav,32032
/data/Dataset/train/train/clip_09599.wav,37904
/data/Dataset/train/train/clip_09600.wav,25509
/data/Dataset/train/train/clip_09601.wav,26545
/data/Dataset/train/train/clip_09602.wav,54454
/data/Dataset/train/train/clip_09603.wav,47514
/data/Dataset/train/train/clip_09604.wav,43777
/data/Dataset/train/train/clip_09605.wav,38972
/data/Dataset/train/train/clip_09606.wav,30430
/data/Dataset/train/train/clip_09607.wav,59259
/data/Dataset/train/train/clip_09608.wav,51251
/data/Dataset/train/train/clip_09609.wav,33615
/data/Dataset/train/train/clip_09610.wav,33100
/data/Dataset/train/train/clip_09611.wav,43243
/data/Dataset/train/train/clip_09612.wav,50717
/data/Dataset/train/train/clip_09613.wav,68869
/data/Dataset/test/test/clip_09614.wav,43777
/data/Dataset/train/train/clip_09615.wav,37371
/data/Dataset/train/train/clip_09616.wav,30964
/data/Dataset/train/train/clip_09617.wav,53920
/data/Dataset/train/train/clip_09618.wav,35235
/data/Dataset/train/train/clip_09619.wav,31319
/data/Dataset/train/train/clip_09620.wav,41049
/data/Dataset/train/train/clip_09621.wav,34701
/data/Dataset/train/train/clip_09622.wav,36303
/data/Dataset/train/train/clip_09623.wav,35353
/data/Dataset/test/test/clip_09624.wav,32566
/data/Dataset/train/train/clip_09625.wav,41642
/data/Dataset/train/train/clip_09626.wav,33634
/data/Dataset/train/train/clip_09627.wav,50717
/data/Dataset/train/train/clip_09628.wav,48048
/data/Dataset/train/train/clip_09629.wav,38489
/data/Dataset/test/test/clip_09630.wav,36523
/data/Dataset/train/train/clip_09631.wav,37905
/data/Dataset/train/train/clip_09632.wav,33592
/data/Dataset/train/train/clip_09633.wav,71004
/data/Dataset/train/train/clip_09634.wav,54988
/data/Dataset/train/train/clip_09635.wav,43243
/data/Dataset/train/train/clip_09636.wav,39028
/data/Dataset/train/train/clip_09637.wav,35235
/data/Dataset/train/train/clip_09638.wav,38462
/data/Dataset/train/train/clip_09639.wav,40040
/data/Dataset/test/test/clip_09640.wav,46446
/data/Dataset/train/train/clip_09641.wav,30964
/data/Dataset/train/train/clip_09642.wav,36303
/data/Dataset/test/test/clip_09643.wav,45379
/data/Dataset/train/train/clip_09644.wav,37781
/data/Dataset/train/train/clip_09645.wav,33100
/data/Dataset/test/test/clip_09646.wav,28829
/data/Dataset/train/train/clip_09647.wav,41108
/data/Dataset/train/train/clip_09648.wav,59793
/data/Dataset/test/test/clip_09649.wav,44845
/data/Dataset/train/train/clip_09650.wav,52319
/data/Dataset/train/train/clip_09651.wav,30430
/data/Dataset/train/train/clip_09652.wav,33258
/data/Dataset/train/train/clip_09653.wav,31463
/data/Dataset/train/train/clip_09654.wav,55522
/data/Dataset/train/train/clip_09655.wav,58725
/data/Dataset/test/test/clip_09656.wav,29363
/data/Dataset/test/test/clip_09657.wav,41108
/data/Dataset/train/train/clip_09658.wav,37904
/data/Dataset/test/test/clip_09659.wav,32032
/data/Dataset/train/train/clip_09660.wav,43243
/data/Dataset/train/train/clip_09661.wav,41472
/data/Dataset/test/test/clip_09662.wav,53920
/data/Dataset/test/test/clip_09663.wav,60861
/data/Dataset/train/train/clip_09664.wav,37371
/data/Dataset/train/train/clip_09665.wav,36523
/data/Dataset/train/train/clip_09666.wav,52853
/data/Dataset/train/train/clip_09667.wav,49116
/data/Dataset/test/test/clip_09668.wav,31498
/data/Dataset/train/train/clip_09669.wav,30964
/data/Dataset/train/train/clip_09670.wav,36303
/data/Dataset/train/train/clip_09671.wav,60861
/data/Dataset/test/test/clip_09672.wav,27761
/data/Dataset/train/train/clip_09673.wav,43776
/data/Dataset/train/train/clip_09674.wav,30368
/data/Dataset/train/train/clip_09675.wav,31498
/data/Dataset/train/train/clip_09676.wav,23291
/data/Dataset/train/train/clip_09677.wav,38637
/data/Dataset/train/train/clip_09678.wav,34722
/data/Dataset/train/train/clip_09679.wav,40040
/data/Dataset/train/train/clip_09680.wav,42175
/data/Dataset/train/train/clip_09681.wav,52853
/data/Dataset/train/train/clip_09682.wav,31788
/data/Dataset/test/test/clip_09683.wav,43243
/data/Dataset/test/test/clip_09684.wav,36837
/data/Dataset/train/train/clip_09685.wav,32180
/data/Dataset/train/train/clip_09686.wav,40574
/data/Dataset/test/test/clip_09687.wav,43777
/data/Dataset/train/train/clip_09688.wav,39506
/data/Dataset/train/train/clip_09689.wav,49116
/data/Dataset/train/train/clip_09690.wav,35235
/data/Dataset/train/train/clip_09691.wav,34701
/data/Dataset/train/train/clip_09692.wav,37905
/data/Dataset/test/test/clip_09693.wav,31498
/data/Dataset/train/train/clip_09694.wav,23855
/data/Dataset/test/test/clip_09695.wav,38972
/data/Dataset/train/train/clip_09696.wav,42709
/data/Dataset/train/train/clip_09697.wav,71538
/data/Dataset/test/test/clip_09698.wav,41108
/data/Dataset/train/train/clip_09699.wav,33634
/data/Dataset/train/train/clip_09700.wav,34701
/data/Dataset/train/train/clip_09701.wav,57124
/data/Dataset/train/train/clip_09702.wav,42709
/data/Dataset/train/train/clip_09703.wav,29760
/data/Dataset/test/test/clip_09704.wav,42709
/data/Dataset/train/train/clip_09705.wav,50717
/data/Dataset/train/train/clip_09706.wav,29363
/data/Dataset/train/train/clip_09707.wav,31498
/data/Dataset/train/train/clip_09708.wav,40777
/data/Dataset/train/train/clip_09709.wav,48048
/data/Dataset/test/test/clip_09710.wav,40040
/data/Dataset/train/train/clip_09711.wav,33350
/data/Dataset/train/train/clip_09712.wav,40075
/data/Dataset/train/train/clip_09713.wav,30964
/data/Dataset/train/train/clip_09714.wav,36837
/data/Dataset/train/train/clip_09715.wav,30999
/data/Dataset/train/train/clip_09716.wav,37371
/data/Dataset/train/train/clip_09717.wav,45913
/data/Dataset/train/train/clip_09718.wav,37371
/data/Dataset/train/train/clip_09719.wav,29363
/data/Dataset/train/train/clip_09720.wav,26517
/data/Dataset/train/train/clip_09721.wav,37904
/data/Dataset/train/train/clip_09722.wav,40574
/data/Dataset/train/train/clip_09723.wav,35063
/data/Dataset/train/train/clip_09724.wav,39506
/data/Dataset/train/train/clip_09725.wav,39807
/data/Dataset/train/train/clip_09726.wav,70470
/data/Dataset/train/train/clip_09727.wav,39506
/data/Dataset/train/train/clip_09728.wav,31182
/data/Dataset/train/train/clip_09729.wav,30430
/data/Dataset/test/test/clip_09730.wav,35235
/data/Dataset/train/train/clip_09731.wav,56590
/data/Dataset/train/train/clip_09732.wav,44845
/data/Dataset/train/train/clip_09733.wav,39769
/data/Dataset/train/train/clip_09734.wav,38438
/data/Dataset/train/train/clip_09735.wav,30964
/data/Dataset/test/test/clip_09736.wav,45913
/data/Dataset/train/train/clip_09737.wav,45379
/data/Dataset/train/train/clip_09738.wav,47514
/data/Dataset/train/train/clip_09739.wav,34899
/data/Dataset/train/train/clip_09740.wav,36303
/data/Dataset/train/train/clip_09741.wav,43777
/data/Dataset/train/train/clip_09742.wav,24024
/data/Dataset/train/train/clip_09743.wav,48048
/data/Dataset/train/train/clip_09744.wav,52319
/data/Dataset/train/train/clip_09745.wav,38583
/data/Dataset/train/train/clip_09746.wav,38006
/data/Dataset/train/train/clip_09747.wav,56056
/data/Dataset/train/train/clip_09748.wav,49116
/data/Dataset/train/train/clip_09749.wav,37065
/data/Dataset/train/train/clip_09750.wav,41108
/data/Dataset/train/train/clip_09751.wav,37636
/data/Dataset/train/train/clip_09752.wav,25675
/data/Dataset/train/train/clip_09753.wav,32604
/data/Dataset/train/train/clip_09754.wav,44311
/data/Dataset/train/train/clip_09755.wav,57124
/data/Dataset/train/train/clip_09756.wav,34766
/data/Dataset/test/test/clip_09757.wav,61395
/data/Dataset/train/train/clip_09758.wav,35769
/data/Dataset/test/test/clip_09759.wav,51785
/data/Dataset/train/train/clip_09760.wav,29817
/data/Dataset/train/train/clip_09761.wav,46980
/data/Dataset/train/train/clip_09762.wav,58725
/data/Dataset/test/test/clip_09763.wav,30430
/data/Dataset/train/train/clip_09764.wav,36837
/data/Dataset/train/train/clip_09765.wav,31644
/data/Dataset/train/train/clip_09766.wav,42709
/data/Dataset/train/train/clip_09767.wav,52853
/data/Dataset/train/train/clip_09768.wav,46980
/data/Dataset/train/train/clip_09769.wav,34701
/data/Dataset/train/train/clip_09770.wav,37371
/data/Dataset/train/train/clip_09771.wav,25683
/data/Dataset/train/train/clip_09772.wav,34701
/data/Dataset/train/train/clip_09773.wav,24757
/data/Dataset/train/train/clip_09774.wav,42175
/data/Dataset/train/train/clip_09775.wav,30590
/data/Dataset/train/train/clip_09776.wav,28295
/data/Dataset/train/train/clip_09777.wav,30430
/data/Dataset/train/train/clip_09778.wav,30434
/data/Dataset/train/train/clip_09779.wav,29419
/data/Dataset/train/train/clip_09780.wav,32779
/data/Dataset/test/test/clip_09781.wav,46980
/data/Dataset/train/train/clip_09782.wav,44311
/data/Dataset/train/train/clip_09783.wav,43777
/data/Dataset/train/train/clip_09784.wav,51785
/data/Dataset/train/train/clip_09785.wav,39506
/data/Dataset/train/train/clip_09786.wav,36303
/data/Dataset/train/train/clip_09787.wav,24684
/data/Dataset/train/train/clip_09788.wav,46446
/data/Dataset/test/test/clip_09789.wav,34701
/data/Dataset/train/train/clip_09790.wav,31498
/data/Dataset/train/train/clip_09791.wav,42175
/data/Dataset/train/train/clip_09792.wav,33817
/data/Dataset/train/train/clip_09793.wav,46980
/data/Dataset/train/train/clip_09794.wav,37371
/data/Dataset/train/train/clip_09795.wav,42565
/data/Dataset/train/train/clip_09796.wav,27227
/data/Dataset/train/train/clip_09797.wav,33100
/data/Dataset/train/train/clip_09798.wav,25866
/data/Dataset/train/train/clip_09799.wav,42175
/data/Dataset/test/test/clip_09800.wav,43777
/data/Dataset/train/train/clip_09801.wav,38972
/data/Dataset/test/test/clip_09802.wav,35235
/data/Dataset/train/train/clip_09803.wav,38972
/data/Dataset/test/test/clip_09804.wav,29363
/data/Dataset/train/train/clip_09805.wav,39506
/data/Dataset/train/train/clip_09806.wav,46446
/data/Dataset/test/test/clip_09807.wav,38438
/data/Dataset/train/train/clip_09808.wav,38438
/data/Dataset/train/train/clip_09809.wav,35178
/data/Dataset/train/train/clip_09810.wav,38438
/data/Dataset/train/train/clip_09811.wav,39506
/data/Dataset/train/train/clip_09812.wav,59793
/data/Dataset/train/train/clip_09813.wav,43140
/data/Dataset/train/train/clip_09814.wav,64598
/data/Dataset/train/train/clip_09815.wav,31817
/data/Dataset/train/train/clip_09816.wav,36303
/data/Dataset/train/train/clip_09817.wav,36382
/data/Dataset/train/train/clip_09818.wav,43777
/data/Dataset/train/train/clip_09819.wav,75809
/data/Dataset/train/train/clip_09820.wav,35235
/data/Dataset/train/train/clip_09821.wav,26159
/data/Dataset/train/train/clip_09822.wav,39743
/data/Dataset/train/train/clip_09823.wav,61395
/data/Dataset/train/train/clip_09824.wav,60327
/data/Dataset/train/train/clip_09825.wav,25418
/data/Dataset/train/train/clip_09826.wav,66733
/data/Dataset/train/train/clip_09827.wav,36409
/data/Dataset/train/train/clip_09828.wav,56056
/data/Dataset/train/train/clip_09829.wav,42175
/data/Dataset/train/train/clip_09830.wav,46446
/data/Dataset/train/train/clip_09831.wav,38438
/data/Dataset/train/train/clip_09832.wav,34167
/data/Dataset/train/train/clip_09833.wav,44311
/data/Dataset/train/train/clip_09834.wav,39506
/data/Dataset/train/train/clip_09835.wav,25589
/data/Dataset/test/test/clip_09836.wav,46980
/data/Dataset/train/train/clip_09837.wav,29363
/data/Dataset/train/train/clip_09838.wav,38438
/data/Dataset/train/train/clip_09839.wav,24489
/data/Dataset/train/train/clip_09840.wav,35249
/data/Dataset/train/train/clip_09841.wav,43777
/data/Dataset/train/train/clip_09842.wav,38438
/data/Dataset/test/test/clip_09843.wav,38972
/data/Dataset/train/train/clip_09844.wav,45379
/data/Dataset/train/train/clip_09845.wav,59793
/data/Dataset/test/test/clip_09846.wav,67267
/data/Dataset/train/train/clip_09847.wav,42709
/data/Dataset/train/train/clip_09848.wav,59793
/data/Dataset/train/train/clip_09849.wav,54988
/data/Dataset/test/test/clip_09850.wav,49116
/data/Dataset/train/train/clip_09851.wav,29246
/data/Dataset/train/train/clip_09852.wav,32032
/data/Dataset/train/train/clip_09853.wav,48048
/data/Dataset/train/train/clip_09854.wav,36837
/data/Dataset/test/test/clip_09855.wav,36837
/data/Dataset/train/train/clip_09856.wav,53387
/data/Dataset/train/train/clip_09857.wav,54988
/data/Dataset/test/test/clip_09858.wav,45379
/data/Dataset/train/train/clip_09859.wav,58192
/data/Dataset/train/train/clip_09860.wav,34167
/data/Dataset/train/train/clip_09861.wav,24751
/data/Dataset/train/train/clip_09862.wav,38438
/data/Dataset/train/train/clip_09863.wav,28729
/data/Dataset/train/train/clip_09864.wav,49650
/data/Dataset/train/train/clip_09865.wav,34167
/data/Dataset/test/test/clip_09866.wav,36837
/data/Dataset/train/train/clip_09867.wav,58192
/data/Dataset/train/train/clip_09868.wav,37371
/data/Dataset/train/train/clip_09869.wav,29377
/data/Dataset/train/train/clip_09870.wav,33100
/data/Dataset/train/train/clip_09871.wav,35235
/data/Dataset/train/train/clip_09872.wav,32185
/data/Dataset/train/train/clip_09873.wav,29689
/data/Dataset/train/train/clip_09874.wav,30430
/data/Dataset/train/train/clip_09875.wav,40040
/data/Dataset/train/train/clip_09876.wav,43243
/data/Dataset/train/train/clip_09877.wav,58725
/data/Dataset/train/train/clip_09878.wav,42709
/data/Dataset/train/train/clip_09879.wav,34261
/data/Dataset/train/train/clip_09880.wav,33100
/data/Dataset/train/train/clip_09881.wav,59793
/data/Dataset/train/train/clip_09882.wav,26935
/data/Dataset/test/test/clip_09883.wav,36303
/data/Dataset/train/train/clip_09884.wav,58191
/data/Dataset/train/train/clip_09885.wav,38972
/data/Dataset/train/train/clip_09886.wav,44311
/data/Dataset/train/train/clip_09887.wav,57124
/data/Dataset/train/train/clip_09888.wav,51785
/data/Dataset/train/train/clip_09889.wav,30801
/data/Dataset/test/test/clip_09890.wav,37371
/data/Dataset/train/train/clip_09891.wav,40574
/data/Dataset/train/train/clip_09892.wav,32287
/data/Dataset/test/test/clip_09893.wav,42709
/data/Dataset/train/train/clip_09894.wav,50183
/data/Dataset/train/train/clip_09895.wav,59259
/data/Dataset/train/train/clip_09896.wav,56056
/data/Dataset/train/train/clip_09897.wav,36837
/data/Dataset/test/test/clip_09898.wav,44845
/data/Dataset/train/train/clip_09899.wav,32466
/data/Dataset/test/test/clip_09900.wav,35235
/data/Dataset/train/train/clip_09901.wav,34701
/data/Dataset/train/train/clip_09902.wav,28829
/data/Dataset/train/train/clip_09903.wav,36303
/data/Dataset/train/train/clip_09904.wav,37371
/data/Dataset/train/train/clip_09905.wav,38972
/data/Dataset/test/test/clip_09906.wav,43243
/data/Dataset/test/test/clip_09907.wav,43777
/data/Dataset/train/train/clip_09908.wav,30962
/data/Dataset/train/train/clip_09909.wav,58725
/data/Dataset/test/test/clip_09910.wav,29363
/data/Dataset/train/train/clip_09911.wav,25505
/data/Dataset/train/train/clip_09912.wav,51785
/data/Dataset/train/train/clip_09913.wav,33100
/data/Dataset/train/train/clip_09914.wav,37371
/data/Dataset/train/train/clip_09915.wav,43243
/data/Dataset/train/train/clip_09916.wav,39506
/data/Dataset/test/test/clip_09917.wav,38972
/data/Dataset/train/train/clip_09918.wav,45379
/data/Dataset/train/train/clip_09919.wav,26693
/data/Dataset/train/train/clip_09920.wav,28476
/data/Dataset/train/train/clip_09921.wav,33634
/data/Dataset/train/train/clip_09922.wav,34167
/data/Dataset/train/train/clip_09923.wav,44845
/data/Dataset/train/train/clip_09924.wav,31885
/data/Dataset/train/train/clip_09925.wav,39431
/data/Dataset/train/train/clip_09926.wav,38438
/data/Dataset/train/train/clip_09927.wav,33781
/data/Dataset/train/train/clip_09928.wav,39466
/data/Dataset/train/train/clip_09929.wav,40040
/data/Dataset/train/train/clip_09930.wav,40040
/data/Dataset/train/train/clip_09931.wav,38438
/data/Dataset/train/train/clip_09932.wav,48582
/data/Dataset/test/test/clip_09933.wav,35769
/data/Dataset/train/train/clip_09934.wav,36510
/data/Dataset/train/train/clip_09935.wav,38972
/data/Dataset/train/train/clip_09936.wav,40574
/data/Dataset/train/train/clip_09937.wav,30430
/data/Dataset/test/test/clip_09938.wav,61929
/data/Dataset/train/train/clip_09939.wav,29363
/data/Dataset/train/train/clip_09940.wav,35059
/data/Dataset/test/test/clip_09941.wav,37371
/data/Dataset/train/train/clip_09942.wav,31036
/data/Dataset/train/train/clip_09943.wav,41982
/data/Dataset/train/train/clip_09944.wav,31984
/data/Dataset/train/train/clip_09945.wav,53921
/data/Dataset/train/train/clip_09946.wav,31498
/data/Dataset/test/test/clip_09947.wav,45379
/data/Dataset/train/train/clip_09948.wav,43243
/data/Dataset/test/test/clip_09949.wav,37904
/data/Dataset/train/train/clip_09950.wav,27922
/data/Dataset/train/train/clip_09951.wav,31210
/data/Dataset/train/train/clip_09952.wav,43346
/data/Dataset/train/train/clip_09953.wav,30430
/data/Dataset/train/train/clip_09954.wav,48048
/data/Dataset/train/train/clip_09955.wav,35083
/data/Dataset/train/train/clip_09956.wav,41642
/data/Dataset/train/train/clip_09957.wav,52319
/data/Dataset/train/train/clip_09958.wav,31498
/data/Dataset/train/train/clip_09959.wav,25092
/data/Dataset/train/train/clip_09960.wav,37371
/data/Dataset/train/train/clip_09961.wav,44845
/data/Dataset/train/train/clip_09962.wav,38771
/data/Dataset/train/train/clip_09963.wav,36137
/data/Dataset/train/train/clip_09964.wav,46446
/data/Dataset/test/test/clip_09965.wav,54454
/data/Dataset/train/train/clip_09966.wav,30951
/data/Dataset/test/test/clip_09967.wav,40574
/data/Dataset/train/train/clip_09968.wav,43243
/data/Dataset/train/train/clip_09969.wav,35235
/data/Dataset/train/train/clip_09970.wav,32508
/data/Dataset/train/train/clip_09971.wav,31906
/data/Dataset/train/train/clip_09972.wav,38972
/data/Dataset/train/train/clip_09973.wav,51251
/data/Dataset/train/train/clip_09974.wav,45912
/data/Dataset/train/train/clip_09975.wav,66199
/data/Dataset/test/test/clip_09976.wav,34701
/data/Dataset/train/train/clip_09977.wav,42175
/data/Dataset/train/train/clip_09978.wav,36624
/data/Dataset/test/test/clip_09979.wav,60861
/data/Dataset/train/train/clip_09980.wav,36303
/data/Dataset/train/train/clip_09981.wav,24001
/data/Dataset/train/train/clip_09982.wav,28396
/data/Dataset/train/train/clip_09983.wav,30430
/data/Dataset/train/train/clip_09984.wav,33100
/data/Dataset/train/train/clip_09985.wav,32106
/data/Dataset/test/test/clip_09986.wav,66733
/data/Dataset/train/train/clip_09987.wav,45379
/data/Dataset/train/train/clip_09988.wav,37905
/data/Dataset/test/test/clip_09989.wav,36409
/data/Dataset/test/test/clip_09990.wav,43777
/data/Dataset/train/train/clip_09991.wav,25092
/data/Dataset/train/train/clip_09992.wav,58725
/data/Dataset/test/test/clip_09993.wav,45379
/data/Dataset/train/train/clip_09994.wav,37427
/data/Dataset/train/train/clip_09995.wav,39001
/data/Dataset/train/train/clip_09996.wav,45379
/data/Dataset/train/train/clip_09997.wav,37371
/data/Dataset/train/train/clip_09998.wav,42175
/data/Dataset/train/train/clip_09999.wav,47514
/data/Dataset/train/train/clip_10000.wav,57124
/data/Dataset/test/test/clip_10001.wav,47514
/data/Dataset/train/train/clip_10002.wav,40574
/data/Dataset/train/train/clip_10003.wav,36303
/data/Dataset/train/train/clip_10004.wav,35688
/data/Dataset/train/train/clip_10005.wav,40040
/data/Dataset/train/train/clip_10006.wav,62463
/data/Dataset/train/train/clip_10007.wav,30316
/data/Dataset/train/train/clip_10008.wav,39506
/data/Dataset/train/train/clip_10009.wav,42709
/data/Dataset/train/train/clip_10010.wav,35395
/data/Dataset/train/train/clip_10011.wav,36303
/data/Dataset/test/test/clip_10012.wav,40574
/data/Dataset/test/test/clip_10013.wav,46980
/data/Dataset/train/train/clip_10014.wav,57124
/data/Dataset/train/train/clip_10015.wav,62462
/data/Dataset/train/train/clip_10016.wav,38438
/data/Dataset/train/train/clip_10017.wav,37371
/data/Dataset/train/train/clip_10018.wav,36523
/data/Dataset/train/train/clip_10019.wav,41108
/data/Dataset/train/train/clip_10020.wav,28348
/data/Dataset/train/train/clip_10021.wav,40040
/data/Dataset/test/test/clip_10022.wav,42175
/data/Dataset/train/train/clip_10023.wav,33226
/data/Dataset/train/train/clip_10024.wav,29324
/data/Dataset/train/train/clip_10025.wav,43875
/data/Dataset/train/train/clip_10026.wav,33100
/data/Dataset/test/test/clip_10027.wav,50717
/data/Dataset/test/test/clip_10028.wav,56590
/data/Dataset/train/train/clip_10029.wav,35235
/data/Dataset/train/train/clip_10030.wav,38438
/data/Dataset/train/train/clip_10031.wav,46018
/data/Dataset/test/test/clip_10032.wav,42709
/data/Dataset/train/train/clip_10033.wav,37371
/data/Dataset/train/train/clip_10034.wav,42175
/data/Dataset/test/test/clip_10035.wav,37904
/data/Dataset/test/test/clip_10036.wav,49116
/data/Dataset/train/train/clip_10037.wav,38438
/data/Dataset/train/train/clip_10038.wav,76343
/data/Dataset/test/test/clip_10039.wav,38438
/data/Dataset/train/train/clip_10040.wav,34167
/data/Dataset/train/train/clip_10041.wav,38972
/data/Dataset/train/train/clip_10042.wav,50717
/data/Dataset/train/train/clip_10043.wav,43404
/data/Dataset/train/train/clip_10044.wav,27761
/data/Dataset/train/train/clip_10045.wav,26544
/data/Dataset/train/train/clip_10046.wav,56056
/data/Dataset/train/train/clip_10047.wav,32433
/data/Dataset/train/train/clip_10048.wav,56056
/data/Dataset/train/train/clip_10049.wav,34391
/data/Dataset/train/train/clip_10050.wav,33102
/data/Dataset/train/train/clip_10051.wav,45913
/data/Dataset/train/train/clip_10052.wav,42152
/data/Dataset/train/train/clip_10053.wav,43243
/data/Dataset/train/train/clip_10054.wav,23328
/data/Dataset/train/train/clip_10055.wav,36303
/data/Dataset/train/train/clip_10056.wav,55522
/data/Dataset/train/train/clip_10057.wav,35769
/data/Dataset/train/train/clip_10058.wav,53921
/data/Dataset/train/train/clip_10059.wav,41108
/data/Dataset/test/test/clip_10060.wav,65132
/data/Dataset/train/train/clip_10061.wav,41642
/data/Dataset/train/train/clip_10062.wav,37691
/data/Dataset/train/train/clip_10063.wav,46980
/data/Dataset/train/train/clip_10064.wav,25092
/data/Dataset/train/train/clip_10065.wav,58725
/data/Dataset/train/train/clip_10066.wav,33308
/data/Dataset/train/train/clip_10067.wav,40040
/data/Dataset/train/train/clip_10068.wav,34701
/data/Dataset/train/train/clip_10069.wav,46980
/data/Dataset/test/test/clip_10070.wav,46446
/data/Dataset/train/train/clip_10071.wav,34701
/data/Dataset/train/train/clip_10072.wav,38972
/data/Dataset/train/train/clip_10073.wav,37371
/data/Dataset/train/train/clip_10074.wav,37025
/data/Dataset/train/train/clip_10075.wav,42175
/data/Dataset/train/train/clip_10076.wav,35235
/data/Dataset/train/train/clip_10077.wav,44311
/data/Dataset/test/test/clip_10078.wav,37904
/data/Dataset/train/train/clip_10079.wav,58725
/data/Dataset/train/train/clip_10080.wav,47514
/data/Dataset/train/train/clip_10081.wav,31237
/data/Dataset/train/train/clip_10082.wav,59793
/data/Dataset/train/train/clip_10083.wav,31961
/data/Dataset/train/train/clip_10084.wav,60861
/data/Dataset/train/train/clip_10085.wav,31746
/data/Dataset/train/train/clip_10086.wav,60861
/data/Dataset/test/test/clip_10087.wav,34701
/data/Dataset/train/train/clip_10088.wav,56056
/data/Dataset/train/train/clip_10089.wav,26617
/data/Dataset/train/train/clip_10090.wav,33580
/data/Dataset/train/train/clip_10091.wav,33779
/data/Dataset/train/train/clip_10092.wav,37318
/data/Dataset/test/test/clip_10093.wav,41642
/data/Dataset/train/train/clip_10094.wav,38972
/data/Dataset/train/train/clip_10095.wav,33634
/data/Dataset/train/train/clip_10096.wav,27746
/data/Dataset/train/train/clip_10097.wav,37904
/data/Dataset/train/train/clip_10098.wav,32032
/data/Dataset/train/train/clip_10099.wav,34167
/data/Dataset/train/train/clip_10100.wav,43777
/data/Dataset/test/test/clip_10101.wav,43777
/data/Dataset/test/test/clip_10102.wav,45912
/data/Dataset/train/train/clip_10103.wav,58725
/data/Dataset/test/test/clip_10104.wav,45913
/data/Dataset/train/train/clip_10105.wav,54454
/data/Dataset/train/train/clip_10106.wav,44311
/data/Dataset/train/train/clip_10107.wav,31498
/data/Dataset/test/test/clip_10108.wav,38438
/data/Dataset/train/train/clip_10109.wav,28295
/data/Dataset/test/test/clip_10110.wav,38972
/data/Dataset/train/train/clip_10111.wav,34235
/data/Dataset/train/train/clip_10112.wav,39506
/data/Dataset/train/train/clip_10113.wav,40574
/data/Dataset/train/train/clip_10114.wav,40009
/data/Dataset/train/train/clip_10115.wav,43777
/data/Dataset/train/train/clip_10116.wav,33853
/data/Dataset/train/train/clip_10117.wav,33100
/data/Dataset/train/train/clip_10118.wav,29363
/data/Dataset/train/train/clip_10119.wav,40574
/data/Dataset/train/train/clip_10120.wav,35110
/data/Dataset/train/train/clip_10121.wav,38972
/data/Dataset/train/train/clip_10122.wav,36208
/data/Dataset/train/train/clip_10123.wav,38444
/data/Dataset/test/test/clip_10124.wav,46446
/data/Dataset/test/test/clip_10125.wav,32032
/data/Dataset/train/train/clip_10126.wav,28829
/data/Dataset/train/train/clip_10127.wav,33634
/data/Dataset/test/test/clip_10128.wav,45379
/data/Dataset/train/train/clip_10129.wav,34701
/data/Dataset/train/train/clip_10130.wav,49116
/data/Dataset/train/train/clip_10131.wav,26156
/data/Dataset/train/train/clip_10132.wav,36837
/data/Dataset/test/test/clip_10133.wav,56590
/data/Dataset/train/train/clip_10134.wav,56056
/data/Dataset/train/train/clip_10135.wav,49116
/data/Dataset/train/train/clip_10136.wav,32134
/data/Dataset/test/test/clip_10137.wav,40574
/data/Dataset/train/train/clip_10138.wav,43777
/data/Dataset/train/train/clip_10139.wav,44013
/data/Dataset/train/train/clip_10140.wav,44311
/data/Dataset/train/train/clip_10141.wav,53921
/data/Dataset/train/train/clip_10142.wav,23695
/data/Dataset/train/train/clip_10143.wav,26422
/data/Dataset/test/test/clip_10144.wav,40574
/data/Dataset/train/train/clip_10145.wav,24770
/data/Dataset/test/test/clip_10146.wav,67267
/data/Dataset/train/train/clip_10147.wav,35083
/data/Dataset/train/train/clip_10148.wav,38438
/data/Dataset/train/train/clip_10149.wav,31230
/data/Dataset/train/train/clip_10150.wav,30964
/data/Dataset/train/train/clip_10151.wav,62462
/data/Dataset/test/test/clip_10152.wav,62996
/data/Dataset/test/test/clip_10153.wav,51785
/data/Dataset/train/train/clip_10154.wav,35235
/data/Dataset/train/train/clip_10155.wav,25555
/data/Dataset/train/train/clip_10156.wav,36837
/data/Dataset/train/train/clip_10157.wav,32032
/data/Dataset/test/test/clip_10158.wav,50183
/data/Dataset/train/train/clip_10159.wav,52853
/data/Dataset/train/train/clip_10160.wav,41108
/data/Dataset/train/train/clip_10161.wav,26693
/data/Dataset/train/train/clip_10162.wav,31498
/data/Dataset/train/train/clip_10163.wav,37904
/data/Dataset/train/train/clip_10164.wav,45913
/data/Dataset/train/train/clip_10165.wav,41642
/data/Dataset/train/train/clip_10166.wav,43777
/data/Dataset/train/train/clip_10167.wav,38837
/data/Dataset/train/train/clip_10168.wav,43777
/data/Dataset/train/train/clip_10169.wav,64064
/data/Dataset/train/train/clip_10170.wav,42272
/data/Dataset/train/train/clip_10171.wav,45379
/data/Dataset/train/train/clip_10172.wav,37371
/data/Dataset/train/train/clip_10173.wav,44845
/data/Dataset/train/train/clip_10174.wav,46980
/data/Dataset/train/train/clip_10175.wav,39506
/data/Dataset/train/train/clip_10176.wav,48048
/data/Dataset/test/test/clip_10177.wav,38229
/data/Dataset/train/train/clip_10178.wav,34701
/data/Dataset/train/train/clip_10179.wav,47514
/data/Dataset/train/train/clip_10180.wav,42709
/data/Dataset/train/train/clip_10181.wav,31498
/data/Dataset/train/train/clip_10182.wav,57658
/data/Dataset/train/train/clip_10183.wav,56056
/data/Dataset/test/test/clip_10184.wav,48048
/data/Dataset/train/train/clip_10185.wav,50717
/data/Dataset/test/test/clip_10186.wav,38972
/data/Dataset/train/train/clip_10187.wav,32032
/data/Dataset/test/test/clip_10188.wav,41642
/data/Dataset/test/test/clip_10189.wav,47514
/data/Dataset/train/train/clip_10190.wav,20933
/data/Dataset/train/train/clip_10191.wav,38438
/data/Dataset/train/train/clip_10192.wav,35235
/data/Dataset/test/test/clip_10193.wav,59793
/data/Dataset/train/train/clip_10194.wav,30716
/data/Dataset/train/train/clip_10195.wav,57658
/data/Dataset/train/train/clip_10196.wav,33100
/data/Dataset/train/train/clip_10197.wav,28948
/data/Dataset/train/train/clip_10198.wav,42709
/data/Dataset/test/test/clip_10199.wav,49650
/data/Dataset/train/train/clip_10200.wav,50183
/data/Dataset/train/train/clip_10201.wav,48048
/data/Dataset/train/train/clip_10202.wav,39688
/data/Dataset/train/train/clip_10203.wav,24558
/data/Dataset/test/test/clip_10204.wav,56590
/data/Dataset/test/test/clip_10205.wav,41108
/data/Dataset/train/train/clip_10206.wav,35235
/data/Dataset/train/train/clip_10207.wav,40574
/data/Dataset/train/train/clip_10208.wav,42709
/data/Dataset/train/train/clip_10209.wav,25618
/data/Dataset/train/train/clip_10210.wav,54988
/data/Dataset/train/train/clip_10211.wav,34167
/data/Dataset/train/train/clip_10212.wav,30098
/data/Dataset/train/train/clip_10213.wav,41642
/data/Dataset/train/train/clip_10214.wav,28295
/data/Dataset/train/train/clip_10215.wav,40040
/data/Dataset/train/train/clip_10216.wav,37023
/data/Dataset/train/train/clip_10217.wav,34167
/data/Dataset/train/train/clip_10218.wav,44311
/data/Dataset/train/train/clip_10219.wav,24580
/data/Dataset/train/train/clip_10220.wav,37371
/data/Dataset/train/train/clip_10221.wav,40574
/data/Dataset/test/test/clip_10222.wav,47514
/data/Dataset/train/train/clip_10223.wav,40574
/data/Dataset/train/train/clip_10224.wav,32079
/data/Dataset/train/train/clip_10225.wav,60861
/data/Dataset/train/train/clip_10226.wav,36045
/data/Dataset/train/train/clip_10227.wav,35282
/data/Dataset/train/train/clip_10228.wav,55522
/data/Dataset/train/train/clip_10229.wav,57658
/data/Dataset/train/train/clip_10230.wav,49116
/data/Dataset/train/train/clip_10231.wav,30430
/data/Dataset/train/train/clip_10232.wav,43243
/data/Dataset/train/train/clip_10233.wav,42175
/data/Dataset/test/test/clip_10234.wav,32032
/data/Dataset/train/train/clip_10235.wav,37371
/data/Dataset/train/train/clip_10236.wav,39687
/data/Dataset/train/train/clip_10237.wav,34167
/data/Dataset/test/test/clip_10238.wav,51785
/data/Dataset/train/train/clip_10239.wav,42315
/data/Dataset/train/train/clip_10240.wav,35235
/data/Dataset/train/train/clip_10241.wav,39506
/data/Dataset/train/train/clip_10242.wav,44311
/data/Dataset/test/test/clip_10243.wav,40040
/data/Dataset/train/train/clip_10244.wav,38972
/data/Dataset/train/train/clip_10245.wav,39705
/data/Dataset/train/train/clip_10246.wav,33674
/data/Dataset/test/test/clip_10247.wav,43777
/data/Dataset/train/train/clip_10248.wav,56056
/data/Dataset/train/train/clip_10249.wav,32566
/data/Dataset/train/train/clip_10250.wav,40574
/data/Dataset/train/train/clip_10251.wav,43243
/data/Dataset/test/test/clip_10252.wav,48582
/data/Dataset/train/train/clip_10253.wav,44311
/data/Dataset/test/test/clip_10254.wav,32566
/data/Dataset/test/test/clip_10255.wav,29896
/data/Dataset/train/train/clip_10256.wav,36596
/data/Dataset/train/train/clip_10257.wav,33435
/data/Dataset/train/train/clip_10258.wav,25317
/data/Dataset/train/train/clip_10259.wav,54988
/data/Dataset/train/train/clip_10260.wav,30362
/data/Dataset/test/test/clip_10261.wav,48048
/data/Dataset/train/train/clip_10262.wav,36303
/data/Dataset/train/train/clip_10263.wav,30964
/data/Dataset/train/train/clip_10264.wav,53920
/data/Dataset/train/train/clip_10265.wav,24024
/data/Dataset/train/train/clip_10266.wav,26464
/data/Dataset/train/train/clip_10267.wav,46446
/data/Dataset/train/train/clip_10268.wav,32579
/data/Dataset/train/train/clip_10269.wav,32566
/data/Dataset/train/train/clip_10270.wav,52319
/data/Dataset/train/train/clip_10271.wav,35235
/data/Dataset/train/train/clip_10272.wav,33100
/data/Dataset/train/train/clip_10273.wav,41108
/data/Dataset/train/train/clip_10274.wav,36303
/data/Dataset/train/train/clip_10275.wav,36303
/data/Dataset/test/test/clip_10276.wav,48048
/data/Dataset/train/train/clip_10277.wav,39444
/data/Dataset/test/test/clip_10278.wav,68335
/data/Dataset/train/train/clip_10279.wav,36837
/data/Dataset/train/train/clip_10280.wav,27227
/data/Dataset/train/train/clip_10281.wav,59259
/data/Dataset/train/train/clip_10282.wav,38972
/data/Dataset/test/test/clip_10283.wav,37904
/data/Dataset/train/train/clip_10284.wav,38850
/data/Dataset/train/train/clip_10285.wav,34282
/data/Dataset/train/train/clip_10286.wav,36166
/data/Dataset/train/train/clip_10287.wav,45912
/data/Dataset/train/train/clip_10288.wav,33281
/data/Dataset/train/train/clip_10289.wav,26693
/data/Dataset/train/train/clip_10290.wav,38972
/data/Dataset/test/test/clip_10291.wav,69937
/data/Dataset/train/train/clip_10292.wav,55522
/data/Dataset/train/train/clip_10293.wav,42709
/data/Dataset/train/train/clip_10294.wav,41108
/data/Dataset/train/train/clip_10295.wav,41476
/data/Dataset/train/train/clip_10296.wav,37951
/data/Dataset/train/train/clip_10297.wav,54454
/data/Dataset/train/train/clip_10298.wav,38438
/data/Dataset/train/train/clip_10299.wav,38438
/data/Dataset/train/train/clip_10300.wav,35173
/data/Dataset/train/train/clip_10301.wav,27227
/data/Dataset/test/test/clip_10302.wav,42709
/data/Dataset/train/train/clip_10303.wav,46980
/data/Dataset/train/train/clip_10304.wav,40040
/data/Dataset/train/train/clip_10305.wav,34167
/data/Dataset/train/train/clip_10306.wav,34701
/data/Dataset/train/train/clip_10307.wav,51251
/data/Dataset/train/train/clip_10308.wav,42169
/data/Dataset/train/train/clip_10309.wav,63530
/data/Dataset/test/test/clip_10310.wav,52853
/data/Dataset/train/train/clip_10311.wav,40040
/data/Dataset/train/train/clip_10312.wav,47514
/data/Dataset/train/train/clip_10313.wav,32566
/data/Dataset/train/train/clip_10314.wav,46446
/data/Dataset/train/train/clip_10315.wav,36303
/data/Dataset/train/train/clip_10316.wav,66199
/data/Dataset/train/train/clip_10317.wav,46980
/data/Dataset/train/train/clip_10318.wav,24113
/data/Dataset/train/train/clip_10319.wav,33100
/data/Dataset/train/train/clip_10320.wav,46446
/data/Dataset/train/train/clip_10321.wav,38630
/data/Dataset/test/test/clip_10322.wav,40040
/data/Dataset/train/train/clip_10323.wav,42175
/data/Dataset/train/train/clip_10324.wav,41642
/data/Dataset/train/train/clip_10325.wav,40040
/data/Dataset/train/train/clip_10326.wav,37371
/data/Dataset/train/train/clip_10327.wav,33100
/data/Dataset/train/train/clip_10328.wav,41108
/data/Dataset/train/train/clip_10329.wav,35235
/data/Dataset/train/train/clip_10330.wav,33100
/data/Dataset/train/train/clip_10331.wav,37905
/data/Dataset/train/train/clip_10332.wav,35074
/data/Dataset/train/train/clip_10333.wav,40040
/data/Dataset/train/train/clip_10334.wav,34167
/data/Dataset/train/train/clip_10335.wav,38972
/data/Dataset/train/train/clip_10336.wav,22854
/data/Dataset/train/train/clip_10337.wav,35542
/data/Dataset/train/train/clip_10338.wav,42709
/data/Dataset/test/test/clip_10339.wav,36303
/data/Dataset/train/train/clip_10340.wav,70470
/data/Dataset/train/train/clip_10341.wav,44311
/data/Dataset/train/train/clip_10342.wav,54455
/data/Dataset/train/train/clip_10343.wav,41642
/data/Dataset/train/train/clip_10344.wav,42175
/data/Dataset/test/test/clip_10345.wav,59793
/data/Dataset/train/train/clip_10346.wav,30430
/data/Dataset/train/train/clip_10347.wav,55522
/data/Dataset/train/train/clip_10348.wav,36303
/data/Dataset/test/test/clip_10349.wav,37371
/data/Dataset/train/train/clip_10350.wav,55522
/data/Dataset/train/train/clip_10351.wav,40040
/data/Dataset/train/train/clip_10352.wav,61395
/data/Dataset/train/train/clip_10353.wav,41642
/data/Dataset/train/train/clip_10354.wav,36303
/data/Dataset/train/train/clip_10355.wav,68335
/data/Dataset/train/train/clip_10356.wav,44845
/data/Dataset/train/train/clip_10357.wav,48048
/data/Dataset/train/train/clip_10358.wav,32191
/data/Dataset/train/train/clip_10359.wav,47514
/data/Dataset/train/train/clip_10360.wav,29897
/data/Dataset/train/train/clip_10361.wav,32032
/data/Dataset/train/train/clip_10362.wav,28931
/data/Dataset/train/train/clip_10363.wav,40040
/data/Dataset/train/train/clip_10364.wav,31606
/data/Dataset/train/train/clip_10365.wav,57658
/data/Dataset/train/train/clip_10366.wav,38096
/data/Dataset/train/train/clip_10367.wav,50183
/data/Dataset/train/train/clip_10368.wav,39786
/data/Dataset/train/train/clip_10369.wav,27051
/data/Dataset/train/train/clip_10370.wav,46980
/data/Dataset/train/train/clip_10371.wav,32583
/data/Dataset/test/test/clip_10372.wav,52319
/data/Dataset/train/train/clip_10373.wav,37904
/data/Dataset/train/train/clip_10374.wav,40040
/data/Dataset/train/train/clip_10375.wav,43243
/data/Dataset/train/train/clip_10376.wav,55522
/data/Dataset/test/test/clip_10377.wav,38438
/data/Dataset/train/train/clip_10378.wav,56056
/data/Dataset/train/train/clip_10379.wav,64598
/data/Dataset/train/train/clip_10380.wav,40022
/data/Dataset/train/train/clip_10381.wav,42709
/data/Dataset/train/train/clip_10382.wav,21355
/data/Dataset/train/train/clip_10383.wav,61928
/data/Dataset/train/train/clip_10384.wav,34167
/data/Dataset/train/train/clip_10385.wav,61928
/data/Dataset/test/test/clip_10386.wav,41108
/data/Dataset/train/train/clip_10387.wav,42709
/data/Dataset/train/train/clip_10388.wav,24600
/data/Dataset/train/train/clip_10389.wav,50717
/data/Dataset/test/test/clip_10390.wav,40040
/data/Dataset/train/train/clip_10391.wav,34038
/data/Dataset/train/train/clip_10392.wav,46446
/data/Dataset/train/train/clip_10393.wav,44311
/data/Dataset/train/train/clip_10394.wav,33634
/data/Dataset/train/train/clip_10395.wav,34167
/data/Dataset/test/test/clip_10396.wav,55522
/data/Dataset/train/train/clip_10397.wav,36837
/data/Dataset/train/train/clip_10398.wav,32300
/data/Dataset/train/train/clip_10399.wav,48582
/data/Dataset/train/train/clip_10400.wav,45912
/data/Dataset/train/train/clip_10401.wav,37371
/data/Dataset/train/train/clip_10402.wav,33634
/data/Dataset/train/train/clip_10403.wav,46980
/data/Dataset/train/train/clip_10404.wav,61395
/data/Dataset/train/train/clip_10405.wav,43777
/data/Dataset/train/train/clip_10406.wav,57657
/data/Dataset/train/train/clip_10407.wav,33066
/data/Dataset/train/train/clip_10408.wav,41642
/data/Dataset/train/train/clip_10409.wav,43243
/data/Dataset/test/test/clip_10410.wav,53920
/data/Dataset/train/train/clip_10411.wav,32032
/data/Dataset/train/train/clip_10412.wav,24558
/data/Dataset/test/test/clip_10413.wav,33634
/data/Dataset/train/train/clip_10414.wav,21355
/data/Dataset/train/train/clip_10415.wav,42709
/data/Dataset/train/train/clip_10416.wav,44845
/data/Dataset/test/test/clip_10417.wav,55522
/data/Dataset/train/train/clip_10418.wav,48048
/data/Dataset/test/test/clip_10419.wav,40574
/data/Dataset/train/train/clip_10420.wav,62996
/data/Dataset/train/train/clip_10421.wav,45379
/data/Dataset/train/train/clip_10422.wav,38972
/data/Dataset/train/train/clip_10423.wav,26441
/data/Dataset/train/train/clip_10424.wav,40040
/data/Dataset/train/train/clip_10425.wav,40040
/data/Dataset/train/train/clip_10426.wav,23788
/data/Dataset/train/train/clip_10427.wav,38438
/data/Dataset/train/train/clip_10428.wav,28829
/data/Dataset/train/train/clip_10429.wav,43224
/data/Dataset/train/train/clip_10430.wav,48048
/data/Dataset/test/test/clip_10431.wav,41642
/data/Dataset/test/test/clip_10432.wav,30964
/data/Dataset/train/train/clip_10433.wav,37371
/data/Dataset/train/train/clip_10434.wav,38972
/data/Dataset/test/test/clip_10435.wav,47514
/data/Dataset/test/test/clip_10436.wav,30964
/data/Dataset/train/train/clip_10437.wav,31599
/data/Dataset/train/train/clip_10438.wav,46446
/data/Dataset/train/train/clip_10439.wav,33634
/data/Dataset/train/train/clip_10440.wav,35769
/data/Dataset/train/train/clip_10441.wav,40040
/data/Dataset/train/train/clip_10442.wav,45379
/data/Dataset/train/train/clip_10443.wav,35235
/data/Dataset/train/train/clip_10444.wav,39506
/data/Dataset/train/train/clip_10445.wav,32011
/data/Dataset/train/train/clip_10446.wav,30964
/data/Dataset/train/train/clip_10447.wav,66733
/data/Dataset/train/train/clip_10448.wav,37700
/data/Dataset/train/train/clip_10449.wav,43777
/data/Dataset/train/train/clip_10450.wav,48048
/data/Dataset/train/train/clip_10451.wav,36895
/data/Dataset/train/train/clip_10452.wav,56056
/data/Dataset/train/train/clip_10453.wav,48048
/data/Dataset/train/train/clip_10454.wav,36127
/data/Dataset/test/test/clip_10455.wav,52853
/data/Dataset/train/train/clip_10456.wav,45379
/data/Dataset/train/train/clip_10457.wav,46980
/data/Dataset/train/train/clip_10458.wav,34612
/data/Dataset/train/train/clip_10459.wav,35054
/data/Dataset/train/train/clip_10460.wav,56590
/data/Dataset/test/test/clip_10461.wav,38438
/data/Dataset/train/train/clip_10462.wav,40040
/data/Dataset/train/train/clip_10463.wav,35655
/data/Dataset/train/train/clip_10464.wav,34227
/data/Dataset/test/test/clip_10465.wav,37905
/data/Dataset/train/train/clip_10466.wav,33634
/data/Dataset/train/train/clip_10467.wav,28758
/data/Dataset/train/train/clip_10468.wav,58725
/data/Dataset/train/train/clip_10469.wav,36780
/data/Dataset/train/train/clip_10470.wav,38972
/data/Dataset/train/train/clip_10471.wav,33100
/data/Dataset/train/train/clip_10472.wav,53920
/data/Dataset/test/test/clip_10473.wav,49650
/data/Dataset/train/train/clip_10474.wav,31620
/data/Dataset/train/train/clip_10475.wav,36303
/data/Dataset/train/train/clip_10476.wav,36227
/data/Dataset/train/train/clip_10477.wav,59259
/data/Dataset/train/train/clip_10478.wav,46446
/data/Dataset/train/train/clip_10479.wav,49650
/data/Dataset/train/train/clip_10480.wav,60327
/data/Dataset/train/train/clip_10481.wav,57124
/data/Dataset/test/test/clip_10482.wav,59793
/data/Dataset/train/train/clip_10483.wav,33634
/data/Dataset/train/train/clip_10484.wav,39398
/data/Dataset/train/train/clip_10485.wav,30964
/data/Dataset/train/train/clip_10486.wav,41108
/data/Dataset/train/train/clip_10487.wav,35282
/data/Dataset/train/train/clip_10488.wav,43777
/data/Dataset/test/test/clip_10489.wav,44845
/data/Dataset/train/train/clip_10490.wav,26159
/data/Dataset/train/train/clip_10491.wav,31498
/data/Dataset/test/test/clip_10492.wav,49650
/data/Dataset/train/train/clip_10493.wav,39506
/data/Dataset/train/train/clip_10494.wav,43777
/data/Dataset/train/train/clip_10495.wav,39275
/data/Dataset/train/train/clip_10496.wav,43777
/data/Dataset/train/train/clip_10497.wav,52853
/data/Dataset/train/train/clip_10498.wav,47514
/data/Dataset/test/test/clip_10499.wav,46980
/data/Dataset/train/train/clip_10500.wav,45691
/data/Dataset/test/test/clip_10501.wav,38438
/data/Dataset/train/train/clip_10502.wav,38305
/data/Dataset/train/train/clip_10503.wav,55522
/data/Dataset/train/train/clip_10504.wav,37905
/data/Dataset/train/train/clip_10505.wav,48582
/data/Dataset/train/train/clip_10506.wav,61928
/data/Dataset/train/train/clip_10507.wav,41108
/data/Dataset/train/train/clip_10508.wav,49116
/data/Dataset/train/train/clip_10509.wav,59259
/data/Dataset/train/train/clip_10510.wav,42175
/data/Dataset/train/train/clip_10511.wav,29205
/data/Dataset/train/train/clip_10512.wav,38438
/data/Dataset/train/train/clip_10513.wav,30964
/data/Dataset/test/test/clip_10514.wav,40040
/data/Dataset/train/train/clip_10515.wav,35235
/data/Dataset/train/train/clip_10516.wav,30430
/data/Dataset/test/test/clip_10517.wav,35769
/data/Dataset/test/test/clip_10518.wav,42175
/data/Dataset/train/train/clip_10519.wav,33634
/data/Dataset/train/train/clip_10520.wav,27321
/data/Dataset/train/train/clip_10521.wav,36408
/data/Dataset/train/train/clip_10522.wav,37904
/data/Dataset/train/train/clip_10523.wav,50717
/data/Dataset/train/train/clip_10524.wav,50717
/data/Dataset/train/train/clip_10525.wav,39500
/data/Dataset/train/train/clip_10526.wav,45912
/data/Dataset/train/train/clip_10527.wav,33914
/data/Dataset/train/train/clip_10528.wav,25279
/data/Dataset/train/train/clip_10529.wav,32175
/data/Dataset/train/train/clip_10530.wav,57124
/data/Dataset/train/train/clip_10531.wav,53499
/data/Dataset/train/train/clip_10532.wav,33634
/data/Dataset/train/train/clip_10533.wav,52853
/data/Dataset/train/train/clip_10534.wav,33634
/data/Dataset/train/train/clip_10535.wav,37371
/data/Dataset/train/train/clip_10536.wav,45379
/data/Dataset/train/train/clip_10537.wav,66199
/data/Dataset/train/train/clip_10538.wav,32059
/data/Dataset/train/train/clip_10539.wav,33047
/data/Dataset/train/train/clip_10540.wav,41108
/data/Dataset/test/test/clip_10541.wav,46446
/data/Dataset/train/train/clip_10542.wav,33762
/data/Dataset/test/test/clip_10543.wav,32032
/data/Dataset/train/train/clip_10544.wav,30964
/data/Dataset/train/train/clip_10545.wav,36837
/data/Dataset/train/train/clip_10546.wav,35304
/data/Dataset/train/train/clip_10547.wav,41818
/data/Dataset/train/train/clip_10548.wav,33921
/data/Dataset/train/train/clip_10549.wav,35235
/data/Dataset/train/train/clip_10550.wav,51785
/data/Dataset/train/train/clip_10551.wav,29525
/data/Dataset/test/test/clip_10552.wav,52319
/data/Dataset/train/train/clip_10553.wav,24086
/data/Dataset/train/train/clip_10554.wav,52319
/data/Dataset/train/train/clip_10555.wav,25024
/data/Dataset/train/train/clip_10556.wav,32566
/data/Dataset/train/train/clip_10557.wav,48582
/data/Dataset/test/test/clip_10558.wav,58191
/data/Dataset/train/train/clip_10559.wav,39506
/data/Dataset/train/train/clip_10560.wav,24329
/data/Dataset/train/train/clip_10561.wav,48048
/data/Dataset/train/train/clip_10562.wav,30512
/data/Dataset/train/train/clip_10563.wav,36409
/data/Dataset/test/test/clip_10564.wav,35235
/data/Dataset/test/test/clip_10565.wav,40040
/data/Dataset/train/train/clip_10566.wav,35235
/data/Dataset/train/train/clip_10567.wav,54988
/data/Dataset/train/train/clip_10568.wav,39506
/data/Dataset/train/train/clip_10569.wav,54988
/data/Dataset/train/train/clip_10570.wav,62996
/data/Dataset/train/train/clip_10571.wav,39506
/data/Dataset/train/train/clip_10572.wav,38820
/data/Dataset/test/test/clip_10573.wav,37904
/data/Dataset/train/train/clip_10574.wav,57124
/data/Dataset/train/train/clip_10575.wav,62996
/data/Dataset/train/train/clip_10576.wav,32566
/data/Dataset/train/train/clip_10577.wav,41642
/data/Dataset/test/test/clip_10578.wav,32566
/data/Dataset/train/train/clip_10579.wav,38972
/data/Dataset/train/train/clip_10580.wav,33634
/data/Dataset/test/test/clip_10581.wav,48582
/data/Dataset/train/train/clip_10582.wav,33634
/data/Dataset/train/train/clip_10583.wav,43371
/data/Dataset/train/train/clip_10584.wav,41642
/data/Dataset/train/train/clip_10585.wav,30430
/data/Dataset/train/train/clip_10586.wav,42468
/data/Dataset/train/train/clip_10587.wav,27040
/data/Dataset/test/test/clip_10588.wav,34167
/data/Dataset/train/train/clip_10589.wav,49650
/data/Dataset/test/test/clip_10590.wav,37905
/data/Dataset/train/train/clip_10591.wav,35235
/data/Dataset/train/train/clip_10592.wav,48048
/data/Dataset/test/test/clip_10593.wav,38972
/data/Dataset/test/test/clip_10594.wav,38972
/data/Dataset/train/train/clip_10595.wav,43243
/data/Dataset/train/train/clip_10596.wav,66200
/data/Dataset/train/train/clip_10597.wav,31498
/data/Dataset/test/test/clip_10598.wav,34701
/data/Dataset/train/train/clip_10599.wav,40881
/data/Dataset/test/test/clip_10600.wav,33100
/data/Dataset/test/test/clip_10601.wav,38972
/data/Dataset/train/train/clip_10602.wav,45912
/data/Dataset/train/train/clip_10603.wav,31211
/data/Dataset/train/train/clip_10604.wav,25244
/data/Dataset/train/train/clip_10605.wav,27614
/data/Dataset/train/train/clip_10606.wav,30837
/data/Dataset/train/train/clip_10607.wav,45379
/data/Dataset/train/train/clip_10608.wav,58192
/data/Dataset/test/test/clip_10609.wav,41642
/data/Dataset/train/train/clip_10610.wav,48048
/data/Dataset/train/train/clip_10611.wav,52853
/data/Dataset/train/train/clip_10612.wav,46980
/data/Dataset/train/train/clip_10613.wav,41108
/data/Dataset/train/train/clip_10614.wav,58725
/data/Dataset/train/train/clip_10615.wav,37955
/data/Dataset/train/train/clip_10616.wav,62462
/data/Dataset/train/train/clip_10617.wav,48582
/data/Dataset/train/train/clip_10618.wav,54988
/data/Dataset/train/train/clip_10619.wav,41472
/data/Dataset/train/train/clip_10620.wav,50717
/data/Dataset/train/train/clip_10621.wav,42709
/data/Dataset/test/test/clip_10622.wav,48582
/data/Dataset/train/train/clip_10623.wav,25523
/data/Dataset/test/test/clip_10624.wav,40574
/data/Dataset/train/train/clip_10625.wav,31495
/data/Dataset/train/train/clip_10626.wav,29363
/data/Dataset/train/train/clip_10627.wav,56590
/data/Dataset/train/train/clip_10628.wav,38438
/data/Dataset/train/train/clip_10629.wav,38438
/data/Dataset/train/train/clip_10630.wav,32032
/data/Dataset/train/train/clip_10631.wav,36679
/data/Dataset/train/train/clip_10632.wav,30964
/data/Dataset/train/train/clip_10633.wav,61929
/data/Dataset/train/train/clip_10634.wav,28829
/data/Dataset/train/train/clip_10635.wav,34171
/data/Dataset/test/test/clip_10636.wav,60327
/data/Dataset/train/train/clip_10637.wav,49650
/data/Dataset/test/test/clip_10638.wav,40040
/data/Dataset/train/train/clip_10639.wav,30430
/data/Dataset/test/test/clip_10640.wav,43243
/data/Dataset/train/train/clip_10641.wav,35962
/data/Dataset/test/test/clip_10642.wav,32566
/data/Dataset/train/train/clip_10643.wav,25394
/data/Dataset/train/train/clip_10644.wav,36303
/data/Dataset/train/train/clip_10645.wav,65132
/data/Dataset/train/train/clip_10646.wav,41108
/data/Dataset/train/train/clip_10647.wav,26693
/data/Dataset/train/train/clip_10648.wav,62462
/data/Dataset/test/test/clip_10649.wav,32032
/data/Dataset/train/train/clip_10650.wav,42570
/data/Dataset/train/train/clip_10651.wav,40260
/data/Dataset/train/train/clip_10652.wav,32531
/data/Dataset/train/train/clip_10653.wav,41642
/data/Dataset/train/train/clip_10654.wav,29944
/data/Dataset/train/train/clip_10655.wav,51251
/data/Dataset/test/test/clip_10656.wav,40040
/data/Dataset/train/train/clip_10657.wav,31498
/data/Dataset/train/train/clip_10658.wav,41108
/data/Dataset/test/test/clip_10659.wav,36409
/data/Dataset/train/train/clip_10660.wav,41642
/data/Dataset/train/train/clip_10661.wav,55522
/data/Dataset/train/train/clip_10662.wav,35235
/data/Dataset/train/train/clip_10663.wav,55522
/data/Dataset/train/train/clip_10664.wav,48048
/data/Dataset/test/test/clip_10665.wav,58191
/data/Dataset/train/train/clip_10666.wav,38438
/data/Dataset/train/train/clip_10667.wav,46980
/data/Dataset/train/train/clip_10668.wav,37371
/data/Dataset/train/train/clip_10669.wav,44311
/data/Dataset/train/train/clip_10670.wav,33100
/data/Dataset/train/train/clip_10671.wav,29363
/data/Dataset/test/test/clip_10672.wav,55522
/data/Dataset/test/test/clip_10673.wav,52319
/data/Dataset/train/train/clip_10674.wav,39352
/data/Dataset/train/train/clip_10675.wav,34167
/data/Dataset/train/train/clip_10676.wav,29897
/data/Dataset/train/train/clip_10677.wav,30430
/data/Dataset/train/train/clip_10678.wav,51785
/data/Dataset/test/test/clip_10679.wav,50717
/data/Dataset/train/train/clip_10680.wav,38972
/data/Dataset/train/train/clip_10681.wav,38438
/data/Dataset/train/train/clip_10682.wav,36472
/data/Dataset/train/train/clip_10683.wav,42709
/data/Dataset/train/train/clip_10684.wav,35235
/data/Dataset/train/train/clip_10685.wav,60861
/data/Dataset/train/train/clip_10686.wav,33100
/data/Dataset/train/train/clip_10687.wav,36017
/data/Dataset/train/train/clip_10688.wav,58725
/data/Dataset/train/train/clip_10689.wav,40574
/data/Dataset/test/test/clip_10690.wav,50183
/data/Dataset/train/train/clip_10691.wav,52853
/data/Dataset/train/train/clip_10692.wav,38110
/data/Dataset/train/train/clip_10693.wav,61395
/data/Dataset/train/train/clip_10694.wav,58192
/data/Dataset/train/train/clip_10695.wav,44845
/data/Dataset/train/train/clip_10696.wav,44845
/data/Dataset/train/train/clip_10697.wav,33654
/data/Dataset/train/train/clip_10698.wav,69936
/data/Dataset/train/train/clip_10699.wav,36523
/data/Dataset/train/train/clip_10700.wav,61395
/data/Dataset/train/train/clip_10701.wav,40574
/data/Dataset/train/train/clip_10702.wav,34701
/data/Dataset/train/train/clip_10703.wav,43243
/data/Dataset/train/train/clip_10704.wav,39506
/data/Dataset/test/test/clip_10705.wav,47514
/data/Dataset/train/train/clip_10706.wav,30845
/data/Dataset/train/train/clip_10707.wav,25626
/data/Dataset/test/test/clip_10708.wav,65132
/data/Dataset/train/train/clip_10709.wav,34327
/data/Dataset/train/train/clip_10710.wav,52853
/data/Dataset/train/train/clip_10711.wav,31498
/data/Dataset/train/train/clip_10712.wav,34701
/data/Dataset/train/train/clip_10713.wav,36232
/data/Dataset/train/train/clip_10714.wav,48048
/data/Dataset/train/train/clip_10715.wav,40040
/data/Dataset/train/train/clip_10716.wav,41556
/data/Dataset/train/train/clip_10717.wav,34701
/data/Dataset/train/train/clip_10718.wav,30430
/data/Dataset/train/train/clip_10719.wav,34701
/data/Dataset/train/train/clip_10720.wav,46980
/data/Dataset/train/train/clip_10721.wav,41173
/data/Dataset/train/train/clip_10722.wav,41642
/data/Dataset/train/train/clip_10723.wav,61928
/data/Dataset/train/train/clip_10724.wav,44311
/data/Dataset/train/train/clip_10725.wav,31011
/data/Dataset/train/train/clip_10726.wav,37904
/data/Dataset/train/train/clip_10727.wav,38972
/data/Dataset/train/train/clip_10728.wav,28295
/data/Dataset/train/train/clip_10729.wav,46446
/data/Dataset/test/test/clip_10730.wav,33100
/data/Dataset/train/train/clip_10731.wav,30964
/data/Dataset/train/train/clip_10732.wav,30964
/data/Dataset/train/train/clip_10733.wav,23505
/data/Dataset/train/train/clip_10734.wav,46446
/data/Dataset/train/train/clip_10735.wav,37371
/data/Dataset/test/test/clip_10736.wav,57124
/data/Dataset/test/test/clip_10737.wav,58725
/data/Dataset/train/train/clip_10738.wav,38438
/data/Dataset/test/test/clip_10739.wav,35235
/data/Dataset/train/train/clip_10740.wav,29363
/data/Dataset/train/train/clip_10741.wav,45912
/data/Dataset/train/train/clip_10742.wav,41642
/data/Dataset/test/test/clip_10743.wav,47514
/data/Dataset/test/test/clip_10744.wav,39506
/data/Dataset/test/test/clip_10745.wav,43777
/data/Dataset/train/train/clip_10746.wav,32032
/data/Dataset/train/train/clip_10747.wav,37919
/data/Dataset/test/test/clip_10748.wav,36837
/data/Dataset/test/test/clip_10749.wav,48048
/data/Dataset/train/train/clip_10750.wav,39506
/data/Dataset/test/test/clip_10751.wav,45913
/data/Dataset/train/train/clip_10752.wav,38394
/data/Dataset/test/test/clip_10753.wav,34167
/data/Dataset/train/train/clip_10754.wav,45913
/data/Dataset/train/train/clip_10755.wav,26187
/data/Dataset/train/train/clip_10756.wav,61928
/data/Dataset/train/train/clip_10757.wav,29363
/data/Dataset/train/train/clip_10758.wav,54454
/data/Dataset/train/train/clip_10759.wav,29896
/data/Dataset/train/train/clip_10760.wav,27227
/data/Dataset/train/train/clip_10761.wav,29363
/data/Dataset/train/train/clip_10762.wav,56056
/data/Dataset/train/train/clip_10763.wav,34701
/data/Dataset/train/train/clip_10764.wav,28252
/data/Dataset/train/train/clip_10765.wav,48048
/data/Dataset/train/train/clip_10766.wav,41658
/data/Dataset/train/train/clip_10767.wav,37579
/data/Dataset/train/train/clip_10768.wav,27588
/data/Dataset/test/test/clip_10769.wav,45379
/data/Dataset/train/train/clip_10770.wav,33041
/data/Dataset/train/train/clip_10771.wav,28295
/data/Dataset/train/train/clip_10772.wav,62462
/data/Dataset/test/test/clip_10773.wav,56056
/data/Dataset/train/train/clip_10774.wav,26790
/data/Dataset/train/train/clip_10775.wav,23220
/data/Dataset/train/train/clip_10776.wav,32566
/data/Dataset/train/train/clip_10777.wav,34701
/data/Dataset/train/train/clip_10778.wav,41108
/data/Dataset/train/train/clip_10779.wav,37972
/data/Dataset/train/train/clip_10780.wav,67267
/data/Dataset/train/train/clip_10781.wav,25216
/data/Dataset/train/train/clip_10782.wav,58191
/data/Dataset/train/train/clip_10783.wav,49116
/data/Dataset/train/train/clip_10784.wav,37371
/data/Dataset/train/train/clip_10785.wav,30666
/data/Dataset/train/train/clip_10786.wav,22780
/data/Dataset/train/train/clip_10787.wav,59793
/data/Dataset/test/test/clip_10788.wav,44845
/data/Dataset/test/test/clip_10789.wav,50717
/data/Dataset/test/test/clip_10790.wav,45379
/data/Dataset/test/test/clip_10791.wav,69403
/data/Dataset/test/test/clip_10792.wav,46980
/data/Dataset/train/train/clip_10793.wav,35122
/data/Dataset/train/train/clip_10794.wav,24239
/data/Dataset/test/test/clip_10795.wav,31498
/data/Dataset/train/train/clip_10796.wav,31498
/data/Dataset/train/train/clip_10797.wav,24558
/data/Dataset/test/test/clip_10798.wav,37904
/data/Dataset/train/train/clip_10799.wav,45379
/data/Dataset/test/test/clip_10800.wav,43243
/data/Dataset/train/train/clip_10801.wav,36523
/data/Dataset/train/train/clip_10802.wav,45912
/data/Dataset/train/train/clip_10803.wav,50183
/data/Dataset/train/train/clip_10804.wav,33634
/data/Dataset/train/train/clip_10805.wav,27974
/data/Dataset/train/train/clip_10806.wav,57657
/data/Dataset/train/train/clip_10807.wav,57124
/data/Dataset/train/train/clip_10808.wav,60327
/data/Dataset/train/train/clip_10809.wav,58192
/data/Dataset/train/train/clip_10810.wav,31127
/data/Dataset/test/test/clip_10811.wav,44311
/data/Dataset/test/test/clip_10812.wav,28829
/data/Dataset/train/train/clip_10813.wav,38972
/data/Dataset/train/train/clip_10814.wav,31498
/data/Dataset/train/train/clip_10815.wav,39506
/data/Dataset/train/train/clip_10816.wav,60861
/data/Dataset/train/train/clip_10817.wav,43777
/data/Dataset/test/test/clip_10818.wav,40574
/data/Dataset/train/train/clip_10819.wav,43243
/data/Dataset/train/train/clip_10820.wav,36837
/data/Dataset/train/train/clip_10821.wav,32032
/data/Dataset/train/train/clip_10822.wav,37904
/data/Dataset/train/train/clip_10823.wav,35235
/data/Dataset/train/train/clip_10824.wav,67801
/data/Dataset/train/train/clip_10825.wav,35016
/data/Dataset/train/train/clip_10826.wav,28295
/data/Dataset/train/train/clip_10827.wav,37904
/data/Dataset/train/train/clip_10828.wav,66199
/data/Dataset/train/train/clip_10829.wav,41853
/data/Dataset/test/test/clip_10830.wav,42175
/data/Dataset/train/train/clip_10831.wav,30430
/data/Dataset/train/train/clip_10832.wav,37905
/data/Dataset/train/train/clip_10833.wav,51785
/data/Dataset/train/train/clip_10834.wav,30964
/data/Dataset/train/train/clip_10835.wav,40574
/data/Dataset/train/train/clip_10836.wav,26340
/data/Dataset/train/train/clip_10837.wav,43243
/data/Dataset/train/train/clip_10838.wav,36837
/data/Dataset/train/train/clip_10839.wav,48582
/data/Dataset/test/test/clip_10840.wav,62462
/data/Dataset/train/train/clip_10841.wav,25710
/data/Dataset/train/train/clip_10842.wav,38438
/data/Dataset/train/train/clip_10843.wav,53920
/data/Dataset/train/train/clip_10844.wav,45379
/data/Dataset/test/test/clip_10845.wav,52853
/data/Dataset/test/test/clip_10846.wav,51785
/data/Dataset/train/train/clip_10847.wav,54454
/data/Dataset/train/train/clip_10848.wav,38438
/data/Dataset/train/train/clip_10849.wav,34167
/data/Dataset/train/train/clip_10850.wav,39506
/data/Dataset/train/train/clip_10851.wav,46446
/data/Dataset/train/train/clip_10852.wav,45912
/data/Dataset/train/train/clip_10853.wav,45379
/data/Dataset/train/train/clip_10854.wav,35823
/data/Dataset/train/train/clip_10855.wav,37371
/data/Dataset/test/test/clip_10856.wav,64064
/data/Dataset/train/train/clip_10857.wav,40040
/data/Dataset/train/train/clip_10858.wav,33634
/data/Dataset/train/train/clip_10859.wav,42175
/data/Dataset/train/train/clip_10860.wav,41108
/data/Dataset/train/train/clip_10861.wav,41947
/data/Dataset/train/train/clip_10862.wav,47514
/data/Dataset/train/train/clip_10863.wav,30430
/data/Dataset/train/train/clip_10864.wav,29897
/data/Dataset/test/test/clip_10865.wav,40574
/data/Dataset/train/train/clip_10866.wav,25802
/data/Dataset/train/train/clip_10867.wav,26339
/data/Dataset/train/train/clip_10868.wav,33162
/data/Dataset/train/train/clip_10869.wav,31241
/data/Dataset/train/train/clip_10870.wav,40574
/data/Dataset/train/train/clip_10871.wav,35235
/data/Dataset/train/train/clip_10872.wav,24191
/data/Dataset/train/train/clip_10873.wav,35235
/data/Dataset/train/train/clip_10874.wav,54988
/data/Dataset/train/train/clip_10875.wav,30016
/data/Dataset/train/train/clip_10876.wav,40574
/data/Dataset/train/train/clip_10877.wav,34167
/data/Dataset/train/train/clip_10878.wav,40650
/data/Dataset/train/train/clip_10879.wav,44873
/data/Dataset/train/train/clip_10880.wav,45379
/data/Dataset/train/train/clip_10881.wav,41644
/data/Dataset/train/train/clip_10882.wav,45379
/data/Dataset/train/train/clip_10883.wav,38848
/data/Dataset/train/train/clip_10884.wav,40574
/data/Dataset/train/train/clip_10885.wav,39506
/data/Dataset/test/test/clip_10886.wav,41108
/data/Dataset/test/test/clip_10887.wav,58191
/data/Dataset/train/train/clip_10888.wav,23490
/data/Dataset/train/train/clip_10889.wav,60327
/data/Dataset/train/train/clip_10890.wav,50183
/data/Dataset/train/train/clip_10891.wav,37904
/data/Dataset/train/train/clip_10892.wav,44845
/data/Dataset/train/train/clip_10893.wav,33100
/data/Dataset/test/test/clip_10894.wav,48048
/data/Dataset/train/train/clip_10895.wav,65132
/data/Dataset/train/train/clip_10896.wav,44311
