file_id,pseudo_speaker,cluster_size,corpus_guess
clip_00000,spk_028,472,CREMA-D
clip_00002,spk_002,173,CREMA-D
clip_00003,spk_018,1197,TESS
clip_00004,spk_025,1495,TESS
clip_00005,spk_025,1495,TESS
clip_00007,spk_028,472,CREMA-D
clip_00008,spk_026,1537,TESS
clip_00009,spk_025,1495,TESS
clip_00010,spk_094,457,CREMA-D
clip_00011,spk_094,457,CREMA-D
clip_00013,spk_018,1197,TESS
clip_00014,spk_025,1495,TESS
clip_00015,spk_025,1495,TESS
clip_00016,spk_018,1197,TESS
clip_00017,spk_018,1197,TESS
clip_00018,spk_015,388,CREMA-D
clip_00019,spk_094,457,CREMA-D
clip_00020,spk_078,101,CREMA-D
clip_00021,spk_060,214,CREMA-D
clip_00022,spk_025,1495,TESS
clip_00023,spk_026,1537,TESS
clip_00024,spk_029,272,CREMA-D
clip_00027,spk_015,388,CREMA-D
clip_00028,spk_011,96,CREMA-D
clip_00029,spk_018,1197,TESS
clip_00030,spk_071,8,RAVDESS
clip_00031,spk_026,1537,TESS
clip_00032,spk_015,388,CREMA-D
clip_00033,spk_025,1495,TESS
clip_00034,spk_028,472,CREMA-D
clip_00035,spk_078,101,CREMA-D
clip_00036,spk_029,272,CREMA-D
clip_00038,spk_025,1495,TESS
clip_00039,spk_018,1197,TESS
clip_00041,spk_025,1495,TESS
clip_00042,spk_094,457,CREMA-D
clip_00043,spk_009,53,RAVDESS
clip_00044,spk_026,1537,TESS
clip_00045,spk_026,1537,TESS
clip_00046,spk_078,101,CREMA-D
clip_00047,spk_004,29,RAVDESS
clip_00048,spk_025,1495,TESS
clip_00049,spk_085,49,RAVDESS
clip_00050,spk_055,125,CREMA-D
clip_00051,spk_025,1495,TESS
clip_00052,spk_087,1,RAVDESS
clip_00053,spk_075,20,RAVDESS
clip_00055,spk_002,173,CREMA-D
clip_00056,spk_094,457,CREMA-D
clip_00057,spk_038,198,CREMA-D
clip_00058,spk_018,1197,TESS
clip_00059,spk_018,1197,TESS
clip_00060,spk_025,1495,TESS
clip_00061,spk_026,1537,TESS
clip_00062,spk_025,1495,TESS
clip_00063,spk_001,218,CREMA-D
clip_00064,spk_018,1197,TESS
clip_00067,spk_025,1495,TESS
clip_00068,spk_025,1495,TESS
clip_00069,spk_002,173,CREMA-D
clip_00070,spk_025,1495,TESS
clip_00071,spk_043,256,CREMA-D
clip_00072,spk_025,1495,TESS
clip_00073,spk_043,256,CREMA-D
clip_00074,spk_060,214,CREMA-D
clip_00075,spk_018,1197,TESS
clip_00077,spk_015,388,CREMA-D
clip_00078,spk_001,218,CREMA-D
clip_00079,spk_026,1537,TESS
clip_00080,spk_078,101,CREMA-D
clip_00081,spk_033,32,RAVDESS
clip_00082,spk_025,1495,TESS
clip_00084,spk_002,173,CREMA-D
clip_00086,spk_015,388,CREMA-D
clip_00087,spk_038,198,CREMA-D
clip_00088,spk_018,1197,TESS
clip_00089,spk_025,1495,TESS
clip_00090,spk_015,388,CREMA-D
clip_00091,spk_005,33,RAVDESS
clip_00092,spk_025,1495,TESS
clip_00094,spk_010,176,CREMA-D
clip_00095,spk_034,28,RAVDESS
clip_00096,spk_028,472,CREMA-D
clip_00097,spk_041,37,RAVDESS
clip_00098,spk_028,472,CREMA-D
clip_00099,spk_025,1495,TESS
clip_00100,spk_028,472,CREMA-D
clip_00101,spk_018,1197,TESS
clip_00102,spk_025,1495,TESS
clip_00104,spk_025,1495,TESS
clip_00105,spk_018,1197,TESS
clip_00106,spk_026,1537,TESS
clip_00107,spk_018,1197,TESS
clip_00108,spk_018,1197,TESS
clip_00109,spk_039,34,RAVDESS
clip_00110,spk_026,1537,TESS
clip_00111,spk_075,20,RAVDESS
clip_00113,spk_010,176,CREMA-D
clip_00114,spk_025,1495,TESS
clip_00115,spk_088,186,CREMA-D
clip_00116,spk_028,472,CREMA-D
clip_00117,spk_078,101,CREMA-D
clip_00118,spk_055,125,CREMA-D
clip_00119,spk_002,173,CREMA-D
clip_00120,spk_034,28,RAVDESS
clip_00121,spk_026,1537,TESS
clip_00122,spk_018,1197,TESS
clip_00123,spk_018,1197,TESS
clip_00124,spk_021,264,CREMA-D
clip_00126,spk_025,1495,TESS
clip_00127,spk_026,1537,TESS
clip_00128,spk_088,186,CREMA-D
clip_00129,spk_008,17,RAVDESS
clip_00130,spk_015,388,CREMA-D
clip_00131,spk_024,27,RAVDESS
clip_00132,spk_008,17,RAVDESS
clip_00133,spk_018,1197,TESS
clip_00135,spk_026,1537,TESS
clip_00136,spk_015,388,CREMA-D
clip_00137,spk_031,9,RAVDESS
clip_00138,spk_025,1495,TESS
clip_00139,spk_045,60,RAVDESS
clip_00141,spk_026,1537,TESS
clip_00142,spk_021,264,CREMA-D
clip_00143,spk_026,1537,TESS
clip_00144,spk_094,457,CREMA-D
clip_00145,spk_094,457,CREMA-D
clip_00146,spk_045,60,RAVDESS
clip_00147,spk_029,272,CREMA-D
clip_00148,spk_033,32,RAVDESS
clip_00149,spk_026,1537,TESS
clip_00150,spk_043,256,CREMA-D
clip_00151,spk_026,1537,TESS
clip_00152,spk_026,1537,TESS
clip_00153,spk_029,272,CREMA-D
clip_00154,spk_028,472,CREMA-D
clip_00155,spk_025,1495,TESS
clip_00157,spk_043,256,CREMA-D
clip_00158,spk_026,1537,TESS
clip_00159,spk_018,1197,TESS
clip_00160,spk_018,1197,TESS
clip_00161,spk_018,1197,TESS
clip_00162,spk_025,1495,TESS
clip_00163,spk_007,79,CREMA-D
clip_00164,spk_025,1495,TESS
clip_00165,spk_026,1537,TESS
clip_00166,spk_078,101,CREMA-D
clip_00167,spk_028,472,CREMA-D
clip_00168,spk_001,218,CREMA-D
clip_00169,spk_018,1197,TESS
clip_00170,spk_026,1537,TESS
clip_00171,spk_039,34,RAVDESS
clip_00172,spk_029,272,CREMA-D
clip_00173,spk_043,256,CREMA-D
clip_00174,spk_026,1537,TESS
clip_00176,spk_026,1537,TESS
clip_00177,spk_025,1495,TESS
clip_00178,spk_025,1495,TESS
clip_00179,spk_002,173,CREMA-D
clip_00180,spk_079,12,RAVDESS
clip_00182,spk_033,32,RAVDESS
clip_00185,spk_040,19,RAVDESS
clip_00186,spk_094,457,CREMA-D
clip_00187,spk_026,1537,TESS
clip_00188,spk_043,256,CREMA-D
clip_00189,spk_028,472,CREMA-D
clip_00191,spk_018,1197,TESS
clip_00192,spk_071,8,RAVDESS
clip_00193,spk_026,1537,TESS
clip_00194,spk_025,1495,TESS
clip_00195,spk_016,13,RAVDESS
clip_00196,spk_026,1537,TESS
clip_00197,spk_088,186,CREMA-D
clip_00200,spk_025,1495,TESS
clip_00201,spk_075,20,RAVDESS
clip_00203,spk_047,15,RAVDESS
clip_00205,spk_094,457,CREMA-D
clip_00206,spk_026,1537,TESS
clip_00207,spk_025,1495,TESS
clip_00208,spk_021,264,CREMA-D
clip_00209,spk_028,472,CREMA-D
clip_00210,spk_025,1495,TESS
clip_00211,spk_029,272,CREMA-D
clip_00212,spk_025,1495,TESS
clip_00213,spk_025,1495,TESS
clip_00215,spk_010,176,CREMA-D
clip_00216,spk_060,214,CREMA-D
clip_00217,spk_026,1537,TESS
clip_00218,spk_010,176,CREMA-D
clip_00219,spk_001,218,CREMA-D
clip_00220,spk_006,58,RAVDESS
clip_00221,spk_018,1197,TESS
clip_00222,spk_015,388,CREMA-D
clip_00223,spk_018,1197,TESS
clip_00224,spk_005,33,RAVDESS
clip_00225,spk_018,1197,TESS
clip_00226,spk_026,1537,TESS
clip_00227,spk_018,1197,TESS
clip_00228,spk_060,214,CREMA-D
clip_00229,spk_030,6,RAVDESS
clip_00230,spk_026,1537,TESS
clip_00231,spk_029,272,CREMA-D
clip_00232,spk_020,71,CREMA-D
clip_00233,spk_060,214,CREMA-D
clip_00234,spk_002,173,CREMA-D
clip_00235,spk_026,1537,TESS
clip_00236,spk_060,214,CREMA-D
clip_00237,spk_018,1197,TESS
clip_00238,spk_055,125,CREMA-D
clip_00240,spk_025,1495,TESS
clip_00241,spk_028,472,CREMA-D
clip_00242,spk_007,79,CREMA-D
clip_00244,spk_027,96,CREMA-D
clip_00245,spk_018,1197,TESS
clip_00246,spk_001,218,CREMA-D
clip_00247,spk_025,1495,TESS
clip_00248,spk_017,19,RAVDESS
clip_00249,spk_042,6,RAVDESS
clip_00250,spk_018,1197,TESS
clip_00251,spk_025,1495,TESS
clip_00252,spk_038,198,CREMA-D
clip_00253,spk_033,32,RAVDESS
clip_00254,spk_025,1495,TESS
clip_00255,spk_060,214,CREMA-D
clip_00256,spk_018,1197,TESS
clip_00257,spk_037,14,RAVDESS
clip_00258,spk_018,1197,TESS
clip_00259,spk_043,256,CREMA-D
clip_00262,spk_026,1537,TESS
clip_00264,spk_010,176,CREMA-D
clip_00265,spk_043,256,CREMA-D
clip_00266,spk_007,79,CREMA-D
clip_00267,spk_026,1537,TESS
clip_00268,spk_026,1537,TESS
clip_00269,spk_055,125,CREMA-D
clip_00270,spk_026,1537,TESS
clip_00271,spk_026,1537,TESS
clip_00272,spk_043,256,CREMA-D
clip_00274,spk_026,1537,TESS
clip_00275,spk_026,1537,TESS
clip_00276,spk_018,1197,TESS
clip_00277,spk_065,6,RAVDESS
clip_00278,spk_025,1495,TESS
clip_00279,spk_018,1197,TESS
clip_00280,spk_026,1537,TESS
clip_00281,spk_025,1495,TESS
clip_00282,spk_001,218,CREMA-D
clip_00283,spk_026,1537,TESS
clip_00285,spk_025,1495,TESS
clip_00286,spk_038,198,CREMA-D
clip_00287,spk_088,186,CREMA-D
clip_00288,spk_002,173,CREMA-D
clip_00289,spk_010,176,CREMA-D
clip_00290,spk_018,1197,TESS
clip_00291,spk_026,1537,TESS
clip_00292,spk_015,388,CREMA-D
clip_00293,spk_011,96,CREMA-D
clip_00294,spk_020,71,CREMA-D
clip_00295,spk_028,472,CREMA-D
clip_00296,spk_061,6,RAVDESS
clip_00297,spk_026,1537,TESS
clip_00298,spk_026,1537,TESS
clip_00299,spk_029,272,CREMA-D
clip_00300,spk_021,264,CREMA-D
clip_00301,spk_069,8,RAVDESS
clip_00302,spk_021,264,CREMA-D
clip_00303,spk_018,1197,TESS
clip_00304,spk_068,29,RAVDESS
clip_00305,spk_015,388,CREMA-D
clip_00307,spk_015,388,CREMA-D
clip_00311,spk_078,101,CREMA-D
clip_00312,spk_026,1537,TESS
clip_00313,spk_026,1537,TESS
clip_00314,spk_094,457,CREMA-D
clip_00315,spk_001,218,CREMA-D
clip_00316,spk_026,1537,TESS
clip_00317,spk_015,388,CREMA-D
clip_00318,spk_018,1197,TESS
clip_00319,spk_001,218,CREMA-D
clip_00320,spk_044,6,RAVDESS
clip_00321,spk_012,106,CREMA-D
clip_00322,spk_010,176,CREMA-D
clip_00323,spk_025,1495,TESS
clip_00324,spk_094,457,CREMA-D
clip_00325,spk_028,472,CREMA-D
clip_00326,spk_016,13,RAVDESS
clip_00328,spk_026,1537,TESS
clip_00329,spk_015,388,CREMA-D
clip_00330,spk_015,388,CREMA-D
clip_00331,spk_018,1197,TESS
clip_00332,spk_028,472,CREMA-D
clip_00333,spk_018,1197,TESS
clip_00334,spk_045,60,RAVDESS
clip_00335,spk_021,264,CREMA-D
clip_00336,spk_039,34,RAVDESS
clip_00337,spk_022,48,RAVDESS
clip_00339,spk_060,214,CREMA-D
clip_00340,spk_018,1197,TESS
clip_00341,spk_060,214,CREMA-D
clip_00343,spk_002,173,CREMA-D
clip_00344,spk_085,49,RAVDESS
clip_00345,spk_094,457,CREMA-D
clip_00346,spk_025,1495,TESS
clip_00348,spk_038,198,CREMA-D
clip_00349,spk_014,23,RAVDESS
clip_00350,spk_010,176,CREMA-D
clip_00351,spk_026,1537,TESS
clip_00352,spk_005,33,RAVDESS
clip_00353,spk_026,1537,TESS
clip_00354,spk_021,264,CREMA-D
clip_00355,spk_018,1197,TESS
clip_00356,spk_006,58,RAVDESS
clip_00357,spk_018,1197,TESS
clip_00358,spk_094,457,CREMA-D
clip_00361,spk_044,6,RAVDESS
clip_00362,spk_056,6,RAVDESS
clip_00363,spk_006,58,RAVDESS
clip_00364,spk_026,1537,TESS
clip_00365,spk_019,11,RAVDESS
clip_00366,spk_025,1495,TESS
clip_00367,spk_025,1495,TESS
clip_00368,spk_025,1495,TESS
clip_00370,spk_025,1495,TESS
clip_00371,spk_025,1495,TESS
clip_00372,spk_038,198,CREMA-D
clip_00373,spk_012,106,CREMA-D
clip_00374,spk_017,19,RAVDESS
clip_00375,spk_025,1495,TESS
clip_00376,spk_026,1537,TESS
clip_00377,spk_010,176,CREMA-D
clip_00378,spk_025,1495,TESS
clip_00380,spk_026,1537,TESS
clip_00381,spk_025,1495,TESS
clip_00382,spk_028,472,CREMA-D
clip_00383,spk_026,1537,TESS
clip_00386,spk_015,388,CREMA-D
clip_00388,spk_026,1537,TESS
clip_00389,spk_005,33,RAVDESS
clip_00390,spk_075,20,RAVDESS
clip_00391,spk_015,388,CREMA-D
clip_00392,spk_015,388,CREMA-D
clip_00393,spk_026,1537,TESS
clip_00394,spk_015,388,CREMA-D
clip_00395,spk_026,1537,TESS
clip_00396,spk_025,1495,TESS
clip_00398,spk_060,214,CREMA-D
clip_00401,spk_026,1537,TESS
clip_00402,spk_001,218,CREMA-D
clip_00403,spk_029,272,CREMA-D
clip_00405,spk_094,457,CREMA-D
clip_00406,spk_025,1495,TESS
clip_00407,spk_018,1197,TESS
clip_00408,spk_026,1537,TESS
clip_00410,spk_038,198,CREMA-D
clip_00411,spk_010,176,CREMA-D
clip_00412,spk_018,1197,TESS
clip_00413,spk_078,101,CREMA-D
clip_00414,spk_025,1495,TESS
clip_00416,spk_006,58,RAVDESS
clip_00417,spk_026,1537,TESS
clip_00418,spk_025,1495,TESS
clip_00419,spk_021,264,CREMA-D
clip_00420,spk_094,457,CREMA-D
clip_00421,spk_047,15,RAVDESS
clip_00422,spk_094,457,CREMA-D
clip_00423,spk_018,1197,TESS
clip_00424,spk_026,1537,TESS
clip_00425,spk_078,101,CREMA-D
clip_00426,spk_026,1537,TESS
clip_00427,spk_001,218,CREMA-D
clip_00428,spk_018,1197,TESS
clip_00429,spk_011,96,CREMA-D
clip_00430,spk_026,1537,TESS
clip_00432,spk_028,472,CREMA-D
clip_00433,spk_006,58,RAVDESS
clip_00434,spk_094,457,CREMA-D
clip_00435,spk_026,1537,TESS
clip_00436,spk_086,7,RAVDESS
clip_00437,spk_020,71,CREMA-D
clip_00438,spk_094,457,CREMA-D
clip_00439,spk_025,1495,TESS
clip_00440,spk_026,1537,TESS
clip_00441,spk_015,388,CREMA-D
clip_00443,spk_094,457,CREMA-D
clip_00444,spk_025,1495,TESS
clip_00445,spk_025,1495,TESS
clip_00446,spk_025,1495,TESS
clip_00448,spk_028,472,CREMA-D
clip_00449,spk_026,1537,TESS
clip_00450,spk_055,125,CREMA-D
clip_00451,spk_025,1495,TESS
clip_00452,spk_026,1537,TESS
clip_00453,spk_025,1495,TESS
clip_00454,spk_060,214,CREMA-D
clip_00455,spk_025,1495,TESS
clip_00456,spk_004,29,RAVDESS
clip_00457,spk_018,1197,TESS
clip_00458,spk_018,1197,TESS
clip_00459,spk_075,20,RAVDESS
clip_00460,spk_025,1495,TESS
clip_00461,spk_028,472,CREMA-D
clip_00462,spk_025,1495,TESS
clip_00464,spk_025,1495,TESS
clip_00465,spk_026,1537,TESS
clip_00466,spk_025,1495,TESS
clip_00467,spk_025,1495,TESS
clip_00468,spk_026,1537,TESS
clip_00469,spk_080,38,RAVDESS
clip_00470,spk_060,214,CREMA-D
clip_00471,spk_094,457,CREMA-D
clip_00472,spk_038,198,CREMA-D
clip_00473,spk_025,1495,TESS
clip_00476,spk_025,1495,TESS
clip_00477,spk_018,1197,TESS
clip_00478,spk_041,37,RAVDESS
clip_00479,spk_038,198,CREMA-D
clip_00480,spk_088,186,CREMA-D
clip_00481,spk_088,186,CREMA-D
clip_00482,spk_006,58,RAVDESS
clip_00483,spk_018,1197,TESS
clip_00484,spk_028,472,CREMA-D
clip_00485,spk_028,472,CREMA-D
clip_00486,spk_043,256,CREMA-D
clip_00487,spk_094,457,CREMA-D
clip_00488,spk_028,472,CREMA-D
clip_00489,spk_029,272,CREMA-D
clip_00490,spk_049,23,RAVDESS
clip_00492,spk_043,256,CREMA-D
clip_00493,spk_049,23,RAVDESS
clip_00494,spk_015,388,CREMA-D
clip_00495,spk_088,186,CREMA-D
clip_00496,spk_088,186,CREMA-D
clip_00497,spk_001,218,CREMA-D
clip_00498,spk_026,1537,TESS
clip_00499,spk_018,1197,TESS
clip_00500,spk_060,214,CREMA-D
clip_00501,spk_026,1537,TESS
clip_00502,spk_025,1495,TESS
clip_00503,spk_026,1537,TESS
clip_00504,spk_011,96,CREMA-D
clip_00505,spk_025,1495,TESS
clip_00506,spk_038,198,CREMA-D
clip_00507,spk_026,1537,TESS
clip_00508,spk_028,472,CREMA-D
clip_00509,spk_029,272,CREMA-D
clip_00510,spk_026,1537,TESS
clip_00511,spk_018,1197,TESS
clip_00512,spk_026,1537,TESS
clip_00513,spk_074,10,RAVDESS
clip_00514,spk_060,214,CREMA-D
clip_00515,spk_012,106,CREMA-D
clip_00516,spk_026,1537,TESS
clip_00518,spk_018,1197,TESS
clip_00519,spk_026,1537,TESS
clip_00521,spk_002,173,CREMA-D
clip_00523,spk_021,264,CREMA-D
clip_00524,spk_088,186,CREMA-D
clip_00525,spk_025,1495,TESS
clip_00526,spk_075,20,RAVDESS
clip_00527,spk_094,457,CREMA-D
clip_00528,spk_014,23,RAVDESS
clip_00529,spk_025,1495,TESS
clip_00530,spk_088,186,CREMA-D
clip_00531,spk_018,1197,TESS
clip_00532,spk_069,8,RAVDESS
clip_00534,spk_002,173,CREMA-D
clip_00535,spk_018,1197,TESS
clip_00536,spk_018,1197,TESS
clip_00537,spk_055,125,CREMA-D
clip_00538,spk_026,1537,TESS
clip_00539,spk_026,1537,TESS
clip_00540,spk_078,101,CREMA-D
clip_00541,spk_026,1537,TESS
clip_00542,spk_033,32,RAVDESS
clip_00543,spk_018,1197,TESS
clip_00544,spk_026,1537,TESS
clip_00545,spk_018,1197,TESS
clip_00546,spk_018,1197,TESS
clip_00547,spk_025,1495,TESS
clip_00548,spk_012,106,CREMA-D
clip_00550,spk_026,1537,TESS
clip_00551,spk_026,1537,TESS
clip_00552,spk_094,457,CREMA-D
clip_00553,spk_094,457,CREMA-D
clip_00554,spk_022,48,RAVDESS
clip_00555,spk_078,101,CREMA-D
clip_00556,spk_018,1197,TESS
clip_00558,spk_028,472,CREMA-D
clip_00559,spk_055,125,CREMA-D
clip_00560,spk_094,457,CREMA-D
clip_00561,spk_028,472,CREMA-D
clip_00562,spk_026,1537,TESS
clip_00563,spk_062,4,RAVDESS
clip_00566,spk_025,1495,TESS
clip_00567,spk_039,34,RAVDESS
clip_00568,spk_025,1495,TESS
clip_00570,spk_018,1197,TESS
clip_00571,spk_078,101,CREMA-D
clip_00572,spk_026,1537,TESS
clip_00573,spk_018,1197,TESS
clip_00574,spk_018,1197,TESS
clip_00575,spk_026,1537,TESS
clip_00576,spk_012,106,CREMA-D
clip_00578,spk_055,125,CREMA-D
clip_00579,spk_094,457,CREMA-D
clip_00580,spk_025,1495,TESS
clip_00581,spk_025,1495,TESS
clip_00582,spk_055,125,CREMA-D
clip_00583,spk_026,1537,TESS
clip_00584,spk_025,1495,TESS
clip_00586,spk_055,125,CREMA-D
clip_00587,spk_025,1495,TESS
clip_00588,spk_025,1495,TESS
clip_00589,spk_026,1537,TESS
clip_00590,spk_025,1495,TESS
clip_00592,spk_026,1537,TESS
clip_00593,spk_011,96,CREMA-D
clip_00594,spk_026,1537,TESS
clip_00596,spk_028,472,CREMA-D
clip_00597,spk_026,1537,TESS
clip_00598,spk_017,19,RAVDESS
clip_00599,spk_025,1495,TESS
clip_00600,spk_018,1197,TESS
clip_00603,spk_024,27,RAVDESS
clip_00604,spk_015,388,CREMA-D
clip_00605,spk_018,1197,TESS
clip_00606,spk_025,1495,TESS
clip_00607,spk_026,1537,TESS
clip_00608,spk_018,1197,TESS
clip_00609,spk_026,1537,TESS
clip_00610,spk_012,106,CREMA-D
clip_00611,spk_029,272,CREMA-D
clip_00612,spk_010,176,CREMA-D
clip_00613,spk_026,1537,TESS
clip_00614,spk_009,53,RAVDESS
clip_00615,spk_021,264,CREMA-D
clip_00616,spk_026,1537,TESS
clip_00617,spk_043,256,CREMA-D
clip_00618,spk_026,1537,TESS
clip_00619,spk_038,198,CREMA-D
clip_00620,spk_025,1495,TESS
clip_00622,spk_018,1197,TESS
clip_00623,spk_016,13,RAVDESS
clip_00624,spk_007,79,CREMA-D
clip_00625,spk_026,1537,TESS
clip_00626,spk_025,1495,TESS
clip_00627,spk_088,186,CREMA-D
clip_00628,spk_026,1537,TESS
clip_00629,spk_015,388,CREMA-D
clip_00630,spk_088,186,CREMA-D
clip_00632,spk_026,1537,TESS
clip_00633,spk_025,1495,TESS
clip_00634,spk_018,1197,TESS
clip_00636,spk_026,1537,TESS
clip_00637,spk_043,256,CREMA-D
clip_00638,spk_025,1495,TESS
clip_00639,spk_025,1495,TESS
clip_00640,spk_088,186,CREMA-D
clip_00641,spk_015,388,CREMA-D
clip_00642,spk_079,12,RAVDESS
clip_00643,spk_002,173,CREMA-D
clip_00645,spk_018,1197,TESS
clip_00648,spk_026,1537,TESS
clip_00649,spk_010,176,CREMA-D
clip_00650,spk_038,198,CREMA-D
clip_00652,spk_011,96,CREMA-D
clip_00653,spk_026,1537,TESS
clip_00654,spk_018,1197,TESS
clip_00655,spk_025,1495,TESS
clip_00656,spk_026,1537,TESS
clip_00657,spk_088,186,CREMA-D
clip_00658,spk_038,198,CREMA-D
clip_00659,spk_025,1495,TESS
clip_00661,spk_018,1197,TESS
clip_00662,spk_025,1495,TESS
clip_00663,spk_038,198,CREMA-D
clip_00664,spk_010,176,CREMA-D
clip_00665,spk_025,1495,TESS
clip_00666,spk_018,1197,TESS
clip_00667,spk_018,1197,TESS
clip_00668,spk_025,1495,TESS
clip_00670,spk_029,272,CREMA-D
clip_00671,spk_028,472,CREMA-D
clip_00672,spk_029,272,CREMA-D
clip_00673,spk_026,1537,TESS
clip_00674,spk_024,27,RAVDESS
clip_00675,spk_010,176,CREMA-D
clip_00677,spk_012,106,CREMA-D
clip_00678,spk_025,1495,TESS
clip_00679,spk_026,1537,TESS
clip_00680,spk_026,1537,TESS
clip_00681,spk_021,264,CREMA-D
clip_00682,spk_012,106,CREMA-D
clip_00683,spk_018,1197,TESS
clip_00684,spk_012,106,CREMA-D
clip_00685,spk_018,1197,TESS
clip_00687,spk_026,1537,TESS
clip_00688,spk_015,388,CREMA-D
clip_00689,spk_026,1537,TESS
clip_00690,spk_094,457,CREMA-D
clip_00691,spk_025,1495,TESS
clip_00693,spk_025,1495,TESS
clip_00694,spk_034,28,RAVDESS
clip_00696,spk_002,173,CREMA-D
clip_00698,spk_000,6,RAVDESS
clip_00699,spk_026,1537,TESS
clip_00700,spk_080,38,RAVDESS
clip_00701,spk_029,272,CREMA-D
clip_00702,spk_026,1537,TESS
clip_00703,spk_018,1197,TESS
clip_00704,spk_015,388,CREMA-D
clip_00705,spk_015,388,CREMA-D
clip_00706,spk_038,198,CREMA-D
clip_00707,spk_020,71,CREMA-D
clip_00709,spk_012,106,CREMA-D
clip_00710,spk_002,173,CREMA-D
clip_00711,spk_025,1495,TESS
clip_00712,spk_014,23,RAVDESS
clip_00713,spk_018,1197,TESS
clip_00714,spk_007,79,CREMA-D
clip_00715,spk_025,1495,TESS
clip_00716,spk_026,1537,TESS
clip_00717,spk_025,1495,TESS
clip_00719,spk_026,1537,TESS
clip_00721,spk_074,10,RAVDESS
clip_00722,spk_094,457,CREMA-D
clip_00725,spk_025,1495,TESS
clip_00726,spk_015,388,CREMA-D
clip_00727,spk_043,256,CREMA-D
clip_00728,spk_060,214,CREMA-D
clip_00729,spk_094,457,CREMA-D
clip_00730,spk_094,457,CREMA-D
clip_00731,spk_001,218,CREMA-D
clip_00732,spk_021,264,CREMA-D
clip_00733,spk_060,214,CREMA-D
clip_00735,spk_026,1537,TESS
clip_00737,spk_025,1495,TESS
clip_00738,spk_094,457,CREMA-D
clip_00739,spk_018,1197,TESS
clip_00740,spk_018,1197,TESS
clip_00741,spk_028,472,CREMA-D
clip_00742,spk_043,256,CREMA-D
clip_00743,spk_006,58,RAVDESS
clip_00744,spk_001,218,CREMA-D
clip_00746,spk_088,186,CREMA-D
clip_00747,spk_018,1197,TESS
clip_00748,spk_038,198,CREMA-D
clip_00749,spk_017,19,RAVDESS
clip_00750,spk_018,1197,TESS
clip_00751,spk_002,173,CREMA-D
clip_00752,spk_060,214,CREMA-D
clip_00754,spk_018,1197,TESS
clip_00755,spk_025,1495,TESS
clip_00756,spk_026,1537,TESS
clip_00757,spk_018,1197,TESS
clip_00758,spk_021,264,CREMA-D
clip_00759,spk_063,3,RAVDESS
clip_00760,spk_001,218,CREMA-D
clip_00761,spk_015,388,CREMA-D
clip_00762,spk_007,79,CREMA-D
clip_00764,spk_060,214,CREMA-D
clip_00765,spk_028,472,CREMA-D
clip_00766,spk_012,106,CREMA-D
clip_00767,spk_018,1197,TESS
clip_00769,spk_015,388,CREMA-D
clip_00770,spk_021,264,CREMA-D
clip_00771,spk_038,198,CREMA-D
clip_00773,spk_018,1197,TESS
clip_00774,spk_025,1495,TESS
clip_00775,spk_026,1537,TESS
clip_00776,spk_028,472,CREMA-D
clip_00777,spk_084,5,RAVDESS
clip_00781,spk_026,1537,TESS
clip_00782,spk_018,1197,TESS
clip_00783,spk_043,256,CREMA-D
clip_00784,spk_025,1495,TESS
clip_00785,spk_018,1197,TESS
clip_00786,spk_029,272,CREMA-D
clip_00787,spk_027,96,CREMA-D
clip_00788,spk_025,1495,TESS
clip_00789,spk_015,388,CREMA-D
clip_00790,spk_026,1537,TESS
clip_00791,spk_028,472,CREMA-D
clip_00792,spk_088,186,CREMA-D
clip_00793,spk_026,1537,TESS
clip_00794,spk_038,198,CREMA-D
clip_00795,spk_026,1537,TESS
clip_00796,spk_025,1495,TESS
clip_00797,spk_001,218,CREMA-D
clip_00798,spk_038,198,CREMA-D
clip_00799,spk_038,198,CREMA-D
clip_00800,spk_029,272,CREMA-D
clip_00801,spk_026,1537,TESS
clip_00803,spk_026,1537,TESS
clip_00804,spk_060,214,CREMA-D
clip_00805,spk_025,1495,TESS
clip_00806,spk_018,1197,TESS
clip_00807,spk_001,218,CREMA-D
clip_00808,spk_026,1537,TESS
clip_00809,spk_018,1197,TESS
clip_00810,spk_007,79,CREMA-D
clip_00811,spk_050,11,RAVDESS
clip_00812,spk_025,1495,TESS
clip_00813,spk_015,388,CREMA-D
clip_00814,spk_025,1495,TESS
clip_00815,spk_026,1537,TESS
clip_00816,spk_026,1537,TESS
clip_00817,spk_006,58,RAVDESS
clip_00818,spk_017,19,RAVDESS
clip_00819,spk_060,214,CREMA-D
clip_00820,spk_012,106,CREMA-D
clip_00822,spk_025,1495,TESS
clip_00823,spk_043,256,CREMA-D
clip_00824,spk_015,388,CREMA-D
clip_00825,spk_043,256,CREMA-D
clip_00826,spk_025,1495,TESS
clip_00827,spk_025,1495,TESS
clip_00828,spk_025,1495,TESS
clip_00829,spk_025,1495,TESS
clip_00830,spk_018,1197,TESS
clip_00832,spk_018,1197,TESS
clip_00833,spk_026,1537,TESS
clip_00835,spk_068,29,RAVDESS
clip_00836,spk_025,1495,TESS
clip_00837,spk_029,272,CREMA-D
clip_00838,spk_002,173,CREMA-D
clip_00839,spk_078,101,CREMA-D
clip_00841,spk_018,1197,TESS
clip_00842,spk_010,176,CREMA-D
clip_00843,spk_018,1197,TESS
clip_00845,spk_026,1537,TESS
clip_00846,spk_026,1537,TESS
clip_00847,spk_060,214,CREMA-D
clip_00849,spk_055,125,CREMA-D
clip_00850,spk_025,1495,TESS
clip_00851,spk_028,472,CREMA-D
clip_00852,spk_029,272,CREMA-D
clip_00853,spk_058,1,RAVDESS
clip_00854,spk_004,29,RAVDESS
clip_00855,spk_026,1537,TESS
clip_00858,spk_022,48,RAVDESS
clip_00859,spk_094,457,CREMA-D
clip_00860,spk_010,176,CREMA-D
clip_00861,spk_018,1197,TESS
clip_00862,spk_001,218,CREMA-D
clip_00863,spk_026,1537,TESS
clip_00864,spk_029,272,CREMA-D
clip_00866,spk_026,1537,TESS
clip_00867,spk_022,48,RAVDESS
clip_00868,spk_026,1537,TESS
clip_00869,spk_018,1197,TESS
clip_00870,spk_078,101,CREMA-D
clip_00871,spk_028,472,CREMA-D
clip_00872,spk_025,1495,TESS
clip_00873,spk_007,79,CREMA-D
clip_00874,spk_026,1537,TESS
clip_00875,spk_004,29,RAVDESS
clip_00876,spk_010,176,CREMA-D
clip_00877,spk_025,1495,TESS
clip_00878,spk_007,79,CREMA-D
clip_00879,spk_019,11,RAVDESS
clip_00880,spk_043,256,CREMA-D
clip_00881,spk_014,23,RAVDESS
clip_00882,spk_018,1197,TESS
clip_00883,spk_026,1537,TESS
clip_00884,spk_026,1537,TESS
clip_00885,spk_045,60,RAVDESS
clip_00886,spk_029,272,CREMA-D
clip_00887,spk_018,1197,TESS
clip_00888,spk_055,125,CREMA-D
clip_00889,spk_018,1197,TESS
clip_00890,spk_018,1197,TESS
clip_00891,spk_026,1537,TESS
clip_00892,spk_026,1537,TESS
clip_00893,spk_026,1537,TESS
clip_00895,spk_033,32,RAVDESS
clip_00896,spk_018,1197,TESS
clip_00897,spk_025,1495,TESS
clip_00898,spk_025,1495,TESS
clip_00899,spk_026,1537,TESS
clip_00900,spk_025,1495,TESS
clip_00901,spk_026,1537,TESS
clip_00903,spk_094,457,CREMA-D
clip_00904,spk_006,58,RAVDESS
clip_00905,spk_018,1197,TESS
clip_00906,spk_006,58,RAVDESS
clip_00907,spk_092,5,RAVDESS
clip_00908,spk_024,27,RAVDESS
clip_00909,spk_021,264,CREMA-D
clip_00910,spk_060,214,CREMA-D
clip_00911,spk_038,198,CREMA-D
clip_00912,spk_057,16,RAVDESS
clip_00913,spk_026,1537,TESS
clip_00914,spk_038,198,CREMA-D
clip_00915,spk_011,96,CREMA-D
clip_00916,spk_015,388,CREMA-D
clip_00917,spk_015,388,CREMA-D
clip_00918,spk_049,23,RAVDESS
clip_00919,spk_026,1537,TESS
clip_00920,spk_002,173,CREMA-D
clip_00921,spk_025,1495,TESS
clip_00922,spk_010,176,CREMA-D
clip_00923,spk_088,186,CREMA-D
clip_00924,spk_018,1197,TESS
clip_00925,spk_001,218,CREMA-D
clip_00926,spk_025,1495,TESS
clip_00927,spk_025,1495,TESS
clip_00928,spk_078,101,CREMA-D
clip_00929,spk_033,32,RAVDESS
clip_00930,spk_015,388,CREMA-D
clip_00931,spk_018,1197,TESS
clip_00932,spk_025,1495,TESS
clip_00933,spk_026,1537,TESS
clip_00934,spk_002,173,CREMA-D
clip_00936,spk_028,472,CREMA-D
clip_00937,spk_060,214,CREMA-D
clip_00939,spk_080,38,RAVDESS
clip_00940,spk_094,457,CREMA-D
clip_00941,spk_018,1197,TESS
clip_00944,spk_028,472,CREMA-D
clip_00945,spk_026,1537,TESS
clip_00946,spk_018,1197,TESS
clip_00947,spk_026,1537,TESS
clip_00948,spk_015,388,CREMA-D
clip_00949,spk_078,101,CREMA-D
clip_00950,spk_009,53,RAVDESS
clip_00951,spk_025,1495,TESS
clip_00952,spk_094,457,CREMA-D
clip_00953,spk_015,388,CREMA-D
clip_00954,spk_043,256,CREMA-D
clip_00957,spk_026,1537,TESS
clip_00958,spk_028,472,CREMA-D
clip_00959,spk_018,1197,TESS
clip_00960,spk_025,1495,TESS
clip_00961,spk_055,125,CREMA-D
clip_00962,spk_025,1495,TESS
clip_00964,spk_088,186,CREMA-D
clip_00965,spk_010,176,CREMA-D
clip_00966,spk_001,218,CREMA-D
clip_00967,spk_068,29,RAVDESS
clip_00968,spk_001,218,CREMA-D
clip_00969,spk_001,218,CREMA-D
clip_00970,spk_043,256,CREMA-D
clip_00971,spk_018,1197,TESS
clip_00972,spk_028,472,CREMA-D
clip_00973,spk_017,19,RAVDESS
clip_00974,spk_094,457,CREMA-D
clip_00975,spk_025,1495,TESS
clip_00976,spk_025,1495,TESS
clip_00977,spk_006,58,RAVDESS
clip_00978,spk_010,176,CREMA-D
clip_00979,spk_028,472,CREMA-D
clip_00980,spk_055,125,CREMA-D
clip_00981,spk_002,173,CREMA-D
clip_00982,spk_041,37,RAVDESS
clip_00983,spk_026,1537,TESS
clip_00984,spk_025,1495,TESS
clip_00985,spk_018,1197,TESS
clip_00986,spk_021,264,CREMA-D
clip_00987,spk_094,457,CREMA-D
clip_00988,spk_026,1537,TESS
clip_00989,spk_026,1537,TESS
clip_00991,spk_018,1197,TESS
clip_00992,spk_018,1197,TESS
clip_00993,spk_012,106,CREMA-D
clip_00995,spk_026,1537,TESS
clip_00996,spk_029,272,CREMA-D
clip_00998,spk_026,1537,TESS
clip_00999,spk_025,1495,TESS
clip_01000,spk_088,186,CREMA-D
clip_01001,spk_029,272,CREMA-D
clip_01002,spk_028,472,CREMA-D
clip_01003,spk_025,1495,TESS
clip_01004,spk_018,1197,TESS
clip_01005,spk_025,1495,TESS
clip_01006,spk_018,1197,TESS
clip_01007,spk_027,96,CREMA-D
clip_01008,spk_018,1197,TESS
clip_01010,spk_094,457,CREMA-D
clip_01011,spk_018,1197,TESS
clip_01012,spk_060,214,CREMA-D
clip_01013,spk_028,472,CREMA-D
clip_01015,spk_055,125,CREMA-D
clip_01016,spk_025,1495,TESS
clip_01017,spk_018,1197,TESS
clip_01018,spk_033,32,RAVDESS
clip_01020,spk_025,1495,TESS
clip_01021,spk_025,1495,TESS
clip_01022,spk_025,1495,TESS
clip_01023,spk_088,186,CREMA-D
clip_01024,spk_018,1197,TESS
clip_01026,spk_085,49,RAVDESS
clip_01027,spk_060,214,CREMA-D
clip_01029,spk_018,1197,TESS
clip_01030,spk_015,388,CREMA-D
clip_01031,spk_025,1495,TESS
clip_01032,spk_018,1197,TESS
clip_01033,spk_025,1495,TESS
clip_01034,spk_026,1537,TESS
clip_01035,spk_026,1537,TESS
clip_01036,spk_015,388,CREMA-D
clip_01037,spk_094,457,CREMA-D
clip_01038,spk_021,264,CREMA-D
clip_01039,spk_034,28,RAVDESS
clip_01040,spk_027,96,CREMA-D
clip_01041,spk_026,1537,TESS
clip_01042,spk_025,1495,TESS
clip_01043,spk_025,1495,TESS
clip_01044,spk_025,1495,TESS
clip_01045,spk_028,472,CREMA-D
clip_01046,spk_015,388,CREMA-D
clip_01047,spk_026,1537,TESS
clip_01048,spk_025,1495,TESS
clip_01050,spk_060,214,CREMA-D
clip_01051,spk_018,1197,TESS
clip_01052,spk_015,388,CREMA-D
clip_01053,spk_043,256,CREMA-D
clip_01054,spk_025,1495,TESS
clip_01055,spk_018,1197,TESS
clip_01056,spk_002,173,CREMA-D
clip_01057,spk_026,1537,TESS
clip_01058,spk_025,1495,TESS
clip_01059,spk_020,71,CREMA-D
clip_01060,spk_018,1197,TESS
clip_01062,spk_026,1537,TESS
clip_01063,spk_026,1537,TESS
clip_01064,spk_085,49,RAVDESS
clip_01066,spk_009,53,RAVDESS
clip_01067,spk_018,1197,TESS
clip_01068,spk_025,1495,TESS
clip_01069,spk_022,48,RAVDESS
clip_01070,spk_025,1495,TESS
clip_01071,spk_025,1495,TESS
clip_01073,spk_025,1495,TESS
clip_01078,spk_025,1495,TESS
clip_01080,spk_025,1495,TESS
clip_01081,spk_014,23,RAVDESS
clip_01082,spk_045,60,RAVDESS
clip_01083,spk_026,1537,TESS
clip_01085,spk_026,1537,TESS
clip_01087,spk_026,1537,TESS
clip_01089,spk_018,1197,TESS
clip_01090,spk_088,186,CREMA-D
clip_01091,spk_026,1537,TESS
clip_01092,spk_025,1495,TESS
clip_01093,spk_026,1537,TESS
clip_01094,spk_055,125,CREMA-D
clip_01096,spk_026,1537,TESS
clip_01097,spk_026,1537,TESS
clip_01098,spk_025,1495,TESS
clip_01100,spk_088,186,CREMA-D
clip_01101,spk_018,1197,TESS
clip_01103,spk_002,173,CREMA-D
clip_01104,spk_025,1495,TESS
clip_01105,spk_026,1537,TESS
clip_01106,spk_029,272,CREMA-D
clip_01107,spk_094,457,CREMA-D
clip_01109,spk_025,1495,TESS
clip_01110,spk_009,53,RAVDESS
clip_01111,spk_011,96,CREMA-D
clip_01112,spk_010,176,CREMA-D
clip_01113,spk_026,1537,TESS
clip_01114,spk_026,1537,TESS
clip_01115,spk_020,71,CREMA-D
clip_01116,spk_001,218,CREMA-D
clip_01117,spk_026,1537,TESS
clip_01118,spk_043,256,CREMA-D
clip_01119,spk_026,1537,TESS
clip_01120,spk_001,218,CREMA-D
clip_01121,spk_079,12,RAVDESS
clip_01122,spk_028,472,CREMA-D
clip_01124,spk_021,264,CREMA-D
clip_01125,spk_025,1495,TESS
clip_01126,spk_028,472,CREMA-D
clip_01127,spk_025,1495,TESS
clip_01128,spk_018,1197,TESS
clip_01129,spk_002,173,CREMA-D
clip_01131,spk_028,472,CREMA-D
clip_01132,spk_018,1197,TESS
clip_01133,spk_047,15,RAVDESS
clip_01134,spk_018,1197,TESS
clip_01135,spk_055,125,CREMA-D
clip_01136,spk_026,1537,TESS
clip_01137,spk_067,19,RAVDESS
clip_01138,spk_026,1537,TESS
clip_01139,spk_060,214,CREMA-D
clip_01140,spk_025,1495,TESS
clip_01141,spk_043,256,CREMA-D
clip_01142,spk_020,71,CREMA-D
clip_01144,spk_018,1197,TESS
clip_01145,spk_025,1495,TESS
clip_01146,spk_025,1495,TESS
clip_01147,spk_094,457,CREMA-D
clip_01148,spk_026,1537,TESS
clip_01149,spk_026,1537,TESS
clip_01150,spk_025,1495,TESS
clip_01151,spk_018,1197,TESS
clip_01152,spk_094,457,CREMA-D
clip_01153,spk_015,388,CREMA-D
clip_01155,spk_026,1537,TESS
clip_01156,spk_025,1495,TESS
clip_01157,spk_025,1495,TESS
clip_01158,spk_015,388,CREMA-D
clip_01159,spk_018,1197,TESS
clip_01160,spk_025,1495,TESS
clip_01161,spk_025,1495,TESS
clip_01162,spk_025,1495,TESS
clip_01163,spk_025,1495,TESS
clip_01165,spk_043,256,CREMA-D
clip_01166,spk_027,96,CREMA-D
clip_01167,spk_029,272,CREMA-D
clip_01168,spk_041,37,RAVDESS
clip_01169,spk_026,1537,TESS
clip_01170,spk_028,472,CREMA-D
clip_01172,spk_038,198,CREMA-D
clip_01173,spk_025,1495,TESS
clip_01174,spk_026,1537,TESS
clip_01175,spk_026,1537,TESS
clip_01176,spk_018,1197,TESS
clip_01177,spk_028,472,CREMA-D
clip_01178,spk_020,71,CREMA-D
clip_01180,spk_014,23,RAVDESS
clip_01181,spk_018,1197,TESS
clip_01182,spk_026,1537,TESS
clip_01183,spk_029,272,CREMA-D
clip_01184,spk_033,32,RAVDESS
clip_01185,spk_060,214,CREMA-D
clip_01186,spk_001,218,CREMA-D
clip_01189,spk_026,1537,TESS
clip_01190,spk_020,71,CREMA-D
clip_01191,spk_094,457,CREMA-D
clip_01192,spk_005,33,RAVDESS
clip_01193,spk_025,1495,TESS
clip_01194,spk_026,1537,TESS
clip_01195,spk_026,1537,TESS
clip_01196,spk_060,214,CREMA-D
clip_01197,spk_026,1537,TESS
clip_01199,spk_026,1537,TESS
clip_01200,spk_043,256,CREMA-D
clip_01201,spk_021,264,CREMA-D
clip_01202,spk_018,1197,TESS
clip_01204,spk_018,1197,TESS
clip_01205,spk_088,186,CREMA-D
clip_01206,spk_021,264,CREMA-D
clip_01207,spk_055,125,CREMA-D
clip_01208,spk_094,457,CREMA-D
clip_01209,spk_025,1495,TESS
clip_01210,spk_025,1495,TESS
clip_01211,spk_018,1197,TESS
clip_01212,spk_026,1537,TESS
clip_01213,spk_015,388,CREMA-D
clip_01214,spk_026,1537,TESS
clip_01215,spk_078,101,CREMA-D
clip_01216,spk_043,256,CREMA-D
clip_01217,spk_094,457,CREMA-D
clip_01218,spk_033,32,RAVDESS
clip_01219,spk_045,60,RAVDESS
clip_01220,spk_018,1197,TESS
clip_01221,spk_018,1197,TESS
clip_01222,spk_026,1537,TESS
clip_01223,spk_025,1495,TESS
clip_01224,spk_025,1495,TESS
clip_01225,spk_025,1495,TESS
clip_01226,spk_025,1495,TESS
clip_01227,spk_002,173,CREMA-D
clip_01228,spk_025,1495,TESS
clip_01229,spk_018,1197,TESS
clip_01230,spk_028,472,CREMA-D
clip_01231,spk_040,19,RAVDESS
clip_01232,spk_028,472,CREMA-D
clip_01233,spk_026,1537,TESS
clip_01234,spk_026,1537,TESS
clip_01235,spk_094,457,CREMA-D
clip_01236,spk_026,1537,TESS
clip_01237,spk_026,1537,TESS
clip_01238,spk_026,1537,TESS
clip_01239,spk_028,472,CREMA-D
clip_01240,spk_043,256,CREMA-D
clip_01242,spk_018,1197,TESS
clip_01243,spk_025,1495,TESS
clip_01244,spk_088,186,CREMA-D
clip_01245,spk_001,218,CREMA-D
clip_01246,spk_026,1537,TESS
clip_01247,spk_026,1537,TESS
clip_01248,spk_026,1537,TESS
clip_01249,spk_028,472,CREMA-D
clip_01250,spk_039,34,RAVDESS
clip_01251,spk_028,472,CREMA-D
clip_01252,spk_038,198,CREMA-D
clip_01253,spk_002,173,CREMA-D
clip_01255,spk_019,11,RAVDESS
clip_01256,spk_025,1495,TESS
clip_01257,spk_011,96,CREMA-D
clip_01259,spk_018,1197,TESS
clip_01261,spk_025,1495,TESS
clip_01262,spk_046,14,RAVDESS
clip_01263,spk_027,96,CREMA-D
clip_01264,spk_021,264,CREMA-D
clip_01265,spk_055,125,CREMA-D
clip_01266,spk_025,1495,TESS
clip_01267,spk_015,388,CREMA-D
clip_01269,spk_026,1537,TESS
clip_01270,spk_026,1537,TESS
clip_01272,spk_025,1495,TESS
clip_01274,spk_038,198,CREMA-D
clip_01275,spk_025,1495,TESS
clip_01276,spk_006,58,RAVDESS
clip_01277,spk_068,29,RAVDESS
clip_01279,spk_015,388,CREMA-D
clip_01281,spk_026,1537,TESS
clip_01282,spk_015,388,CREMA-D
clip_01283,spk_002,173,CREMA-D
clip_01286,spk_029,272,CREMA-D
clip_01287,spk_028,472,CREMA-D
clip_01288,spk_026,1537,TESS
clip_01289,spk_012,106,CREMA-D
clip_01290,spk_004,29,RAVDESS
clip_01291,spk_018,1197,TESS
clip_01292,spk_018,1197,TESS
clip_01293,spk_025,1495,TESS
clip_01294,spk_025,1495,TESS
clip_01295,spk_026,1537,TESS
clip_01296,spk_094,457,CREMA-D
clip_01297,spk_018,1197,TESS
clip_01298,spk_018,1197,TESS
clip_01299,spk_026,1537,TESS
clip_01300,spk_018,1197,TESS
clip_01301,spk_029,272,CREMA-D
clip_01302,spk_025,1495,TESS
clip_01303,spk_005,33,RAVDESS
clip_01304,spk_001,218,CREMA-D
clip_01305,spk_028,472,CREMA-D
clip_01306,spk_026,1537,TESS
clip_01307,spk_026,1537,TESS
clip_01309,spk_015,388,CREMA-D
clip_01310,spk_010,176,CREMA-D
clip_01311,spk_001,218,CREMA-D
clip_01312,spk_018,1197,TESS
clip_01313,spk_015,388,CREMA-D
clip_01314,spk_060,214,CREMA-D
clip_01315,spk_010,176,CREMA-D
clip_01316,spk_028,472,CREMA-D
clip_01318,spk_075,20,RAVDESS
clip_01319,spk_018,1197,TESS
clip_01320,spk_033,32,RAVDESS
clip_01321,spk_088,186,CREMA-D
clip_01322,spk_094,457,CREMA-D
clip_01323,spk_018,1197,TESS
clip_01324,spk_094,457,CREMA-D
clip_01325,spk_026,1537,TESS
clip_01326,spk_094,457,CREMA-D
clip_01327,spk_018,1197,TESS
clip_01328,spk_028,472,CREMA-D
clip_01329,spk_094,457,CREMA-D
clip_01330,spk_015,388,CREMA-D
clip_01331,spk_018,1197,TESS
clip_01332,spk_036,5,RAVDESS
clip_01333,spk_026,1537,TESS
clip_01334,spk_009,53,RAVDESS
clip_01335,spk_029,272,CREMA-D
clip_01336,spk_060,214,CREMA-D
clip_01337,spk_021,264,CREMA-D
clip_01338,spk_010,176,CREMA-D
clip_01339,spk_025,1495,TESS
clip_01340,spk_026,1537,TESS
clip_01341,spk_028,472,CREMA-D
clip_01343,spk_026,1537,TESS
clip_01344,spk_078,101,CREMA-D
clip_01345,spk_025,1495,TESS
clip_01346,spk_042,6,RAVDESS
clip_01348,spk_043,256,CREMA-D
clip_01350,spk_016,13,RAVDESS
clip_01352,spk_011,96,CREMA-D
clip_01353,spk_088,186,CREMA-D
clip_01354,spk_025,1495,TESS
clip_01356,spk_026,1537,TESS
clip_01358,spk_026,1537,TESS
clip_01359,spk_018,1197,TESS
clip_01360,spk_094,457,CREMA-D
clip_01362,spk_015,388,CREMA-D
clip_01363,spk_026,1537,TESS
clip_01364,spk_025,1495,TESS
clip_01365,spk_025,1495,TESS
clip_01366,spk_043,256,CREMA-D
clip_01367,spk_022,48,RAVDESS
clip_01368,spk_011,96,CREMA-D
clip_01369,spk_060,214,CREMA-D
clip_01370,spk_026,1537,TESS
clip_01371,spk_028,472,CREMA-D
clip_01373,spk_001,218,CREMA-D
clip_01374,spk_018,1197,TESS
clip_01375,spk_018,1197,TESS
clip_01376,spk_026,1537,TESS
clip_01377,spk_026,1537,TESS
clip_01378,spk_088,186,CREMA-D
clip_01379,spk_021,264,CREMA-D
clip_01380,spk_045,60,RAVDESS
clip_01381,spk_029,272,CREMA-D
clip_01382,spk_018,1197,TESS
clip_01383,spk_025,1495,TESS
clip_01384,spk_025,1495,TESS
clip_01385,spk_026,1537,TESS
clip_01386,spk_094,457,CREMA-D
clip_01387,spk_025,1495,TESS
clip_01389,spk_026,1537,TESS
clip_01390,spk_094,457,CREMA-D
clip_01392,spk_018,1197,TESS
clip_01394,spk_028,472,CREMA-D
clip_01395,spk_018,1197,TESS
clip_01396,spk_025,1495,TESS
clip_01397,spk_026,1537,TESS
clip_01399,spk_011,96,CREMA-D
clip_01400,spk_026,1537,TESS
clip_01401,spk_043,256,CREMA-D
clip_01402,spk_025,1495,TESS
clip_01403,spk_094,457,CREMA-D
clip_01404,spk_025,1495,TESS
clip_01405,spk_094,457,CREMA-D
clip_01406,spk_012,106,CREMA-D
clip_01408,spk_011,96,CREMA-D
clip_01409,spk_026,1537,TESS
clip_01411,spk_026,1537,TESS
clip_01412,spk_018,1197,TESS
clip_01413,spk_028,472,CREMA-D
clip_01414,spk_029,272,CREMA-D
clip_01415,spk_088,186,CREMA-D
clip_01416,spk_025,1495,TESS
clip_01418,spk_024,27,RAVDESS
clip_01419,spk_094,457,CREMA-D
clip_01420,spk_002,173,CREMA-D
clip_01421,spk_028,472,CREMA-D
clip_01422,spk_026,1537,TESS
clip_01423,spk_015,388,CREMA-D
clip_01424,spk_001,218,CREMA-D
clip_01425,spk_060,214,CREMA-D
clip_01427,spk_007,79,CREMA-D
clip_01428,spk_001,218,CREMA-D
clip_01429,spk_002,173,CREMA-D
clip_01430,spk_078,101,CREMA-D
clip_01431,spk_060,214,CREMA-D
clip_01432,spk_078,101,CREMA-D
clip_01433,spk_020,71,CREMA-D
clip_01434,spk_088,186,CREMA-D
clip_01435,spk_026,1537,TESS
clip_01436,spk_021,264,CREMA-D
clip_01437,spk_094,457,CREMA-D
clip_01439,spk_029,272,CREMA-D
clip_01440,spk_026,1537,TESS
clip_01442,spk_088,186,CREMA-D
clip_01443,spk_018,1197,TESS
clip_01444,spk_026,1537,TESS
clip_01445,spk_026,1537,TESS
clip_01446,spk_029,272,CREMA-D
clip_01447,spk_028,472,CREMA-D
clip_01449,spk_012,106,CREMA-D
clip_01450,spk_039,34,RAVDESS
clip_01451,spk_006,58,RAVDESS
clip_01452,spk_018,1197,TESS
clip_01454,spk_025,1495,TESS
clip_01455,spk_012,106,CREMA-D
clip_01456,spk_029,272,CREMA-D
clip_01457,spk_011,96,CREMA-D
clip_01459,spk_024,27,RAVDESS
clip_01460,spk_067,19,RAVDESS
clip_01461,spk_018,1197,TESS
clip_01462,spk_010,176,CREMA-D
clip_01463,spk_025,1495,TESS
clip_01466,spk_018,1197,TESS
clip_01467,spk_026,1537,TESS
clip_01470,spk_094,457,CREMA-D
clip_01471,spk_025,1495,TESS
clip_01472,spk_018,1197,TESS
clip_01474,spk_025,1495,TESS
clip_01475,spk_011,96,CREMA-D
clip_01476,spk_028,472,CREMA-D
clip_01477,spk_094,457,CREMA-D
clip_01478,spk_018,1197,TESS
clip_01479,spk_040,19,RAVDESS
clip_01480,spk_020,71,CREMA-D
clip_01481,spk_006,58,RAVDESS
clip_01482,spk_025,1495,TESS
clip_01483,spk_043,256,CREMA-D
clip_01484,spk_034,28,RAVDESS
clip_01485,spk_026,1537,TESS
clip_01486,spk_015,388,CREMA-D
clip_01487,spk_038,198,CREMA-D
clip_01489,spk_026,1537,TESS
clip_01490,spk_026,1537,TESS
clip_01491,spk_025,1495,TESS
clip_01493,spk_015,388,CREMA-D
clip_01496,spk_006,58,RAVDESS
clip_01497,spk_026,1537,TESS
clip_01499,spk_021,264,CREMA-D
clip_01501,spk_028,472,CREMA-D
clip_01502,spk_056,6,RAVDESS
clip_01503,spk_018,1197,TESS
clip_01504,spk_018,1197,TESS
clip_01505,spk_052,7,RAVDESS
clip_01506,spk_043,256,CREMA-D
clip_01507,spk_045,60,RAVDESS
clip_01508,spk_065,6,RAVDESS
clip_01509,spk_010,176,CREMA-D
clip_01511,spk_036,5,RAVDESS
clip_01512,spk_060,214,CREMA-D
clip_01513,spk_021,264,CREMA-D
clip_01514,spk_039,34,RAVDESS
clip_01515,spk_018,1197,TESS
clip_01516,spk_043,256,CREMA-D
clip_01518,spk_088,186,CREMA-D
clip_01519,spk_094,457,CREMA-D
clip_01520,spk_018,1197,TESS
clip_01521,spk_010,176,CREMA-D
clip_01522,spk_047,15,RAVDESS
clip_01523,spk_025,1495,TESS
clip_01524,spk_094,457,CREMA-D
clip_01525,spk_038,198,CREMA-D
clip_01526,spk_031,9,RAVDESS
clip_01527,spk_038,198,CREMA-D
clip_01528,spk_017,19,RAVDESS
clip_01529,spk_045,60,RAVDESS
clip_01530,spk_007,79,CREMA-D
clip_01531,spk_026,1537,TESS
clip_01532,spk_002,173,CREMA-D
clip_01533,spk_026,1537,TESS
clip_01534,spk_010,176,CREMA-D
clip_01535,spk_028,472,CREMA-D
clip_01536,spk_025,1495,TESS
clip_01537,spk_085,49,RAVDESS
clip_01538,spk_025,1495,TESS
clip_01539,spk_021,264,CREMA-D
clip_01540,spk_025,1495,TESS
clip_01541,spk_001,218,CREMA-D
clip_01542,spk_029,272,CREMA-D
clip_01543,spk_025,1495,TESS
clip_01545,spk_025,1495,TESS
clip_01546,spk_001,218,CREMA-D
clip_01547,spk_026,1537,TESS
clip_01549,spk_025,1495,TESS
clip_01551,spk_025,1495,TESS
clip_01552,spk_026,1537,TESS
clip_01553,spk_018,1197,TESS
clip_01555,spk_026,1537,TESS
clip_01556,spk_026,1537,TESS
clip_01558,spk_020,71,CREMA-D
clip_01559,spk_026,1537,TESS
clip_01560,spk_043,256,CREMA-D
clip_01562,spk_040,19,RAVDESS
clip_01563,spk_025,1495,TESS
clip_01564,spk_025,1495,TESS
clip_01565,spk_001,218,CREMA-D
clip_01566,spk_002,173,CREMA-D
clip_01567,spk_060,214,CREMA-D
clip_01568,spk_025,1495,TESS
clip_01569,spk_021,264,CREMA-D
clip_01570,spk_007,79,CREMA-D
clip_01571,spk_026,1537,TESS
clip_01572,spk_027,96,CREMA-D
clip_01573,spk_088,186,CREMA-D
clip_01574,spk_051,4,RAVDESS
clip_01575,spk_027,96,CREMA-D
clip_01576,spk_029,272,CREMA-D
clip_01577,spk_025,1495,TESS
clip_01578,spk_088,186,CREMA-D
clip_01579,spk_025,1495,TESS
clip_01580,spk_018,1197,TESS
clip_01581,spk_018,1197,TESS
clip_01582,spk_018,1197,TESS
clip_01583,spk_018,1197,TESS
clip_01584,spk_018,1197,TESS
clip_01586,spk_038,198,CREMA-D
clip_01587,spk_018,1197,TESS
clip_01588,spk_026,1537,TESS
clip_01589,spk_025,1495,TESS
clip_01591,spk_018,1197,TESS
clip_01592,spk_038,198,CREMA-D
clip_01593,spk_026,1537,TESS
clip_01594,spk_028,472,CREMA-D
clip_01595,spk_025,1495,TESS
clip_01596,spk_021,264,CREMA-D
clip_01597,spk_015,388,CREMA-D
clip_01598,spk_088,186,CREMA-D
clip_01599,spk_018,1197,TESS
clip_01600,spk_024,27,RAVDESS
clip_01602,spk_028,472,CREMA-D
clip_01604,spk_025,1495,TESS
clip_01605,spk_028,472,CREMA-D
clip_01607,spk_018,1197,TESS
clip_01608,spk_015,388,CREMA-D
clip_01609,spk_094,457,CREMA-D
clip_01610,spk_028,472,CREMA-D
clip_01613,spk_015,388,CREMA-D
clip_01614,spk_080,38,RAVDESS
clip_01615,spk_088,186,CREMA-D
clip_01616,spk_025,1495,TESS
clip_01617,spk_026,1537,TESS
clip_01618,spk_015,388,CREMA-D
clip_01619,spk_026,1537,TESS
clip_01620,spk_001,218,CREMA-D
clip_01621,spk_026,1537,TESS
clip_01622,spk_035,8,RAVDESS
clip_01623,spk_018,1197,TESS
clip_01624,spk_038,198,CREMA-D
clip_01625,spk_018,1197,TESS
clip_01626,spk_018,1197,TESS
clip_01627,spk_001,218,CREMA-D
clip_01628,spk_018,1197,TESS
clip_01629,spk_010,176,CREMA-D
clip_01630,spk_028,472,CREMA-D
clip_01631,spk_025,1495,TESS
clip_01632,spk_026,1537,TESS
clip_01633,spk_026,1537,TESS
clip_01635,spk_060,214,CREMA-D
clip_01636,spk_026,1537,TESS
clip_01637,spk_060,214,CREMA-D
clip_01638,spk_041,37,RAVDESS
clip_01639,spk_028,472,CREMA-D
clip_01640,spk_009,53,RAVDESS
clip_01641,spk_025,1495,TESS
clip_01642,spk_025,1495,TESS
clip_01643,spk_018,1197,TESS
clip_01644,spk_018,1197,TESS
clip_01645,spk_012,106,CREMA-D
clip_01646,spk_001,218,CREMA-D
clip_01647,spk_018,1197,TESS
clip_01648,spk_018,1197,TESS
clip_01649,spk_026,1537,TESS
clip_01652,spk_020,71,CREMA-D
clip_01653,spk_025,1495,TESS
clip_01655,spk_026,1537,TESS
clip_01656,spk_002,173,CREMA-D
clip_01657,spk_001,218,CREMA-D
clip_01659,spk_025,1495,TESS
clip_01660,spk_026,1537,TESS
clip_01661,spk_055,125,CREMA-D
clip_01663,spk_028,472,CREMA-D
clip_01664,spk_026,1537,TESS
clip_01665,spk_025,1495,TESS
clip_01666,spk_014,23,RAVDESS
clip_01667,spk_029,272,CREMA-D
clip_01668,spk_088,186,CREMA-D
clip_01669,spk_011,96,CREMA-D
clip_01670,spk_001,218,CREMA-D
clip_01671,spk_018,1197,TESS
clip_01672,spk_094,457,CREMA-D
clip_01673,spk_060,214,CREMA-D
clip_01676,spk_026,1537,TESS
clip_01677,spk_001,218,CREMA-D
clip_01679,spk_043,256,CREMA-D
clip_01680,spk_025,1495,TESS
clip_01681,spk_026,1537,TESS
clip_01682,spk_043,256,CREMA-D
clip_01683,spk_025,1495,TESS
clip_01684,spk_028,472,CREMA-D
clip_01685,spk_094,457,CREMA-D
clip_01686,spk_026,1537,TESS
clip_01688,spk_025,1495,TESS
clip_01689,spk_018,1197,TESS
clip_01690,spk_015,388,CREMA-D
clip_01691,spk_029,272,CREMA-D
clip_01692,spk_075,20,RAVDESS
clip_01694,spk_025,1495,TESS
clip_01695,spk_025,1495,TESS
clip_01696,spk_018,1197,TESS
clip_01697,spk_060,214,CREMA-D
clip_01698,spk_056,6,RAVDESS
clip_01699,spk_015,388,CREMA-D
clip_01700,spk_026,1537,TESS
clip_01701,spk_002,173,CREMA-D
clip_01703,spk_018,1197,TESS
clip_01704,spk_018,1197,TESS
clip_01705,spk_026,1537,TESS
clip_01706,spk_021,264,CREMA-D
clip_01707,spk_028,472,CREMA-D
clip_01708,spk_080,38,RAVDESS
clip_01709,spk_094,457,CREMA-D
clip_01710,spk_018,1197,TESS
clip_01711,spk_018,1197,TESS
clip_01712,spk_018,1197,TESS
clip_01713,spk_010,176,CREMA-D
clip_01714,spk_006,58,RAVDESS
clip_01715,spk_001,218,CREMA-D
clip_01717,spk_026,1537,TESS
clip_01718,spk_025,1495,TESS
clip_01719,spk_043,256,CREMA-D
clip_01720,spk_021,264,CREMA-D
clip_01721,spk_018,1197,TESS
clip_01722,spk_029,272,CREMA-D
clip_01723,spk_015,388,CREMA-D
clip_01724,spk_055,125,CREMA-D
clip_01725,spk_025,1495,TESS
clip_01726,spk_018,1197,TESS
clip_01729,spk_028,472,CREMA-D
clip_01731,spk_026,1537,TESS
clip_01732,spk_026,1537,TESS
clip_01733,spk_029,272,CREMA-D
clip_01735,spk_075,20,RAVDESS
clip_01736,spk_018,1197,TESS
clip_01739,spk_007,79,CREMA-D
clip_01740,spk_025,1495,TESS
clip_01741,spk_026,1537,TESS
clip_01742,spk_018,1197,TESS
clip_01743,spk_027,96,CREMA-D
clip_01744,spk_018,1197,TESS
clip_01745,spk_060,214,CREMA-D
clip_01746,spk_010,176,CREMA-D
clip_01747,spk_025,1495,TESS
clip_01749,spk_027,96,CREMA-D
clip_01750,spk_026,1537,TESS
clip_01751,spk_027,96,CREMA-D
clip_01752,spk_006,58,RAVDESS
clip_01753,spk_025,1495,TESS
clip_01754,spk_004,29,RAVDESS
clip_01755,spk_060,214,CREMA-D
clip_01756,spk_002,173,CREMA-D
clip_01757,spk_028,472,CREMA-D
clip_01758,spk_018,1197,TESS
clip_01760,spk_026,1537,TESS
clip_01761,spk_021,264,CREMA-D
clip_01762,spk_026,1537,TESS
clip_01763,spk_026,1537,TESS
clip_01764,spk_075,20,RAVDESS
clip_01765,spk_018,1197,TESS
clip_01768,spk_055,125,CREMA-D
clip_01769,spk_018,1197,TESS
clip_01770,spk_094,457,CREMA-D
clip_01772,spk_088,186,CREMA-D
clip_01774,spk_078,101,CREMA-D
clip_01775,spk_006,58,RAVDESS
clip_01776,spk_025,1495,TESS
clip_01777,spk_021,264,CREMA-D
clip_01778,spk_094,457,CREMA-D
clip_01779,spk_025,1495,TESS
clip_01780,spk_010,176,CREMA-D
clip_01782,spk_060,214,CREMA-D
clip_01783,spk_010,176,CREMA-D
clip_01784,spk_047,15,RAVDESS
clip_01785,spk_026,1537,TESS
clip_01786,spk_028,472,CREMA-D
clip_01787,spk_038,198,CREMA-D
clip_01788,spk_018,1197,TESS
clip_01789,spk_018,1197,TESS
clip_01790,spk_028,472,CREMA-D
clip_01791,spk_026,1537,TESS
clip_01792,spk_026,1537,TESS
clip_01793,spk_026,1537,TESS
clip_01794,spk_018,1197,TESS
clip_01797,spk_026,1537,TESS
clip_01798,spk_025,1495,TESS
clip_01799,spk_029,272,CREMA-D
clip_01801,spk_021,264,CREMA-D
clip_01802,spk_026,1537,TESS
clip_01804,spk_006,58,RAVDESS
clip_01805,spk_094,457,CREMA-D
clip_01806,spk_010,176,CREMA-D
clip_01807,spk_025,1495,TESS
clip_01809,spk_008,17,RAVDESS
clip_01810,spk_025,1495,TESS
clip_01811,spk_026,1537,TESS
clip_01812,spk_020,71,CREMA-D
clip_01813,spk_038,198,CREMA-D
clip_01814,spk_026,1537,TESS
clip_01815,spk_025,1495,TESS
clip_01816,spk_037,14,RAVDESS
clip_01818,spk_006,58,RAVDESS
clip_01819,spk_094,457,CREMA-D
clip_01820,spk_018,1197,TESS
clip_01821,spk_026,1537,TESS
clip_01822,spk_001,218,CREMA-D
clip_01823,spk_026,1537,TESS
clip_01825,spk_080,38,RAVDESS
clip_01827,spk_078,101,CREMA-D
clip_01828,spk_094,457,CREMA-D
clip_01829,spk_025,1495,TESS
clip_01830,spk_027,96,CREMA-D
clip_01831,spk_018,1197,TESS
clip_01832,spk_025,1495,TESS
clip_01833,spk_026,1537,TESS
clip_01834,spk_018,1197,TESS
clip_01836,spk_028,472,CREMA-D
clip_01837,spk_094,457,CREMA-D
clip_01838,spk_025,1495,TESS
clip_01840,spk_025,1495,TESS
clip_01841,spk_038,198,CREMA-D
clip_01842,spk_026,1537,TESS
clip_01843,spk_002,173,CREMA-D
clip_01844,spk_011,96,CREMA-D
clip_01845,spk_094,457,CREMA-D
clip_01847,spk_078,101,CREMA-D
clip_01848,spk_026,1537,TESS
clip_01849,spk_025,1495,TESS
clip_01851,spk_055,125,CREMA-D
clip_01852,spk_007,79,CREMA-D
clip_01854,spk_027,96,CREMA-D
clip_01855,spk_025,1495,TESS
clip_01856,spk_026,1537,TESS
clip_01857,spk_094,457,CREMA-D
clip_01858,spk_038,198,CREMA-D
clip_01859,spk_094,457,CREMA-D
clip_01860,spk_094,457,CREMA-D
clip_01861,spk_025,1495,TESS
clip_01862,spk_018,1197,TESS
clip_01863,spk_026,1537,TESS
clip_01864,spk_021,264,CREMA-D
clip_01867,spk_094,457,CREMA-D
clip_01868,spk_015,388,CREMA-D
clip_01869,spk_028,472,CREMA-D
clip_01870,spk_025,1495,TESS
clip_01871,spk_068,29,RAVDESS
clip_01874,spk_094,457,CREMA-D
clip_01875,spk_094,457,CREMA-D
clip_01876,spk_018,1197,TESS
clip_01878,spk_015,388,CREMA-D
clip_01879,spk_018,1197,TESS
clip_01880,spk_025,1495,TESS
clip_01881,spk_029,272,CREMA-D
clip_01882,spk_021,264,CREMA-D
clip_01884,spk_025,1495,TESS
clip_01885,spk_078,101,CREMA-D
clip_01886,spk_094,457,CREMA-D
clip_01887,spk_038,198,CREMA-D
clip_01888,spk_026,1537,TESS
clip_01889,spk_028,472,CREMA-D
clip_01890,spk_028,472,CREMA-D
clip_01891,spk_025,1495,TESS
clip_01892,spk_007,79,CREMA-D
clip_01893,spk_018,1197,TESS
clip_01894,spk_021,264,CREMA-D
clip_01895,spk_021,264,CREMA-D
clip_01896,spk_025,1495,TESS
clip_01898,spk_029,272,CREMA-D
clip_01899,spk_060,214,CREMA-D
clip_01900,spk_094,457,CREMA-D
clip_01901,spk_001,218,CREMA-D
clip_01902,spk_018,1197,TESS
clip_01903,spk_026,1537,TESS
clip_01904,spk_060,214,CREMA-D
clip_01905,spk_025,1495,TESS
clip_01907,spk_026,1537,TESS
clip_01909,spk_026,1537,TESS
clip_01910,spk_028,472,CREMA-D
clip_01911,spk_026,1537,TESS
clip_01912,spk_026,1537,TESS
clip_01913,spk_002,173,CREMA-D
clip_01914,spk_018,1197,TESS
clip_01915,spk_028,472,CREMA-D
clip_01916,spk_025,1495,TESS
clip_01917,spk_049,23,RAVDESS
clip_01919,spk_055,125,CREMA-D
clip_01920,spk_028,472,CREMA-D
clip_01921,spk_006,58,RAVDESS
clip_01922,spk_026,1537,TESS
clip_01924,spk_025,1495,TESS
clip_01925,spk_018,1197,TESS
clip_01926,spk_025,1495,TESS
clip_01927,spk_026,1537,TESS
clip_01930,spk_088,186,CREMA-D
clip_01931,spk_076,10,RAVDESS
clip_01932,spk_018,1197,TESS
clip_01934,spk_028,472,CREMA-D
clip_01935,spk_088,186,CREMA-D
clip_01937,spk_002,173,CREMA-D
clip_01938,spk_008,17,RAVDESS
clip_01939,spk_018,1197,TESS
clip_01940,spk_026,1537,TESS
clip_01941,spk_025,1495,TESS
clip_01942,spk_015,388,CREMA-D
clip_01943,spk_043,256,CREMA-D
clip_01944,spk_025,1495,TESS
clip_01945,spk_018,1197,TESS
clip_01946,spk_026,1537,TESS
clip_01947,spk_050,11,RAVDESS
clip_01948,spk_043,256,CREMA-D
clip_01949,spk_018,1197,TESS
clip_01950,spk_018,1197,TESS
clip_01951,spk_026,1537,TESS
clip_01952,spk_078,101,CREMA-D
clip_01954,spk_026,1537,TESS
clip_01955,spk_018,1197,TESS
clip_01956,spk_018,1197,TESS
clip_01957,spk_011,96,CREMA-D
clip_01958,spk_014,23,RAVDESS
clip_01961,spk_026,1537,TESS
clip_01962,spk_018,1197,TESS
clip_01963,spk_028,472,CREMA-D
clip_01964,spk_026,1537,TESS
clip_01965,spk_043,256,CREMA-D
clip_01966,spk_029,272,CREMA-D
clip_01967,spk_026,1537,TESS
clip_01968,spk_026,1537,TESS
clip_01969,spk_018,1197,TESS
clip_01970,spk_026,1537,TESS
clip_01971,spk_055,125,CREMA-D
clip_01972,spk_025,1495,TESS
clip_01973,spk_007,79,CREMA-D
clip_01974,spk_037,14,RAVDESS
clip_01975,spk_022,48,RAVDESS
clip_01976,spk_019,11,RAVDESS
clip_01977,spk_057,16,RAVDESS
clip_01978,spk_018,1197,TESS
clip_01979,spk_001,218,CREMA-D
clip_01980,spk_018,1197,TESS
clip_01983,spk_026,1537,TESS
clip_01984,spk_038,198,CREMA-D
clip_01985,spk_026,1537,TESS
clip_01987,spk_025,1495,TESS
clip_01988,spk_025,1495,TESS
clip_01989,spk_018,1197,TESS
clip_01990,spk_018,1197,TESS
clip_01991,spk_001,218,CREMA-D
clip_01992,spk_028,472,CREMA-D
clip_01994,spk_018,1197,TESS
clip_01995,spk_088,186,CREMA-D
clip_01996,spk_088,186,CREMA-D
clip_01997,spk_029,272,CREMA-D
clip_01998,spk_029,272,CREMA-D
clip_01999,spk_012,106,CREMA-D
clip_02000,spk_018,1197,TESS
clip_02001,spk_028,472,CREMA-D
clip_02002,spk_029,272,CREMA-D
clip_02003,spk_060,214,CREMA-D
clip_02005,spk_028,472,CREMA-D
clip_02006,spk_001,218,CREMA-D
clip_02007,spk_043,256,CREMA-D
clip_02011,spk_088,186,CREMA-D
clip_02012,spk_088,186,CREMA-D
clip_02013,spk_011,96,CREMA-D
clip_02016,spk_001,218,CREMA-D
clip_02017,spk_043,256,CREMA-D
clip_02019,spk_026,1537,TESS
clip_02020,spk_025,1495,TESS
clip_02021,spk_011,96,CREMA-D
clip_02022,spk_094,457,CREMA-D
clip_02024,spk_015,388,CREMA-D
clip_02025,spk_026,1537,TESS
clip_02026,spk_025,1495,TESS
clip_02027,spk_026,1537,TESS
clip_02028,spk_028,472,CREMA-D
clip_02029,spk_018,1197,TESS
clip_02030,spk_025,1495,TESS
clip_02031,spk_074,10,RAVDESS
clip_02032,spk_018,1197,TESS
clip_02033,spk_025,1495,TESS
clip_02034,spk_021,264,CREMA-D
clip_02035,spk_026,1537,TESS
clip_02036,spk_038,198,CREMA-D
clip_02037,spk_026,1537,TESS
clip_02039,spk_021,264,CREMA-D
clip_02041,spk_026,1537,TESS
clip_02042,spk_026,1537,TESS
clip_02043,spk_088,186,CREMA-D
clip_02044,spk_026,1537,TESS
clip_02045,spk_026,1537,TESS
clip_02046,spk_025,1495,TESS
clip_02047,spk_043,256,CREMA-D
clip_02048,spk_018,1197,TESS
clip_02049,spk_043,256,CREMA-D
clip_02050,spk_018,1197,TESS
clip_02051,spk_038,198,CREMA-D
clip_02052,spk_001,218,CREMA-D
clip_02054,spk_049,23,RAVDESS
clip_02055,spk_028,472,CREMA-D
clip_02056,spk_011,96,CREMA-D
clip_02058,spk_001,218,CREMA-D
clip_02060,spk_038,198,CREMA-D
clip_02061,spk_041,37,RAVDESS
clip_02062,spk_026,1537,TESS
clip_02063,spk_018,1197,TESS
clip_02064,spk_045,60,RAVDESS
clip_02065,spk_026,1537,TESS
clip_02067,spk_094,457,CREMA-D
clip_02068,spk_029,272,CREMA-D
clip_02069,spk_015,388,CREMA-D
clip_02070,spk_018,1197,TESS
clip_02071,spk_025,1495,TESS
clip_02072,spk_043,256,CREMA-D
clip_02073,spk_025,1495,TESS
clip_02074,spk_026,1537,TESS
clip_02075,spk_094,457,CREMA-D
clip_02076,spk_060,214,CREMA-D
clip_02079,spk_025,1495,TESS
clip_02080,spk_015,388,CREMA-D
clip_02081,spk_068,29,RAVDESS
clip_02082,spk_025,1495,TESS
clip_02083,spk_025,1495,TESS
clip_02084,spk_068,29,RAVDESS
clip_02085,spk_094,457,CREMA-D
clip_02087,spk_018,1197,TESS
clip_02088,spk_026,1537,TESS
clip_02089,spk_038,198,CREMA-D
clip_02090,spk_026,1537,TESS
clip_02091,spk_018,1197,TESS
clip_02093,spk_071,8,RAVDESS
clip_02094,spk_089,3,RAVDESS
clip_02095,spk_007,79,CREMA-D
clip_02096,spk_025,1495,TESS
clip_02097,spk_012,106,CREMA-D
clip_02098,spk_029,272,CREMA-D
clip_02099,spk_025,1495,TESS
clip_02100,spk_091,2,RAVDESS
clip_02101,spk_026,1537,TESS
clip_02102,spk_006,58,RAVDESS
clip_02103,spk_026,1537,TESS
clip_02104,spk_005,33,RAVDESS
clip_02105,spk_055,125,CREMA-D
clip_02106,spk_028,472,CREMA-D
clip_02107,spk_026,1537,TESS
clip_02108,spk_010,176,CREMA-D
clip_02109,spk_028,472,CREMA-D
clip_02110,spk_004,29,RAVDESS
clip_02111,spk_018,1197,TESS
clip_02112,spk_026,1537,TESS
clip_02114,spk_018,1197,TESS
clip_02115,spk_026,1537,TESS
clip_02116,spk_094,457,CREMA-D
clip_02117,spk_037,14,RAVDESS
clip_02118,spk_002,173,CREMA-D
clip_02120,spk_026,1537,TESS
clip_02121,spk_025,1495,TESS
clip_02122,spk_028,472,CREMA-D
clip_02123,spk_037,14,RAVDESS
clip_02124,spk_026,1537,TESS
clip_02128,spk_032,13,RAVDESS
clip_02130,spk_078,101,CREMA-D
clip_02133,spk_018,1197,TESS
clip_02134,spk_026,1537,TESS
clip_02135,spk_025,1495,TESS
clip_02137,spk_026,1537,TESS
clip_02138,spk_021,264,CREMA-D
clip_02139,spk_025,1495,TESS
clip_02140,spk_026,1537,TESS
clip_02141,spk_025,1495,TESS
clip_02142,spk_018,1197,TESS
clip_02143,spk_011,96,CREMA-D
clip_02144,spk_026,1537,TESS
clip_02145,spk_088,186,CREMA-D
clip_02146,spk_014,23,RAVDESS
clip_02147,spk_050,11,RAVDESS
clip_02148,spk_088,186,CREMA-D
clip_02149,spk_025,1495,TESS
clip_02151,spk_027,96,CREMA-D
clip_02152,spk_010,176,CREMA-D
clip_02154,spk_025,1495,TESS
clip_02155,spk_060,214,CREMA-D
clip_02156,spk_025,1495,TESS
clip_02157,spk_015,388,CREMA-D
clip_02158,spk_026,1537,TESS
clip_02159,spk_025,1495,TESS
clip_02160,spk_025,1495,TESS
clip_02161,spk_026,1537,TESS
clip_02162,spk_026,1537,TESS
clip_02164,spk_026,1537,TESS
clip_02165,spk_025,1495,TESS
clip_02166,spk_026,1537,TESS
clip_02167,spk_079,12,RAVDESS
clip_02168,spk_026,1537,TESS
clip_02169,spk_028,472,CREMA-D
clip_02171,spk_041,37,RAVDESS
clip_02172,spk_024,27,RAVDESS
clip_02173,spk_025,1495,TESS
clip_02174,spk_094,457,CREMA-D
clip_02175,spk_078,101,CREMA-D
clip_02176,spk_015,388,CREMA-D
clip_02177,spk_026,1537,TESS
clip_02179,spk_033,32,RAVDESS
clip_02180,spk_026,1537,TESS
clip_02181,spk_078,101,CREMA-D
clip_02182,spk_088,186,CREMA-D
clip_02183,spk_060,214,CREMA-D
clip_02184,spk_015,388,CREMA-D
clip_02185,spk_021,264,CREMA-D
clip_02186,spk_018,1197,TESS
clip_02187,spk_028,472,CREMA-D
clip_02188,spk_049,23,RAVDESS
clip_02189,spk_043,256,CREMA-D
clip_02190,spk_018,1197,TESS
clip_02191,spk_006,58,RAVDESS
clip_02192,spk_055,125,CREMA-D
clip_02193,spk_011,96,CREMA-D
clip_02194,spk_018,1197,TESS
clip_02195,spk_078,101,CREMA-D
clip_02197,spk_015,388,CREMA-D
clip_02198,spk_092,5,RAVDESS
clip_02201,spk_026,1537,TESS
clip_02202,spk_001,218,CREMA-D
clip_02203,spk_026,1537,TESS
clip_02204,spk_088,186,CREMA-D
clip_02205,spk_088,186,CREMA-D
clip_02206,spk_025,1495,TESS
clip_02207,spk_026,1537,TESS
clip_02210,spk_094,457,CREMA-D
clip_02211,spk_001,218,CREMA-D
clip_02212,spk_026,1537,TESS
clip_02214,spk_027,96,CREMA-D
clip_02215,spk_027,96,CREMA-D
clip_02216,spk_094,457,CREMA-D
clip_02218,spk_026,1537,TESS
clip_02219,spk_015,388,CREMA-D
clip_02220,spk_026,1537,TESS
clip_02221,spk_094,457,CREMA-D
clip_02222,spk_018,1197,TESS
clip_02224,spk_039,34,RAVDESS
clip_02225,spk_018,1197,TESS
clip_02226,spk_025,1495,TESS
clip_02227,spk_018,1197,TESS
clip_02228,spk_018,1197,TESS
clip_02229,spk_026,1537,TESS
clip_02230,spk_018,1197,TESS
clip_02231,spk_025,1495,TESS
clip_02232,spk_018,1197,TESS
clip_02233,spk_018,1197,TESS
clip_02234,spk_038,198,CREMA-D
clip_02236,spk_018,1197,TESS
clip_02237,spk_015,388,CREMA-D
clip_02238,spk_025,1495,TESS
clip_02239,spk_018,1197,TESS
clip_02240,spk_025,1495,TESS
clip_02241,spk_006,58,RAVDESS
clip_02242,spk_032,13,RAVDESS
clip_02243,spk_001,218,CREMA-D
clip_02244,spk_029,272,CREMA-D
clip_02245,spk_010,176,CREMA-D
clip_02246,spk_029,272,CREMA-D
clip_02247,spk_026,1537,TESS
clip_02248,spk_057,16,RAVDESS
clip_02249,spk_028,472,CREMA-D
clip_02250,spk_044,6,RAVDESS
clip_02252,spk_028,472,CREMA-D
clip_02253,spk_021,264,CREMA-D
clip_02254,spk_090,2,RAVDESS
clip_02255,spk_018,1197,TESS
clip_02256,spk_025,1495,TESS
clip_02257,spk_060,214,CREMA-D
clip_02258,spk_094,457,CREMA-D
clip_02259,spk_025,1495,TESS
clip_02260,spk_026,1537,TESS
clip_02261,spk_026,1537,TESS
clip_02263,spk_018,1197,TESS
clip_02264,spk_043,256,CREMA-D
clip_02265,spk_020,71,CREMA-D
clip_02266,spk_009,53,RAVDESS
clip_02267,spk_034,28,RAVDESS
clip_02268,spk_026,1537,TESS
clip_02269,spk_029,272,CREMA-D
clip_02270,spk_026,1537,TESS
clip_02271,spk_001,218,CREMA-D
clip_02272,spk_010,176,CREMA-D
clip_02273,spk_018,1197,TESS
clip_02274,spk_045,60,RAVDESS
clip_02275,spk_026,1537,TESS
clip_02276,spk_041,37,RAVDESS
clip_02277,spk_026,1537,TESS
clip_02279,spk_026,1537,TESS
clip_02280,spk_009,53,RAVDESS
clip_02281,spk_018,1197,TESS
clip_02282,spk_026,1537,TESS
clip_02285,spk_094,457,CREMA-D
clip_02286,spk_018,1197,TESS
clip_02288,spk_018,1197,TESS
clip_02289,spk_025,1495,TESS
clip_02291,spk_043,256,CREMA-D
clip_02292,spk_029,272,CREMA-D
clip_02293,spk_060,214,CREMA-D
clip_02294,spk_015,388,CREMA-D
clip_02295,spk_043,256,CREMA-D
clip_02296,spk_025,1495,TESS
clip_02297,spk_026,1537,TESS
clip_02298,spk_015,388,CREMA-D
clip_02299,spk_025,1495,TESS
clip_02300,spk_010,176,CREMA-D
clip_02301,spk_015,388,CREMA-D
clip_02302,spk_060,214,CREMA-D
clip_02303,spk_015,388,CREMA-D
clip_02304,spk_018,1197,TESS
clip_02305,spk_025,1495,TESS
clip_02306,spk_060,214,CREMA-D
clip_02307,spk_015,388,CREMA-D
clip_02309,spk_001,218,CREMA-D
clip_02310,spk_021,264,CREMA-D
clip_02312,spk_028,472,CREMA-D
clip_02313,spk_018,1197,TESS
clip_02314,spk_043,256,CREMA-D
clip_02317,spk_025,1495,TESS
clip_02318,spk_001,218,CREMA-D
clip_02319,spk_026,1537,TESS
clip_02320,spk_043,256,CREMA-D
clip_02321,spk_018,1197,TESS
clip_02322,spk_025,1495,TESS
clip_02323,spk_088,186,CREMA-D
clip_02324,spk_028,472,CREMA-D
clip_02326,spk_088,186,CREMA-D
clip_02327,spk_028,472,CREMA-D
clip_02328,spk_038,198,CREMA-D
clip_02329,spk_025,1495,TESS
clip_02330,spk_026,1537,TESS
clip_02331,spk_010,176,CREMA-D
clip_02332,spk_055,125,CREMA-D
clip_02333,spk_085,49,RAVDESS
clip_02334,spk_018,1197,TESS
clip_02335,spk_025,1495,TESS
clip_02336,spk_026,1537,TESS
clip_02337,spk_029,272,CREMA-D
clip_02338,spk_016,13,RAVDESS
clip_02340,spk_088,186,CREMA-D
clip_02341,spk_034,28,RAVDESS
clip_02342,spk_006,58,RAVDESS
clip_02344,spk_026,1537,TESS
clip_02345,spk_025,1495,TESS
clip_02346,spk_025,1495,TESS
clip_02347,spk_043,256,CREMA-D
clip_02348,spk_078,101,CREMA-D
clip_02349,spk_088,186,CREMA-D
clip_02350,spk_026,1537,TESS
clip_02351,spk_060,214,CREMA-D
clip_02352,spk_025,1495,TESS
clip_02353,spk_034,28,RAVDESS
clip_02354,spk_015,388,CREMA-D
clip_02355,spk_028,472,CREMA-D
clip_02356,spk_018,1197,TESS
clip_02357,spk_021,264,CREMA-D
clip_02358,spk_018,1197,TESS
clip_02359,spk_021,264,CREMA-D
clip_02360,spk_026,1537,TESS
clip_02361,spk_021,264,CREMA-D
clip_02362,spk_041,37,RAVDESS
clip_02363,spk_020,71,CREMA-D
clip_02364,spk_026,1537,TESS
clip_02365,spk_025,1495,TESS
clip_02366,spk_051,4,RAVDESS
clip_02367,spk_025,1495,TESS
clip_02368,spk_026,1537,TESS
clip_02370,spk_041,37,RAVDESS
clip_02371,spk_026,1537,TESS
clip_02376,spk_026,1537,TESS
clip_02378,spk_078,101,CREMA-D
clip_02379,spk_025,1495,TESS
clip_02380,spk_025,1495,TESS
clip_02381,spk_025,1495,TESS
clip_02382,spk_025,1495,TESS
clip_02383,spk_026,1537,TESS
clip_02385,spk_041,37,RAVDESS
clip_02386,spk_026,1537,TESS
clip_02388,spk_029,272,CREMA-D
clip_02389,spk_094,457,CREMA-D
clip_02390,spk_021,264,CREMA-D
clip_02393,spk_094,457,CREMA-D
clip_02394,spk_025,1495,TESS
clip_02395,spk_018,1197,TESS
clip_02397,spk_043,256,CREMA-D
clip_02399,spk_025,1495,TESS
clip_02400,spk_025,1495,TESS
clip_02401,spk_026,1537,TESS
clip_02402,spk_038,198,CREMA-D
clip_02403,spk_094,457,CREMA-D
clip_02404,spk_021,264,CREMA-D
clip_02406,spk_001,218,CREMA-D
clip_02408,spk_078,101,CREMA-D
clip_02409,spk_060,214,CREMA-D
clip_02410,spk_060,214,CREMA-D
clip_02411,spk_025,1495,TESS
clip_02412,spk_026,1537,TESS
clip_02414,spk_021,264,CREMA-D
clip_02415,spk_025,1495,TESS
clip_02416,spk_026,1537,TESS
clip_02417,spk_073,2,RAVDESS
clip_02418,spk_002,173,CREMA-D
clip_02420,spk_026,1537,TESS
clip_02421,spk_027,96,CREMA-D
clip_02422,spk_027,96,CREMA-D
clip_02424,spk_043,256,CREMA-D
clip_02425,spk_018,1197,TESS
clip_02426,spk_018,1197,TESS
clip_02427,spk_022,48,RAVDESS
clip_02428,spk_094,457,CREMA-D
clip_02429,spk_028,472,CREMA-D
clip_02430,spk_055,125,CREMA-D
clip_02431,spk_033,32,RAVDESS
clip_02432,spk_018,1197,TESS
clip_02433,spk_085,49,RAVDESS
clip_02434,spk_045,60,RAVDESS
clip_02435,spk_018,1197,TESS
clip_02436,spk_025,1495,TESS
clip_02437,spk_029,272,CREMA-D
clip_02438,spk_094,457,CREMA-D
clip_02439,spk_012,106,CREMA-D
clip_02441,spk_018,1197,TESS
clip_02442,spk_029,272,CREMA-D
clip_02443,spk_026,1537,TESS
clip_02444,spk_015,388,CREMA-D
clip_02445,spk_025,1495,TESS
clip_02446,spk_025,1495,TESS
clip_02448,spk_015,388,CREMA-D
clip_02449,spk_038,198,CREMA-D
clip_02450,spk_039,34,RAVDESS
clip_02451,spk_010,176,CREMA-D
clip_02452,spk_026,1537,TESS
clip_02453,spk_094,457,CREMA-D
clip_02454,spk_093,2,RAVDESS
clip_02455,spk_021,264,CREMA-D
clip_02456,spk_015,388,CREMA-D
clip_02457,spk_018,1197,TESS
clip_02458,spk_021,264,CREMA-D
clip_02460,spk_025,1495,TESS
clip_02461,spk_025,1495,TESS
clip_02462,spk_007,79,CREMA-D
clip_02463,spk_001,218,CREMA-D
clip_02464,spk_038,198,CREMA-D
clip_02465,spk_021,264,CREMA-D
clip_02466,spk_041,37,RAVDESS
clip_02467,spk_026,1537,TESS
clip_02469,spk_018,1197,TESS
clip_02470,spk_025,1495,TESS
clip_02471,spk_025,1495,TESS
clip_02472,spk_038,198,CREMA-D
clip_02473,spk_025,1495,TESS
clip_02474,spk_018,1197,TESS
clip_02475,spk_018,1197,TESS
clip_02476,spk_043,256,CREMA-D
clip_02477,spk_010,176,CREMA-D
clip_02479,spk_075,20,RAVDESS
clip_02480,spk_025,1495,TESS
clip_02481,spk_025,1495,TESS
clip_02482,spk_026,1537,TESS
clip_02483,spk_018,1197,TESS
clip_02485,spk_025,1495,TESS
clip_02486,spk_018,1197,TESS
clip_02487,spk_001,218,CREMA-D
clip_02488,spk_026,1537,TESS
clip_02491,spk_026,1537,TESS
clip_02492,spk_068,29,RAVDESS
clip_02495,spk_026,1537,TESS
clip_02496,spk_009,53,RAVDESS
clip_02497,spk_025,1495,TESS
clip_02500,spk_045,60,RAVDESS
clip_02502,spk_021,264,CREMA-D
clip_02506,spk_080,38,RAVDESS
clip_02507,spk_025,1495,TESS
clip_02508,spk_025,1495,TESS
clip_02510,spk_021,264,CREMA-D
clip_02512,spk_025,1495,TESS
clip_02513,spk_079,12,RAVDESS
clip_02515,spk_026,1537,TESS
clip_02516,spk_015,388,CREMA-D
clip_02518,spk_094,457,CREMA-D
clip_02519,spk_015,388,CREMA-D
clip_02521,spk_025,1495,TESS
clip_02522,spk_029,272,CREMA-D
clip_02523,spk_018,1197,TESS
clip_02524,spk_045,60,RAVDESS
clip_02525,spk_025,1495,TESS
clip_02526,spk_015,388,CREMA-D
clip_02529,spk_025,1495,TESS
clip_02530,spk_018,1197,TESS
clip_02531,spk_006,58,RAVDESS
clip_02532,spk_028,472,CREMA-D
clip_02533,spk_043,256,CREMA-D
clip_02534,spk_078,101,CREMA-D
clip_02535,spk_028,472,CREMA-D
clip_02536,spk_026,1537,TESS
clip_02537,spk_026,1537,TESS
clip_02538,spk_025,1495,TESS
clip_02539,spk_094,457,CREMA-D
clip_02540,spk_002,173,CREMA-D
clip_02541,spk_026,1537,TESS
clip_02542,spk_041,37,RAVDESS
clip_02543,spk_027,96,CREMA-D
clip_02544,spk_025,1495,TESS
clip_02545,spk_026,1537,TESS
clip_02546,spk_060,214,CREMA-D
clip_02547,spk_088,186,CREMA-D
clip_02549,spk_025,1495,TESS
clip_02550,spk_088,186,CREMA-D
clip_02551,spk_078,101,CREMA-D
clip_02552,spk_002,173,CREMA-D
clip_02554,spk_025,1495,TESS
clip_02556,spk_025,1495,TESS
clip_02557,spk_026,1537,TESS
clip_02558,spk_025,1495,TESS
clip_02559,spk_049,23,RAVDESS
clip_02560,spk_015,388,CREMA-D
clip_02561,spk_018,1197,TESS
clip_02562,spk_018,1197,TESS
clip_02563,spk_043,256,CREMA-D
clip_02564,spk_025,1495,TESS
clip_02565,spk_026,1537,TESS
clip_02566,spk_043,256,CREMA-D
clip_02568,spk_028,472,CREMA-D
clip_02569,spk_001,218,CREMA-D
clip_02570,spk_060,214,CREMA-D
clip_02571,spk_025,1495,TESS
clip_02572,spk_094,457,CREMA-D
clip_02573,spk_026,1537,TESS
clip_02574,spk_015,388,CREMA-D
clip_02575,spk_026,1537,TESS
clip_02576,spk_025,1495,TESS
clip_02577,spk_029,272,CREMA-D
clip_02579,spk_060,214,CREMA-D
clip_02580,spk_010,176,CREMA-D
clip_02581,spk_025,1495,TESS
clip_02582,spk_078,101,CREMA-D
clip_02583,spk_025,1495,TESS
clip_02584,spk_001,218,CREMA-D
clip_02585,spk_025,1495,TESS
clip_02586,spk_025,1495,TESS
clip_02587,spk_026,1537,TESS
clip_02588,spk_028,472,CREMA-D
clip_02590,spk_026,1537,TESS
clip_02592,spk_018,1197,TESS
clip_02593,spk_014,23,RAVDESS
clip_02594,spk_005,33,RAVDESS
clip_02595,spk_060,214,CREMA-D
clip_02596,spk_026,1537,TESS
clip_02597,spk_026,1537,TESS
clip_02598,spk_025,1495,TESS
clip_02599,spk_026,1537,TESS
clip_02600,spk_015,388,CREMA-D
clip_02601,spk_029,272,CREMA-D
clip_02602,spk_018,1197,TESS
clip_02603,spk_018,1197,TESS
clip_02604,spk_018,1197,TESS
clip_02605,spk_010,176,CREMA-D
clip_02606,spk_025,1495,TESS
clip_02607,spk_025,1495,TESS
clip_02608,spk_018,1197,TESS
clip_02609,spk_025,1495,TESS
clip_02610,spk_025,1495,TESS
clip_02612,spk_018,1197,TESS
clip_02613,spk_060,214,CREMA-D
clip_02615,spk_018,1197,TESS
clip_02616,spk_028,472,CREMA-D
clip_02618,spk_026,1537,TESS
clip_02619,spk_025,1495,TESS
clip_02621,spk_028,472,CREMA-D
clip_02622,spk_002,173,CREMA-D
clip_02623,spk_010,176,CREMA-D
clip_02624,spk_026,1537,TESS
clip_02625,spk_056,6,RAVDESS
clip_02626,spk_060,214,CREMA-D
clip_02627,spk_026,1537,TESS
clip_02628,spk_015,388,CREMA-D
clip_02629,spk_045,60,RAVDESS
clip_02630,spk_060,214,CREMA-D
clip_02631,spk_038,198,CREMA-D
clip_02632,spk_028,472,CREMA-D
clip_02633,spk_015,388,CREMA-D
clip_02634,spk_055,125,CREMA-D
clip_02635,spk_025,1495,TESS
clip_02636,spk_026,1537,TESS
clip_02637,spk_025,1495,TESS
clip_02638,spk_029,272,CREMA-D
clip_02639,spk_011,96,CREMA-D
clip_02640,spk_002,173,CREMA-D
clip_02641,spk_001,218,CREMA-D
clip_02642,spk_001,218,CREMA-D
clip_02643,spk_012,106,CREMA-D
clip_02646,spk_025,1495,TESS
clip_02647,spk_027,96,CREMA-D
clip_02648,spk_015,388,CREMA-D
clip_02649,spk_001,218,CREMA-D
clip_02650,spk_018,1197,TESS
clip_02651,spk_025,1495,TESS
clip_02653,spk_038,198,CREMA-D
clip_02654,spk_094,457,CREMA-D
clip_02658,spk_034,28,RAVDESS
clip_02659,spk_025,1495,TESS
clip_02660,spk_018,1197,TESS
clip_02661,spk_028,472,CREMA-D
clip_02663,spk_025,1495,TESS
clip_02664,spk_026,1537,TESS
clip_02665,spk_026,1537,TESS
clip_02666,spk_094,457,CREMA-D
clip_02667,spk_018,1197,TESS
clip_02668,spk_025,1495,TESS
clip_02669,spk_026,1537,TESS
clip_02670,spk_055,125,CREMA-D
clip_02671,spk_018,1197,TESS
clip_02672,spk_060,214,CREMA-D
clip_02673,spk_001,218,CREMA-D
clip_02674,spk_018,1197,TESS
clip_02675,spk_025,1495,TESS
clip_02677,spk_060,214,CREMA-D
clip_02678,spk_025,1495,TESS
clip_02679,spk_014,23,RAVDESS
clip_02680,spk_094,457,CREMA-D
clip_02681,spk_018,1197,TESS
clip_02682,spk_018,1197,TESS
clip_02684,spk_079,12,RAVDESS
clip_02685,spk_015,388,CREMA-D
clip_02686,spk_060,214,CREMA-D
clip_02687,spk_002,173,CREMA-D
clip_02688,spk_056,6,RAVDESS
clip_02689,spk_088,186,CREMA-D
clip_02690,spk_094,457,CREMA-D
clip_02691,spk_026,1537,TESS
clip_02692,spk_026,1537,TESS
clip_02693,spk_055,125,CREMA-D
clip_02694,spk_025,1495,TESS
clip_02696,spk_080,38,RAVDESS
clip_02697,spk_055,125,CREMA-D
clip_02699,spk_086,7,RAVDESS
clip_02702,spk_094,457,CREMA-D
clip_02703,spk_026,1537,TESS
clip_02705,spk_025,1495,TESS
clip_02706,spk_025,1495,TESS
clip_02707,spk_001,218,CREMA-D
clip_02708,spk_025,1495,TESS
clip_02709,spk_026,1537,TESS
clip_02710,spk_055,125,CREMA-D
clip_02711,spk_028,472,CREMA-D
clip_02712,spk_025,1495,TESS
clip_02713,spk_039,34,RAVDESS
clip_02714,spk_026,1537,TESS
clip_02715,spk_018,1197,TESS
clip_02716,spk_026,1537,TESS
clip_02717,spk_094,457,CREMA-D
clip_02719,spk_026,1537,TESS
clip_02720,spk_018,1197,TESS
clip_02721,spk_021,264,CREMA-D
clip_02723,spk_094,457,CREMA-D
clip_02725,spk_015,388,CREMA-D
clip_02726,spk_015,388,CREMA-D
clip_02728,spk_018,1197,TESS
clip_02729,spk_045,60,RAVDESS
clip_02730,spk_023,2,RAVDESS
clip_02731,spk_028,472,CREMA-D
clip_02732,spk_025,1495,TESS
clip_02733,spk_025,1495,TESS
clip_02734,spk_025,1495,TESS
clip_02736,spk_026,1537,TESS
clip_02737,spk_028,472,CREMA-D
clip_02738,spk_025,1495,TESS
clip_02739,spk_015,388,CREMA-D
clip_02740,spk_027,96,CREMA-D
clip_02742,spk_026,1537,TESS
clip_02744,spk_021,264,CREMA-D
clip_02745,spk_004,29,RAVDESS
clip_02746,spk_012,106,CREMA-D
clip_02749,spk_010,176,CREMA-D
clip_02751,spk_043,256,CREMA-D
clip_02752,spk_026,1537,TESS
clip_02753,spk_026,1537,TESS
clip_02754,spk_026,1537,TESS
clip_02757,spk_026,1537,TESS
clip_02758,spk_010,176,CREMA-D
clip_02762,spk_010,176,CREMA-D
clip_02763,spk_018,1197,TESS
clip_02764,spk_002,173,CREMA-D
clip_02765,spk_029,272,CREMA-D
clip_02766,spk_043,256,CREMA-D
clip_02767,spk_043,256,CREMA-D
clip_02768,spk_025,1495,TESS
clip_02769,spk_010,176,CREMA-D
clip_02770,spk_012,106,CREMA-D
clip_02771,spk_002,173,CREMA-D
clip_02772,spk_018,1197,TESS
clip_02774,spk_060,214,CREMA-D
clip_02775,spk_028,472,CREMA-D
clip_02776,spk_026,1537,TESS
clip_02777,spk_088,186,CREMA-D
clip_02778,spk_038,198,CREMA-D
clip_02779,spk_015,388,CREMA-D
clip_02780,spk_025,1495,TESS
clip_02781,spk_001,218,CREMA-D
clip_02782,spk_094,457,CREMA-D
clip_02784,spk_025,1495,TESS
clip_02785,spk_028,472,CREMA-D
clip_02787,spk_007,79,CREMA-D
clip_02790,spk_026,1537,TESS
clip_02793,spk_028,472,CREMA-D
clip_02794,spk_043,256,CREMA-D
clip_02795,spk_055,125,CREMA-D
clip_02797,spk_010,176,CREMA-D
clip_02798,spk_028,472,CREMA-D
clip_02799,spk_094,457,CREMA-D
clip_02800,spk_028,472,CREMA-D
clip_02801,spk_018,1197,TESS
clip_02802,spk_094,457,CREMA-D
clip_02803,spk_078,101,CREMA-D
clip_02804,spk_043,256,CREMA-D
clip_02805,spk_094,457,CREMA-D
clip_02807,spk_068,29,RAVDESS
clip_02808,spk_029,272,CREMA-D
clip_02809,spk_024,27,RAVDESS
clip_02812,spk_080,38,RAVDESS
clip_02813,spk_029,272,CREMA-D
clip_02814,spk_026,1537,TESS
clip_02815,spk_001,218,CREMA-D
clip_02816,spk_018,1197,TESS
clip_02817,spk_025,1495,TESS
clip_02818,spk_088,186,CREMA-D
clip_02820,spk_078,101,CREMA-D
clip_02821,spk_028,472,CREMA-D
clip_02822,spk_078,101,CREMA-D
clip_02823,spk_040,19,RAVDESS
clip_02824,spk_018,1197,TESS
clip_02825,spk_018,1197,TESS
clip_02826,spk_026,1537,TESS
clip_02827,spk_046,14,RAVDESS
clip_02828,spk_026,1537,TESS
clip_02829,spk_094,457,CREMA-D
clip_02830,spk_080,38,RAVDESS
clip_02831,spk_088,186,CREMA-D
clip_02834,spk_015,388,CREMA-D
clip_02835,spk_010,176,CREMA-D
clip_02836,spk_025,1495,TESS
clip_02837,spk_026,1537,TESS
clip_02839,spk_001,218,CREMA-D
clip_02840,spk_026,1537,TESS
clip_02841,spk_015,388,CREMA-D
clip_02843,spk_078,101,CREMA-D
clip_02844,spk_026,1537,TESS
clip_02845,spk_029,272,CREMA-D
clip_02846,spk_094,457,CREMA-D
clip_02847,spk_026,1537,TESS
clip_02848,spk_015,388,CREMA-D
clip_02849,spk_028,472,CREMA-D
clip_02850,spk_015,388,CREMA-D
clip_02851,spk_094,457,CREMA-D
clip_02852,spk_060,214,CREMA-D
clip_02853,spk_018,1197,TESS
clip_02854,spk_028,472,CREMA-D
clip_02855,spk_025,1495,TESS
clip_02857,spk_018,1197,TESS
clip_02858,spk_094,457,CREMA-D
clip_02860,spk_094,457,CREMA-D
clip_02861,spk_026,1537,TESS
clip_02862,spk_028,472,CREMA-D
clip_02863,spk_020,71,CREMA-D
clip_02864,spk_025,1495,TESS
clip_02865,spk_018,1197,TESS
clip_02866,spk_025,1495,TESS
clip_02867,spk_018,1197,TESS
clip_02869,spk_055,125,CREMA-D
clip_02870,spk_025,1495,TESS
clip_02871,spk_021,264,CREMA-D
clip_02872,spk_011,96,CREMA-D
clip_02873,spk_018,1197,TESS
clip_02874,spk_094,457,CREMA-D
clip_02875,spk_094,457,CREMA-D
clip_02876,spk_043,256,CREMA-D
clip_02877,spk_002,173,CREMA-D
clip_02878,spk_038,198,CREMA-D
clip_02879,spk_068,29,RAVDESS
clip_02880,spk_026,1537,TESS
clip_02881,spk_026,1537,TESS
clip_02882,spk_025,1495,TESS
clip_02883,spk_047,15,RAVDESS
clip_02884,spk_029,272,CREMA-D
clip_02885,spk_025,1495,TESS
clip_02886,spk_025,1495,TESS
clip_02887,spk_015,388,CREMA-D
clip_02888,spk_026,1537,TESS
clip_02889,spk_018,1197,TESS
clip_02890,spk_055,125,CREMA-D
clip_02891,spk_078,101,CREMA-D
clip_02892,spk_020,71,CREMA-D
clip_02893,spk_028,472,CREMA-D
clip_02894,spk_025,1495,TESS
clip_02895,spk_007,79,CREMA-D
clip_02896,spk_018,1197,TESS
clip_02897,spk_088,186,CREMA-D
clip_02898,spk_015,388,CREMA-D
clip_02899,spk_018,1197,TESS
clip_02900,spk_025,1495,TESS
clip_02901,spk_026,1537,TESS
clip_02902,spk_018,1197,TESS
clip_02904,spk_027,96,CREMA-D
clip_02905,spk_018,1197,TESS
clip_02906,spk_025,1495,TESS
clip_02907,spk_018,1197,TESS
clip_02908,spk_010,176,CREMA-D
clip_02909,spk_001,218,CREMA-D
clip_02910,spk_088,186,CREMA-D
clip_02911,spk_025,1495,TESS
clip_02912,spk_026,1537,TESS
clip_02913,spk_088,186,CREMA-D
clip_02914,spk_025,1495,TESS
clip_02916,spk_018,1197,TESS
clip_02917,spk_026,1537,TESS
clip_02918,spk_002,173,CREMA-D
clip_02920,spk_094,457,CREMA-D
clip_02921,spk_025,1495,TESS
clip_02922,spk_035,8,RAVDESS
clip_02924,spk_038,198,CREMA-D
clip_02925,spk_026,1537,TESS
clip_02927,spk_020,71,CREMA-D
clip_02928,spk_026,1537,TESS
clip_02929,spk_043,256,CREMA-D
clip_02930,spk_028,472,CREMA-D
clip_02933,spk_025,1495,TESS
clip_02934,spk_025,1495,TESS
clip_02936,spk_033,32,RAVDESS
clip_02937,spk_015,388,CREMA-D
clip_02938,spk_024,27,RAVDESS
clip_02939,spk_029,272,CREMA-D
clip_02940,spk_025,1495,TESS
clip_02941,spk_043,256,CREMA-D
clip_02942,spk_094,457,CREMA-D
clip_02943,spk_027,96,CREMA-D
clip_02944,spk_041,37,RAVDESS
clip_02946,spk_015,388,CREMA-D
clip_02948,spk_069,8,RAVDESS
clip_02949,spk_075,20,RAVDESS
clip_02950,spk_094,457,CREMA-D
clip_02951,spk_060,214,CREMA-D
clip_02952,spk_007,79,CREMA-D
clip_02953,spk_018,1197,TESS
clip_02954,spk_020,71,CREMA-D
clip_02955,spk_029,272,CREMA-D
clip_02956,spk_026,1537,TESS
clip_02957,spk_025,1495,TESS
clip_02958,spk_026,1537,TESS
clip_02959,spk_001,218,CREMA-D
clip_02960,spk_026,1537,TESS
clip_02962,spk_028,472,CREMA-D
clip_02963,spk_072,1,RAVDESS
clip_02964,spk_025,1495,TESS
clip_02965,spk_011,96,CREMA-D
clip_02966,spk_018,1197,TESS
clip_02968,spk_018,1197,TESS
clip_02969,spk_014,23,RAVDESS
clip_02970,spk_026,1537,TESS
clip_02971,spk_026,1537,TESS
clip_02972,spk_018,1197,TESS
clip_02974,spk_018,1197,TESS
clip_02975,spk_025,1495,TESS
clip_02976,spk_094,457,CREMA-D
clip_02977,spk_088,186,CREMA-D
clip_02978,spk_025,1495,TESS
clip_02979,spk_026,1537,TESS
clip_02980,spk_018,1197,TESS
clip_02982,spk_038,198,CREMA-D
clip_02983,spk_046,14,RAVDESS
clip_02984,spk_038,198,CREMA-D
clip_02987,spk_028,472,CREMA-D
clip_02988,spk_028,472,CREMA-D
clip_02989,spk_025,1495,TESS
clip_02990,spk_018,1197,TESS
clip_02991,spk_028,472,CREMA-D
clip_02992,spk_060,214,CREMA-D
clip_02994,spk_094,457,CREMA-D
clip_02995,spk_018,1197,TESS
clip_02996,spk_025,1495,TESS
clip_02997,spk_026,1537,TESS
clip_02998,spk_011,96,CREMA-D
clip_02999,spk_025,1495,TESS
clip_03000,spk_026,1537,TESS
clip_03002,spk_018,1197,TESS
clip_03003,spk_018,1197,TESS
clip_03004,spk_021,264,CREMA-D
clip_03005,spk_088,186,CREMA-D
clip_03006,spk_018,1197,TESS
clip_03007,spk_018,1197,TESS
clip_03008,spk_026,1537,TESS
clip_03009,spk_012,106,CREMA-D
clip_03010,spk_012,106,CREMA-D
clip_03012,spk_026,1537,TESS
clip_03013,spk_018,1197,TESS
clip_03014,spk_028,472,CREMA-D
clip_03015,spk_018,1197,TESS
clip_03016,spk_028,472,CREMA-D
clip_03018,spk_043,256,CREMA-D
clip_03020,spk_028,472,CREMA-D
clip_03022,spk_026,1537,TESS
clip_03023,spk_025,1495,TESS
clip_03024,spk_021,264,CREMA-D
clip_03028,spk_018,1197,TESS
clip_03029,spk_018,1197,TESS
clip_03030,spk_068,29,RAVDESS
clip_03032,spk_094,457,CREMA-D
clip_03033,spk_029,272,CREMA-D
clip_03034,spk_018,1197,TESS
clip_03035,spk_018,1197,TESS
clip_03036,spk_060,214,CREMA-D
clip_03037,spk_018,1197,TESS
clip_03038,spk_094,457,CREMA-D
clip_03039,spk_001,218,CREMA-D
clip_03040,spk_001,218,CREMA-D
clip_03042,spk_018,1197,TESS
clip_03043,spk_025,1495,TESS
clip_03044,spk_025,1495,TESS
clip_03046,spk_015,388,CREMA-D
clip_03047,spk_028,472,CREMA-D
clip_03048,spk_026,1537,TESS
clip_03050,spk_026,1537,TESS
clip_03052,spk_094,457,CREMA-D
clip_03053,spk_037,14,RAVDESS
clip_03055,spk_026,1537,TESS
clip_03056,spk_078,101,CREMA-D
clip_03057,spk_018,1197,TESS
clip_03058,spk_067,19,RAVDESS
clip_03060,spk_002,173,CREMA-D
clip_03061,spk_025,1495,TESS
clip_03062,spk_018,1197,TESS
clip_03063,spk_018,1197,TESS
clip_03064,spk_022,48,RAVDESS
clip_03065,spk_043,256,CREMA-D
clip_03067,spk_011,96,CREMA-D
clip_03068,spk_094,457,CREMA-D
clip_03069,spk_002,173,CREMA-D
clip_03070,spk_043,256,CREMA-D
clip_03071,spk_005,33,RAVDESS
clip_03072,spk_028,472,CREMA-D
clip_03073,spk_074,10,RAVDESS
clip_03074,spk_028,472,CREMA-D
clip_03075,spk_021,264,CREMA-D
clip_03076,spk_025,1495,TESS
clip_03077,spk_028,472,CREMA-D
clip_03078,spk_094,457,CREMA-D
clip_03079,spk_002,173,CREMA-D
clip_03081,spk_026,1537,TESS
clip_03082,spk_027,96,CREMA-D
clip_03083,spk_009,53,RAVDESS
clip_03084,spk_025,1495,TESS
clip_03085,spk_094,457,CREMA-D
clip_03086,spk_076,10,RAVDESS
clip_03087,spk_015,388,CREMA-D
clip_03088,spk_025,1495,TESS
clip_03090,spk_026,1537,TESS
clip_03093,spk_026,1537,TESS
clip_03094,spk_025,1495,TESS
clip_03095,spk_007,79,CREMA-D
clip_03097,spk_026,1537,TESS
clip_03099,spk_018,1197,TESS
clip_03101,spk_005,33,RAVDESS
clip_03102,spk_043,256,CREMA-D
clip_03103,spk_026,1537,TESS
clip_03104,spk_021,264,CREMA-D
clip_03105,spk_029,272,CREMA-D
clip_03106,spk_025,1495,TESS
clip_03108,spk_025,1495,TESS
clip_03109,spk_018,1197,TESS
clip_03110,spk_025,1495,TESS
clip_03111,spk_025,1495,TESS
clip_03112,spk_010,176,CREMA-D
clip_03113,spk_025,1495,TESS
clip_03114,spk_018,1197,TESS
clip_03116,spk_001,218,CREMA-D
clip_03117,spk_018,1197,TESS
clip_03118,spk_021,264,CREMA-D
clip_03120,spk_055,125,CREMA-D
clip_03123,spk_025,1495,TESS
clip_03125,spk_010,176,CREMA-D
clip_03126,spk_025,1495,TESS
clip_03127,spk_028,472,CREMA-D
clip_03128,spk_025,1495,TESS
clip_03129,spk_021,264,CREMA-D
clip_03130,spk_026,1537,TESS
clip_03131,spk_018,1197,TESS
clip_03132,spk_020,71,CREMA-D
clip_03133,spk_026,1537,TESS
clip_03135,spk_026,1537,TESS
clip_03136,spk_026,1537,TESS
clip_03137,spk_001,218,CREMA-D
clip_03138,spk_078,101,CREMA-D
clip_03139,spk_002,173,CREMA-D
clip_03140,spk_025,1495,TESS
clip_03141,spk_026,1537,TESS
clip_03142,spk_015,388,CREMA-D
clip_03143,spk_018,1197,TESS
clip_03144,spk_012,106,CREMA-D
clip_03145,spk_026,1537,TESS
clip_03147,spk_025,1495,TESS
clip_03148,spk_025,1495,TESS
clip_03149,spk_030,6,RAVDESS
clip_03152,spk_028,472,CREMA-D
clip_03153,spk_005,33,RAVDESS
clip_03154,spk_060,214,CREMA-D
clip_03155,spk_025,1495,TESS
clip_03156,spk_025,1495,TESS
clip_03157,spk_026,1537,TESS
clip_03158,spk_074,10,RAVDESS
clip_03160,spk_026,1537,TESS
clip_03161,spk_029,272,CREMA-D
clip_03162,spk_094,457,CREMA-D
clip_03164,spk_028,472,CREMA-D
clip_03165,spk_085,49,RAVDESS
clip_03166,spk_026,1537,TESS
clip_03167,spk_088,186,CREMA-D
clip_03168,spk_010,176,CREMA-D
clip_03169,spk_094,457,CREMA-D
clip_03170,spk_026,1537,TESS
clip_03171,spk_018,1197,TESS
clip_03173,spk_026,1537,TESS
clip_03174,spk_055,125,CREMA-D
clip_03175,spk_060,214,CREMA-D
clip_03176,spk_012,106,CREMA-D
clip_03177,spk_026,1537,TESS
clip_03178,spk_026,1537,TESS
clip_03180,spk_078,101,CREMA-D
clip_03181,spk_018,1197,TESS
clip_03182,spk_038,198,CREMA-D
clip_03183,spk_025,1495,TESS
clip_03184,spk_018,1197,TESS
clip_03185,spk_060,214,CREMA-D
clip_03187,spk_094,457,CREMA-D
clip_03188,spk_028,472,CREMA-D
clip_03190,spk_028,472,CREMA-D
clip_03191,spk_094,457,CREMA-D
clip_03192,spk_094,457,CREMA-D
clip_03193,spk_038,198,CREMA-D
clip_03194,spk_021,264,CREMA-D
clip_03196,spk_010,176,CREMA-D
clip_03197,spk_088,186,CREMA-D
clip_03198,spk_015,388,CREMA-D
clip_03200,spk_025,1495,TESS
clip_03201,spk_018,1197,TESS
clip_03202,spk_018,1197,TESS
clip_03203,spk_001,218,CREMA-D
clip_03205,spk_029,272,CREMA-D
clip_03206,spk_015,388,CREMA-D
clip_03207,spk_045,60,RAVDESS
clip_03208,spk_025,1495,TESS
clip_03209,spk_094,457,CREMA-D
clip_03210,spk_018,1197,TESS
clip_03211,spk_021,264,CREMA-D
clip_03212,spk_033,32,RAVDESS
clip_03213,spk_026,1537,TESS
clip_03214,spk_012,106,CREMA-D
clip_03215,spk_026,1537,TESS
clip_03216,spk_026,1537,TESS
clip_03217,spk_034,28,RAVDESS
clip_03218,spk_026,1537,TESS
clip_03219,spk_028,472,CREMA-D
clip_03220,spk_050,11,RAVDESS
clip_03221,spk_021,264,CREMA-D
clip_03222,spk_094,457,CREMA-D
clip_03223,spk_021,264,CREMA-D
clip_03224,spk_088,186,CREMA-D
clip_03226,spk_060,214,CREMA-D
clip_03227,spk_094,457,CREMA-D
clip_03228,spk_025,1495,TESS
clip_03229,spk_057,16,RAVDESS
clip_03230,spk_018,1197,TESS
clip_03231,spk_012,106,CREMA-D
clip_03232,spk_055,125,CREMA-D
clip_03234,spk_029,272,CREMA-D
clip_03235,spk_004,29,RAVDESS
clip_03236,spk_021,264,CREMA-D
clip_03238,spk_015,388,CREMA-D
clip_03239,spk_025,1495,TESS
clip_03240,spk_025,1495,TESS
clip_03242,spk_025,1495,TESS
clip_03243,spk_018,1197,TESS
clip_03244,spk_026,1537,TESS
clip_03245,spk_057,16,RAVDESS
clip_03246,spk_001,218,CREMA-D
clip_03247,spk_018,1197,TESS
clip_03248,spk_002,173,CREMA-D
clip_03249,spk_094,457,CREMA-D
clip_03250,spk_025,1495,TESS
clip_03251,spk_017,19,RAVDESS
clip_03252,spk_042,6,RAVDESS
clip_03254,spk_094,457,CREMA-D
clip_03255,spk_018,1197,TESS
clip_03256,spk_018,1197,TESS
clip_03257,spk_026,1537,TESS
clip_03259,spk_018,1197,TESS
clip_03260,spk_028,472,CREMA-D
clip_03261,spk_026,1537,TESS
clip_03262,spk_018,1197,TESS
clip_03263,spk_038,198,CREMA-D
clip_03265,spk_057,16,RAVDESS
clip_03266,spk_026,1537,TESS
clip_03267,spk_021,264,CREMA-D
clip_03270,spk_026,1537,TESS
clip_03271,spk_018,1197,TESS
clip_03272,spk_025,1495,TESS
clip_03276,spk_045,60,RAVDESS
clip_03277,spk_029,272,CREMA-D
clip_03278,spk_094,457,CREMA-D
clip_03279,spk_018,1197,TESS
clip_03280,spk_015,388,CREMA-D
clip_03281,spk_012,106,CREMA-D
clip_03282,spk_012,106,CREMA-D
clip_03283,spk_026,1537,TESS
clip_03284,spk_031,9,RAVDESS
clip_03285,spk_001,218,CREMA-D
clip_03286,spk_026,1537,TESS
clip_03287,spk_025,1495,TESS
clip_03289,spk_008,17,RAVDESS
clip_03290,spk_015,388,CREMA-D
clip_03291,spk_018,1197,TESS
clip_03292,spk_011,96,CREMA-D
clip_03294,spk_034,28,RAVDESS
clip_03295,spk_025,1495,TESS
clip_03296,spk_001,218,CREMA-D
clip_03297,spk_026,1537,TESS
clip_03298,spk_028,472,CREMA-D
clip_03300,spk_018,1197,TESS
clip_03301,spk_026,1537,TESS
clip_03302,spk_011,96,CREMA-D
clip_03303,spk_018,1197,TESS
clip_03304,spk_025,1495,TESS
clip_03305,spk_018,1197,TESS
clip_03307,spk_094,457,CREMA-D
clip_03310,spk_018,1197,TESS
clip_03311,spk_018,1197,TESS
clip_03315,spk_027,96,CREMA-D
clip_03317,spk_018,1197,TESS
clip_03318,spk_018,1197,TESS
clip_03320,spk_060,214,CREMA-D
clip_03321,spk_012,106,CREMA-D
clip_03322,spk_018,1197,TESS
clip_03323,spk_018,1197,TESS
clip_03324,spk_018,1197,TESS
clip_03325,spk_029,272,CREMA-D
clip_03327,spk_018,1197,TESS
clip_03328,spk_021,264,CREMA-D
clip_03329,spk_025,1495,TESS
clip_03330,spk_088,186,CREMA-D
clip_03331,spk_025,1495,TESS
clip_03332,spk_025,1495,TESS
clip_03333,spk_015,388,CREMA-D
clip_03334,spk_038,198,CREMA-D
clip_03335,spk_055,125,CREMA-D
clip_03337,spk_015,388,CREMA-D
clip_03339,spk_055,125,CREMA-D
clip_03340,spk_043,256,CREMA-D
clip_03341,spk_002,173,CREMA-D
clip_03342,spk_018,1197,TESS
clip_03343,spk_015,388,CREMA-D
clip_03344,spk_026,1537,TESS
clip_03345,spk_043,256,CREMA-D
clip_03346,spk_010,176,CREMA-D
clip_03347,spk_010,176,CREMA-D
clip_03348,spk_009,53,RAVDESS
clip_03349,spk_025,1495,TESS
clip_03350,spk_025,1495,TESS
clip_03351,spk_028,472,CREMA-D
clip_03352,spk_001,218,CREMA-D
clip_03353,spk_094,457,CREMA-D
clip_03354,spk_038,198,CREMA-D
clip_03355,spk_025,1495,TESS
clip_03356,spk_018,1197,TESS
clip_03357,spk_001,218,CREMA-D
clip_03358,spk_055,125,CREMA-D
clip_03359,spk_046,14,RAVDESS
clip_03361,spk_060,214,CREMA-D
clip_03362,spk_060,214,CREMA-D
clip_03363,spk_025,1495,TESS
clip_03364,spk_026,1537,TESS
clip_03365,spk_021,264,CREMA-D
clip_03366,spk_029,272,CREMA-D
clip_03367,spk_028,472,CREMA-D
clip_03369,spk_020,71,CREMA-D
clip_03370,spk_026,1537,TESS
clip_03371,spk_002,173,CREMA-D
clip_03372,spk_027,96,CREMA-D
clip_03373,spk_025,1495,TESS
clip_03374,spk_011,96,CREMA-D
clip_03376,spk_025,1495,TESS
clip_03377,spk_026,1537,TESS
clip_03378,spk_055,125,CREMA-D
clip_03379,spk_025,1495,TESS
clip_03380,spk_025,1495,TESS
clip_03381,spk_001,218,CREMA-D
clip_03382,spk_061,6,RAVDESS
clip_03383,spk_018,1197,TESS
clip_03384,spk_026,1537,TESS
clip_03385,spk_026,1537,TESS
clip_03386,spk_011,96,CREMA-D
clip_03389,spk_026,1537,TESS
clip_03390,spk_025,1495,TESS
clip_03391,spk_025,1495,TESS
clip_03392,spk_018,1197,TESS
clip_03393,spk_025,1495,TESS
clip_03394,spk_029,272,CREMA-D
clip_03396,spk_025,1495,TESS
clip_03397,spk_033,32,RAVDESS
clip_03398,spk_010,176,CREMA-D
clip_03399,spk_018,1197,TESS
clip_03401,spk_029,272,CREMA-D
clip_03402,spk_026,1537,TESS
clip_03403,spk_094,457,CREMA-D
clip_03405,spk_029,272,CREMA-D
clip_03406,spk_029,272,CREMA-D
clip_03407,spk_018,1197,TESS
clip_03408,spk_002,173,CREMA-D
clip_03409,spk_025,1495,TESS
clip_03410,spk_029,272,CREMA-D
clip_03411,spk_041,37,RAVDESS
clip_03412,spk_043,256,CREMA-D
clip_03413,spk_028,472,CREMA-D
clip_03415,spk_085,49,RAVDESS
clip_03416,spk_018,1197,TESS
clip_03418,spk_026,1537,TESS
clip_03419,spk_088,186,CREMA-D
clip_03420,spk_025,1495,TESS
clip_03421,spk_018,1197,TESS
clip_03422,spk_060,214,CREMA-D
clip_03423,spk_000,6,RAVDESS
clip_03425,spk_038,198,CREMA-D
clip_03426,spk_021,264,CREMA-D
clip_03427,spk_015,388,CREMA-D
clip_03428,spk_021,264,CREMA-D
clip_03429,spk_018,1197,TESS
clip_03430,spk_025,1495,TESS
clip_03432,spk_025,1495,TESS
clip_03433,spk_026,1537,TESS
clip_03434,spk_015,388,CREMA-D
clip_03435,spk_015,388,CREMA-D
clip_03436,spk_038,198,CREMA-D
clip_03437,spk_094,457,CREMA-D
clip_03438,spk_028,472,CREMA-D
clip_03439,spk_004,29,RAVDESS
clip_03440,spk_005,33,RAVDESS
clip_03441,spk_052,7,RAVDESS
clip_03442,spk_015,388,CREMA-D
clip_03445,spk_026,1537,TESS
clip_03446,spk_029,272,CREMA-D
clip_03447,spk_028,472,CREMA-D
clip_03448,spk_033,32,RAVDESS
clip_03449,spk_043,256,CREMA-D
clip_03451,spk_018,1197,TESS
clip_03452,spk_088,186,CREMA-D
clip_03454,spk_094,457,CREMA-D
clip_03455,spk_025,1495,TESS
clip_03456,spk_018,1197,TESS
clip_03457,spk_028,472,CREMA-D
clip_03459,spk_025,1495,TESS
clip_03460,spk_088,186,CREMA-D
clip_03461,spk_080,38,RAVDESS
clip_03462,spk_015,388,CREMA-D
clip_03463,spk_025,1495,TESS
clip_03464,spk_025,1495,TESS
clip_03465,spk_018,1197,TESS
clip_03466,spk_007,79,CREMA-D
clip_03468,spk_026,1537,TESS
clip_03471,spk_025,1495,TESS
clip_03472,spk_026,1537,TESS
clip_03473,spk_018,1197,TESS
clip_03474,spk_021,264,CREMA-D
clip_03475,spk_001,218,CREMA-D
clip_03477,spk_025,1495,TESS
clip_03479,spk_026,1537,TESS
clip_03480,spk_021,264,CREMA-D
clip_03481,spk_028,472,CREMA-D
clip_03482,spk_025,1495,TESS
clip_03483,spk_080,38,RAVDESS
clip_03484,spk_026,1537,TESS
clip_03485,spk_026,1537,TESS
clip_03486,spk_026,1537,TESS
clip_03487,spk_028,472,CREMA-D
clip_03488,spk_018,1197,TESS
clip_03489,spk_025,1495,TESS
clip_03490,spk_038,198,CREMA-D
clip_03491,spk_026,1537,TESS
clip_03493,spk_055,125,CREMA-D
clip_03494,spk_025,1495,TESS
clip_03496,spk_007,79,CREMA-D
clip_03497,spk_088,186,CREMA-D
clip_03498,spk_094,457,CREMA-D
clip_03499,spk_018,1197,TESS
clip_03500,spk_015,388,CREMA-D
clip_03501,spk_026,1537,TESS
clip_03502,spk_025,1495,TESS
clip_03504,spk_018,1197,TESS
clip_03505,spk_018,1197,TESS
clip_03506,spk_018,1197,TESS
clip_03507,spk_078,101,CREMA-D
clip_03508,spk_018,1197,TESS
clip_03509,spk_026,1537,TESS
clip_03510,spk_038,198,CREMA-D
clip_03511,spk_018,1197,TESS
clip_03512,spk_064,2,RAVDESS
clip_03513,spk_026,1537,TESS
clip_03514,spk_002,173,CREMA-D
clip_03515,spk_025,1495,TESS
clip_03516,spk_026,1537,TESS
clip_03517,spk_015,388,CREMA-D
clip_03518,spk_060,214,CREMA-D
clip_03519,spk_025,1495,TESS
clip_03520,spk_026,1537,TESS
clip_03521,spk_026,1537,TESS
clip_03523,spk_026,1537,TESS
clip_03524,spk_094,457,CREMA-D
clip_03525,spk_025,1495,TESS
clip_03526,spk_001,218,CREMA-D
clip_03528,spk_027,96,CREMA-D
clip_03529,spk_029,272,CREMA-D
clip_03530,spk_026,1537,TESS
clip_03532,spk_026,1537,TESS
clip_03533,spk_025,1495,TESS
clip_03534,spk_026,1537,TESS
clip_03535,spk_018,1197,TESS
clip_03536,spk_094,457,CREMA-D
clip_03538,spk_043,256,CREMA-D
clip_03539,spk_029,272,CREMA-D
clip_03540,spk_026,1537,TESS
clip_03541,spk_025,1495,TESS
clip_03542,spk_018,1197,TESS
clip_03543,spk_015,388,CREMA-D
clip_03544,spk_028,472,CREMA-D
clip_03545,spk_022,48,RAVDESS
clip_03546,spk_020,71,CREMA-D
clip_03547,spk_088,186,CREMA-D
clip_03548,spk_018,1197,TESS
clip_03549,spk_026,1537,TESS
clip_03550,spk_027,96,CREMA-D
clip_03551,spk_026,1537,TESS
clip_03553,spk_026,1537,TESS
clip_03554,spk_028,472,CREMA-D
clip_03555,spk_094,457,CREMA-D
clip_03557,spk_015,388,CREMA-D
clip_03558,spk_028,472,CREMA-D
clip_03560,spk_018,1197,TESS
clip_03561,spk_026,1537,TESS
clip_03563,spk_018,1197,TESS
clip_03564,spk_022,48,RAVDESS
clip_03565,spk_002,173,CREMA-D
clip_03568,spk_026,1537,TESS
clip_03569,spk_029,272,CREMA-D
clip_03570,spk_025,1495,TESS
clip_03571,spk_015,388,CREMA-D
clip_03572,spk_012,106,CREMA-D
clip_03573,spk_018,1197,TESS
clip_03574,spk_028,472,CREMA-D
clip_03575,spk_015,388,CREMA-D
clip_03576,spk_028,472,CREMA-D
clip_03579,spk_018,1197,TESS
clip_03580,spk_043,256,CREMA-D
clip_03581,spk_026,1537,TESS
clip_03583,spk_027,96,CREMA-D
clip_03584,spk_038,198,CREMA-D
clip_03585,spk_060,214,CREMA-D
clip_03586,spk_025,1495,TESS
clip_03587,spk_026,1537,TESS
clip_03588,spk_026,1537,TESS
clip_03589,spk_018,1197,TESS
clip_03590,spk_025,1495,TESS
clip_03591,spk_012,106,CREMA-D
clip_03592,spk_018,1197,TESS
clip_03594,spk_043,256,CREMA-D
clip_03595,spk_078,101,CREMA-D
clip_03596,spk_025,1495,TESS
clip_03597,spk_025,1495,TESS
clip_03598,spk_078,101,CREMA-D
clip_03599,spk_026,1537,TESS
clip_03600,spk_028,472,CREMA-D
clip_03601,spk_060,214,CREMA-D
clip_03602,spk_027,96,CREMA-D
clip_03605,spk_043,256,CREMA-D
clip_03607,spk_026,1537,TESS
clip_03608,spk_026,1537,TESS
clip_03610,spk_025,1495,TESS
clip_03611,spk_026,1537,TESS
clip_03612,spk_026,1537,TESS
clip_03613,spk_021,264,CREMA-D
clip_03614,spk_029,272,CREMA-D
clip_03615,spk_025,1495,TESS
clip_03617,spk_028,472,CREMA-D
clip_03618,spk_068,29,RAVDESS
clip_03619,spk_025,1495,TESS
clip_03620,spk_002,173,CREMA-D
clip_03622,spk_029,272,CREMA-D
clip_03623,spk_043,256,CREMA-D
clip_03624,spk_026,1537,TESS
clip_03625,spk_043,256,CREMA-D
clip_03626,spk_025,1495,TESS
clip_03627,spk_088,186,CREMA-D
clip_03628,spk_025,1495,TESS
clip_03629,spk_001,218,CREMA-D
clip_03631,spk_043,256,CREMA-D
clip_03632,spk_055,125,CREMA-D
clip_03633,spk_060,214,CREMA-D
clip_03634,spk_068,29,RAVDESS
clip_03635,spk_004,29,RAVDESS
clip_03636,spk_018,1197,TESS
clip_03637,spk_041,37,RAVDESS
clip_03638,spk_025,1495,TESS
clip_03639,spk_094,457,CREMA-D
clip_03640,spk_012,106,CREMA-D
clip_03641,spk_045,60,RAVDESS
clip_03642,spk_078,101,CREMA-D
clip_03643,spk_001,218,CREMA-D
clip_03644,spk_018,1197,TESS
clip_03645,spk_045,60,RAVDESS
clip_03646,spk_088,186,CREMA-D
clip_03647,spk_026,1537,TESS
clip_03648,spk_018,1197,TESS
clip_03649,spk_026,1537,TESS
clip_03650,spk_015,388,CREMA-D
clip_03652,spk_018,1197,TESS
clip_03653,spk_015,388,CREMA-D
clip_03654,spk_026,1537,TESS
clip_03655,spk_040,19,RAVDESS
clip_03657,spk_055,125,CREMA-D
clip_03658,spk_026,1537,TESS
clip_03659,spk_043,256,CREMA-D
clip_03660,spk_040,19,RAVDESS
clip_03661,spk_078,101,CREMA-D
clip_03662,spk_078,101,CREMA-D
clip_03663,spk_028,472,CREMA-D
clip_03664,spk_001,218,CREMA-D
clip_03666,spk_026,1537,TESS
clip_03667,spk_027,96,CREMA-D
clip_03669,spk_026,1537,TESS
clip_03670,spk_038,198,CREMA-D
clip_03672,spk_044,6,RAVDESS
clip_03673,spk_078,101,CREMA-D
clip_03674,spk_021,264,CREMA-D
clip_03675,spk_018,1197,TESS
clip_03676,spk_026,1537,TESS
clip_03677,spk_018,1197,TESS
clip_03678,spk_018,1197,TESS
clip_03680,spk_018,1197,TESS
clip_03681,spk_025,1495,TESS
clip_03683,spk_022,48,RAVDESS
clip_03684,spk_094,457,CREMA-D
clip_03685,spk_029,272,CREMA-D
clip_03686,spk_018,1197,TESS
clip_03687,spk_026,1537,TESS
clip_03688,spk_038,198,CREMA-D
clip_03689,spk_045,60,RAVDESS
clip_03692,spk_026,1537,TESS
clip_03693,spk_025,1495,TESS
clip_03695,spk_032,13,RAVDESS
clip_03697,spk_001,218,CREMA-D
clip_03698,spk_026,1537,TESS
clip_03699,spk_088,186,CREMA-D
clip_03700,spk_025,1495,TESS
clip_03701,spk_025,1495,TESS
clip_03704,spk_026,1537,TESS
clip_03705,spk_021,264,CREMA-D
clip_03706,spk_025,1495,TESS
clip_03707,spk_039,34,RAVDESS
clip_03709,spk_025,1495,TESS
clip_03710,spk_029,272,CREMA-D
clip_03711,spk_060,214,CREMA-D
clip_03712,spk_094,457,CREMA-D
clip_03713,spk_027,96,CREMA-D
clip_03714,spk_025,1495,TESS
clip_03715,spk_026,1537,TESS
clip_03716,spk_025,1495,TESS
clip_03717,spk_018,1197,TESS
clip_03718,spk_043,256,CREMA-D
clip_03719,spk_026,1537,TESS
clip_03720,spk_020,71,CREMA-D
clip_03721,spk_015,388,CREMA-D
clip_03722,spk_026,1537,TESS
clip_03723,spk_002,173,CREMA-D
clip_03724,spk_029,272,CREMA-D
clip_03725,spk_045,60,RAVDESS
clip_03726,spk_026,1537,TESS
clip_03727,spk_078,101,CREMA-D
clip_03728,spk_026,1537,TESS
clip_03729,spk_026,1537,TESS
clip_03730,spk_015,388,CREMA-D
clip_03731,spk_025,1495,TESS
clip_03732,spk_021,264,CREMA-D
clip_03733,spk_094,457,CREMA-D
clip_03734,spk_026,1537,TESS
clip_03735,spk_026,1537,TESS
clip_03736,spk_094,457,CREMA-D
clip_03737,spk_026,1537,TESS
clip_03738,spk_005,33,RAVDESS
clip_03740,spk_025,1495,TESS
clip_03741,spk_026,1537,TESS
clip_03742,spk_026,1537,TESS
clip_03743,spk_026,1537,TESS
clip_03744,spk_018,1197,TESS
clip_03745,spk_062,4,RAVDESS
clip_03747,spk_025,1495,TESS
clip_03748,spk_026,1537,TESS
clip_03750,spk_026,1537,TESS
clip_03751,spk_028,472,CREMA-D
clip_03752,spk_015,388,CREMA-D
clip_03753,spk_042,6,RAVDESS
clip_03754,spk_015,388,CREMA-D
clip_03755,spk_018,1197,TESS
clip_03756,spk_094,457,CREMA-D
clip_03757,spk_074,10,RAVDESS
clip_03758,spk_015,388,CREMA-D
clip_03761,spk_043,256,CREMA-D
clip_03764,spk_080,38,RAVDESS
clip_03765,spk_029,272,CREMA-D
clip_03766,spk_026,1537,TESS
clip_03767,spk_025,1495,TESS
clip_03768,spk_026,1537,TESS
clip_03769,spk_021,264,CREMA-D
clip_03770,spk_038,198,CREMA-D
clip_03771,spk_028,472,CREMA-D
clip_03773,spk_060,214,CREMA-D
clip_03775,spk_015,388,CREMA-D
clip_03777,spk_026,1537,TESS
clip_03778,spk_002,173,CREMA-D
clip_03779,spk_060,214,CREMA-D
clip_03781,spk_043,256,CREMA-D
clip_03782,spk_018,1197,TESS
clip_03783,spk_018,1197,TESS
clip_03784,spk_015,388,CREMA-D
clip_03785,spk_025,1495,TESS
clip_03786,spk_021,264,CREMA-D
clip_03787,spk_005,33,RAVDESS
clip_03788,spk_074,10,RAVDESS
clip_03790,spk_026,1537,TESS
clip_03791,spk_025,1495,TESS
clip_03792,spk_015,388,CREMA-D
clip_03793,spk_026,1537,TESS
clip_03794,spk_063,3,RAVDESS
clip_03795,spk_001,218,CREMA-D
clip_03796,spk_026,1537,TESS
clip_03797,spk_028,472,CREMA-D
clip_03799,spk_015,388,CREMA-D
clip_03800,spk_043,256,CREMA-D
clip_03801,spk_026,1537,TESS
clip_03802,spk_043,256,CREMA-D
clip_03803,spk_026,1537,TESS
clip_03804,spk_018,1197,TESS
clip_03805,spk_025,1495,TESS
clip_03806,spk_015,388,CREMA-D
clip_03807,spk_026,1537,TESS
clip_03810,spk_018,1197,TESS
clip_03811,spk_055,125,CREMA-D
clip_03812,spk_026,1537,TESS
clip_03813,spk_018,1197,TESS
clip_03814,spk_028,472,CREMA-D
clip_03815,spk_025,1495,TESS
clip_03816,spk_018,1197,TESS
clip_03817,spk_028,472,CREMA-D
clip_03818,spk_038,198,CREMA-D
clip_03819,spk_043,256,CREMA-D
clip_03820,spk_018,1197,TESS
clip_03821,spk_017,19,RAVDESS
clip_03822,spk_015,388,CREMA-D
clip_03823,spk_026,1537,TESS
clip_03824,spk_094,457,CREMA-D
clip_03825,spk_043,256,CREMA-D
clip_03826,spk_025,1495,TESS
clip_03827,spk_001,218,CREMA-D
clip_03828,spk_026,1537,TESS
clip_03829,spk_018,1197,TESS
clip_03830,spk_068,29,RAVDESS
clip_03831,spk_043,256,CREMA-D
clip_03833,spk_043,256,CREMA-D
clip_03834,spk_002,173,CREMA-D
clip_03835,spk_026,1537,TESS
clip_03836,spk_009,53,RAVDESS
clip_03837,spk_094,457,CREMA-D
clip_03839,spk_060,214,CREMA-D
clip_03840,spk_018,1197,TESS
clip_03843,spk_018,1197,TESS
clip_03845,spk_026,1537,TESS
clip_03846,spk_018,1197,TESS
clip_03847,spk_018,1197,TESS
clip_03848,spk_025,1495,TESS
clip_03849,spk_021,264,CREMA-D
clip_03851,spk_018,1197,TESS
clip_03852,spk_025,1495,TESS
clip_03853,spk_009,53,RAVDESS
clip_03854,spk_012,106,CREMA-D
clip_03855,spk_026,1537,TESS
clip_03856,spk_025,1495,TESS
clip_03857,spk_028,472,CREMA-D
clip_03858,spk_029,272,CREMA-D
clip_03859,spk_018,1197,TESS
clip_03860,spk_029,272,CREMA-D
clip_03861,spk_026,1537,TESS
clip_03862,spk_025,1495,TESS
clip_03863,spk_018,1197,TESS
clip_03864,spk_012,106,CREMA-D
clip_03866,spk_094,457,CREMA-D
clip_03867,spk_006,58,RAVDESS
clip_03868,spk_015,388,CREMA-D
clip_03869,spk_025,1495,TESS
clip_03871,spk_015,388,CREMA-D
clip_03872,spk_018,1197,TESS
clip_03873,spk_025,1495,TESS
clip_03874,spk_002,173,CREMA-D
clip_03875,spk_021,264,CREMA-D
clip_03876,spk_045,60,RAVDESS
clip_03878,spk_012,106,CREMA-D
clip_03880,spk_025,1495,TESS
clip_03881,spk_026,1537,TESS
clip_03882,spk_025,1495,TESS
clip_03884,spk_026,1537,TESS
clip_03887,spk_025,1495,TESS
clip_03888,spk_025,1495,TESS
clip_03891,spk_025,1495,TESS
clip_03892,spk_088,186,CREMA-D
clip_03893,spk_015,388,CREMA-D
clip_03894,spk_001,218,CREMA-D
clip_03895,spk_038,198,CREMA-D
clip_03897,spk_026,1537,TESS
clip_03898,spk_002,173,CREMA-D
clip_03899,spk_025,1495,TESS
clip_03901,spk_001,218,CREMA-D
clip_03902,spk_011,96,CREMA-D
clip_03903,spk_029,272,CREMA-D
clip_03904,spk_021,264,CREMA-D
clip_03905,spk_049,23,RAVDESS
clip_03906,spk_020,71,CREMA-D
clip_03907,spk_021,264,CREMA-D
clip_03908,spk_018,1197,TESS
clip_03909,spk_025,1495,TESS
clip_03910,spk_038,198,CREMA-D
clip_03911,spk_055,125,CREMA-D
clip_03912,spk_005,33,RAVDESS
clip_03913,spk_094,457,CREMA-D
clip_03914,spk_007,79,CREMA-D
clip_03915,spk_026,1537,TESS
clip_03916,spk_011,96,CREMA-D
clip_03917,spk_028,472,CREMA-D
clip_03918,spk_018,1197,TESS
clip_03919,spk_026,1537,TESS
clip_03920,spk_026,1537,TESS
clip_03921,spk_010,176,CREMA-D
clip_03922,spk_004,29,RAVDESS
clip_03923,spk_026,1537,TESS
clip_03924,spk_015,388,CREMA-D
clip_03925,spk_025,1495,TESS
clip_03926,spk_025,1495,TESS
clip_03927,spk_028,472,CREMA-D
clip_03928,spk_020,71,CREMA-D
clip_03929,spk_038,198,CREMA-D
clip_03930,spk_095,2,RAVDESS
clip_03931,spk_001,218,CREMA-D
clip_03932,spk_010,176,CREMA-D
clip_03933,spk_094,457,CREMA-D
clip_03934,spk_038,198,CREMA-D
clip_03935,spk_015,388,CREMA-D
clip_03936,spk_029,272,CREMA-D
clip_03937,spk_010,176,CREMA-D
clip_03938,spk_085,49,RAVDESS
clip_03940,spk_043,256,CREMA-D
clip_03941,spk_038,198,CREMA-D
clip_03942,spk_038,198,CREMA-D
clip_03943,spk_026,1537,TESS
clip_03944,spk_018,1197,TESS
clip_03945,spk_027,96,CREMA-D
clip_03947,spk_026,1537,TESS
clip_03948,spk_060,214,CREMA-D
clip_03949,spk_028,472,CREMA-D
clip_03950,spk_026,1537,TESS
clip_03952,spk_038,198,CREMA-D
clip_03953,spk_004,29,RAVDESS
clip_03954,spk_011,96,CREMA-D
clip_03955,spk_026,1537,TESS
clip_03956,spk_026,1537,TESS
clip_03957,spk_026,1537,TESS
clip_03958,spk_018,1197,TESS
clip_03960,spk_041,37,RAVDESS
clip_03961,spk_029,272,CREMA-D
clip_03962,spk_026,1537,TESS
clip_03963,spk_018,1197,TESS
clip_03964,spk_028,472,CREMA-D
clip_03970,spk_015,388,CREMA-D
clip_03971,spk_094,457,CREMA-D
clip_03972,spk_018,1197,TESS
clip_03973,spk_021,264,CREMA-D
clip_03974,spk_026,1537,TESS
clip_03975,spk_060,214,CREMA-D
clip_03976,spk_028,472,CREMA-D
clip_03977,spk_025,1495,TESS
clip_03978,spk_026,1537,TESS
clip_03979,spk_018,1197,TESS
clip_03980,spk_021,264,CREMA-D
clip_03984,spk_001,218,CREMA-D
clip_03985,spk_025,1495,TESS
clip_03986,spk_010,176,CREMA-D
clip_03989,spk_028,472,CREMA-D
clip_03990,spk_021,264,CREMA-D
clip_03991,spk_028,472,CREMA-D
clip_03992,spk_026,1537,TESS
clip_03993,spk_060,214,CREMA-D
clip_03994,spk_002,173,CREMA-D
clip_03995,spk_080,38,RAVDESS
clip_03996,spk_094,457,CREMA-D
clip_03997,spk_015,388,CREMA-D
clip_04000,spk_025,1495,TESS
clip_04001,spk_001,218,CREMA-D
clip_04003,spk_026,1537,TESS
clip_04004,spk_021,264,CREMA-D
clip_04005,spk_026,1537,TESS
clip_04006,spk_018,1197,TESS
clip_04007,spk_033,32,RAVDESS
clip_04008,spk_038,198,CREMA-D
clip_04009,spk_018,1197,TESS
clip_04010,spk_026,1537,TESS
clip_04011,spk_060,214,CREMA-D
clip_04012,spk_018,1197,TESS
clip_04014,spk_018,1197,TESS
clip_04015,spk_026,1537,TESS
clip_04016,spk_026,1537,TESS
clip_04018,spk_038,198,CREMA-D
clip_04019,spk_045,60,RAVDESS
clip_04020,spk_029,272,CREMA-D
clip_04023,spk_025,1495,TESS
clip_04025,spk_011,96,CREMA-D
clip_04026,spk_026,1537,TESS
clip_04027,spk_018,1197,TESS
clip_04029,spk_026,1537,TESS
clip_04030,spk_026,1537,TESS
clip_04031,spk_011,96,CREMA-D
clip_04033,spk_088,186,CREMA-D
clip_04034,spk_028,472,CREMA-D
clip_04036,spk_055,125,CREMA-D
clip_04037,spk_025,1495,TESS
clip_04038,spk_029,272,CREMA-D
clip_04039,spk_002,173,CREMA-D
clip_04040,spk_018,1197,TESS
clip_04041,spk_021,264,CREMA-D
clip_04042,spk_026,1537,TESS
clip_04043,spk_026,1537,TESS
clip_04044,spk_018,1197,TESS
clip_04045,spk_043,256,CREMA-D
clip_04046,spk_021,264,CREMA-D
clip_04047,spk_029,272,CREMA-D
clip_04048,spk_018,1197,TESS
clip_04049,spk_018,1197,TESS
clip_04050,spk_018,1197,TESS
clip_04052,spk_075,20,RAVDESS
clip_04053,spk_088,186,CREMA-D
clip_04054,spk_094,457,CREMA-D
clip_04055,spk_015,388,CREMA-D
clip_04057,spk_035,8,RAVDESS
clip_04058,spk_027,96,CREMA-D
clip_04059,spk_001,218,CREMA-D
clip_04060,spk_018,1197,TESS
clip_04061,spk_018,1197,TESS
clip_04062,spk_025,1495,TESS
clip_04063,spk_025,1495,TESS
clip_04064,spk_026,1537,TESS
clip_04065,spk_025,1495,TESS
clip_04066,spk_022,48,RAVDESS
clip_04067,spk_025,1495,TESS
clip_04068,spk_026,1537,TESS
clip_04070,spk_025,1495,TESS
clip_04071,spk_026,1537,TESS
clip_04072,spk_026,1537,TESS
clip_04075,spk_089,3,RAVDESS
clip_04076,spk_026,1537,TESS
clip_04077,spk_029,272,CREMA-D
clip_04078,spk_026,1537,TESS
clip_04079,spk_026,1537,TESS
clip_04081,spk_029,272,CREMA-D
clip_04082,spk_026,1537,TESS
clip_04083,spk_025,1495,TESS
clip_04085,spk_018,1197,TESS
clip_04086,spk_025,1495,TESS
clip_04087,spk_026,1537,TESS
clip_04088,spk_021,264,CREMA-D
clip_04089,spk_025,1495,TESS
clip_04090,spk_021,264,CREMA-D
clip_04091,spk_029,272,CREMA-D
clip_04092,spk_088,186,CREMA-D
clip_04093,spk_018,1197,TESS
clip_04094,spk_075,20,RAVDESS
clip_04095,spk_025,1495,TESS
clip_04096,spk_001,218,CREMA-D
clip_04097,spk_010,176,CREMA-D
clip_04098,spk_010,176,CREMA-D
clip_04099,spk_094,457,CREMA-D
clip_04100,spk_069,8,RAVDESS
clip_04101,spk_094,457,CREMA-D
clip_04102,spk_018,1197,TESS
clip_04103,spk_094,457,CREMA-D
clip_04104,spk_025,1495,TESS
clip_04105,spk_028,472,CREMA-D
clip_04106,spk_085,49,RAVDESS
clip_04107,spk_038,198,CREMA-D
clip_04109,spk_025,1495,TESS
clip_04110,spk_055,125,CREMA-D
clip_04111,spk_028,472,CREMA-D
clip_04112,spk_025,1495,TESS
clip_04113,spk_078,101,CREMA-D
clip_04115,spk_018,1197,TESS
clip_04116,spk_018,1197,TESS
clip_04117,spk_001,218,CREMA-D
clip_04118,spk_026,1537,TESS
clip_04119,spk_015,388,CREMA-D
clip_04120,spk_055,125,CREMA-D
clip_04123,spk_018,1197,TESS
clip_04124,spk_025,1495,TESS
clip_04125,spk_018,1197,TESS
clip_04126,spk_026,1537,TESS
clip_04128,spk_022,48,RAVDESS
clip_04130,spk_029,272,CREMA-D
clip_04131,spk_015,388,CREMA-D
clip_04132,spk_025,1495,TESS
clip_04133,spk_025,1495,TESS
clip_04134,spk_025,1495,TESS
clip_04135,spk_094,457,CREMA-D
clip_04136,spk_025,1495,TESS
clip_04137,spk_026,1537,TESS
clip_04138,spk_035,8,RAVDESS
clip_04139,spk_078,101,CREMA-D
clip_04140,spk_043,256,CREMA-D
clip_04141,spk_028,472,CREMA-D
clip_04142,spk_015,388,CREMA-D
clip_04143,spk_043,256,CREMA-D
clip_04144,spk_018,1197,TESS
clip_04145,spk_043,256,CREMA-D
clip_04147,spk_018,1197,TESS
clip_04148,spk_018,1197,TESS
clip_04149,spk_026,1537,TESS
clip_04150,spk_043,256,CREMA-D
clip_04151,spk_025,1495,TESS
clip_04152,spk_025,1495,TESS
clip_04153,spk_025,1495,TESS
clip_04154,spk_020,71,CREMA-D
clip_04155,spk_025,1495,TESS
clip_04156,spk_027,96,CREMA-D
clip_04158,spk_094,457,CREMA-D
clip_04159,spk_021,264,CREMA-D
clip_04160,spk_025,1495,TESS
clip_04161,spk_025,1495,TESS
clip_04162,spk_021,264,CREMA-D
clip_04163,spk_055,125,CREMA-D
clip_04164,spk_094,457,CREMA-D
clip_04165,spk_025,1495,TESS
clip_04166,spk_026,1537,TESS
clip_04167,spk_015,388,CREMA-D
clip_04168,spk_018,1197,TESS
clip_04169,spk_025,1495,TESS
clip_04171,spk_014,23,RAVDESS
clip_04172,spk_026,1537,TESS
clip_04173,spk_002,173,CREMA-D
clip_04174,spk_028,472,CREMA-D
clip_04176,spk_045,60,RAVDESS
clip_04177,spk_018,1197,TESS
clip_04178,spk_025,1495,TESS
clip_04179,spk_025,1495,TESS
clip_04180,spk_026,1537,TESS
clip_04181,spk_094,457,CREMA-D
clip_04182,spk_025,1495,TESS
clip_04183,spk_060,214,CREMA-D
clip_04184,spk_025,1495,TESS
clip_04185,spk_037,14,RAVDESS
clip_04186,spk_027,96,CREMA-D
clip_04187,spk_001,218,CREMA-D
clip_04188,spk_088,186,CREMA-D
clip_04189,spk_028,472,CREMA-D
clip_04191,spk_002,173,CREMA-D
clip_04192,spk_026,1537,TESS
clip_04193,spk_026,1537,TESS
clip_04194,spk_029,272,CREMA-D
clip_04195,spk_018,1197,TESS
clip_04196,spk_025,1495,TESS
clip_04197,spk_026,1537,TESS
clip_04198,spk_094,457,CREMA-D
clip_04199,spk_015,388,CREMA-D
clip_04200,spk_025,1495,TESS
clip_04202,spk_055,125,CREMA-D
clip_04204,spk_026,1537,TESS
clip_04206,spk_026,1537,TESS
clip_04207,spk_021,264,CREMA-D
clip_04208,spk_019,11,RAVDESS
clip_04209,spk_029,272,CREMA-D
clip_04210,spk_021,264,CREMA-D
clip_04212,spk_029,272,CREMA-D
clip_04213,spk_043,256,CREMA-D
clip_04214,spk_026,1537,TESS
clip_04215,spk_021,264,CREMA-D
clip_04216,spk_018,1197,TESS
clip_04218,spk_021,264,CREMA-D
clip_04219,spk_028,472,CREMA-D
clip_04220,spk_025,1495,TESS
clip_04221,spk_026,1537,TESS
clip_04222,spk_088,186,CREMA-D
clip_04223,spk_026,1537,TESS
clip_04224,spk_025,1495,TESS
clip_04225,spk_025,1495,TESS
clip_04226,spk_094,457,CREMA-D
clip_04228,spk_015,388,CREMA-D
clip_04229,spk_026,1537,TESS
clip_04231,spk_078,101,CREMA-D
clip_04232,spk_057,16,RAVDESS
clip_04234,spk_060,214,CREMA-D
clip_04235,spk_019,11,RAVDESS
clip_04236,spk_026,1537,TESS
clip_04237,spk_010,176,CREMA-D
clip_04239,spk_020,71,CREMA-D
clip_04241,spk_028,472,CREMA-D
clip_04242,spk_021,264,CREMA-D
clip_04245,spk_001,218,CREMA-D
clip_04246,spk_018,1197,TESS
clip_04248,spk_018,1197,TESS
clip_04249,spk_008,17,RAVDESS
clip_04250,spk_012,106,CREMA-D
clip_04251,spk_018,1197,TESS
clip_04252,spk_010,176,CREMA-D
clip_04253,spk_088,186,CREMA-D
clip_04254,spk_025,1495,TESS
clip_04255,spk_039,34,RAVDESS
clip_04256,spk_025,1495,TESS
clip_04257,spk_018,1197,TESS
clip_04260,spk_002,173,CREMA-D
clip_04261,spk_027,96,CREMA-D
clip_04262,spk_078,101,CREMA-D
clip_04264,spk_026,1537,TESS
clip_04265,spk_094,457,CREMA-D
clip_04266,spk_006,58,RAVDESS
clip_04267,spk_026,1537,TESS
clip_04268,spk_025,1495,TESS
clip_04269,spk_025,1495,TESS
clip_04270,spk_094,457,CREMA-D
clip_04271,spk_018,1197,TESS
clip_04272,spk_015,388,CREMA-D
clip_04273,spk_038,198,CREMA-D
clip_04274,spk_018,1197,TESS
clip_04275,spk_012,106,CREMA-D
clip_04277,spk_002,173,CREMA-D
clip_04278,spk_026,1537,TESS
clip_04279,spk_018,1197,TESS
clip_04281,spk_067,19,RAVDESS
clip_04282,spk_016,13,RAVDESS
clip_04283,spk_018,1197,TESS
clip_04284,spk_018,1197,TESS
clip_04285,spk_094,457,CREMA-D
clip_04287,spk_025,1495,TESS
clip_04288,spk_025,1495,TESS
clip_04289,spk_026,1537,TESS
clip_04290,spk_025,1495,TESS
clip_04291,spk_026,1537,TESS
clip_04292,spk_010,176,CREMA-D
clip_04293,spk_002,173,CREMA-D
clip_04294,spk_026,1537,TESS
clip_04296,spk_025,1495,TESS
clip_04299,spk_025,1495,TESS
clip_04300,spk_018,1197,TESS
clip_04301,spk_026,1537,TESS
clip_04304,spk_035,8,RAVDESS
clip_04305,spk_038,198,CREMA-D
clip_04306,spk_012,106,CREMA-D
clip_04307,spk_001,218,CREMA-D
clip_04308,spk_049,23,RAVDESS
clip_04309,spk_094,457,CREMA-D
clip_04310,spk_002,173,CREMA-D
clip_04311,spk_028,472,CREMA-D
clip_04312,spk_025,1495,TESS
clip_04313,spk_026,1537,TESS
clip_04314,spk_094,457,CREMA-D
clip_04316,spk_015,388,CREMA-D
clip_04317,spk_026,1537,TESS
clip_04318,spk_002,173,CREMA-D
clip_04319,spk_026,1537,TESS
clip_04320,spk_094,457,CREMA-D
clip_04321,spk_025,1495,TESS
clip_04322,spk_025,1495,TESS
clip_04323,spk_026,1537,TESS
clip_04324,spk_015,388,CREMA-D
clip_04326,spk_052,7,RAVDESS
clip_04327,spk_015,388,CREMA-D
clip_04328,spk_001,218,CREMA-D
clip_04329,spk_026,1537,TESS
clip_04330,spk_048,1,RAVDESS
clip_04331,spk_025,1495,TESS
clip_04332,spk_018,1197,TESS
clip_04335,spk_018,1197,TESS
clip_04336,spk_078,101,CREMA-D
clip_04338,spk_026,1537,TESS
clip_04340,spk_015,388,CREMA-D
clip_04341,spk_018,1197,TESS
clip_04342,spk_028,472,CREMA-D
clip_04343,spk_018,1197,TESS
clip_04344,spk_026,1537,TESS
clip_04345,spk_026,1537,TESS
clip_04346,spk_081,3,RAVDESS
clip_04347,spk_094,457,CREMA-D
clip_04349,spk_026,1537,TESS
clip_04350,spk_020,71,CREMA-D
clip_04351,spk_006,58,RAVDESS
clip_04352,spk_018,1197,TESS
clip_04353,spk_094,457,CREMA-D
clip_04354,spk_043,256,CREMA-D
clip_04355,spk_026,1537,TESS
clip_04356,spk_025,1495,TESS
clip_04357,spk_026,1537,TESS
clip_04358,spk_028,472,CREMA-D
clip_04359,spk_025,1495,TESS
clip_04360,spk_025,1495,TESS
clip_04361,spk_015,388,CREMA-D
clip_04362,spk_026,1537,TESS
clip_04365,spk_025,1495,TESS
clip_04366,spk_025,1495,TESS
clip_04370,spk_047,15,RAVDESS
clip_04371,spk_031,9,RAVDESS
clip_04372,spk_026,1537,TESS
clip_04373,spk_076,10,RAVDESS
clip_04374,spk_028,472,CREMA-D
clip_04375,spk_025,1495,TESS
clip_04377,spk_025,1495,TESS
clip_04378,spk_060,214,CREMA-D
clip_04379,spk_015,388,CREMA-D
clip_04380,spk_026,1537,TESS
clip_04381,spk_026,1537,TESS
clip_04383,spk_025,1495,TESS
clip_04384,spk_018,1197,TESS
clip_04385,spk_060,214,CREMA-D
clip_04386,spk_025,1495,TESS
clip_04389,spk_025,1495,TESS
clip_04390,spk_015,388,CREMA-D
clip_04391,spk_026,1537,TESS
clip_04392,spk_025,1495,TESS
clip_04393,spk_028,472,CREMA-D
clip_04394,spk_088,186,CREMA-D
clip_04396,spk_018,1197,TESS
clip_04397,spk_025,1495,TESS
clip_04398,spk_078,101,CREMA-D
clip_04400,spk_026,1537,TESS
clip_04401,spk_029,272,CREMA-D
clip_04402,spk_018,1197,TESS
clip_04403,spk_025,1495,TESS
clip_04404,spk_025,1495,TESS
clip_04405,spk_018,1197,TESS
clip_04406,spk_026,1537,TESS
clip_04407,spk_018,1197,TESS
clip_04408,spk_026,1537,TESS
clip_04409,spk_025,1495,TESS
clip_04410,spk_018,1197,TESS
clip_04411,spk_018,1197,TESS
clip_04412,spk_025,1495,TESS
clip_04413,spk_025,1495,TESS
clip_04414,spk_015,388,CREMA-D
clip_04416,spk_094,457,CREMA-D
clip_04419,spk_026,1537,TESS
clip_04420,spk_025,1495,TESS
clip_04421,spk_010,176,CREMA-D
clip_04422,spk_060,214,CREMA-D
clip_04424,spk_026,1537,TESS
clip_04428,spk_025,1495,TESS
clip_04430,spk_025,1495,TESS
clip_04431,spk_086,7,RAVDESS
clip_04433,spk_025,1495,TESS
clip_04434,spk_002,173,CREMA-D
clip_04437,spk_018,1197,TESS
clip_04438,spk_021,264,CREMA-D
clip_04439,spk_026,1537,TESS
clip_04440,spk_015,388,CREMA-D
clip_04441,spk_026,1537,TESS
clip_04443,spk_015,388,CREMA-D
clip_04444,spk_025,1495,TESS
clip_04445,spk_018,1197,TESS
clip_04446,spk_015,388,CREMA-D
clip_04447,spk_094,457,CREMA-D
clip_04448,spk_018,1197,TESS
clip_04449,spk_068,29,RAVDESS
clip_04450,spk_025,1495,TESS
clip_04451,spk_094,457,CREMA-D
clip_04452,spk_026,1537,TESS
clip_04453,spk_018,1197,TESS
clip_04454,spk_015,388,CREMA-D
clip_04455,spk_009,53,RAVDESS
clip_04456,spk_025,1495,TESS
clip_04457,spk_026,1537,TESS
clip_04460,spk_026,1537,TESS
clip_04461,spk_026,1537,TESS
clip_04464,spk_026,1537,TESS
clip_04465,spk_001,218,CREMA-D
clip_04466,spk_026,1537,TESS
clip_04467,spk_018,1197,TESS
clip_04468,spk_002,173,CREMA-D
clip_04469,spk_018,1197,TESS
clip_04471,spk_012,106,CREMA-D
clip_04472,spk_026,1537,TESS
clip_04474,spk_028,472,CREMA-D
clip_04475,spk_018,1197,TESS
clip_04476,spk_029,272,CREMA-D
clip_04477,spk_018,1197,TESS
clip_04479,spk_025,1495,TESS
clip_04480,spk_026,1537,TESS
clip_04483,spk_018,1197,TESS
clip_04484,spk_094,457,CREMA-D
clip_04485,spk_026,1537,TESS
clip_04488,spk_043,256,CREMA-D
clip_04489,spk_025,1495,TESS
clip_04490,spk_007,79,CREMA-D
clip_04491,spk_025,1495,TESS
clip_04493,spk_026,1537,TESS
clip_04494,spk_015,388,CREMA-D
clip_04495,spk_029,272,CREMA-D
clip_04496,spk_025,1495,TESS
clip_04497,spk_029,272,CREMA-D
clip_04500,spk_028,472,CREMA-D
clip_04502,spk_026,1537,TESS
clip_04503,spk_094,457,CREMA-D
clip_04504,spk_025,1495,TESS
clip_04505,spk_026,1537,TESS
clip_04506,spk_068,29,RAVDESS
clip_04507,spk_026,1537,TESS
clip_04508,spk_025,1495,TESS
clip_04510,spk_076,10,RAVDESS
clip_04514,spk_009,53,RAVDESS
clip_04515,spk_026,1537,TESS
clip_04516,spk_015,388,CREMA-D
clip_04517,spk_026,1537,TESS
clip_04518,spk_032,13,RAVDESS
clip_04519,spk_015,388,CREMA-D
clip_04520,spk_029,272,CREMA-D
clip_04521,spk_078,101,CREMA-D
clip_04522,spk_029,272,CREMA-D
clip_04523,spk_004,29,RAVDESS
clip_04524,spk_026,1537,TESS
clip_04525,spk_026,1537,TESS
clip_04526,spk_043,256,CREMA-D
clip_04527,spk_018,1197,TESS
clip_04528,spk_025,1495,TESS
clip_04529,spk_029,272,CREMA-D
clip_04531,spk_015,388,CREMA-D
clip_04533,spk_026,1537,TESS
clip_04535,spk_025,1495,TESS
clip_04536,spk_008,17,RAVDESS
clip_04537,spk_025,1495,TESS
clip_04538,spk_021,264,CREMA-D
clip_04540,spk_028,472,CREMA-D
clip_04541,spk_018,1197,TESS
clip_04542,spk_046,14,RAVDESS
clip_04544,spk_025,1495,TESS
clip_04546,spk_026,1537,TESS
clip_04547,spk_018,1197,TESS
clip_04548,spk_026,1537,TESS
clip_04549,spk_025,1495,TESS
clip_04550,spk_007,79,CREMA-D
clip_04551,spk_025,1495,TESS
clip_04552,spk_018,1197,TESS
clip_04553,spk_018,1197,TESS
clip_04555,spk_025,1495,TESS
clip_04557,spk_018,1197,TESS
clip_04558,spk_026,1537,TESS
clip_04559,spk_028,472,CREMA-D
clip_04560,spk_014,23,RAVDESS
clip_04561,spk_015,388,CREMA-D
clip_04562,spk_094,457,CREMA-D
clip_04563,spk_060,214,CREMA-D
clip_04564,spk_007,79,CREMA-D
clip_04565,spk_025,1495,TESS
clip_04566,spk_018,1197,TESS
clip_04567,spk_025,1495,TESS
clip_04568,spk_023,2,RAVDESS
clip_04569,spk_007,79,CREMA-D
clip_04570,spk_015,388,CREMA-D
clip_04571,spk_018,1197,TESS
clip_04572,spk_021,264,CREMA-D
clip_04573,spk_040,19,RAVDESS
clip_04574,spk_029,272,CREMA-D
clip_04575,spk_025,1495,TESS
clip_04576,spk_045,60,RAVDESS
clip_04578,spk_025,1495,TESS
clip_04579,spk_012,106,CREMA-D
clip_04580,spk_010,176,CREMA-D
clip_04582,spk_088,186,CREMA-D
clip_04583,spk_047,15,RAVDESS
clip_04584,spk_025,1495,TESS
clip_04585,spk_025,1495,TESS
clip_04586,spk_026,1537,TESS
clip_04587,spk_026,1537,TESS
clip_04589,spk_026,1537,TESS
clip_04590,spk_025,1495,TESS
clip_04591,spk_018,1197,TESS
clip_04592,spk_026,1537,TESS
clip_04594,spk_038,198,CREMA-D
clip_04595,spk_026,1537,TESS
clip_04596,spk_026,1537,TESS
clip_04597,spk_018,1197,TESS
clip_04598,spk_043,256,CREMA-D
clip_04599,spk_018,1197,TESS
clip_04600,spk_026,1537,TESS
clip_04601,spk_094,457,CREMA-D
clip_04602,spk_018,1197,TESS
clip_04603,spk_007,79,CREMA-D
clip_04605,spk_025,1495,TESS
clip_04606,spk_025,1495,TESS
clip_04607,spk_094,457,CREMA-D
clip_04609,spk_010,176,CREMA-D
clip_04610,spk_018,1197,TESS
clip_04611,spk_012,106,CREMA-D
clip_04612,spk_026,1537,TESS
clip_04613,spk_018,1197,TESS
clip_04614,spk_026,1537,TESS
clip_04615,spk_009,53,RAVDESS
clip_04616,spk_015,388,CREMA-D
clip_04618,spk_088,186,CREMA-D
clip_04620,spk_069,8,RAVDESS
clip_04621,spk_004,29,RAVDESS
clip_04622,spk_025,1495,TESS
clip_04623,spk_055,125,CREMA-D
clip_04624,spk_018,1197,TESS
clip_04626,spk_026,1537,TESS
clip_04627,spk_028,472,CREMA-D
clip_04628,spk_026,1537,TESS
clip_04629,spk_029,272,CREMA-D
clip_04630,spk_043,256,CREMA-D
clip_04632,spk_026,1537,TESS
clip_04634,spk_021,264,CREMA-D
clip_04636,spk_006,58,RAVDESS
clip_04637,spk_018,1197,TESS
clip_04638,spk_038,198,CREMA-D
clip_04640,spk_018,1197,TESS
clip_04641,spk_028,472,CREMA-D
clip_04643,spk_043,256,CREMA-D
clip_04644,spk_018,1197,TESS
clip_04645,spk_026,1537,TESS
clip_04647,spk_026,1537,TESS
clip_04648,spk_025,1495,TESS
clip_04649,spk_002,173,CREMA-D
clip_04650,spk_015,388,CREMA-D
clip_04651,spk_026,1537,TESS
clip_04652,spk_026,1537,TESS
clip_04653,spk_026,1537,TESS
clip_04654,spk_088,186,CREMA-D
clip_04655,spk_043,256,CREMA-D
clip_04658,spk_018,1197,TESS
clip_04659,spk_025,1495,TESS
clip_04660,spk_025,1495,TESS
clip_04661,spk_029,272,CREMA-D
clip_04663,spk_011,96,CREMA-D
clip_04664,spk_025,1495,TESS
clip_04665,spk_038,198,CREMA-D
clip_04666,spk_026,1537,TESS
clip_04667,spk_088,186,CREMA-D
clip_04668,spk_025,1495,TESS
clip_04669,spk_038,198,CREMA-D
clip_04670,spk_025,1495,TESS
clip_04671,spk_043,256,CREMA-D
clip_04672,spk_025,1495,TESS
clip_04673,spk_012,106,CREMA-D
clip_04674,spk_028,472,CREMA-D
clip_04675,spk_007,79,CREMA-D
clip_04676,spk_025,1495,TESS
clip_04677,spk_021,264,CREMA-D
clip_04679,spk_015,388,CREMA-D
clip_04680,spk_012,106,CREMA-D
clip_04681,spk_018,1197,TESS
clip_04682,spk_015,388,CREMA-D
clip_04683,spk_021,264,CREMA-D
clip_04684,spk_026,1537,TESS
clip_04685,spk_025,1495,TESS
clip_04686,spk_028,472,CREMA-D
clip_04688,spk_026,1537,TESS
clip_04689,spk_026,1537,TESS
clip_04690,spk_017,19,RAVDESS
clip_04691,spk_034,28,RAVDESS
clip_04692,spk_070,2,RAVDESS
clip_04693,spk_078,101,CREMA-D
clip_04694,spk_018,1197,TESS
clip_04699,spk_010,176,CREMA-D
clip_04700,spk_026,1537,TESS
clip_04701,spk_018,1197,TESS
clip_04702,spk_025,1495,TESS
clip_04703,spk_025,1495,TESS
clip_04704,spk_028,472,CREMA-D
clip_04706,spk_029,272,CREMA-D
clip_04707,spk_018,1197,TESS
clip_04708,spk_026,1537,TESS
clip_04709,spk_029,272,CREMA-D
clip_04711,spk_025,1495,TESS
clip_04712,spk_018,1197,TESS
clip_04713,spk_020,71,CREMA-D
clip_04714,spk_011,96,CREMA-D
clip_04715,spk_028,472,CREMA-D
clip_04717,spk_009,53,RAVDESS
clip_04718,spk_031,9,RAVDESS
clip_04719,spk_018,1197,TESS
clip_04721,spk_001,218,CREMA-D
clip_04723,spk_026,1537,TESS
clip_04724,spk_026,1537,TESS
clip_04725,spk_027,96,CREMA-D
clip_04726,spk_038,198,CREMA-D
clip_04728,spk_043,256,CREMA-D
clip_04729,spk_094,457,CREMA-D
clip_04730,spk_055,125,CREMA-D
clip_04731,spk_026,1537,TESS
clip_04732,spk_038,198,CREMA-D
clip_04734,spk_025,1495,TESS
clip_04735,spk_026,1537,TESS
clip_04736,spk_079,12,RAVDESS
clip_04737,spk_021,264,CREMA-D
clip_04738,spk_002,173,CREMA-D
clip_04739,spk_025,1495,TESS
clip_04740,spk_009,53,RAVDESS
clip_04741,spk_028,472,CREMA-D
clip_04742,spk_094,457,CREMA-D
clip_04743,spk_010,176,CREMA-D
clip_04744,spk_060,214,CREMA-D
clip_04745,spk_028,472,CREMA-D
clip_04746,spk_021,264,CREMA-D
clip_04747,spk_012,106,CREMA-D
clip_04748,spk_026,1537,TESS
clip_04749,spk_057,16,RAVDESS
clip_04750,spk_028,472,CREMA-D
clip_04751,spk_028,472,CREMA-D
clip_04752,spk_038,198,CREMA-D
clip_04753,spk_018,1197,TESS
clip_04754,spk_026,1537,TESS
clip_04755,spk_025,1495,TESS
clip_04756,spk_011,96,CREMA-D
clip_04757,spk_025,1495,TESS
clip_04758,spk_018,1197,TESS
clip_04759,spk_088,186,CREMA-D
clip_04760,spk_025,1495,TESS
clip_04761,spk_002,173,CREMA-D
clip_04762,spk_032,13,RAVDESS
clip_04763,spk_018,1197,TESS
clip_04764,spk_018,1197,TESS
clip_04766,spk_028,472,CREMA-D
clip_04767,spk_018,1197,TESS
clip_04768,spk_026,1537,TESS
clip_04769,spk_038,198,CREMA-D
clip_04770,spk_028,472,CREMA-D
clip_04771,spk_025,1495,TESS
clip_04772,spk_028,472,CREMA-D
clip_04773,spk_026,1537,TESS
clip_04774,spk_026,1537,TESS
clip_04777,spk_028,472,CREMA-D
clip_04778,spk_025,1495,TESS
clip_04780,spk_021,264,CREMA-D
clip_04781,spk_094,457,CREMA-D
clip_04782,spk_009,53,RAVDESS
clip_04783,spk_094,457,CREMA-D
clip_04784,spk_026,1537,TESS
clip_04785,spk_037,14,RAVDESS
clip_04786,spk_015,388,CREMA-D
clip_04787,spk_020,71,CREMA-D
clip_04788,spk_088,186,CREMA-D
clip_04789,spk_025,1495,TESS
clip_04790,spk_094,457,CREMA-D
clip_04791,spk_025,1495,TESS
clip_04792,spk_010,176,CREMA-D
clip_04793,spk_018,1197,TESS
clip_04794,spk_021,264,CREMA-D
clip_04795,spk_026,1537,TESS
clip_04796,spk_026,1537,TESS
clip_04797,spk_025,1495,TESS
clip_04798,spk_018,1197,TESS
clip_04800,spk_011,96,CREMA-D
clip_04801,spk_007,79,CREMA-D
clip_04802,spk_025,1495,TESS
clip_04803,spk_029,272,CREMA-D
clip_04805,spk_026,1537,TESS
clip_04806,spk_021,264,CREMA-D
clip_04807,spk_026,1537,TESS
clip_04808,spk_088,186,CREMA-D
clip_04809,spk_018,1197,TESS
clip_04810,spk_026,1537,TESS
clip_04811,spk_060,214,CREMA-D
clip_04812,spk_018,1197,TESS
clip_04813,spk_025,1495,TESS
clip_04814,spk_029,272,CREMA-D
clip_04815,spk_025,1495,TESS
clip_04816,spk_018,1197,TESS
clip_04817,spk_029,272,CREMA-D
clip_04818,spk_025,1495,TESS
clip_04820,spk_038,198,CREMA-D
clip_04821,spk_025,1495,TESS
clip_04822,spk_018,1197,TESS
clip_04824,spk_094,457,CREMA-D
clip_04825,spk_021,264,CREMA-D
clip_04826,spk_025,1495,TESS
clip_04827,spk_001,218,CREMA-D
clip_04829,spk_034,28,RAVDESS
clip_04830,spk_038,198,CREMA-D
clip_04831,spk_026,1537,TESS
clip_04832,spk_085,49,RAVDESS
clip_04834,spk_018,1197,TESS
clip_04835,spk_026,1537,TESS
clip_04836,spk_018,1197,TESS
clip_04837,spk_004,29,RAVDESS
clip_04838,spk_015,388,CREMA-D
clip_04839,spk_043,256,CREMA-D
clip_04840,spk_026,1537,TESS
clip_04841,spk_026,1537,TESS
clip_04842,spk_025,1495,TESS
clip_04843,spk_026,1537,TESS
clip_04844,spk_038,198,CREMA-D
clip_04845,spk_078,101,CREMA-D
clip_04846,spk_025,1495,TESS
clip_04847,spk_018,1197,TESS
clip_04848,spk_026,1537,TESS
clip_04849,spk_094,457,CREMA-D
clip_04850,spk_012,106,CREMA-D
clip_04851,spk_021,264,CREMA-D
clip_04853,spk_025,1495,TESS
clip_04854,spk_018,1197,TESS
clip_04855,spk_018,1197,TESS
clip_04856,spk_025,1495,TESS
clip_04857,spk_026,1537,TESS
clip_04858,spk_028,472,CREMA-D
clip_04860,spk_010,176,CREMA-D
clip_04861,spk_015,388,CREMA-D
clip_04862,spk_038,198,CREMA-D
clip_04863,spk_020,71,CREMA-D
clip_04864,spk_025,1495,TESS
clip_04865,spk_026,1537,TESS
clip_04866,spk_001,218,CREMA-D
clip_04867,spk_043,256,CREMA-D
clip_04868,spk_026,1537,TESS
clip_04869,spk_027,96,CREMA-D
clip_04870,spk_025,1495,TESS
clip_04871,spk_018,1197,TESS
clip_04872,spk_026,1537,TESS
clip_04873,spk_026,1537,TESS
clip_04874,spk_025,1495,TESS
clip_04875,spk_025,1495,TESS
clip_04876,spk_012,106,CREMA-D
clip_04877,spk_025,1495,TESS
clip_04878,spk_025,1495,TESS
clip_04879,spk_025,1495,TESS
clip_04880,spk_001,218,CREMA-D
clip_04881,spk_001,218,CREMA-D
clip_04882,spk_094,457,CREMA-D
clip_04883,spk_025,1495,TESS
clip_04884,spk_018,1197,TESS
clip_04885,spk_025,1495,TESS
clip_04886,spk_029,272,CREMA-D
clip_04887,spk_028,472,CREMA-D
clip_04888,spk_021,264,CREMA-D
clip_04889,spk_018,1197,TESS
clip_04890,spk_026,1537,TESS
clip_04891,spk_025,1495,TESS
clip_04892,spk_026,1537,TESS
clip_04894,spk_038,198,CREMA-D
clip_04895,spk_025,1495,TESS
clip_04896,spk_002,173,CREMA-D
clip_04897,spk_026,1537,TESS
clip_04899,spk_007,79,CREMA-D
clip_04900,spk_094,457,CREMA-D
clip_04901,spk_018,1197,TESS
clip_04903,spk_025,1495,TESS
clip_04904,spk_018,1197,TESS
clip_04905,spk_088,186,CREMA-D
clip_04906,spk_025,1495,TESS
clip_04907,spk_028,472,CREMA-D
clip_04908,spk_018,1197,TESS
clip_04909,spk_010,176,CREMA-D
clip_04910,spk_094,457,CREMA-D
clip_04911,spk_043,256,CREMA-D
clip_04913,spk_094,457,CREMA-D
clip_04918,spk_060,214,CREMA-D
clip_04919,spk_029,272,CREMA-D
clip_04920,spk_085,49,RAVDESS
clip_04921,spk_026,1537,TESS
clip_04922,spk_067,19,RAVDESS
clip_04924,spk_013,2,RAVDESS
clip_04925,spk_008,17,RAVDESS
clip_04926,spk_094,457,CREMA-D
clip_04927,spk_020,71,CREMA-D
clip_04928,spk_026,1537,TESS
clip_04929,spk_041,37,RAVDESS
clip_04930,spk_094,457,CREMA-D
clip_04931,spk_026,1537,TESS
clip_04932,spk_025,1495,TESS
clip_04933,spk_028,472,CREMA-D
clip_04934,spk_025,1495,TESS
clip_04935,spk_026,1537,TESS
clip_04936,spk_094,457,CREMA-D
clip_04938,spk_094,457,CREMA-D
clip_04940,spk_026,1537,TESS
clip_04941,spk_026,1537,TESS
clip_04942,spk_026,1537,TESS
clip_04943,spk_094,457,CREMA-D
clip_04944,spk_028,472,CREMA-D
clip_04946,spk_028,472,CREMA-D
clip_04947,spk_043,256,CREMA-D
clip_04949,spk_018,1197,TESS
clip_04950,spk_043,256,CREMA-D
clip_04952,spk_018,1197,TESS
clip_04953,spk_026,1537,TESS
clip_04954,spk_018,1197,TESS
clip_04955,spk_052,7,RAVDESS
clip_04956,spk_020,71,CREMA-D
clip_04957,spk_018,1197,TESS
clip_04958,spk_025,1495,TESS
clip_04959,spk_045,60,RAVDESS
clip_04960,spk_007,79,CREMA-D
clip_04961,spk_025,1495,TESS
clip_04963,spk_025,1495,TESS
clip_04965,spk_024,27,RAVDESS
clip_04966,spk_088,186,CREMA-D
clip_04967,spk_043,256,CREMA-D
clip_04968,spk_021,264,CREMA-D
clip_04970,spk_094,457,CREMA-D
clip_04972,spk_055,125,CREMA-D
clip_04974,spk_015,388,CREMA-D
clip_04975,spk_026,1537,TESS
clip_04976,spk_028,472,CREMA-D
clip_04978,spk_026,1537,TESS
clip_04979,spk_018,1197,TESS
clip_04980,spk_025,1495,TESS
clip_04981,spk_028,472,CREMA-D
clip_04982,spk_094,457,CREMA-D
clip_04983,spk_025,1495,TESS
clip_04984,spk_018,1197,TESS
clip_04985,spk_085,49,RAVDESS
clip_04986,spk_025,1495,TESS
clip_04987,spk_018,1197,TESS
clip_04988,spk_025,1495,TESS
clip_04989,spk_027,96,CREMA-D
clip_04990,spk_027,96,CREMA-D
clip_04991,spk_026,1537,TESS
clip_04993,spk_005,33,RAVDESS
clip_04994,spk_026,1537,TESS
clip_04995,spk_028,472,CREMA-D
clip_04996,spk_015,388,CREMA-D
clip_04997,spk_002,173,CREMA-D
clip_04998,spk_018,1197,TESS
clip_05000,spk_027,96,CREMA-D
clip_05001,spk_001,218,CREMA-D
clip_05003,spk_025,1495,TESS
clip_05006,spk_028,472,CREMA-D
clip_05007,spk_028,472,CREMA-D
clip_05009,spk_020,71,CREMA-D
clip_05012,spk_018,1197,TESS
clip_05013,spk_018,1197,TESS
clip_05014,spk_026,1537,TESS
clip_05015,spk_018,1197,TESS
clip_05016,spk_094,457,CREMA-D
clip_05018,spk_025,1495,TESS
clip_05019,spk_040,19,RAVDESS
clip_05020,spk_018,1197,TESS
clip_05021,spk_025,1495,TESS
clip_05022,spk_002,173,CREMA-D
clip_05023,spk_025,1495,TESS
clip_05024,spk_021,264,CREMA-D
clip_05025,spk_001,218,CREMA-D
clip_05026,spk_094,457,CREMA-D
clip_05027,spk_026,1537,TESS
clip_05028,spk_039,34,RAVDESS
clip_05029,spk_018,1197,TESS
clip_05030,spk_026,1537,TESS
clip_05031,spk_026,1537,TESS
clip_05032,spk_040,19,RAVDESS
clip_05033,spk_001,218,CREMA-D
clip_05034,spk_043,256,CREMA-D
clip_05035,spk_085,49,RAVDESS
clip_05036,spk_094,457,CREMA-D
clip_05037,spk_025,1495,TESS
clip_05038,spk_018,1197,TESS
clip_05039,spk_088,186,CREMA-D
clip_05040,spk_018,1197,TESS
clip_05041,spk_025,1495,TESS
clip_05044,spk_016,13,RAVDESS
clip_05045,spk_010,176,CREMA-D
clip_05046,spk_025,1495,TESS
clip_05047,spk_025,1495,TESS
clip_05048,spk_028,472,CREMA-D
clip_05049,spk_029,272,CREMA-D
clip_05050,spk_026,1537,TESS
clip_05051,spk_055,125,CREMA-D
clip_05052,spk_026,1537,TESS
clip_05053,spk_043,256,CREMA-D
clip_05054,spk_026,1537,TESS
clip_05055,spk_026,1537,TESS
clip_05056,spk_060,214,CREMA-D
clip_05057,spk_025,1495,TESS
clip_05059,spk_030,6,RAVDESS
clip_05061,spk_011,96,CREMA-D
clip_05062,spk_043,256,CREMA-D
clip_05063,spk_012,106,CREMA-D
clip_05064,spk_025,1495,TESS
clip_05065,spk_024,27,RAVDESS
clip_05066,spk_028,472,CREMA-D
clip_05068,spk_025,1495,TESS
clip_05069,spk_060,214,CREMA-D
clip_05070,spk_001,218,CREMA-D
clip_05071,spk_002,173,CREMA-D
clip_05072,spk_026,1537,TESS
clip_05073,spk_028,472,CREMA-D
clip_05074,spk_025,1495,TESS
clip_05076,spk_033,32,RAVDESS
clip_05077,spk_028,472,CREMA-D
clip_05078,spk_021,264,CREMA-D
clip_05079,spk_039,34,RAVDESS
clip_05080,spk_025,1495,TESS
clip_05081,spk_025,1495,TESS
clip_05082,spk_015,388,CREMA-D
clip_05083,spk_029,272,CREMA-D
clip_05084,spk_094,457,CREMA-D
clip_05085,spk_001,218,CREMA-D
clip_05086,spk_026,1537,TESS
clip_05087,spk_018,1197,TESS
clip_05089,spk_021,264,CREMA-D
clip_05090,spk_026,1537,TESS
clip_05091,spk_025,1495,TESS
clip_05092,spk_043,256,CREMA-D
clip_05093,spk_094,457,CREMA-D
clip_05094,spk_025,1495,TESS
clip_05095,spk_025,1495,TESS
clip_05096,spk_018,1197,TESS
clip_05097,spk_026,1537,TESS
clip_05098,spk_060,214,CREMA-D
clip_05099,spk_018,1197,TESS
clip_05100,spk_001,218,CREMA-D
clip_05101,spk_018,1197,TESS
clip_05102,spk_026,1537,TESS
clip_05103,spk_026,1537,TESS
clip_05105,spk_011,96,CREMA-D
clip_05106,spk_021,264,CREMA-D
clip_05107,spk_055,125,CREMA-D
clip_05108,spk_018,1197,TESS
clip_05110,spk_022,48,RAVDESS
clip_05113,spk_025,1495,TESS
clip_05114,spk_028,472,CREMA-D
clip_05115,spk_026,1537,TESS
clip_05116,spk_088,186,CREMA-D
clip_05117,spk_038,198,CREMA-D
clip_05118,spk_025,1495,TESS
clip_05120,spk_020,71,CREMA-D
clip_05121,spk_026,1537,TESS
clip_05122,spk_021,264,CREMA-D
clip_05123,spk_026,1537,TESS
clip_05124,spk_018,1197,TESS
clip_05126,spk_026,1537,TESS
clip_05127,spk_041,37,RAVDESS
clip_05128,spk_026,1537,TESS
clip_05129,spk_028,472,CREMA-D
clip_05133,spk_043,256,CREMA-D
clip_05135,spk_021,264,CREMA-D
clip_05136,spk_060,214,CREMA-D
clip_05138,spk_094,457,CREMA-D
clip_05139,spk_094,457,CREMA-D
clip_05140,spk_029,272,CREMA-D
clip_05141,spk_094,457,CREMA-D
clip_05142,spk_042,6,RAVDESS
clip_05143,spk_040,19,RAVDESS
clip_05144,spk_036,5,RAVDESS
clip_05145,spk_018,1197,TESS
clip_05147,spk_015,388,CREMA-D
clip_05148,spk_011,96,CREMA-D
clip_05150,spk_002,173,CREMA-D
clip_05152,spk_060,214,CREMA-D
clip_05153,spk_026,1537,TESS
clip_05154,spk_029,272,CREMA-D
clip_05155,spk_026,1537,TESS
clip_05156,spk_029,272,CREMA-D
clip_05157,spk_028,472,CREMA-D
clip_05160,spk_026,1537,TESS
clip_05162,spk_006,58,RAVDESS
clip_05164,spk_025,1495,TESS
clip_05165,spk_088,186,CREMA-D
clip_05166,spk_037,14,RAVDESS
clip_05167,spk_060,214,CREMA-D
clip_05168,spk_010,176,CREMA-D
clip_05169,spk_010,176,CREMA-D
clip_05170,spk_006,58,RAVDESS
clip_05171,spk_026,1537,TESS
clip_05172,spk_018,1197,TESS
clip_05173,spk_094,457,CREMA-D
clip_05174,spk_026,1537,TESS
clip_05175,spk_015,388,CREMA-D
clip_05176,spk_010,176,CREMA-D
clip_05177,spk_015,388,CREMA-D
clip_05178,spk_025,1495,TESS
clip_05179,spk_001,218,CREMA-D
clip_05181,spk_025,1495,TESS
clip_05182,spk_025,1495,TESS
clip_05183,spk_094,457,CREMA-D
clip_05186,spk_025,1495,TESS
clip_05187,spk_022,48,RAVDESS
clip_05189,spk_029,272,CREMA-D
clip_05190,spk_015,388,CREMA-D
clip_05191,spk_020,71,CREMA-D
clip_05192,spk_025,1495,TESS
clip_05193,spk_026,1537,TESS
clip_05195,spk_060,214,CREMA-D
clip_05196,spk_026,1537,TESS
clip_05197,spk_026,1537,TESS
clip_05198,spk_038,198,CREMA-D
clip_05199,spk_045,60,RAVDESS
clip_05200,spk_025,1495,TESS
clip_05201,spk_025,1495,TESS
clip_05203,spk_029,272,CREMA-D
clip_05205,spk_029,272,CREMA-D
clip_05206,spk_088,186,CREMA-D
clip_05207,spk_045,60,RAVDESS
clip_05208,spk_060,214,CREMA-D
clip_05209,spk_018,1197,TESS
clip_05210,spk_026,1537,TESS
clip_05211,spk_026,1537,TESS
clip_05212,spk_028,472,CREMA-D
clip_05213,spk_018,1197,TESS
clip_05214,spk_012,106,CREMA-D
clip_05215,spk_078,101,CREMA-D
clip_05217,spk_028,472,CREMA-D
clip_05218,spk_002,173,CREMA-D
clip_05219,spk_018,1197,TESS
clip_05221,spk_025,1495,TESS
clip_05222,spk_094,457,CREMA-D
clip_05223,spk_043,256,CREMA-D
clip_05224,spk_002,173,CREMA-D
clip_05225,spk_029,272,CREMA-D
clip_05226,spk_026,1537,TESS
clip_05227,spk_025,1495,TESS
clip_05228,spk_025,1495,TESS
clip_05229,spk_015,388,CREMA-D
clip_05230,spk_018,1197,TESS
clip_05232,spk_026,1537,TESS
clip_05233,spk_060,214,CREMA-D
clip_05234,spk_021,264,CREMA-D
clip_05235,spk_018,1197,TESS
clip_05236,spk_025,1495,TESS
clip_05237,spk_007,79,CREMA-D
clip_05238,spk_028,472,CREMA-D
clip_05239,spk_026,1537,TESS
clip_05240,spk_060,214,CREMA-D
clip_05242,spk_025,1495,TESS
clip_05243,spk_018,1197,TESS
clip_05244,spk_026,1537,TESS
clip_05245,spk_015,388,CREMA-D
clip_05246,spk_078,101,CREMA-D
clip_05247,spk_026,1537,TESS
clip_05248,spk_025,1495,TESS
clip_05249,spk_026,1537,TESS
clip_05250,spk_060,214,CREMA-D
clip_05252,spk_026,1537,TESS
clip_05253,spk_029,272,CREMA-D
clip_05254,spk_025,1495,TESS
clip_05255,spk_018,1197,TESS
clip_05256,spk_068,29,RAVDESS
clip_05257,spk_085,49,RAVDESS
clip_05258,spk_028,472,CREMA-D
clip_05259,spk_018,1197,TESS
clip_05260,spk_025,1495,TESS
clip_05261,spk_018,1197,TESS
clip_05262,spk_028,472,CREMA-D
clip_05263,spk_094,457,CREMA-D
clip_05264,spk_026,1537,TESS
clip_05265,spk_026,1537,TESS
clip_05266,spk_060,214,CREMA-D
clip_05267,spk_043,256,CREMA-D
clip_05269,spk_025,1495,TESS
clip_05270,spk_025,1495,TESS
clip_05271,spk_002,173,CREMA-D
clip_05272,spk_007,79,CREMA-D
clip_05273,spk_025,1495,TESS
clip_05274,spk_094,457,CREMA-D
clip_05275,spk_025,1495,TESS
clip_05276,spk_047,15,RAVDESS
clip_05277,spk_026,1537,TESS
clip_05278,spk_026,1537,TESS
clip_05279,spk_025,1495,TESS
clip_05280,spk_025,1495,TESS
clip_05281,spk_094,457,CREMA-D
clip_05282,spk_009,53,RAVDESS
clip_05283,spk_015,388,CREMA-D
clip_05284,spk_025,1495,TESS
clip_05285,spk_026,1537,TESS
clip_05286,spk_018,1197,TESS
clip_05287,spk_060,214,CREMA-D
clip_05288,spk_029,272,CREMA-D
clip_05289,spk_027,96,CREMA-D
clip_05290,spk_026,1537,TESS
clip_05291,spk_018,1197,TESS
clip_05292,spk_008,17,RAVDESS
clip_05293,spk_025,1495,TESS
clip_05294,spk_009,53,RAVDESS
clip_05295,spk_011,96,CREMA-D
clip_05296,spk_026,1537,TESS
clip_05298,spk_026,1537,TESS
clip_05301,spk_026,1537,TESS
clip_05303,spk_018,1197,TESS
clip_05304,spk_020,71,CREMA-D
clip_05305,spk_049,23,RAVDESS
clip_05306,spk_043,256,CREMA-D
clip_05307,spk_078,101,CREMA-D
clip_05308,spk_018,1197,TESS
clip_05309,spk_062,4,RAVDESS
clip_05310,spk_045,60,RAVDESS
clip_05311,spk_018,1197,TESS
clip_05312,spk_047,15,RAVDESS
clip_05314,spk_026,1537,TESS
clip_05315,spk_010,176,CREMA-D
clip_05316,spk_009,53,RAVDESS
clip_05317,spk_028,472,CREMA-D
clip_05318,spk_026,1537,TESS
clip_05320,spk_038,198,CREMA-D
clip_05322,spk_025,1495,TESS
clip_05323,spk_018,1197,TESS
clip_05324,spk_026,1537,TESS
clip_05326,spk_025,1495,TESS
clip_05327,spk_033,32,RAVDESS
clip_05329,spk_002,173,CREMA-D
clip_05330,spk_026,1537,TESS
clip_05332,spk_002,173,CREMA-D
clip_05333,spk_018,1197,TESS
clip_05334,spk_094,457,CREMA-D
clip_05335,spk_026,1537,TESS
clip_05337,spk_025,1495,TESS
clip_05339,spk_029,272,CREMA-D
clip_05340,spk_025,1495,TESS
clip_05341,spk_002,173,CREMA-D
clip_05342,spk_028,472,CREMA-D
clip_05343,spk_038,198,CREMA-D
clip_05344,spk_015,388,CREMA-D
clip_05346,spk_015,388,CREMA-D
clip_05347,spk_018,1197,TESS
clip_05348,spk_026,1537,TESS
clip_05349,spk_018,1197,TESS
clip_05350,spk_025,1495,TESS
clip_05352,spk_018,1197,TESS
clip_05353,spk_025,1495,TESS
clip_05354,spk_018,1197,TESS
clip_05355,spk_025,1495,TESS
clip_05356,spk_055,125,CREMA-D
clip_05357,spk_018,1197,TESS
clip_05359,spk_008,17,RAVDESS
clip_05361,spk_001,218,CREMA-D
clip_05362,spk_034,28,RAVDESS
clip_05363,spk_007,79,CREMA-D
clip_05364,spk_029,272,CREMA-D
clip_05366,spk_025,1495,TESS
clip_05367,spk_043,256,CREMA-D
clip_05368,spk_025,1495,TESS
clip_05369,spk_025,1495,TESS
clip_05370,spk_025,1495,TESS
clip_05371,spk_025,1495,TESS
clip_05372,spk_025,1495,TESS
clip_05373,spk_018,1197,TESS
clip_05376,spk_025,1495,TESS
clip_05377,spk_038,198,CREMA-D
clip_05378,spk_068,29,RAVDESS
clip_05379,spk_043,256,CREMA-D
clip_05381,spk_002,173,CREMA-D
clip_05382,spk_028,472,CREMA-D
clip_05383,spk_041,37,RAVDESS
clip_05384,spk_029,272,CREMA-D
clip_05386,spk_025,1495,TESS
clip_05387,spk_025,1495,TESS
clip_05388,spk_025,1495,TESS
clip_05389,spk_018,1197,TESS
clip_05391,spk_018,1197,TESS
clip_05392,spk_028,472,CREMA-D
clip_05393,spk_022,48,RAVDESS
clip_05394,spk_026,1537,TESS
clip_05395,spk_026,1537,TESS
clip_05396,spk_021,264,CREMA-D
clip_05397,spk_018,1197,TESS
clip_05399,spk_094,457,CREMA-D
clip_05400,spk_025,1495,TESS
clip_05401,spk_025,1495,TESS
clip_05402,spk_018,1197,TESS
clip_05403,spk_025,1495,TESS
clip_05404,spk_055,125,CREMA-D
clip_05405,spk_025,1495,TESS
clip_05406,spk_018,1197,TESS
clip_05407,spk_018,1197,TESS
clip_05408,spk_026,1537,TESS
clip_05409,spk_022,48,RAVDESS
clip_05410,spk_043,256,CREMA-D
clip_05411,spk_021,264,CREMA-D
clip_05412,spk_043,256,CREMA-D
clip_05413,spk_025,1495,TESS
clip_05414,spk_027,96,CREMA-D
clip_05415,spk_025,1495,TESS
clip_05416,spk_018,1197,TESS
clip_05417,spk_018,1197,TESS
clip_05418,spk_094,457,CREMA-D
clip_05419,spk_002,173,CREMA-D
clip_05420,spk_015,388,CREMA-D
clip_05421,spk_026,1537,TESS
clip_05422,spk_025,1495,TESS
clip_05423,spk_010,176,CREMA-D
clip_05424,spk_026,1537,TESS
clip_05425,spk_026,1537,TESS
clip_05426,spk_018,1197,TESS
clip_05427,spk_025,1495,TESS
clip_05428,spk_021,264,CREMA-D
clip_05429,spk_010,176,CREMA-D
clip_05431,spk_015,388,CREMA-D
clip_05432,spk_026,1537,TESS
clip_05433,spk_018,1197,TESS
clip_05435,spk_060,214,CREMA-D
clip_05436,spk_025,1495,TESS
clip_05437,spk_025,1495,TESS
clip_05438,spk_029,272,CREMA-D
clip_05439,spk_027,96,CREMA-D
clip_05441,spk_020,71,CREMA-D
clip_05442,spk_038,198,CREMA-D
clip_05444,spk_002,173,CREMA-D
clip_05445,spk_094,457,CREMA-D
clip_05446,spk_043,256,CREMA-D
clip_05447,spk_094,457,CREMA-D
clip_05448,spk_026,1537,TESS
clip_05449,spk_018,1197,TESS
clip_05450,spk_010,176,CREMA-D
clip_05451,spk_043,256,CREMA-D
clip_05453,spk_018,1197,TESS
clip_05454,spk_085,49,RAVDESS
clip_05456,spk_011,96,CREMA-D
clip_05458,spk_026,1537,TESS
clip_05459,spk_026,1537,TESS
clip_05460,spk_002,173,CREMA-D
clip_05461,spk_029,272,CREMA-D
clip_05462,spk_015,388,CREMA-D
clip_05463,spk_026,1537,TESS
clip_05464,spk_060,214,CREMA-D
clip_05465,spk_043,256,CREMA-D
clip_05466,spk_026,1537,TESS
clip_05467,spk_018,1197,TESS
clip_05468,spk_055,125,CREMA-D
clip_05469,spk_026,1537,TESS
clip_05470,spk_009,53,RAVDESS
clip_05471,spk_001,218,CREMA-D
clip_05472,spk_025,1495,TESS
clip_05473,spk_026,1537,TESS
clip_05476,spk_045,60,RAVDESS
clip_05477,spk_002,173,CREMA-D
clip_05478,spk_025,1495,TESS
clip_05479,spk_018,1197,TESS
clip_05480,spk_026,1537,TESS
clip_05481,spk_001,218,CREMA-D
clip_05482,spk_026,1537,TESS
clip_05483,spk_026,1537,TESS
clip_05484,spk_005,33,RAVDESS
clip_05486,spk_002,173,CREMA-D
clip_05487,spk_018,1197,TESS
clip_05489,spk_007,79,CREMA-D
clip_05491,spk_094,457,CREMA-D
clip_05492,spk_043,256,CREMA-D
clip_05493,spk_011,96,CREMA-D
clip_05494,spk_026,1537,TESS
clip_05495,spk_011,96,CREMA-D
clip_05496,spk_025,1495,TESS
clip_05497,spk_025,1495,TESS
clip_05499,spk_060,214,CREMA-D
clip_05500,spk_025,1495,TESS
clip_05501,spk_026,1537,TESS
clip_05502,spk_026,1537,TESS
clip_05504,spk_025,1495,TESS
clip_05505,spk_018,1197,TESS
clip_05506,spk_038,198,CREMA-D
clip_05508,spk_028,472,CREMA-D
clip_05509,spk_026,1537,TESS
clip_05510,spk_094,457,CREMA-D
clip_05511,spk_018,1197,TESS
clip_05512,spk_022,48,RAVDESS
clip_05513,spk_076,10,RAVDESS
clip_05514,spk_029,272,CREMA-D
clip_05515,spk_038,198,CREMA-D
clip_05516,spk_025,1495,TESS
clip_05517,spk_018,1197,TESS
clip_05518,spk_080,38,RAVDESS
clip_05519,spk_028,472,CREMA-D
clip_05520,spk_026,1537,TESS
clip_05521,spk_026,1537,TESS
clip_05523,spk_026,1537,TESS
clip_05524,spk_009,53,RAVDESS
clip_05526,spk_047,15,RAVDESS
clip_05527,spk_010,176,CREMA-D
clip_05528,spk_018,1197,TESS
clip_05529,spk_039,34,RAVDESS
clip_05530,spk_080,38,RAVDESS
clip_05532,spk_001,218,CREMA-D
clip_05533,spk_025,1495,TESS
clip_05534,spk_011,96,CREMA-D
clip_05535,spk_025,1495,TESS
clip_05537,spk_039,34,RAVDESS
clip_05538,spk_020,71,CREMA-D
clip_05540,spk_026,1537,TESS
clip_05541,spk_027,96,CREMA-D
clip_05542,spk_025,1495,TESS
clip_05543,spk_025,1495,TESS
clip_05544,spk_043,256,CREMA-D
clip_05546,spk_055,125,CREMA-D
clip_05547,spk_026,1537,TESS
clip_05548,spk_028,472,CREMA-D
clip_05549,spk_028,472,CREMA-D
clip_05550,spk_034,28,RAVDESS
clip_05551,spk_021,264,CREMA-D
clip_05552,spk_057,16,RAVDESS
clip_05553,spk_025,1495,TESS
clip_05556,spk_027,96,CREMA-D
clip_05557,spk_043,256,CREMA-D
clip_05559,spk_061,6,RAVDESS
clip_05560,spk_002,173,CREMA-D
clip_05561,spk_015,388,CREMA-D
clip_05562,spk_020,71,CREMA-D
clip_05564,spk_018,1197,TESS
clip_05565,spk_025,1495,TESS
clip_05567,spk_025,1495,TESS
clip_05568,spk_018,1197,TESS
clip_05569,spk_028,472,CREMA-D
clip_05570,spk_025,1495,TESS
clip_05571,spk_021,264,CREMA-D
clip_05572,spk_018,1197,TESS
clip_05574,spk_026,1537,TESS
clip_05575,spk_025,1495,TESS
clip_05576,spk_088,186,CREMA-D
clip_05577,spk_094,457,CREMA-D
clip_05578,spk_018,1197,TESS
clip_05579,spk_033,32,RAVDESS
clip_05580,spk_094,457,CREMA-D
clip_05581,spk_055,125,CREMA-D
clip_05582,spk_094,457,CREMA-D
clip_05583,spk_025,1495,TESS
clip_05584,spk_018,1197,TESS
clip_05585,spk_026,1537,TESS
clip_05586,spk_043,256,CREMA-D
clip_05587,spk_026,1537,TESS
clip_05588,spk_063,3,RAVDESS
clip_05591,spk_085,49,RAVDESS
clip_05592,spk_025,1495,TESS
clip_05593,spk_026,1537,TESS
clip_05594,spk_025,1495,TESS
clip_05595,spk_038,198,CREMA-D
clip_05596,spk_025,1495,TESS
clip_05598,spk_026,1537,TESS
clip_05599,spk_028,472,CREMA-D
clip_05600,spk_018,1197,TESS
clip_05601,spk_025,1495,TESS
clip_05602,spk_025,1495,TESS
clip_05603,spk_026,1537,TESS
clip_05605,spk_025,1495,TESS
clip_05606,spk_018,1197,TESS
clip_05607,spk_018,1197,TESS
clip_05608,spk_001,218,CREMA-D
clip_05610,spk_026,1537,TESS
clip_05611,spk_018,1197,TESS
clip_05612,spk_029,272,CREMA-D
clip_05613,spk_026,1537,TESS
clip_05614,spk_055,125,CREMA-D
clip_05616,spk_015,388,CREMA-D
clip_05617,spk_016,13,RAVDESS
clip_05618,spk_025,1495,TESS
clip_05619,spk_060,214,CREMA-D
clip_05620,spk_028,472,CREMA-D
clip_05621,spk_010,176,CREMA-D
clip_05622,spk_028,472,CREMA-D
clip_05623,spk_094,457,CREMA-D
clip_05624,spk_012,106,CREMA-D
clip_05625,spk_055,125,CREMA-D
clip_05626,spk_001,218,CREMA-D
clip_05627,spk_028,472,CREMA-D
clip_05628,spk_025,1495,TESS
clip_05629,spk_094,457,CREMA-D
clip_05630,spk_002,173,CREMA-D
clip_05631,spk_026,1537,TESS
clip_05632,spk_026,1537,TESS
clip_05633,spk_012,106,CREMA-D
clip_05634,spk_015,388,CREMA-D
clip_05635,spk_010,176,CREMA-D
clip_05637,spk_057,16,RAVDESS
clip_05638,spk_014,23,RAVDESS
clip_05639,spk_018,1197,TESS
clip_05640,spk_085,49,RAVDESS
clip_05641,spk_028,472,CREMA-D
clip_05642,spk_025,1495,TESS
clip_05644,spk_025,1495,TESS
clip_05645,spk_028,472,CREMA-D
clip_05646,spk_025,1495,TESS
clip_05647,spk_025,1495,TESS
clip_05648,spk_026,1537,TESS
clip_05649,spk_018,1197,TESS
clip_05652,spk_025,1495,TESS
clip_05653,spk_025,1495,TESS
clip_05654,spk_015,388,CREMA-D
clip_05655,spk_018,1197,TESS
clip_05656,spk_049,23,RAVDESS
clip_05657,spk_021,264,CREMA-D
clip_05658,spk_026,1537,TESS
clip_05659,spk_026,1537,TESS
clip_05660,spk_026,1537,TESS
clip_05661,spk_018,1197,TESS
clip_05662,spk_018,1197,TESS
clip_05663,spk_028,472,CREMA-D
clip_05664,spk_025,1495,TESS
clip_05666,spk_007,79,CREMA-D
clip_05667,spk_010,176,CREMA-D
clip_05668,spk_018,1197,TESS
clip_05669,spk_018,1197,TESS
clip_05670,spk_021,264,CREMA-D
clip_05671,spk_088,186,CREMA-D
clip_05672,spk_025,1495,TESS
clip_05673,spk_033,32,RAVDESS
clip_05674,spk_027,96,CREMA-D
clip_05675,spk_004,29,RAVDESS
clip_05676,spk_026,1537,TESS
clip_05677,spk_029,272,CREMA-D
clip_05678,spk_019,11,RAVDESS
clip_05679,spk_029,272,CREMA-D
clip_05680,spk_026,1537,TESS
clip_05683,spk_026,1537,TESS
clip_05684,spk_018,1197,TESS
clip_05685,spk_038,198,CREMA-D
clip_05686,spk_026,1537,TESS
clip_05687,spk_026,1537,TESS
clip_05688,spk_018,1197,TESS
clip_05689,spk_010,176,CREMA-D
clip_05690,spk_025,1495,TESS
clip_05691,spk_094,457,CREMA-D
clip_05693,spk_050,11,RAVDESS
clip_05694,spk_088,186,CREMA-D
clip_05695,spk_055,125,CREMA-D
clip_05696,spk_025,1495,TESS
clip_05697,spk_025,1495,TESS
clip_05698,spk_026,1537,TESS
clip_05699,spk_018,1197,TESS
clip_05701,spk_027,96,CREMA-D
clip_05702,spk_025,1495,TESS
clip_05704,spk_010,176,CREMA-D
clip_05705,spk_025,1495,TESS
clip_05706,spk_015,388,CREMA-D
clip_05707,spk_026,1537,TESS
clip_05708,spk_025,1495,TESS
clip_05709,spk_018,1197,TESS
clip_05710,spk_018,1197,TESS
clip_05711,spk_025,1495,TESS
clip_05712,spk_011,96,CREMA-D
clip_05714,spk_026,1537,TESS
clip_05715,spk_094,457,CREMA-D
clip_05716,spk_025,1495,TESS
clip_05717,spk_094,457,CREMA-D
clip_05718,spk_018,1197,TESS
clip_05720,spk_026,1537,TESS
clip_05721,spk_055,125,CREMA-D
clip_05722,spk_025,1495,TESS
clip_05723,spk_088,186,CREMA-D
clip_05724,spk_007,79,CREMA-D
clip_05725,spk_018,1197,TESS
clip_05726,spk_038,198,CREMA-D
clip_05727,spk_028,472,CREMA-D
clip_05728,spk_018,1197,TESS
clip_05729,spk_018,1197,TESS
clip_05731,spk_026,1537,TESS
clip_05732,spk_049,23,RAVDESS
clip_05733,spk_028,472,CREMA-D
clip_05734,spk_018,1197,TESS
clip_05736,spk_021,264,CREMA-D
clip_05737,spk_028,472,CREMA-D
clip_05738,spk_015,388,CREMA-D
clip_05739,spk_025,1495,TESS
clip_05740,spk_026,1537,TESS
clip_05741,spk_018,1197,TESS
clip_05742,spk_094,457,CREMA-D
clip_05743,spk_021,264,CREMA-D
clip_05744,spk_011,96,CREMA-D
clip_05746,spk_027,96,CREMA-D
clip_05747,spk_026,1537,TESS
clip_05748,spk_018,1197,TESS
clip_05749,spk_026,1537,TESS
clip_05750,spk_018,1197,TESS
clip_05751,spk_010,176,CREMA-D
clip_05752,spk_021,264,CREMA-D
clip_05753,spk_025,1495,TESS
clip_05754,spk_002,173,CREMA-D
clip_05756,spk_025,1495,TESS
clip_05757,spk_018,1197,TESS
clip_05759,spk_025,1495,TESS
clip_05760,spk_026,1537,TESS
clip_05761,spk_043,256,CREMA-D
clip_05762,spk_018,1197,TESS
clip_05763,spk_067,19,RAVDESS
clip_05766,spk_075,20,RAVDESS
clip_05767,spk_010,176,CREMA-D
clip_05768,spk_022,48,RAVDESS
clip_05769,spk_025,1495,TESS
clip_05770,spk_029,272,CREMA-D
clip_05771,spk_020,71,CREMA-D
clip_05772,spk_029,272,CREMA-D
clip_05773,spk_018,1197,TESS
clip_05774,spk_025,1495,TESS
clip_05775,spk_078,101,CREMA-D
clip_05776,spk_001,218,CREMA-D
clip_05777,spk_094,457,CREMA-D
clip_05778,spk_055,125,CREMA-D
clip_05779,spk_021,264,CREMA-D
clip_05780,spk_026,1537,TESS
clip_05781,spk_001,218,CREMA-D
clip_05782,spk_026,1537,TESS
clip_05783,spk_025,1495,TESS
clip_05784,spk_025,1495,TESS
clip_05785,spk_001,218,CREMA-D
clip_05786,spk_029,272,CREMA-D
clip_05788,spk_085,49,RAVDESS
clip_05791,spk_025,1495,TESS
clip_05792,spk_026,1537,TESS
clip_05793,spk_018,1197,TESS
clip_05795,spk_026,1537,TESS
clip_05796,spk_060,214,CREMA-D
clip_05797,spk_038,198,CREMA-D
clip_05798,spk_018,1197,TESS
clip_05799,spk_011,96,CREMA-D
clip_05800,spk_078,101,CREMA-D
clip_05801,spk_078,101,CREMA-D
clip_05802,spk_018,1197,TESS
clip_05803,spk_018,1197,TESS
clip_05805,spk_025,1495,TESS
clip_05806,spk_001,218,CREMA-D
clip_05807,spk_094,457,CREMA-D
clip_05810,spk_014,23,RAVDESS
clip_05811,spk_026,1537,TESS
clip_05812,spk_025,1495,TESS
clip_05813,spk_025,1495,TESS
clip_05814,spk_043,256,CREMA-D
clip_05815,spk_025,1495,TESS
clip_05816,spk_060,214,CREMA-D
clip_05820,spk_002,173,CREMA-D
clip_05821,spk_037,14,RAVDESS
clip_05822,spk_026,1537,TESS
clip_05823,spk_026,1537,TESS
clip_05826,spk_029,272,CREMA-D
clip_05827,spk_026,1537,TESS
clip_05829,spk_025,1495,TESS
clip_05830,spk_027,96,CREMA-D
clip_05831,spk_029,272,CREMA-D
clip_05832,spk_026,1537,TESS
clip_05833,spk_026,1537,TESS
clip_05834,spk_021,264,CREMA-D
clip_05835,spk_018,1197,TESS
clip_05838,spk_094,457,CREMA-D
clip_05839,spk_018,1197,TESS
clip_05841,spk_025,1495,TESS
clip_05842,spk_009,53,RAVDESS
clip_05843,spk_018,1197,TESS
clip_05844,spk_055,125,CREMA-D
clip_05845,spk_029,272,CREMA-D
clip_05846,spk_025,1495,TESS
clip_05847,spk_025,1495,TESS
clip_05848,spk_025,1495,TESS
clip_05849,spk_028,472,CREMA-D
clip_05850,spk_018,1197,TESS
clip_05851,spk_026,1537,TESS
clip_05852,spk_002,173,CREMA-D
clip_05853,spk_021,264,CREMA-D
clip_05854,spk_094,457,CREMA-D
clip_05855,spk_018,1197,TESS
clip_05856,spk_038,198,CREMA-D
clip_05857,spk_025,1495,TESS
clip_05859,spk_018,1197,TESS
clip_05860,spk_021,264,CREMA-D
clip_05861,spk_026,1537,TESS
clip_05863,spk_018,1197,TESS
clip_05864,spk_015,388,CREMA-D
clip_05865,spk_094,457,CREMA-D
clip_05866,spk_026,1537,TESS
clip_05867,spk_025,1495,TESS
clip_05868,spk_029,272,CREMA-D
clip_05869,spk_094,457,CREMA-D
clip_05870,spk_073,2,RAVDESS
clip_05871,spk_025,1495,TESS
clip_05872,spk_018,1197,TESS
clip_05874,spk_077,1,RAVDESS
clip_05876,spk_026,1537,TESS
clip_05877,spk_025,1495,TESS
clip_05879,spk_021,264,CREMA-D
clip_05880,spk_029,272,CREMA-D
clip_05881,spk_028,472,CREMA-D
clip_05882,spk_060,214,CREMA-D
clip_05884,spk_026,1537,TESS
clip_05885,spk_015,388,CREMA-D
clip_05886,spk_026,1537,TESS
clip_05887,spk_026,1537,TESS
clip_05888,spk_025,1495,TESS
clip_05890,spk_018,1197,TESS
clip_05892,spk_012,106,CREMA-D
clip_05893,spk_026,1537,TESS
clip_05894,spk_015,388,CREMA-D
clip_05895,spk_018,1197,TESS
clip_05896,spk_010,176,CREMA-D
clip_05898,spk_029,272,CREMA-D
clip_05899,spk_015,388,CREMA-D
clip_05900,spk_025,1495,TESS
clip_05902,spk_026,1537,TESS
clip_05905,spk_083,2,RAVDESS
clip_05906,spk_018,1197,TESS
clip_05907,spk_028,472,CREMA-D
clip_05908,spk_026,1537,TESS
clip_05909,spk_006,58,RAVDESS
clip_05910,spk_014,23,RAVDESS
clip_05911,spk_009,53,RAVDESS
clip_05912,spk_025,1495,TESS
clip_05913,spk_025,1495,TESS
clip_05914,spk_018,1197,TESS
clip_05915,spk_043,256,CREMA-D
clip_05916,spk_055,125,CREMA-D
clip_05917,spk_026,1537,TESS
clip_05919,spk_027,96,CREMA-D
clip_05920,spk_026,1537,TESS
clip_05921,spk_026,1537,TESS
clip_05922,spk_025,1495,TESS
clip_05923,spk_094,457,CREMA-D
clip_05925,spk_025,1495,TESS
clip_05926,spk_001,218,CREMA-D
clip_05928,spk_025,1495,TESS
clip_05929,spk_025,1495,TESS
clip_05930,spk_065,6,RAVDESS
clip_05931,spk_002,173,CREMA-D
clip_05932,spk_094,457,CREMA-D
clip_05933,spk_025,1495,TESS
clip_05934,spk_025,1495,TESS
clip_05935,spk_028,472,CREMA-D
clip_05937,spk_018,1197,TESS
clip_05938,spk_067,19,RAVDESS
clip_05939,spk_026,1537,TESS
clip_05940,spk_025,1495,TESS
clip_05941,spk_088,186,CREMA-D
clip_05942,spk_078,101,CREMA-D
clip_05943,spk_088,186,CREMA-D
clip_05944,spk_034,28,RAVDESS
clip_05945,spk_026,1537,TESS
clip_05946,spk_025,1495,TESS
clip_05949,spk_026,1537,TESS
clip_05950,spk_018,1197,TESS
clip_05951,spk_026,1537,TESS
clip_05952,spk_025,1495,TESS
clip_05953,spk_015,388,CREMA-D
clip_05954,spk_029,272,CREMA-D
clip_05956,spk_026,1537,TESS
clip_05958,spk_018,1197,TESS
clip_05961,spk_038,198,CREMA-D
clip_05962,spk_015,388,CREMA-D
clip_05963,spk_018,1197,TESS
clip_05964,spk_025,1495,TESS
clip_05965,spk_094,457,CREMA-D
clip_05967,spk_026,1537,TESS
clip_05969,spk_021,264,CREMA-D
clip_05970,spk_026,1537,TESS
clip_05971,spk_029,272,CREMA-D
clip_05973,spk_029,272,CREMA-D
clip_05974,spk_015,388,CREMA-D
clip_05975,spk_018,1197,TESS
clip_05976,spk_026,1537,TESS
clip_05977,spk_025,1495,TESS
clip_05980,spk_015,388,CREMA-D
clip_05981,spk_055,125,CREMA-D
clip_05982,spk_018,1197,TESS
clip_05983,spk_026,1537,TESS
clip_05984,spk_026,1537,TESS
clip_05985,spk_060,214,CREMA-D
clip_05987,spk_039,34,RAVDESS
clip_05988,spk_007,79,CREMA-D
clip_05989,spk_038,198,CREMA-D
clip_05990,spk_018,1197,TESS
clip_05991,spk_026,1537,TESS
clip_05995,spk_080,38,RAVDESS
clip_05996,spk_088,186,CREMA-D
clip_05997,spk_025,1495,TESS
clip_05998,spk_011,96,CREMA-D
clip_06001,spk_025,1495,TESS
clip_06002,spk_001,218,CREMA-D
clip_06004,spk_001,218,CREMA-D
clip_06005,spk_028,472,CREMA-D
clip_06006,spk_021,264,CREMA-D
clip_06008,spk_026,1537,TESS
clip_06009,spk_025,1495,TESS
clip_06010,spk_009,53,RAVDESS
clip_06011,spk_001,218,CREMA-D
clip_06012,spk_088,186,CREMA-D
clip_06013,spk_018,1197,TESS
clip_06014,spk_025,1495,TESS
clip_06017,spk_025,1495,TESS
clip_06018,spk_026,1537,TESS
clip_06020,spk_094,457,CREMA-D
clip_06021,spk_094,457,CREMA-D
clip_06022,spk_038,198,CREMA-D
clip_06023,spk_018,1197,TESS
clip_06024,spk_082,2,RAVDESS
clip_06025,spk_021,264,CREMA-D
clip_06026,spk_011,96,CREMA-D
clip_06028,spk_012,106,CREMA-D
clip_06029,spk_025,1495,TESS
clip_06030,spk_018,1197,TESS
clip_06031,spk_026,1537,TESS
clip_06032,spk_012,106,CREMA-D
clip_06034,spk_021,264,CREMA-D
clip_06035,spk_025,1495,TESS
clip_06036,spk_018,1197,TESS
clip_06037,spk_029,272,CREMA-D
clip_06038,spk_018,1197,TESS
clip_06039,spk_029,272,CREMA-D
clip_06040,spk_026,1537,TESS
clip_06041,spk_026,1537,TESS
clip_06042,spk_008,17,RAVDESS
clip_06043,spk_094,457,CREMA-D
clip_06044,spk_018,1197,TESS
clip_06045,spk_026,1537,TESS
clip_06047,spk_001,218,CREMA-D
clip_06049,spk_043,256,CREMA-D
clip_06050,spk_026,1537,TESS
clip_06051,spk_025,1495,TESS
clip_06052,spk_018,1197,TESS
clip_06053,spk_043,256,CREMA-D
clip_06054,spk_025,1495,TESS
clip_06055,spk_038,198,CREMA-D
clip_06056,spk_001,218,CREMA-D
clip_06058,spk_078,101,CREMA-D
clip_06059,spk_025,1495,TESS
clip_06060,spk_026,1537,TESS
clip_06061,spk_025,1495,TESS
clip_06062,spk_025,1495,TESS
clip_06063,spk_015,388,CREMA-D
clip_06064,spk_027,96,CREMA-D
clip_06066,spk_029,272,CREMA-D
clip_06067,spk_026,1537,TESS
clip_06068,spk_024,27,RAVDESS
clip_06069,spk_025,1495,TESS
clip_06070,spk_018,1197,TESS
clip_06071,spk_088,186,CREMA-D
clip_06072,spk_015,388,CREMA-D
clip_06073,spk_041,37,RAVDESS
clip_06074,spk_038,198,CREMA-D
clip_06075,spk_094,457,CREMA-D
clip_06076,spk_029,272,CREMA-D
clip_06077,spk_028,472,CREMA-D
clip_06079,spk_018,1197,TESS
clip_06080,spk_026,1537,TESS
clip_06081,spk_000,6,RAVDESS
clip_06082,spk_021,264,CREMA-D
clip_06083,spk_002,173,CREMA-D
clip_06084,spk_019,11,RAVDESS
clip_06086,spk_043,256,CREMA-D
clip_06087,spk_026,1537,TESS
clip_06088,spk_029,272,CREMA-D
clip_06089,spk_026,1537,TESS
clip_06090,spk_002,173,CREMA-D
clip_06092,spk_025,1495,TESS
clip_06094,spk_050,11,RAVDESS
clip_06095,spk_028,472,CREMA-D
clip_06097,spk_028,472,CREMA-D
clip_06098,spk_012,106,CREMA-D
clip_06099,spk_026,1537,TESS
clip_06101,spk_043,256,CREMA-D
clip_06103,spk_043,256,CREMA-D
clip_06104,spk_055,125,CREMA-D
clip_06105,spk_021,264,CREMA-D
clip_06108,spk_041,37,RAVDESS
clip_06109,spk_026,1537,TESS
clip_06110,spk_015,388,CREMA-D
clip_06111,spk_025,1495,TESS
clip_06112,spk_055,125,CREMA-D
clip_06113,spk_026,1537,TESS
clip_06114,spk_033,32,RAVDESS
clip_06115,spk_068,29,RAVDESS
clip_06116,spk_021,264,CREMA-D
clip_06117,spk_028,472,CREMA-D
clip_06118,spk_094,457,CREMA-D
clip_06119,spk_026,1537,TESS
clip_06120,spk_040,19,RAVDESS
clip_06121,spk_018,1197,TESS
clip_06122,spk_026,1537,TESS
clip_06123,spk_018,1197,TESS
clip_06124,spk_025,1495,TESS
clip_06125,spk_018,1197,TESS
clip_06127,spk_078,101,CREMA-D
clip_06128,spk_018,1197,TESS
clip_06129,spk_015,388,CREMA-D
clip_06130,spk_018,1197,TESS
clip_06131,spk_025,1495,TESS
clip_06132,spk_026,1537,TESS
clip_06133,spk_025,1495,TESS
clip_06134,spk_039,34,RAVDESS
clip_06135,spk_026,1537,TESS
clip_06136,spk_010,176,CREMA-D
clip_06137,spk_026,1537,TESS
clip_06138,spk_026,1537,TESS
clip_06139,spk_094,457,CREMA-D
clip_06140,spk_025,1495,TESS
clip_06141,spk_020,71,CREMA-D
clip_06142,spk_025,1495,TESS
clip_06143,spk_025,1495,TESS
clip_06144,spk_025,1495,TESS
clip_06145,spk_026,1537,TESS
clip_06146,spk_060,214,CREMA-D
clip_06148,spk_002,173,CREMA-D
clip_06149,spk_011,96,CREMA-D
clip_06150,spk_025,1495,TESS
clip_06151,spk_025,1495,TESS
clip_06152,spk_010,176,CREMA-D
clip_06153,spk_025,1495,TESS
clip_06154,spk_026,1537,TESS
clip_06156,spk_025,1495,TESS
clip_06158,spk_012,106,CREMA-D
clip_06159,spk_029,272,CREMA-D
clip_06160,spk_015,388,CREMA-D
clip_06162,spk_025,1495,TESS
clip_06163,spk_025,1495,TESS
clip_06164,spk_038,198,CREMA-D
clip_06165,spk_015,388,CREMA-D
clip_06166,spk_026,1537,TESS
clip_06167,spk_026,1537,TESS
clip_06168,spk_028,472,CREMA-D
clip_06169,spk_028,472,CREMA-D
clip_06170,spk_017,19,RAVDESS
clip_06171,spk_025,1495,TESS
clip_06172,spk_001,218,CREMA-D
clip_06173,spk_024,27,RAVDESS
clip_06174,spk_026,1537,TESS
clip_06175,spk_018,1197,TESS
clip_06176,spk_038,198,CREMA-D
clip_06177,spk_025,1495,TESS
clip_06178,spk_094,457,CREMA-D
clip_06179,spk_060,214,CREMA-D
clip_06180,spk_026,1537,TESS
clip_06181,spk_026,1537,TESS
clip_06182,spk_012,106,CREMA-D
clip_06183,spk_018,1197,TESS
clip_06184,spk_025,1495,TESS
clip_06185,spk_029,272,CREMA-D
clip_06186,spk_026,1537,TESS
clip_06187,spk_006,58,RAVDESS
clip_06188,spk_026,1537,TESS
clip_06189,spk_025,1495,TESS
clip_06190,spk_031,9,RAVDESS
clip_06191,spk_025,1495,TESS
clip_06193,spk_021,264,CREMA-D
clip_06195,spk_018,1197,TESS
clip_06196,spk_018,1197,TESS
clip_06197,spk_018,1197,TESS
clip_06198,spk_018,1197,TESS
clip_06199,spk_043,256,CREMA-D
clip_06200,spk_025,1495,TESS
clip_06201,spk_018,1197,TESS
clip_06202,spk_025,1495,TESS
clip_06206,spk_025,1495,TESS
clip_06207,spk_010,176,CREMA-D
clip_06208,spk_094,457,CREMA-D
clip_06209,spk_015,388,CREMA-D
clip_06210,spk_038,198,CREMA-D
clip_06211,spk_088,186,CREMA-D
clip_06212,spk_020,71,CREMA-D
clip_06213,spk_068,29,RAVDESS
clip_06214,spk_026,1537,TESS
clip_06217,spk_026,1537,TESS
clip_06218,spk_094,457,CREMA-D
clip_06220,spk_018,1197,TESS
clip_06221,spk_043,256,CREMA-D
clip_06222,spk_026,1537,TESS
clip_06223,spk_039,34,RAVDESS
clip_06224,spk_026,1537,TESS
clip_06225,spk_018,1197,TESS
clip_06227,spk_025,1495,TESS
clip_06228,spk_018,1197,TESS
clip_06229,spk_028,472,CREMA-D
clip_06230,spk_001,218,CREMA-D
clip_06231,spk_026,1537,TESS
clip_06232,spk_025,1495,TESS
clip_06233,spk_002,173,CREMA-D
clip_06234,spk_026,1537,TESS
clip_06235,spk_025,1495,TESS
clip_06236,spk_026,1537,TESS
clip_06237,spk_018,1197,TESS
clip_06238,spk_026,1537,TESS
clip_06239,spk_026,1537,TESS
clip_06241,spk_028,472,CREMA-D
clip_06242,spk_025,1495,TESS
clip_06243,spk_026,1537,TESS
clip_06244,spk_094,457,CREMA-D
clip_06245,spk_025,1495,TESS
clip_06246,spk_094,457,CREMA-D
clip_06247,spk_025,1495,TESS
clip_06249,spk_078,101,CREMA-D
clip_06251,spk_067,19,RAVDESS
clip_06252,spk_068,29,RAVDESS
clip_06253,spk_025,1495,TESS
clip_06254,spk_015,388,CREMA-D
clip_06256,spk_008,17,RAVDESS
clip_06257,spk_017,19,RAVDESS
clip_06258,spk_078,101,CREMA-D
clip_06259,spk_078,101,CREMA-D
clip_06260,spk_025,1495,TESS
clip_06261,spk_021,264,CREMA-D
clip_06263,spk_026,1537,TESS
clip_06265,spk_015,388,CREMA-D
clip_06266,spk_015,388,CREMA-D
clip_06267,spk_026,1537,TESS
clip_06268,spk_026,1537,TESS
clip_06269,spk_025,1495,TESS
clip_06270,spk_025,1495,TESS
clip_06271,spk_020,71,CREMA-D
clip_06272,spk_018,1197,TESS
clip_06273,spk_026,1537,TESS
clip_06274,spk_043,256,CREMA-D
clip_06275,spk_004,29,RAVDESS
clip_06276,spk_018,1197,TESS
clip_06277,spk_038,198,CREMA-D
clip_06278,spk_029,272,CREMA-D
clip_06279,spk_018,1197,TESS
clip_06280,spk_004,29,RAVDESS
clip_06281,spk_039,34,RAVDESS
clip_06282,spk_026,1537,TESS
clip_06283,spk_060,214,CREMA-D
clip_06285,spk_029,272,CREMA-D
clip_06286,spk_034,28,RAVDESS
clip_06287,spk_010,176,CREMA-D
clip_06288,spk_022,48,RAVDESS
clip_06289,spk_080,38,RAVDESS
clip_06290,spk_018,1197,TESS
clip_06291,spk_021,264,CREMA-D
clip_06292,spk_045,60,RAVDESS
clip_06293,spk_060,214,CREMA-D
clip_06294,spk_025,1495,TESS
clip_06295,spk_015,388,CREMA-D
clip_06296,spk_026,1537,TESS
clip_06297,spk_028,472,CREMA-D
clip_06298,spk_088,186,CREMA-D
clip_06299,spk_025,1495,TESS
clip_06300,spk_028,472,CREMA-D
clip_06301,spk_021,264,CREMA-D
clip_06302,spk_025,1495,TESS
clip_06303,spk_016,13,RAVDESS
clip_06304,spk_026,1537,TESS
clip_06305,spk_032,13,RAVDESS
clip_06306,spk_026,1537,TESS
clip_06307,spk_018,1197,TESS
clip_06308,spk_006,58,RAVDESS
clip_06310,spk_018,1197,TESS
clip_06311,spk_018,1197,TESS
clip_06312,spk_025,1495,TESS
clip_06313,spk_002,173,CREMA-D
clip_06314,spk_025,1495,TESS
clip_06315,spk_026,1537,TESS
clip_06316,spk_012,106,CREMA-D
clip_06317,spk_011,96,CREMA-D
clip_06318,spk_094,457,CREMA-D
clip_06319,spk_028,472,CREMA-D
clip_06320,spk_026,1537,TESS
clip_06321,spk_026,1537,TESS
clip_06322,spk_026,1537,TESS
clip_06323,spk_026,1537,TESS
clip_06324,spk_059,6,RAVDESS
clip_06325,spk_039,34,RAVDESS
clip_06326,spk_018,1197,TESS
clip_06327,spk_018,1197,TESS
clip_06328,spk_019,11,RAVDESS
clip_06329,spk_026,1537,TESS
clip_06330,spk_025,1495,TESS
clip_06331,spk_018,1197,TESS
clip_06332,spk_088,186,CREMA-D
clip_06333,spk_010,176,CREMA-D
clip_06334,spk_026,1537,TESS
clip_06335,spk_078,101,CREMA-D
clip_06336,spk_060,214,CREMA-D
clip_06341,spk_010,176,CREMA-D
clip_06342,spk_026,1537,TESS
clip_06343,spk_015,388,CREMA-D
clip_06344,spk_038,198,CREMA-D
clip_06348,spk_029,272,CREMA-D
clip_06349,spk_029,272,CREMA-D
clip_06350,spk_027,96,CREMA-D
clip_06351,spk_018,1197,TESS
clip_06352,spk_025,1495,TESS
clip_06353,spk_043,256,CREMA-D
clip_06354,spk_011,96,CREMA-D
clip_06355,spk_025,1495,TESS
clip_06356,spk_076,10,RAVDESS
clip_06357,spk_002,173,CREMA-D
clip_06358,spk_026,1537,TESS
clip_06359,spk_029,272,CREMA-D
clip_06360,spk_015,388,CREMA-D
clip_06361,spk_025,1495,TESS
clip_06363,spk_010,176,CREMA-D
clip_06364,spk_025,1495,TESS
clip_06365,spk_026,1537,TESS
clip_06366,spk_078,101,CREMA-D
clip_06367,spk_064,2,RAVDESS
clip_06368,spk_094,457,CREMA-D
clip_06369,spk_018,1197,TESS
clip_06370,spk_025,1495,TESS
clip_06371,spk_067,19,RAVDESS
clip_06372,spk_021,264,CREMA-D
clip_06374,spk_025,1495,TESS
clip_06375,spk_026,1537,TESS
clip_06376,spk_038,198,CREMA-D
clip_06377,spk_025,1495,TESS
clip_06378,spk_025,1495,TESS
clip_06380,spk_094,457,CREMA-D
clip_06381,spk_043,256,CREMA-D
clip_06382,spk_061,6,RAVDESS
clip_06383,spk_018,1197,TESS
clip_06384,spk_025,1495,TESS
clip_06385,spk_018,1197,TESS
clip_06386,spk_026,1537,TESS
clip_06387,spk_010,176,CREMA-D
clip_06388,spk_045,60,RAVDESS
clip_06389,spk_001,218,CREMA-D
clip_06390,spk_015,388,CREMA-D
clip_06392,spk_017,19,RAVDESS
clip_06393,spk_030,6,RAVDESS
clip_06395,spk_026,1537,TESS
clip_06396,spk_026,1537,TESS
clip_06397,spk_021,264,CREMA-D
clip_06398,spk_025,1495,TESS
clip_06399,spk_038,198,CREMA-D
clip_06400,spk_026,1537,TESS
clip_06401,spk_015,388,CREMA-D
clip_06402,spk_018,1197,TESS
clip_06404,spk_025,1495,TESS
clip_06405,spk_015,388,CREMA-D
clip_06406,spk_025,1495,TESS
clip_06407,spk_025,1495,TESS
clip_06408,spk_018,1197,TESS
clip_06409,spk_018,1197,TESS
clip_06410,spk_026,1537,TESS
clip_06411,spk_038,198,CREMA-D
clip_06412,spk_026,1537,TESS
clip_06413,spk_094,457,CREMA-D
clip_06414,spk_025,1495,TESS
clip_06415,spk_029,272,CREMA-D
clip_06416,spk_018,1197,TESS
clip_06417,spk_026,1537,TESS
clip_06418,spk_026,1537,TESS
clip_06419,spk_026,1537,TESS
clip_06420,spk_025,1495,TESS
clip_06421,spk_025,1495,TESS
clip_06422,spk_018,1197,TESS
clip_06423,spk_026,1537,TESS
clip_06424,spk_002,173,CREMA-D
clip_06425,spk_026,1537,TESS
clip_06426,spk_009,53,RAVDESS
clip_06427,spk_021,264,CREMA-D
clip_06429,spk_025,1495,TESS
clip_06430,spk_001,218,CREMA-D
clip_06431,spk_055,125,CREMA-D
clip_06432,spk_021,264,CREMA-D
clip_06433,spk_012,106,CREMA-D
clip_06434,spk_025,1495,TESS
clip_06435,spk_018,1197,TESS
clip_06436,spk_025,1495,TESS
clip_06437,spk_045,60,RAVDESS
clip_06438,spk_028,472,CREMA-D
clip_06440,spk_021,264,CREMA-D
clip_06441,spk_060,214,CREMA-D
clip_06442,spk_025,1495,TESS
clip_06443,spk_026,1537,TESS
clip_06445,spk_038,198,CREMA-D
clip_06446,spk_094,457,CREMA-D
clip_06448,spk_028,472,CREMA-D
clip_06449,spk_025,1495,TESS
clip_06450,spk_050,11,RAVDESS
clip_06452,spk_018,1197,TESS
clip_06454,spk_018,1197,TESS
clip_06455,spk_002,173,CREMA-D
clip_06456,spk_009,53,RAVDESS
clip_06457,spk_028,472,CREMA-D
clip_06458,spk_018,1197,TESS
clip_06460,spk_029,272,CREMA-D
clip_06461,spk_043,256,CREMA-D
clip_06463,spk_028,472,CREMA-D
clip_06464,spk_038,198,CREMA-D
clip_06465,spk_018,1197,TESS
clip_06466,spk_067,19,RAVDESS
clip_06467,spk_021,264,CREMA-D
clip_06468,spk_026,1537,TESS
clip_06469,spk_025,1495,TESS
clip_06470,spk_025,1495,TESS
clip_06471,spk_043,256,CREMA-D
clip_06472,spk_094,457,CREMA-D
clip_06473,spk_026,1537,TESS
clip_06474,spk_001,218,CREMA-D
clip_06475,spk_028,472,CREMA-D
clip_06477,spk_020,71,CREMA-D
clip_06478,spk_025,1495,TESS
clip_06479,spk_015,388,CREMA-D
clip_06480,spk_025,1495,TESS
clip_06481,spk_026,1537,TESS
clip_06482,spk_018,1197,TESS
clip_06483,spk_025,1495,TESS
clip_06484,spk_025,1495,TESS
clip_06485,spk_026,1537,TESS
clip_06487,spk_043,256,CREMA-D
clip_06488,spk_026,1537,TESS
clip_06490,spk_027,96,CREMA-D
clip_06491,spk_018,1197,TESS
clip_06492,spk_025,1495,TESS
clip_06493,spk_025,1495,TESS
clip_06494,spk_026,1537,TESS
clip_06495,spk_025,1495,TESS
clip_06496,spk_018,1197,TESS
clip_06497,spk_034,28,RAVDESS
clip_06498,spk_028,472,CREMA-D
clip_06499,spk_027,96,CREMA-D
clip_06500,spk_068,29,RAVDESS
clip_06502,spk_026,1537,TESS
clip_06503,spk_025,1495,TESS
clip_06504,spk_028,472,CREMA-D
clip_06505,spk_002,173,CREMA-D
clip_06506,spk_025,1495,TESS
clip_06507,spk_088,186,CREMA-D
clip_06508,spk_015,388,CREMA-D
clip_06509,spk_043,256,CREMA-D
clip_06510,spk_009,53,RAVDESS
clip_06511,spk_026,1537,TESS
clip_06513,spk_011,96,CREMA-D
clip_06514,spk_026,1537,TESS
clip_06515,spk_015,388,CREMA-D
clip_06518,spk_002,173,CREMA-D
clip_06519,spk_002,173,CREMA-D
clip_06520,spk_065,6,RAVDESS
clip_06521,spk_028,472,CREMA-D
clip_06524,spk_037,14,RAVDESS
clip_06525,spk_018,1197,TESS
clip_06526,spk_028,472,CREMA-D
clip_06527,spk_011,96,CREMA-D
clip_06528,spk_015,388,CREMA-D
clip_06529,spk_026,1537,TESS
clip_06530,spk_029,272,CREMA-D
clip_06531,spk_025,1495,TESS
clip_06532,spk_028,472,CREMA-D
clip_06533,spk_026,1537,TESS
clip_06534,spk_025,1495,TESS
clip_06535,spk_018,1197,TESS
clip_06536,spk_094,457,CREMA-D
clip_06537,spk_001,218,CREMA-D
clip_06539,spk_033,32,RAVDESS
clip_06540,spk_026,1537,TESS
clip_06541,spk_015,388,CREMA-D
clip_06543,spk_002,173,CREMA-D
clip_06544,spk_028,472,CREMA-D
clip_06546,spk_018,1197,TESS
clip_06547,spk_029,272,CREMA-D
clip_06548,spk_025,1495,TESS
clip_06549,spk_020,71,CREMA-D
clip_06550,spk_085,49,RAVDESS
clip_06552,spk_021,264,CREMA-D
clip_06553,spk_026,1537,TESS
clip_06554,spk_018,1197,TESS
clip_06555,spk_043,256,CREMA-D
clip_06557,spk_025,1495,TESS
clip_06558,spk_088,186,CREMA-D
clip_06559,spk_021,264,CREMA-D
clip_06561,spk_088,186,CREMA-D
clip_06562,spk_002,173,CREMA-D
clip_06563,spk_021,264,CREMA-D
clip_06564,spk_094,457,CREMA-D
clip_06565,spk_018,1197,TESS
clip_06566,spk_025,1495,TESS
clip_06567,spk_028,472,CREMA-D
clip_06568,spk_002,173,CREMA-D
clip_06570,spk_018,1197,TESS
clip_06571,spk_018,1197,TESS
clip_06572,spk_026,1537,TESS
clip_06573,spk_038,198,CREMA-D
clip_06574,spk_004,29,RAVDESS
clip_06575,spk_021,264,CREMA-D
clip_06576,spk_018,1197,TESS
clip_06577,spk_029,272,CREMA-D
clip_06579,spk_094,457,CREMA-D
clip_06580,spk_025,1495,TESS
clip_06581,spk_018,1197,TESS
clip_06582,spk_060,214,CREMA-D
clip_06585,spk_020,71,CREMA-D
clip_06586,spk_094,457,CREMA-D
clip_06587,spk_018,1197,TESS
clip_06588,spk_025,1495,TESS
clip_06590,spk_027,96,CREMA-D
clip_06591,spk_018,1197,TESS
clip_06592,spk_034,28,RAVDESS
clip_06593,spk_088,186,CREMA-D
clip_06594,spk_026,1537,TESS
clip_06595,spk_025,1495,TESS
clip_06596,spk_018,1197,TESS
clip_06597,spk_025,1495,TESS
clip_06598,spk_018,1197,TESS
clip_06599,spk_025,1495,TESS
clip_06600,spk_026,1537,TESS
clip_06601,spk_018,1197,TESS
clip_06603,spk_025,1495,TESS
clip_06604,spk_025,1495,TESS
clip_06605,spk_026,1537,TESS
clip_06607,spk_018,1197,TESS
clip_06608,spk_026,1537,TESS
clip_06609,spk_018,1197,TESS
clip_06610,spk_026,1537,TESS
clip_06611,spk_018,1197,TESS
clip_06613,spk_018,1197,TESS
clip_06614,spk_029,272,CREMA-D
clip_06615,spk_026,1537,TESS
clip_06616,spk_001,218,CREMA-D
clip_06617,spk_060,214,CREMA-D
clip_06618,spk_075,20,RAVDESS
clip_06619,spk_015,388,CREMA-D
clip_06620,spk_046,14,RAVDESS
clip_06621,spk_018,1197,TESS
clip_06623,spk_011,96,CREMA-D
clip_06624,spk_038,198,CREMA-D
clip_06626,spk_018,1197,TESS
clip_06628,spk_026,1537,TESS
clip_06629,spk_018,1197,TESS
clip_06631,spk_025,1495,TESS
clip_06633,spk_007,79,CREMA-D
clip_06634,spk_006,58,RAVDESS
clip_06635,spk_088,186,CREMA-D
clip_06637,spk_018,1197,TESS
clip_06638,spk_025,1495,TESS
clip_06639,spk_094,457,CREMA-D
clip_06640,spk_018,1197,TESS
clip_06641,spk_015,388,CREMA-D
clip_06642,spk_015,388,CREMA-D
clip_06643,spk_001,218,CREMA-D
clip_06644,spk_026,1537,TESS
clip_06645,spk_018,1197,TESS
clip_06646,spk_025,1495,TESS
clip_06649,spk_025,1495,TESS
clip_06650,spk_060,214,CREMA-D
clip_06651,spk_015,388,CREMA-D
clip_06652,spk_026,1537,TESS
clip_06653,spk_094,457,CREMA-D
clip_06654,spk_025,1495,TESS
clip_06656,spk_011,96,CREMA-D
clip_06657,spk_027,96,CREMA-D
clip_06658,spk_018,1197,TESS
clip_06661,spk_015,388,CREMA-D
clip_06662,spk_038,198,CREMA-D
clip_06663,spk_018,1197,TESS
clip_06664,spk_028,472,CREMA-D
clip_06665,spk_025,1495,TESS
clip_06666,spk_025,1495,TESS
clip_06667,spk_026,1537,TESS
clip_06668,spk_026,1537,TESS
clip_06669,spk_008,17,RAVDESS
clip_06670,spk_028,472,CREMA-D
clip_06671,spk_025,1495,TESS
clip_06673,spk_001,218,CREMA-D
clip_06674,spk_021,264,CREMA-D
clip_06675,spk_018,1197,TESS
clip_06676,spk_059,6,RAVDESS
clip_06677,spk_026,1537,TESS
clip_06678,spk_006,58,RAVDESS
clip_06679,spk_078,101,CREMA-D
clip_06680,spk_026,1537,TESS
clip_06682,spk_027,96,CREMA-D
clip_06683,spk_028,472,CREMA-D
clip_06684,spk_028,472,CREMA-D
clip_06685,spk_010,176,CREMA-D
clip_06686,spk_026,1537,TESS
clip_06688,spk_015,388,CREMA-D
clip_06689,spk_010,176,CREMA-D
clip_06690,spk_026,1537,TESS
clip_06691,spk_026,1537,TESS
clip_06693,spk_038,198,CREMA-D
clip_06695,spk_094,457,CREMA-D
clip_06696,spk_094,457,CREMA-D
clip_06697,spk_015,388,CREMA-D
clip_06698,spk_028,472,CREMA-D
clip_06699,spk_026,1537,TESS
clip_06700,spk_026,1537,TESS
clip_06701,spk_088,186,CREMA-D
clip_06703,spk_025,1495,TESS
clip_06704,spk_045,60,RAVDESS
clip_06706,spk_038,198,CREMA-D
clip_06707,spk_069,8,RAVDESS
clip_06710,spk_060,214,CREMA-D
clip_06712,spk_026,1537,TESS
clip_06713,spk_078,101,CREMA-D
clip_06714,spk_043,256,CREMA-D
clip_06715,spk_026,1537,TESS
clip_06716,spk_055,125,CREMA-D
clip_06717,spk_018,1197,TESS
clip_06718,spk_094,457,CREMA-D
clip_06720,spk_028,472,CREMA-D
clip_06721,spk_025,1495,TESS
clip_06723,spk_026,1537,TESS
clip_06724,spk_011,96,CREMA-D
clip_06725,spk_026,1537,TESS
clip_06726,spk_006,58,RAVDESS
clip_06727,spk_018,1197,TESS
clip_06728,spk_026,1537,TESS
clip_06729,spk_025,1495,TESS
clip_06730,spk_018,1197,TESS
clip_06731,spk_025,1495,TESS
clip_06733,spk_026,1537,TESS
clip_06734,spk_085,49,RAVDESS
clip_06736,spk_026,1537,TESS
clip_06737,spk_028,472,CREMA-D
clip_06738,spk_024,27,RAVDESS
clip_06739,spk_025,1495,TESS
clip_06740,spk_001,218,CREMA-D
clip_06741,spk_001,218,CREMA-D
clip_06742,spk_025,1495,TESS
clip_06743,spk_025,1495,TESS
clip_06744,spk_025,1495,TESS
clip_06746,spk_026,1537,TESS
clip_06747,spk_006,58,RAVDESS
clip_06749,spk_094,457,CREMA-D
clip_06750,spk_018,1197,TESS
clip_06751,spk_028,472,CREMA-D
clip_06752,spk_028,472,CREMA-D
clip_06753,spk_004,29,RAVDESS
clip_06754,spk_029,272,CREMA-D
clip_06755,spk_029,272,CREMA-D
clip_06756,spk_047,15,RAVDESS
clip_06757,spk_088,186,CREMA-D
clip_06758,spk_088,186,CREMA-D
clip_06759,spk_028,472,CREMA-D
clip_06760,spk_026,1537,TESS
clip_06761,spk_003,2,RAVDESS
clip_06762,spk_085,49,RAVDESS
clip_06763,spk_025,1495,TESS
clip_06764,spk_029,272,CREMA-D
clip_06765,spk_026,1537,TESS
clip_06766,spk_085,49,RAVDESS
clip_06769,spk_026,1537,TESS
clip_06770,spk_021,264,CREMA-D
clip_06771,spk_088,186,CREMA-D
clip_06772,spk_094,457,CREMA-D
clip_06773,spk_025,1495,TESS
clip_06774,spk_021,264,CREMA-D
clip_06775,spk_002,173,CREMA-D
clip_06777,spk_055,125,CREMA-D
clip_06778,spk_055,125,CREMA-D
clip_06779,spk_026,1537,TESS
clip_06780,spk_026,1537,TESS
clip_06781,spk_025,1495,TESS
clip_06782,spk_018,1197,TESS
clip_06783,spk_026,1537,TESS
clip_06784,spk_028,472,CREMA-D
clip_06785,spk_035,8,RAVDESS
clip_06786,spk_078,101,CREMA-D
clip_06787,spk_026,1537,TESS
clip_06788,spk_025,1495,TESS
clip_06789,spk_025,1495,TESS
clip_06790,spk_025,1495,TESS
clip_06792,spk_018,1197,TESS
clip_06795,spk_025,1495,TESS
clip_06796,spk_015,388,CREMA-D
clip_06797,spk_010,176,CREMA-D
clip_06798,spk_025,1495,TESS
clip_06799,spk_079,12,RAVDESS
clip_06800,spk_025,1495,TESS
clip_06801,spk_025,1495,TESS
clip_06802,spk_025,1495,TESS
clip_06803,spk_026,1537,TESS
clip_06804,spk_028,472,CREMA-D
clip_06805,spk_025,1495,TESS
clip_06806,spk_010,176,CREMA-D
clip_06807,spk_015,388,CREMA-D
clip_06808,spk_038,198,CREMA-D
clip_06809,spk_025,1495,TESS
clip_06811,spk_029,272,CREMA-D
clip_06812,spk_025,1495,TESS
clip_06813,spk_018,1197,TESS
clip_06814,spk_026,1537,TESS
clip_06816,spk_010,176,CREMA-D
clip_06817,spk_025,1495,TESS
clip_06818,spk_026,1537,TESS
clip_06819,spk_026,1537,TESS
clip_06820,spk_025,1495,TESS
clip_06821,spk_060,214,CREMA-D
clip_06822,spk_026,1537,TESS
clip_06823,spk_025,1495,TESS
clip_06824,spk_086,7,RAVDESS
clip_06825,spk_088,186,CREMA-D
clip_06826,spk_088,186,CREMA-D
clip_06827,spk_047,15,RAVDESS
clip_06828,spk_094,457,CREMA-D
clip_06829,spk_026,1537,TESS
clip_06830,spk_025,1495,TESS
clip_06831,spk_015,388,CREMA-D
clip_06832,spk_010,176,CREMA-D
clip_06833,spk_028,472,CREMA-D
clip_06834,spk_015,388,CREMA-D
clip_06835,spk_026,1537,TESS
clip_06836,spk_030,6,RAVDESS
clip_06837,spk_025,1495,TESS
clip_06838,spk_043,256,CREMA-D
clip_06839,spk_029,272,CREMA-D
clip_06840,spk_026,1537,TESS
clip_06841,spk_015,388,CREMA-D
clip_06842,spk_088,186,CREMA-D
clip_06844,spk_026,1537,TESS
clip_06845,spk_025,1495,TESS
clip_06846,spk_018,1197,TESS
clip_06847,spk_026,1537,TESS
clip_06848,spk_018,1197,TESS
clip_06849,spk_028,472,CREMA-D
clip_06851,spk_018,1197,TESS
clip_06852,spk_026,1537,TESS
clip_06853,spk_018,1197,TESS
clip_06855,spk_033,32,RAVDESS
clip_06856,spk_049,23,RAVDESS
clip_06857,spk_022,48,RAVDESS
clip_06858,spk_025,1495,TESS
clip_06859,spk_028,472,CREMA-D
clip_06860,spk_002,173,CREMA-D
clip_06861,spk_038,198,CREMA-D
clip_06863,spk_018,1197,TESS
clip_06864,spk_021,264,CREMA-D
clip_06865,spk_015,388,CREMA-D
clip_06866,spk_026,1537,TESS
clip_06867,spk_018,1197,TESS
clip_06868,spk_028,472,CREMA-D
clip_06869,spk_085,49,RAVDESS
clip_06870,spk_015,388,CREMA-D
clip_06871,spk_010,176,CREMA-D
clip_06872,spk_038,198,CREMA-D
clip_06873,spk_025,1495,TESS
clip_06874,spk_026,1537,TESS
clip_06875,spk_026,1537,TESS
clip_06876,spk_025,1495,TESS
clip_06877,spk_060,214,CREMA-D
clip_06878,spk_025,1495,TESS
clip_06879,spk_018,1197,TESS
clip_06880,spk_025,1495,TESS
clip_06881,spk_025,1495,TESS
clip_06882,spk_026,1537,TESS
clip_06883,spk_025,1495,TESS
clip_06884,spk_018,1197,TESS
clip_06886,spk_040,19,RAVDESS
clip_06887,spk_025,1495,TESS
clip_06888,spk_025,1495,TESS
clip_06889,spk_026,1537,TESS
clip_06890,spk_001,218,CREMA-D
clip_06891,spk_094,457,CREMA-D
clip_06892,spk_028,472,CREMA-D
clip_06893,spk_026,1537,TESS
clip_06894,spk_001,218,CREMA-D
clip_06895,spk_018,1197,TESS
clip_06896,spk_015,388,CREMA-D
clip_06897,spk_026,1537,TESS
clip_06898,spk_025,1495,TESS
clip_06899,spk_026,1537,TESS
clip_06900,spk_015,388,CREMA-D
clip_06901,spk_085,49,RAVDESS
clip_06903,spk_029,272,CREMA-D
clip_06904,spk_094,457,CREMA-D
clip_06905,spk_088,186,CREMA-D
clip_06906,spk_085,49,RAVDESS
clip_06907,spk_018,1197,TESS
clip_06908,spk_094,457,CREMA-D
clip_06909,spk_018,1197,TESS
clip_06911,spk_018,1197,TESS
clip_06912,spk_028,472,CREMA-D
clip_06913,spk_085,49,RAVDESS
clip_06915,spk_022,48,RAVDESS
clip_06916,spk_011,96,CREMA-D
clip_06917,spk_009,53,RAVDESS
clip_06918,spk_059,6,RAVDESS
clip_06919,spk_022,48,RAVDESS
clip_06920,spk_060,214,CREMA-D
clip_06921,spk_060,214,CREMA-D
clip_06922,spk_018,1197,TESS
clip_06923,spk_018,1197,TESS
clip_06924,spk_094,457,CREMA-D
clip_06925,spk_026,1537,TESS
clip_06926,spk_015,388,CREMA-D
clip_06928,spk_018,1197,TESS
clip_06929,spk_029,272,CREMA-D
clip_06930,spk_025,1495,TESS
clip_06931,spk_018,1197,TESS
clip_06932,spk_043,256,CREMA-D
clip_06933,spk_026,1537,TESS
clip_06934,spk_068,29,RAVDESS
clip_06936,spk_018,1197,TESS
clip_06937,spk_085,49,RAVDESS
clip_06938,spk_094,457,CREMA-D
clip_06939,spk_025,1495,TESS
clip_06940,spk_025,1495,TESS
clip_06941,spk_043,256,CREMA-D
clip_06942,spk_018,1197,TESS
clip_06943,spk_009,53,RAVDESS
clip_06945,spk_033,32,RAVDESS
clip_06946,spk_026,1537,TESS
clip_06948,spk_026,1537,TESS
clip_06950,spk_025,1495,TESS
clip_06951,spk_018,1197,TESS
clip_06952,spk_018,1197,TESS
clip_06953,spk_025,1495,TESS
clip_06954,spk_026,1537,TESS
clip_06956,spk_018,1197,TESS
clip_06957,spk_026,1537,TESS
clip_06958,spk_018,1197,TESS
clip_06960,spk_025,1495,TESS
clip_06963,spk_025,1495,TESS
clip_06964,spk_025,1495,TESS
clip_06965,spk_025,1495,TESS
clip_06966,spk_026,1537,TESS
clip_06967,spk_021,264,CREMA-D
clip_06968,spk_018,1197,TESS
clip_06969,spk_006,58,RAVDESS
clip_06970,spk_025,1495,TESS
clip_06971,spk_022,48,RAVDESS
clip_06972,spk_015,388,CREMA-D
clip_06973,spk_028,472,CREMA-D
clip_06974,spk_025,1495,TESS
clip_06976,spk_026,1537,TESS
clip_06977,spk_028,472,CREMA-D
clip_06980,spk_011,96,CREMA-D
clip_06981,spk_025,1495,TESS
clip_06982,spk_001,218,CREMA-D
clip_06983,spk_084,5,RAVDESS
clip_06984,spk_001,218,CREMA-D
clip_06985,spk_002,173,CREMA-D
clip_06986,spk_026,1537,TESS
clip_06987,spk_021,264,CREMA-D
clip_06988,spk_028,472,CREMA-D
clip_06989,spk_025,1495,TESS
clip_06990,spk_039,34,RAVDESS
clip_06991,spk_060,214,CREMA-D
clip_06992,spk_088,186,CREMA-D
clip_06993,spk_007,79,CREMA-D
clip_06994,spk_029,272,CREMA-D
clip_06995,spk_015,388,CREMA-D
clip_06996,spk_088,186,CREMA-D
clip_06997,spk_026,1537,TESS
clip_06998,spk_026,1537,TESS
clip_06999,spk_026,1537,TESS
clip_07000,spk_015,388,CREMA-D
clip_07001,spk_018,1197,TESS
clip_07002,spk_094,457,CREMA-D
clip_07003,spk_043,256,CREMA-D
clip_07004,spk_025,1495,TESS
clip_07005,spk_025,1495,TESS
clip_07006,spk_026,1537,TESS
clip_07007,spk_015,388,CREMA-D
clip_07009,spk_085,49,RAVDESS
clip_07010,spk_025,1495,TESS
clip_07011,spk_028,472,CREMA-D
clip_07012,spk_021,264,CREMA-D
clip_07013,spk_018,1197,TESS
clip_07014,spk_038,198,CREMA-D
clip_07015,spk_060,214,CREMA-D
clip_07016,spk_002,173,CREMA-D
clip_07017,spk_018,1197,TESS
clip_07018,spk_025,1495,TESS
clip_07020,spk_026,1537,TESS
clip_07021,spk_026,1537,TESS
clip_07022,spk_039,34,RAVDESS
clip_07023,spk_060,214,CREMA-D
clip_07024,spk_093,2,RAVDESS
clip_07025,spk_025,1495,TESS
clip_07026,spk_094,457,CREMA-D
clip_07027,spk_088,186,CREMA-D
clip_07028,spk_094,457,CREMA-D
clip_07029,spk_040,19,RAVDESS
clip_07030,spk_028,472,CREMA-D
clip_07031,spk_028,472,CREMA-D
clip_07033,spk_026,1537,TESS
clip_07034,spk_028,472,CREMA-D
clip_07035,spk_029,272,CREMA-D
clip_07036,spk_001,218,CREMA-D
clip_07037,spk_029,272,CREMA-D
clip_07038,spk_043,256,CREMA-D
clip_07040,spk_011,96,CREMA-D
clip_07041,spk_018,1197,TESS
clip_07042,spk_018,1197,TESS
clip_07043,spk_006,58,RAVDESS
clip_07044,spk_021,264,CREMA-D
clip_07045,spk_094,457,CREMA-D
clip_07046,spk_025,1495,TESS
clip_07047,spk_025,1495,TESS
clip_07048,spk_026,1537,TESS
clip_07050,spk_018,1197,TESS
clip_07051,spk_021,264,CREMA-D
clip_07052,spk_028,472,CREMA-D
clip_07053,spk_015,388,CREMA-D
clip_07054,spk_005,33,RAVDESS
clip_07055,spk_010,176,CREMA-D
clip_07056,spk_080,38,RAVDESS
clip_07057,spk_010,176,CREMA-D
clip_07058,spk_018,1197,TESS
clip_07059,spk_094,457,CREMA-D
clip_07061,spk_069,8,RAVDESS
clip_07062,spk_025,1495,TESS
clip_07064,spk_043,256,CREMA-D
clip_07065,spk_006,58,RAVDESS
clip_07066,spk_018,1197,TESS
clip_07069,spk_009,53,RAVDESS
clip_07070,spk_088,186,CREMA-D
clip_07071,spk_028,472,CREMA-D
clip_07072,spk_038,198,CREMA-D
clip_07073,spk_041,37,RAVDESS
clip_07074,spk_028,472,CREMA-D
clip_07075,spk_011,96,CREMA-D
clip_07076,spk_025,1495,TESS
clip_07077,spk_094,457,CREMA-D
clip_07078,spk_015,388,CREMA-D
clip_07079,spk_038,198,CREMA-D
clip_07080,spk_026,1537,TESS
clip_07081,spk_025,1495,TESS
clip_07082,spk_028,472,CREMA-D
clip_07083,spk_088,186,CREMA-D
clip_07084,spk_094,457,CREMA-D
clip_07085,spk_026,1537,TESS
clip_07087,spk_026,1537,TESS
clip_07088,spk_026,1537,TESS
clip_07089,spk_012,106,CREMA-D
clip_07090,spk_026,1537,TESS
clip_07091,spk_018,1197,TESS
clip_07092,spk_018,1197,TESS
clip_07093,spk_043,256,CREMA-D
clip_07094,spk_026,1537,TESS
clip_07095,spk_025,1495,TESS
clip_07096,spk_094,457,CREMA-D
clip_07097,spk_025,1495,TESS
clip_07098,spk_018,1197,TESS
clip_07100,spk_031,9,RAVDESS
clip_07101,spk_026,1537,TESS
clip_07102,spk_026,1537,TESS
clip_07103,spk_029,272,CREMA-D
clip_07104,spk_043,256,CREMA-D
clip_07105,spk_026,1537,TESS
clip_07106,spk_043,256,CREMA-D
clip_07107,spk_002,173,CREMA-D
clip_07108,spk_025,1495,TESS
clip_07109,spk_094,457,CREMA-D
clip_07110,spk_094,457,CREMA-D
clip_07112,spk_018,1197,TESS
clip_07113,spk_038,198,CREMA-D
clip_07114,spk_002,173,CREMA-D
clip_07116,spk_094,457,CREMA-D
clip_07117,spk_088,186,CREMA-D
clip_07118,spk_028,472,CREMA-D
clip_07119,spk_026,1537,TESS
clip_07120,spk_080,38,RAVDESS
clip_07121,spk_038,198,CREMA-D
clip_07122,spk_001,218,CREMA-D
clip_07123,spk_025,1495,TESS
clip_07124,spk_026,1537,TESS
clip_07126,spk_018,1197,TESS
clip_07127,spk_026,1537,TESS
clip_07128,spk_068,29,RAVDESS
clip_07129,spk_025,1495,TESS
clip_07130,spk_021,264,CREMA-D
clip_07132,spk_038,198,CREMA-D
clip_07133,spk_060,214,CREMA-D
clip_07134,spk_015,388,CREMA-D
clip_07135,spk_060,214,CREMA-D
clip_07136,spk_025,1495,TESS
clip_07137,spk_018,1197,TESS
clip_07139,spk_029,272,CREMA-D
clip_07141,spk_060,214,CREMA-D
clip_07142,spk_015,388,CREMA-D
clip_07143,spk_015,388,CREMA-D
clip_07144,spk_025,1495,TESS
clip_07145,spk_032,13,RAVDESS
clip_07146,spk_031,9,RAVDESS
clip_07147,spk_025,1495,TESS
clip_07148,spk_025,1495,TESS
clip_07149,spk_029,272,CREMA-D
clip_07150,spk_060,214,CREMA-D
clip_07151,spk_025,1495,TESS
clip_07152,spk_094,457,CREMA-D
clip_07153,spk_094,457,CREMA-D
clip_07155,spk_074,10,RAVDESS
clip_07156,spk_026,1537,TESS
clip_07158,spk_025,1495,TESS
clip_07161,spk_026,1537,TESS
clip_07162,spk_025,1495,TESS
clip_07163,spk_025,1495,TESS
clip_07164,spk_067,19,RAVDESS
clip_07165,spk_026,1537,TESS
clip_07166,spk_080,38,RAVDESS
clip_07167,spk_022,48,RAVDESS
clip_07168,spk_045,60,RAVDESS
clip_07169,spk_018,1197,TESS
clip_07171,spk_026,1537,TESS
clip_07172,spk_025,1495,TESS
clip_07173,spk_025,1495,TESS
clip_07174,spk_018,1197,TESS
clip_07175,spk_026,1537,TESS
clip_07176,spk_018,1197,TESS
clip_07177,spk_021,264,CREMA-D
clip_07178,spk_015,388,CREMA-D
clip_07179,spk_026,1537,TESS
clip_07180,spk_074,10,RAVDESS
clip_07181,spk_026,1537,TESS
clip_07182,spk_025,1495,TESS
clip_07183,spk_018,1197,TESS
clip_07185,spk_026,1537,TESS
clip_07186,spk_060,214,CREMA-D
clip_07187,spk_015,388,CREMA-D
clip_07188,spk_032,13,RAVDESS
clip_07190,spk_025,1495,TESS
clip_07192,spk_018,1197,TESS
clip_07193,spk_055,125,CREMA-D
clip_07194,spk_026,1537,TESS
clip_07195,spk_028,472,CREMA-D
clip_07196,spk_018,1197,TESS
clip_07197,spk_043,256,CREMA-D
clip_07198,spk_094,457,CREMA-D
clip_07199,spk_060,214,CREMA-D
clip_07200,spk_029,272,CREMA-D
clip_07201,spk_007,79,CREMA-D
clip_07203,spk_025,1495,TESS
clip_07205,spk_025,1495,TESS
clip_07207,spk_025,1495,TESS
clip_07208,spk_094,457,CREMA-D
clip_07209,spk_029,272,CREMA-D
clip_07211,spk_094,457,CREMA-D
clip_07212,spk_018,1197,TESS
clip_07213,spk_025,1495,TESS
clip_07214,spk_005,33,RAVDESS
clip_07215,spk_026,1537,TESS
clip_07216,spk_026,1537,TESS
clip_07217,spk_018,1197,TESS
clip_07218,spk_094,457,CREMA-D
clip_07219,spk_018,1197,TESS
clip_07220,spk_038,198,CREMA-D
clip_07221,spk_025,1495,TESS
clip_07222,spk_021,264,CREMA-D
clip_07225,spk_015,388,CREMA-D
clip_07226,spk_028,472,CREMA-D
clip_07227,spk_004,29,RAVDESS
clip_07228,spk_018,1197,TESS
clip_07229,spk_026,1537,TESS
clip_07230,spk_010,176,CREMA-D
clip_07231,spk_040,19,RAVDESS
clip_07232,spk_060,214,CREMA-D
clip_07233,spk_094,457,CREMA-D
clip_07234,spk_025,1495,TESS
clip_07235,spk_020,71,CREMA-D
clip_07236,spk_020,71,CREMA-D
clip_07237,spk_070,2,RAVDESS
clip_07238,spk_027,96,CREMA-D
clip_07239,spk_043,256,CREMA-D
clip_07241,spk_014,23,RAVDESS
clip_07242,spk_016,13,RAVDESS
clip_07243,spk_021,264,CREMA-D
clip_07244,spk_033,32,RAVDESS
clip_07245,spk_018,1197,TESS
clip_07247,spk_094,457,CREMA-D
clip_07248,spk_021,264,CREMA-D
clip_07249,spk_028,472,CREMA-D
clip_07250,spk_026,1537,TESS
clip_07251,spk_018,1197,TESS
clip_07252,spk_009,53,RAVDESS
clip_07253,spk_018,1197,TESS
clip_07254,spk_094,457,CREMA-D
clip_07255,spk_026,1537,TESS
clip_07256,spk_022,48,RAVDESS
clip_07257,spk_026,1537,TESS
clip_07258,spk_055,125,CREMA-D
clip_07260,spk_025,1495,TESS
clip_07261,spk_026,1537,TESS
clip_07263,spk_028,472,CREMA-D
clip_07264,spk_018,1197,TESS
clip_07265,spk_025,1495,TESS
clip_07266,spk_026,1537,TESS
clip_07268,spk_018,1197,TESS
clip_07269,spk_060,214,CREMA-D
clip_07270,spk_088,186,CREMA-D
clip_07271,spk_078,101,CREMA-D
clip_07272,spk_026,1537,TESS
clip_07273,spk_038,198,CREMA-D
clip_07274,spk_025,1495,TESS
clip_07275,spk_041,37,RAVDESS
clip_07276,spk_026,1537,TESS
clip_07277,spk_088,186,CREMA-D
clip_07278,spk_026,1537,TESS
clip_07281,spk_088,186,CREMA-D
clip_07282,spk_025,1495,TESS
clip_07283,spk_026,1537,TESS
clip_07284,spk_012,106,CREMA-D
clip_07285,spk_026,1537,TESS
clip_07287,spk_021,264,CREMA-D
clip_07288,spk_025,1495,TESS
clip_07289,spk_094,457,CREMA-D
clip_07291,spk_021,264,CREMA-D
clip_07292,spk_018,1197,TESS
clip_07293,spk_080,38,RAVDESS
clip_07294,spk_012,106,CREMA-D
clip_07295,spk_025,1495,TESS
clip_07297,spk_026,1537,TESS
clip_07299,spk_025,1495,TESS
clip_07300,spk_078,101,CREMA-D
clip_07301,spk_021,264,CREMA-D
clip_07302,spk_055,125,CREMA-D
clip_07303,spk_026,1537,TESS
clip_07304,spk_018,1197,TESS
clip_07306,spk_026,1537,TESS
clip_07307,spk_026,1537,TESS
clip_07308,spk_026,1537,TESS
clip_07309,spk_068,29,RAVDESS
clip_07310,spk_018,1197,TESS
clip_07311,spk_025,1495,TESS
clip_07312,spk_025,1495,TESS
clip_07313,spk_026,1537,TESS
clip_07315,spk_025,1495,TESS
clip_07316,spk_018,1197,TESS
clip_07318,spk_043,256,CREMA-D
clip_07319,spk_028,472,CREMA-D
clip_07320,spk_043,256,CREMA-D
clip_07321,spk_025,1495,TESS
clip_07322,spk_007,79,CREMA-D
clip_07323,spk_026,1537,TESS
clip_07324,spk_029,272,CREMA-D
clip_07325,spk_026,1537,TESS
clip_07326,spk_010,176,CREMA-D
clip_07332,spk_028,472,CREMA-D
clip_07334,spk_026,1537,TESS
clip_07336,spk_026,1537,TESS
clip_07337,spk_045,60,RAVDESS
clip_07338,spk_060,214,CREMA-D
clip_07339,spk_024,27,RAVDESS
clip_07340,spk_025,1495,TESS
clip_07341,spk_029,272,CREMA-D
clip_07342,spk_028,472,CREMA-D
clip_07343,spk_018,1197,TESS
clip_07344,spk_026,1537,TESS
clip_07345,spk_026,1537,TESS
clip_07346,spk_026,1537,TESS
clip_07347,spk_015,388,CREMA-D
clip_07348,spk_026,1537,TESS
clip_07350,spk_015,388,CREMA-D
clip_07351,spk_026,1537,TESS
clip_07352,spk_018,1197,TESS
clip_07353,spk_080,38,RAVDESS
clip_07354,spk_029,272,CREMA-D
clip_07355,spk_026,1537,TESS
clip_07356,spk_094,457,CREMA-D
clip_07357,spk_078,101,CREMA-D
clip_07358,spk_034,28,RAVDESS
clip_07359,spk_026,1537,TESS
clip_07360,spk_025,1495,TESS
clip_07361,spk_010,176,CREMA-D
clip_07362,spk_002,173,CREMA-D
clip_07363,spk_025,1495,TESS
clip_07364,spk_015,388,CREMA-D
clip_07365,spk_018,1197,TESS
clip_07366,spk_094,457,CREMA-D
clip_07367,spk_026,1537,TESS
clip_07368,spk_043,256,CREMA-D
clip_07369,spk_012,106,CREMA-D
clip_07371,spk_007,79,CREMA-D
clip_07372,spk_025,1495,TESS
clip_07373,spk_075,20,RAVDESS
clip_07374,spk_026,1537,TESS
clip_07375,spk_021,264,CREMA-D
clip_07377,spk_018,1197,TESS
clip_07378,spk_039,34,RAVDESS
clip_07379,spk_088,186,CREMA-D
clip_07380,spk_025,1495,TESS
clip_07381,spk_046,14,RAVDESS
clip_07382,spk_002,173,CREMA-D
clip_07383,spk_078,101,CREMA-D
clip_07384,spk_007,79,CREMA-D
clip_07385,spk_060,214,CREMA-D
clip_07386,spk_018,1197,TESS
clip_07387,spk_094,457,CREMA-D
clip_07388,spk_018,1197,TESS
clip_07389,spk_022,48,RAVDESS
clip_07390,spk_026,1537,TESS
clip_07391,spk_015,388,CREMA-D
clip_07392,spk_026,1537,TESS
clip_07394,spk_026,1537,TESS
clip_07396,spk_002,173,CREMA-D
clip_07397,spk_027,96,CREMA-D
clip_07398,spk_025,1495,TESS
clip_07399,spk_039,34,RAVDESS
clip_07400,spk_039,34,RAVDESS
clip_07401,spk_094,457,CREMA-D
clip_07402,spk_025,1495,TESS
clip_07403,spk_018,1197,TESS
clip_07405,spk_071,8,RAVDESS
clip_07406,spk_026,1537,TESS
clip_07408,spk_025,1495,TESS
clip_07409,spk_027,96,CREMA-D
clip_07410,spk_018,1197,TESS
clip_07411,spk_021,264,CREMA-D
clip_07412,spk_018,1197,TESS
clip_07413,spk_094,457,CREMA-D
clip_07414,spk_026,1537,TESS
clip_07415,spk_029,272,CREMA-D
clip_07416,spk_018,1197,TESS
clip_07417,spk_043,256,CREMA-D
clip_07419,spk_088,186,CREMA-D
clip_07420,spk_028,472,CREMA-D
clip_07421,spk_007,79,CREMA-D
clip_07422,spk_025,1495,TESS
clip_07423,spk_010,176,CREMA-D
clip_07424,spk_026,1537,TESS
clip_07425,spk_094,457,CREMA-D
clip_07426,spk_018,1197,TESS
clip_07427,spk_015,388,CREMA-D
clip_07428,spk_018,1197,TESS
clip_07429,spk_025,1495,TESS
clip_07430,spk_026,1537,TESS
clip_07431,spk_025,1495,TESS
clip_07432,spk_028,472,CREMA-D
clip_07433,spk_026,1537,TESS
clip_07435,spk_026,1537,TESS
clip_07436,spk_025,1495,TESS
clip_07438,spk_094,457,CREMA-D
clip_07440,spk_028,472,CREMA-D
clip_07441,spk_018,1197,TESS
clip_07442,spk_026,1537,TESS
clip_07443,spk_028,472,CREMA-D
clip_07444,spk_010,176,CREMA-D
clip_07445,spk_026,1537,TESS
clip_07446,spk_049,23,RAVDESS
clip_07448,spk_001,218,CREMA-D
clip_07449,spk_057,16,RAVDESS
clip_07450,spk_025,1495,TESS
clip_07451,spk_020,71,CREMA-D
clip_07452,spk_015,388,CREMA-D
clip_07453,spk_025,1495,TESS
clip_07454,spk_012,106,CREMA-D
clip_07455,spk_026,1537,TESS
clip_07456,spk_018,1197,TESS
clip_07458,spk_094,457,CREMA-D
clip_07459,spk_002,173,CREMA-D
clip_07460,spk_015,388,CREMA-D
clip_07465,spk_025,1495,TESS
clip_07466,spk_071,8,RAVDESS
clip_07469,spk_002,173,CREMA-D
clip_07470,spk_011,96,CREMA-D
clip_07471,spk_050,11,RAVDESS
clip_07472,spk_025,1495,TESS
clip_07473,spk_026,1537,TESS
clip_07474,spk_021,264,CREMA-D
clip_07476,spk_018,1197,TESS
clip_07477,spk_026,1537,TESS
clip_07478,spk_026,1537,TESS
clip_07480,spk_009,53,RAVDESS
clip_07482,spk_029,272,CREMA-D
clip_07483,spk_038,198,CREMA-D
clip_07484,spk_025,1495,TESS
clip_07485,spk_094,457,CREMA-D
clip_07486,spk_026,1537,TESS
clip_07488,spk_038,198,CREMA-D
clip_07489,spk_043,256,CREMA-D
clip_07490,spk_060,214,CREMA-D
clip_07492,spk_026,1537,TESS
clip_07493,spk_025,1495,TESS
clip_07494,spk_025,1495,TESS
clip_07495,spk_007,79,CREMA-D
clip_07496,spk_060,214,CREMA-D
clip_07497,spk_026,1537,TESS
clip_07498,spk_006,58,RAVDESS
clip_07501,spk_026,1537,TESS
clip_07502,spk_028,472,CREMA-D
clip_07503,spk_020,71,CREMA-D
clip_07505,spk_029,272,CREMA-D
clip_07506,spk_025,1495,TESS
clip_07509,spk_010,176,CREMA-D
clip_07510,spk_015,388,CREMA-D
clip_07511,spk_026,1537,TESS
clip_07512,spk_026,1537,TESS
clip_07513,spk_007,79,CREMA-D
clip_07514,spk_018,1197,TESS
clip_07515,spk_021,264,CREMA-D
clip_07516,spk_029,272,CREMA-D
clip_07517,spk_011,96,CREMA-D
clip_07518,spk_025,1495,TESS
clip_07519,spk_018,1197,TESS
clip_07520,spk_007,79,CREMA-D
clip_07522,spk_018,1197,TESS
clip_07524,spk_094,457,CREMA-D
clip_07525,spk_041,37,RAVDESS
clip_07526,spk_038,198,CREMA-D
clip_07527,spk_065,6,RAVDESS
clip_07528,spk_028,472,CREMA-D
clip_07529,spk_025,1495,TESS
clip_07530,spk_028,472,CREMA-D
clip_07531,spk_034,28,RAVDESS
clip_07532,spk_046,14,RAVDESS
clip_07534,spk_088,186,CREMA-D
clip_07535,spk_025,1495,TESS
clip_07536,spk_026,1537,TESS
clip_07537,spk_026,1537,TESS
clip_07538,spk_094,457,CREMA-D
clip_07539,spk_025,1495,TESS
clip_07541,spk_089,3,RAVDESS
clip_07542,spk_022,48,RAVDESS
clip_07544,spk_055,125,CREMA-D
clip_07545,spk_012,106,CREMA-D
clip_07546,spk_018,1197,TESS
clip_07547,spk_094,457,CREMA-D
clip_07548,spk_015,388,CREMA-D
clip_07549,spk_061,6,RAVDESS
clip_07550,spk_009,53,RAVDESS
clip_07551,spk_015,388,CREMA-D
clip_07555,spk_025,1495,TESS
clip_07557,spk_060,214,CREMA-D
clip_07558,spk_015,388,CREMA-D
clip_07559,spk_001,218,CREMA-D
clip_07560,spk_028,472,CREMA-D
clip_07562,spk_021,264,CREMA-D
clip_07563,spk_038,198,CREMA-D
clip_07564,spk_028,472,CREMA-D
clip_07566,spk_029,272,CREMA-D
clip_07567,spk_018,1197,TESS
clip_07569,spk_026,1537,TESS
clip_07570,spk_046,14,RAVDESS
clip_07571,spk_026,1537,TESS
clip_07572,spk_025,1495,TESS
clip_07574,spk_025,1495,TESS
clip_07575,spk_021,264,CREMA-D
clip_07576,spk_085,49,RAVDESS
clip_07577,spk_015,388,CREMA-D
clip_07579,spk_021,264,CREMA-D
clip_07580,spk_055,125,CREMA-D
clip_07581,spk_018,1197,TESS
clip_07582,spk_026,1537,TESS
clip_07583,spk_029,272,CREMA-D
clip_07585,spk_026,1537,TESS
clip_07586,spk_043,256,CREMA-D
clip_07587,spk_025,1495,TESS
clip_07588,spk_025,1495,TESS
clip_07589,spk_088,186,CREMA-D
clip_07590,spk_026,1537,TESS
clip_07591,spk_026,1537,TESS
clip_07592,spk_018,1197,TESS
clip_07593,spk_010,176,CREMA-D
clip_07594,spk_025,1495,TESS
clip_07595,spk_021,264,CREMA-D
clip_07596,spk_039,34,RAVDESS
clip_07597,spk_028,472,CREMA-D
clip_07598,spk_021,264,CREMA-D
clip_07599,spk_067,19,RAVDESS
clip_07600,spk_015,388,CREMA-D
clip_07601,spk_018,1197,TESS
clip_07602,spk_060,214,CREMA-D
clip_07603,spk_018,1197,TESS
clip_07604,spk_026,1537,TESS
clip_07605,spk_075,20,RAVDESS
clip_07606,spk_080,38,RAVDESS
clip_07608,spk_018,1197,TESS
clip_07609,spk_018,1197,TESS
clip_07610,spk_018,1197,TESS
clip_07611,spk_018,1197,TESS
clip_07612,spk_026,1537,TESS
clip_07614,spk_085,49,RAVDESS
clip_07615,spk_029,272,CREMA-D
clip_07616,spk_001,218,CREMA-D
clip_07617,spk_025,1495,TESS
clip_07618,spk_018,1197,TESS
clip_07619,spk_025,1495,TESS
clip_07620,spk_025,1495,TESS
clip_07621,spk_060,214,CREMA-D
clip_07622,spk_026,1537,TESS
clip_07623,spk_088,186,CREMA-D
clip_07624,spk_025,1495,TESS
clip_07625,spk_025,1495,TESS
clip_07626,spk_015,388,CREMA-D
clip_07627,spk_026,1537,TESS
clip_07629,spk_043,256,CREMA-D
clip_07630,spk_028,472,CREMA-D
clip_07631,spk_010,176,CREMA-D
clip_07632,spk_018,1197,TESS
clip_07633,spk_012,106,CREMA-D
clip_07635,spk_010,176,CREMA-D
clip_07636,spk_049,23,RAVDESS
clip_07637,spk_025,1495,TESS
clip_07638,spk_025,1495,TESS
clip_07639,spk_026,1537,TESS
clip_07640,spk_010,176,CREMA-D
clip_07642,spk_018,1197,TESS
clip_07643,spk_018,1197,TESS
clip_07644,spk_043,256,CREMA-D
clip_07645,spk_026,1537,TESS
clip_07647,spk_025,1495,TESS
clip_07651,spk_011,96,CREMA-D
clip_07652,spk_018,1197,TESS
clip_07653,spk_027,96,CREMA-D
clip_07654,spk_038,198,CREMA-D
clip_07656,spk_025,1495,TESS
clip_07657,spk_010,176,CREMA-D
clip_07658,spk_026,1537,TESS
clip_07659,spk_043,256,CREMA-D
clip_07662,spk_038,198,CREMA-D
clip_07663,spk_010,176,CREMA-D
clip_07664,spk_018,1197,TESS
clip_07665,spk_026,1537,TESS
clip_07667,spk_026,1537,TESS
clip_07668,spk_028,472,CREMA-D
clip_07669,spk_011,96,CREMA-D
clip_07670,spk_002,173,CREMA-D
clip_07671,spk_026,1537,TESS
clip_07672,spk_025,1495,TESS
clip_07673,spk_015,388,CREMA-D
clip_07674,spk_043,256,CREMA-D
clip_07675,spk_055,125,CREMA-D
clip_07676,spk_025,1495,TESS
clip_07677,spk_094,457,CREMA-D
clip_07680,spk_011,96,CREMA-D
clip_07681,spk_025,1495,TESS
clip_07683,spk_094,457,CREMA-D
clip_07684,spk_015,388,CREMA-D
clip_07685,spk_068,29,RAVDESS
clip_07686,spk_029,272,CREMA-D
clip_07687,spk_094,457,CREMA-D
clip_07688,spk_021,264,CREMA-D
clip_07690,spk_010,176,CREMA-D
clip_07691,spk_002,173,CREMA-D
clip_07693,spk_049,23,RAVDESS
clip_07694,spk_026,1537,TESS
clip_07695,spk_025,1495,TESS
clip_07697,spk_005,33,RAVDESS
clip_07698,spk_088,186,CREMA-D
clip_07699,spk_043,256,CREMA-D
clip_07701,spk_025,1495,TESS
clip_07702,spk_094,457,CREMA-D
clip_07703,spk_026,1537,TESS
clip_07704,spk_050,11,RAVDESS
clip_07705,spk_049,23,RAVDESS
clip_07706,spk_094,457,CREMA-D
clip_07707,spk_029,272,CREMA-D
clip_07708,spk_025,1495,TESS
clip_07709,spk_029,272,CREMA-D
clip_07710,spk_015,388,CREMA-D
clip_07711,spk_002,173,CREMA-D
clip_07712,spk_001,218,CREMA-D
clip_07713,spk_015,388,CREMA-D
clip_07714,spk_026,1537,TESS
clip_07715,spk_018,1197,TESS
clip_07716,spk_001,218,CREMA-D
clip_07717,spk_025,1495,TESS
clip_07718,spk_028,472,CREMA-D
clip_07719,spk_029,272,CREMA-D
clip_07720,spk_015,388,CREMA-D
clip_07721,spk_025,1495,TESS
clip_07722,spk_090,2,RAVDESS
clip_07723,spk_028,472,CREMA-D
clip_07724,spk_025,1495,TESS
clip_07725,spk_021,264,CREMA-D
clip_07726,spk_029,272,CREMA-D
clip_07727,spk_026,1537,TESS
clip_07728,spk_025,1495,TESS
clip_07729,spk_060,214,CREMA-D
clip_07731,spk_026,1537,TESS
clip_07732,spk_019,11,RAVDESS
clip_07733,spk_060,214,CREMA-D
clip_07735,spk_018,1197,TESS
clip_07736,spk_043,256,CREMA-D
clip_07737,spk_018,1197,TESS
clip_07738,spk_028,472,CREMA-D
clip_07739,spk_025,1495,TESS
clip_07741,spk_002,173,CREMA-D
clip_07742,spk_038,198,CREMA-D
clip_07743,spk_018,1197,TESS
clip_07745,spk_004,29,RAVDESS
clip_07746,spk_038,198,CREMA-D
clip_07747,spk_060,214,CREMA-D
clip_07748,spk_028,472,CREMA-D
clip_07749,spk_026,1537,TESS
clip_07750,spk_026,1537,TESS
clip_07751,spk_018,1197,TESS
clip_07752,spk_026,1537,TESS
clip_07753,spk_026,1537,TESS
clip_07754,spk_025,1495,TESS
clip_07755,spk_018,1197,TESS
clip_07756,spk_022,48,RAVDESS
clip_07757,spk_036,5,RAVDESS
clip_07758,spk_018,1197,TESS
clip_07759,spk_026,1537,TESS
clip_07760,spk_028,472,CREMA-D
clip_07761,spk_028,472,CREMA-D
clip_07762,spk_001,218,CREMA-D
clip_07763,spk_020,71,CREMA-D
clip_07764,spk_025,1495,TESS
clip_07765,spk_015,388,CREMA-D
clip_07766,spk_025,1495,TESS
clip_07767,spk_088,186,CREMA-D
clip_07768,spk_018,1197,TESS
clip_07769,spk_029,272,CREMA-D
clip_07770,spk_038,198,CREMA-D
clip_07771,spk_018,1197,TESS
clip_07772,spk_018,1197,TESS
clip_07773,spk_026,1537,TESS
clip_07775,spk_028,472,CREMA-D
clip_07776,spk_011,96,CREMA-D
clip_07779,spk_018,1197,TESS
clip_07780,spk_025,1495,TESS
clip_07781,spk_026,1537,TESS
clip_07782,spk_033,32,RAVDESS
clip_07783,spk_026,1537,TESS
clip_07785,spk_094,457,CREMA-D
clip_07786,spk_026,1537,TESS
clip_07787,spk_026,1537,TESS
clip_07788,spk_025,1495,TESS
clip_07790,spk_025,1495,TESS
clip_07792,spk_001,218,CREMA-D
clip_07793,spk_011,96,CREMA-D
clip_07794,spk_015,388,CREMA-D
clip_07795,spk_010,176,CREMA-D
clip_07796,spk_025,1495,TESS
clip_07797,spk_025,1495,TESS
clip_07798,spk_018,1197,TESS
clip_07799,spk_043,256,CREMA-D
clip_07800,spk_025,1495,TESS
clip_07801,spk_025,1495,TESS
clip_07802,spk_028,472,CREMA-D
clip_07803,spk_026,1537,TESS
clip_07804,spk_015,388,CREMA-D
clip_07805,spk_015,388,CREMA-D
clip_07806,spk_018,1197,TESS
clip_07807,spk_029,272,CREMA-D
clip_07808,spk_028,472,CREMA-D
clip_07810,spk_011,96,CREMA-D
clip_07811,spk_028,472,CREMA-D
clip_07812,spk_043,256,CREMA-D
clip_07813,spk_043,256,CREMA-D
clip_07815,spk_028,472,CREMA-D
clip_07816,spk_025,1495,TESS
clip_07817,spk_015,388,CREMA-D
clip_07818,spk_043,256,CREMA-D
clip_07819,spk_026,1537,TESS
clip_07820,spk_025,1495,TESS
clip_07821,spk_018,1197,TESS
clip_07822,spk_025,1495,TESS
clip_07823,spk_026,1537,TESS
clip_07824,spk_045,60,RAVDESS
clip_07825,spk_025,1495,TESS
clip_07826,spk_026,1537,TESS
clip_07827,spk_018,1197,TESS
clip_07828,spk_012,106,CREMA-D
clip_07830,spk_026,1537,TESS
clip_07831,spk_028,472,CREMA-D
clip_07833,spk_018,1197,TESS
clip_07834,spk_025,1495,TESS
clip_07835,spk_001,218,CREMA-D
clip_07836,spk_007,79,CREMA-D
clip_07837,spk_025,1495,TESS
clip_07838,spk_094,457,CREMA-D
clip_07839,spk_021,264,CREMA-D
clip_07840,spk_021,264,CREMA-D
clip_07841,spk_018,1197,TESS
clip_07842,spk_065,6,RAVDESS
clip_07843,spk_002,173,CREMA-D
clip_07844,spk_001,218,CREMA-D
clip_07845,spk_025,1495,TESS
clip_07846,spk_028,472,CREMA-D
clip_07847,spk_026,1537,TESS
clip_07848,spk_025,1495,TESS
clip_07849,spk_025,1495,TESS
clip_07850,spk_026,1537,TESS
clip_07851,spk_026,1537,TESS
clip_07852,spk_026,1537,TESS
clip_07853,spk_018,1197,TESS
clip_07854,spk_060,214,CREMA-D
clip_07855,spk_010,176,CREMA-D
clip_07856,spk_002,173,CREMA-D
clip_07858,spk_045,60,RAVDESS
clip_07859,spk_015,388,CREMA-D
clip_07860,spk_009,53,RAVDESS
clip_07861,spk_025,1495,TESS
clip_07862,spk_010,176,CREMA-D
clip_07863,spk_025,1495,TESS
clip_07864,spk_025,1495,TESS
clip_07865,spk_025,1495,TESS
clip_07866,spk_056,6,RAVDESS
clip_07867,spk_028,472,CREMA-D
clip_07868,spk_025,1495,TESS
clip_07869,spk_079,12,RAVDESS
clip_07870,spk_028,472,CREMA-D
clip_07871,spk_018,1197,TESS
clip_07872,spk_025,1495,TESS
clip_07873,spk_026,1537,TESS
clip_07874,spk_025,1495,TESS
clip_07875,spk_025,1495,TESS
clip_07876,spk_038,198,CREMA-D
clip_07878,spk_085,49,RAVDESS
clip_07879,spk_043,256,CREMA-D
clip_07880,spk_025,1495,TESS
clip_07881,spk_038,198,CREMA-D
clip_07882,spk_026,1537,TESS
clip_07883,spk_025,1495,TESS
clip_07884,spk_055,125,CREMA-D
clip_07885,spk_040,19,RAVDESS
clip_07887,spk_025,1495,TESS
clip_07888,spk_038,198,CREMA-D
clip_07889,spk_025,1495,TESS
clip_07890,spk_027,96,CREMA-D
clip_07891,spk_028,472,CREMA-D
clip_07893,spk_060,214,CREMA-D
clip_07894,spk_045,60,RAVDESS
clip_07895,spk_026,1537,TESS
clip_07896,spk_021,264,CREMA-D
clip_07898,spk_021,264,CREMA-D
clip_07899,spk_018,1197,TESS
clip_07900,spk_012,106,CREMA-D
clip_07901,spk_009,53,RAVDESS
clip_07902,spk_021,264,CREMA-D
clip_07903,spk_018,1197,TESS
clip_07904,spk_026,1537,TESS
clip_07905,spk_025,1495,TESS
clip_07906,spk_094,457,CREMA-D
clip_07907,spk_021,264,CREMA-D
clip_07908,spk_094,457,CREMA-D
clip_07909,spk_043,256,CREMA-D
clip_07912,spk_019,11,RAVDESS
clip_07913,spk_026,1537,TESS
clip_07916,spk_088,186,CREMA-D
clip_07917,spk_034,28,RAVDESS
clip_07918,spk_010,176,CREMA-D
clip_07919,spk_026,1537,TESS
clip_07920,spk_026,1537,TESS
clip_07921,spk_009,53,RAVDESS
clip_07922,spk_025,1495,TESS
clip_07923,spk_055,125,CREMA-D
clip_07924,spk_043,256,CREMA-D
clip_07925,spk_018,1197,TESS
clip_07926,spk_088,186,CREMA-D
clip_07927,spk_027,96,CREMA-D
clip_07928,spk_028,472,CREMA-D
clip_07929,spk_029,272,CREMA-D
clip_07931,spk_025,1495,TESS
clip_07933,spk_025,1495,TESS
clip_07934,spk_015,388,CREMA-D
clip_07935,spk_045,60,RAVDESS
clip_07937,spk_015,388,CREMA-D
clip_07938,spk_018,1197,TESS
clip_07939,spk_026,1537,TESS
clip_07940,spk_025,1495,TESS
clip_07941,spk_094,457,CREMA-D
clip_07942,spk_025,1495,TESS
clip_07943,spk_018,1197,TESS
clip_07944,spk_094,457,CREMA-D
clip_07945,spk_002,173,CREMA-D
clip_07946,spk_036,5,RAVDESS
clip_07947,spk_021,264,CREMA-D
clip_07948,spk_060,214,CREMA-D
clip_07949,spk_025,1495,TESS
clip_07950,spk_001,218,CREMA-D
clip_07952,spk_002,173,CREMA-D
clip_07953,spk_025,1495,TESS
clip_07954,spk_028,472,CREMA-D
clip_07955,spk_026,1537,TESS
clip_07956,spk_028,472,CREMA-D
clip_07957,spk_055,125,CREMA-D
clip_07958,spk_028,472,CREMA-D
clip_07959,spk_025,1495,TESS
clip_07960,spk_039,34,RAVDESS
clip_07961,spk_025,1495,TESS
clip_07963,spk_015,388,CREMA-D
clip_07964,spk_025,1495,TESS
clip_07965,spk_028,472,CREMA-D
clip_07967,spk_026,1537,TESS
clip_07968,spk_002,173,CREMA-D
clip_07969,spk_025,1495,TESS
clip_07970,spk_026,1537,TESS
clip_07971,spk_025,1495,TESS
clip_07973,spk_043,256,CREMA-D
clip_07974,spk_018,1197,TESS
clip_07975,spk_025,1495,TESS
clip_07976,spk_021,264,CREMA-D
clip_07978,spk_015,388,CREMA-D
clip_07979,spk_018,1197,TESS
clip_07980,spk_021,264,CREMA-D
clip_07981,spk_015,388,CREMA-D
clip_07982,spk_028,472,CREMA-D
clip_07983,spk_026,1537,TESS
clip_07984,spk_018,1197,TESS
clip_07985,spk_026,1537,TESS
clip_07986,spk_018,1197,TESS
clip_07987,spk_018,1197,TESS
clip_07988,spk_024,27,RAVDESS
clip_07989,spk_021,264,CREMA-D
clip_07990,spk_015,388,CREMA-D
clip_07991,spk_038,198,CREMA-D
clip_07992,spk_026,1537,TESS
clip_07993,spk_018,1197,TESS
clip_07994,spk_078,101,CREMA-D
clip_07995,spk_006,58,RAVDESS
clip_07996,spk_001,218,CREMA-D
clip_07997,spk_038,198,CREMA-D
clip_07998,spk_001,218,CREMA-D
clip_07999,spk_025,1495,TESS
clip_08000,spk_026,1537,TESS
clip_08001,spk_018,1197,TESS
clip_08002,spk_028,472,CREMA-D
clip_08003,spk_025,1495,TESS
clip_08005,spk_020,71,CREMA-D
clip_08006,spk_018,1197,TESS
clip_08008,spk_026,1537,TESS
clip_08009,spk_006,58,RAVDESS
clip_08010,spk_026,1537,TESS
clip_08012,spk_015,388,CREMA-D
clip_08013,spk_078,101,CREMA-D
clip_08014,spk_015,388,CREMA-D
clip_08015,spk_094,457,CREMA-D
clip_08016,spk_015,388,CREMA-D
clip_08017,spk_094,457,CREMA-D
clip_08018,spk_085,49,RAVDESS
clip_08019,spk_028,472,CREMA-D
clip_08020,spk_028,472,CREMA-D
clip_08021,spk_045,60,RAVDESS
clip_08022,spk_025,1495,TESS
clip_08024,spk_088,186,CREMA-D
clip_08025,spk_028,472,CREMA-D
clip_08026,spk_025,1495,TESS
clip_08027,spk_026,1537,TESS
clip_08028,spk_007,79,CREMA-D
clip_08029,spk_025,1495,TESS
clip_08030,spk_026,1537,TESS
clip_08031,spk_040,19,RAVDESS
clip_08032,spk_021,264,CREMA-D
clip_08033,spk_025,1495,TESS
clip_08035,spk_094,457,CREMA-D
clip_08036,spk_025,1495,TESS
clip_08037,spk_015,388,CREMA-D
clip_08038,spk_025,1495,TESS
clip_08039,spk_026,1537,TESS
clip_08040,spk_043,256,CREMA-D
clip_08041,spk_094,457,CREMA-D
clip_08042,spk_043,256,CREMA-D
clip_08043,spk_025,1495,TESS
clip_08044,spk_026,1537,TESS
clip_08045,spk_012,106,CREMA-D
clip_08046,spk_025,1495,TESS
clip_08047,spk_026,1537,TESS
clip_08050,spk_026,1537,TESS
clip_08051,spk_028,472,CREMA-D
clip_08052,spk_007,79,CREMA-D
clip_08054,spk_026,1537,TESS
clip_08055,spk_094,457,CREMA-D
clip_08056,spk_028,472,CREMA-D
clip_08058,spk_018,1197,TESS
clip_08059,spk_026,1537,TESS
clip_08060,spk_026,1537,TESS
clip_08061,spk_055,125,CREMA-D
clip_08062,spk_026,1537,TESS
clip_08064,spk_025,1495,TESS
clip_08065,spk_094,457,CREMA-D
clip_08066,spk_025,1495,TESS
clip_08068,spk_026,1537,TESS
clip_08069,spk_012,106,CREMA-D
clip_08070,spk_055,125,CREMA-D
clip_08071,spk_018,1197,TESS
clip_08073,spk_026,1537,TESS
clip_08075,spk_002,173,CREMA-D
clip_08076,spk_060,214,CREMA-D
clip_08077,spk_025,1495,TESS
clip_08079,spk_081,3,RAVDESS
clip_08080,spk_025,1495,TESS
clip_08081,spk_038,198,CREMA-D
clip_08082,spk_018,1197,TESS
clip_08083,spk_002,173,CREMA-D
clip_08084,spk_026,1537,TESS
clip_08085,spk_088,186,CREMA-D
clip_08086,spk_026,1537,TESS
clip_08087,spk_026,1537,TESS
clip_08088,spk_043,256,CREMA-D
clip_08089,spk_012,106,CREMA-D
clip_08090,spk_017,19,RAVDESS
clip_08091,spk_015,388,CREMA-D
clip_08092,spk_026,1537,TESS
clip_08095,spk_041,37,RAVDESS
clip_08096,spk_026,1537,TESS
clip_08097,spk_025,1495,TESS
clip_08098,spk_015,388,CREMA-D
clip_08099,spk_028,472,CREMA-D
clip_08100,spk_018,1197,TESS
clip_08101,spk_004,29,RAVDESS
clip_08102,spk_025,1495,TESS
clip_08104,spk_025,1495,TESS
clip_08105,spk_026,1537,TESS
clip_08106,spk_094,457,CREMA-D
clip_08107,spk_018,1197,TESS
clip_08108,spk_037,14,RAVDESS
clip_08109,spk_060,214,CREMA-D
clip_08110,spk_018,1197,TESS
clip_08111,spk_094,457,CREMA-D
clip_08112,spk_094,457,CREMA-D
clip_08113,spk_015,388,CREMA-D
clip_08114,spk_094,457,CREMA-D
clip_08115,spk_022,48,RAVDESS
clip_08116,spk_060,214,CREMA-D
clip_08117,spk_094,457,CREMA-D
clip_08118,spk_018,1197,TESS
clip_08119,spk_094,457,CREMA-D
clip_08120,spk_018,1197,TESS
clip_08122,spk_041,37,RAVDESS
clip_08123,spk_029,272,CREMA-D
clip_08124,spk_038,198,CREMA-D
clip_08126,spk_028,472,CREMA-D
clip_08127,spk_026,1537,TESS
clip_08128,spk_021,264,CREMA-D
clip_08130,spk_025,1495,TESS
clip_08131,spk_027,96,CREMA-D
clip_08132,spk_018,1197,TESS
clip_08133,spk_018,1197,TESS
clip_08135,spk_025,1495,TESS
clip_08136,spk_012,106,CREMA-D
clip_08137,spk_018,1197,TESS
clip_08138,spk_043,256,CREMA-D
clip_08139,spk_018,1197,TESS
clip_08140,spk_017,19,RAVDESS
clip_08141,spk_018,1197,TESS
clip_08142,spk_022,48,RAVDESS
clip_08143,spk_025,1495,TESS
clip_08144,spk_022,48,RAVDESS
clip_08145,spk_026,1537,TESS
clip_08146,spk_094,457,CREMA-D
clip_08147,spk_026,1537,TESS
clip_08148,spk_038,198,CREMA-D
clip_08149,spk_006,58,RAVDESS
clip_08150,spk_025,1495,TESS
clip_08151,spk_004,29,RAVDESS
clip_08152,spk_080,38,RAVDESS
clip_08153,spk_018,1197,TESS
clip_08154,spk_018,1197,TESS
clip_08155,spk_038,198,CREMA-D
clip_08156,spk_005,33,RAVDESS
clip_08157,spk_018,1197,TESS
clip_08158,spk_094,457,CREMA-D
clip_08159,spk_043,256,CREMA-D
clip_08160,spk_021,264,CREMA-D
clip_08161,spk_026,1537,TESS
clip_08163,spk_015,388,CREMA-D
clip_08164,spk_046,14,RAVDESS
clip_08165,spk_039,34,RAVDESS
clip_08166,spk_010,176,CREMA-D
clip_08167,spk_028,472,CREMA-D
clip_08168,spk_025,1495,TESS
clip_08169,spk_026,1537,TESS
clip_08171,spk_094,457,CREMA-D
clip_08172,spk_094,457,CREMA-D
clip_08174,spk_026,1537,TESS
clip_08175,spk_060,214,CREMA-D
clip_08176,spk_018,1197,TESS
clip_08177,spk_028,472,CREMA-D
clip_08178,spk_094,457,CREMA-D
clip_08180,spk_001,218,CREMA-D
clip_08181,spk_094,457,CREMA-D
clip_08183,spk_025,1495,TESS
clip_08184,spk_009,53,RAVDESS
clip_08186,spk_026,1537,TESS
clip_08189,spk_028,472,CREMA-D
clip_08190,spk_094,457,CREMA-D
clip_08191,spk_012,106,CREMA-D
clip_08193,spk_025,1495,TESS
clip_08194,spk_012,106,CREMA-D
clip_08195,spk_043,256,CREMA-D
clip_08196,spk_026,1537,TESS
clip_08197,spk_002,173,CREMA-D
clip_08198,spk_028,472,CREMA-D
clip_08199,spk_026,1537,TESS
clip_08201,spk_008,17,RAVDESS
clip_08203,spk_025,1495,TESS
clip_08204,spk_026,1537,TESS
clip_08205,spk_094,457,CREMA-D
clip_08206,spk_026,1537,TESS
clip_08207,spk_094,457,CREMA-D
clip_08208,spk_011,96,CREMA-D
clip_08209,spk_025,1495,TESS
clip_08210,spk_002,173,CREMA-D
clip_08211,spk_018,1197,TESS
clip_08212,spk_026,1537,TESS
clip_08213,spk_043,256,CREMA-D
clip_08214,spk_018,1197,TESS
clip_08216,spk_067,19,RAVDESS
clip_08217,spk_078,101,CREMA-D
clip_08218,spk_018,1197,TESS
clip_08219,spk_018,1197,TESS
clip_08220,spk_026,1537,TESS
clip_08221,spk_025,1495,TESS
clip_08222,spk_027,96,CREMA-D
clip_08223,spk_014,23,RAVDESS
clip_08225,spk_005,33,RAVDESS
clip_08226,spk_025,1495,TESS
clip_08227,spk_028,472,CREMA-D
clip_08228,spk_007,79,CREMA-D
clip_08229,spk_028,472,CREMA-D
clip_08230,spk_025,1495,TESS
clip_08231,spk_021,264,CREMA-D
clip_08232,spk_009,53,RAVDESS
clip_08233,spk_018,1197,TESS
clip_08234,spk_021,264,CREMA-D
clip_08235,spk_020,71,CREMA-D
clip_08237,spk_015,388,CREMA-D
clip_08238,spk_025,1495,TESS
clip_08239,spk_043,256,CREMA-D
clip_08240,spk_026,1537,TESS
clip_08242,spk_029,272,CREMA-D
clip_08243,spk_094,457,CREMA-D
clip_08244,spk_026,1537,TESS
clip_08246,spk_028,472,CREMA-D
clip_08247,spk_010,176,CREMA-D
clip_08248,spk_021,264,CREMA-D
clip_08251,spk_010,176,CREMA-D
clip_08252,spk_025,1495,TESS
clip_08253,spk_025,1495,TESS
clip_08254,spk_043,256,CREMA-D
clip_08255,spk_022,48,RAVDESS
clip_08256,spk_038,198,CREMA-D
clip_08257,spk_038,198,CREMA-D
clip_08258,spk_018,1197,TESS
clip_08259,spk_027,96,CREMA-D
clip_08260,spk_026,1537,TESS
clip_08261,spk_007,79,CREMA-D
clip_08262,spk_010,176,CREMA-D
clip_08263,spk_026,1537,TESS
clip_08264,spk_018,1197,TESS
clip_08265,spk_010,176,CREMA-D
clip_08266,spk_006,58,RAVDESS
clip_08267,spk_011,96,CREMA-D
clip_08268,spk_015,388,CREMA-D
clip_08270,spk_009,53,RAVDESS
clip_08271,spk_029,272,CREMA-D
clip_08272,spk_043,256,CREMA-D
clip_08273,spk_027,96,CREMA-D
clip_08274,spk_026,1537,TESS
clip_08275,spk_029,272,CREMA-D
clip_08276,spk_030,6,RAVDESS
clip_08277,spk_025,1495,TESS
clip_08278,spk_026,1537,TESS
clip_08279,spk_018,1197,TESS
clip_08280,spk_025,1495,TESS
clip_08281,spk_018,1197,TESS
clip_08282,spk_018,1197,TESS
clip_08283,spk_025,1495,TESS
clip_08284,spk_034,28,RAVDESS
clip_08285,spk_010,176,CREMA-D
clip_08286,spk_026,1537,TESS
clip_08287,spk_025,1495,TESS
clip_08288,spk_025,1495,TESS
clip_08289,spk_001,218,CREMA-D
clip_08290,spk_001,218,CREMA-D
clip_08291,spk_018,1197,TESS
clip_08293,spk_057,16,RAVDESS
clip_08294,spk_026,1537,TESS
clip_08295,spk_021,264,CREMA-D
clip_08296,spk_018,1197,TESS
clip_08298,spk_088,186,CREMA-D
clip_08299,spk_026,1537,TESS
clip_08300,spk_026,1537,TESS
clip_08301,spk_025,1495,TESS
clip_08302,spk_038,198,CREMA-D
clip_08304,spk_027,96,CREMA-D
clip_08305,spk_021,264,CREMA-D
clip_08306,spk_026,1537,TESS
clip_08309,spk_028,472,CREMA-D
clip_08310,spk_038,198,CREMA-D
clip_08311,spk_015,388,CREMA-D
clip_08312,spk_018,1197,TESS
clip_08313,spk_088,186,CREMA-D
clip_08315,spk_078,101,CREMA-D
clip_08316,spk_026,1537,TESS
clip_08317,spk_012,106,CREMA-D
clip_08318,spk_086,7,RAVDESS
clip_08319,spk_045,60,RAVDESS
clip_08320,spk_025,1495,TESS
clip_08322,spk_080,38,RAVDESS
clip_08323,spk_025,1495,TESS
clip_08324,spk_001,218,CREMA-D
clip_08325,spk_088,186,CREMA-D
clip_08326,spk_029,272,CREMA-D
clip_08327,spk_025,1495,TESS
clip_08328,spk_026,1537,TESS
clip_08329,spk_026,1537,TESS
clip_08330,spk_025,1495,TESS
clip_08331,spk_025,1495,TESS
clip_08332,spk_021,264,CREMA-D
clip_08334,spk_029,272,CREMA-D
clip_08335,spk_041,37,RAVDESS
clip_08336,spk_015,388,CREMA-D
clip_08337,spk_028,472,CREMA-D
clip_08338,spk_025,1495,TESS
clip_08339,spk_006,58,RAVDESS
clip_08340,spk_021,264,CREMA-D
clip_08341,spk_026,1537,TESS
clip_08342,spk_029,272,CREMA-D
clip_08343,spk_018,1197,TESS
clip_08344,spk_094,457,CREMA-D
clip_08345,spk_094,457,CREMA-D
clip_08346,spk_025,1495,TESS
clip_08347,spk_011,96,CREMA-D
clip_08348,spk_026,1537,TESS
clip_08349,spk_094,457,CREMA-D
clip_08351,spk_026,1537,TESS
clip_08352,spk_094,457,CREMA-D
clip_08353,spk_025,1495,TESS
clip_08354,spk_026,1537,TESS
clip_08355,spk_045,60,RAVDESS
clip_08356,spk_018,1197,TESS
clip_08357,spk_018,1197,TESS
clip_08358,spk_025,1495,TESS
clip_08359,spk_026,1537,TESS
clip_08360,spk_028,472,CREMA-D
clip_08361,spk_094,457,CREMA-D
clip_08362,spk_025,1495,TESS
clip_08363,spk_025,1495,TESS
clip_08365,spk_061,6,RAVDESS
clip_08366,spk_026,1537,TESS
clip_08368,spk_026,1537,TESS
clip_08369,spk_094,457,CREMA-D
clip_08370,spk_008,17,RAVDESS
clip_08371,spk_028,472,CREMA-D
clip_08372,spk_018,1197,TESS
clip_08373,spk_015,388,CREMA-D
clip_08374,spk_015,388,CREMA-D
clip_08375,spk_021,264,CREMA-D
clip_08376,spk_018,1197,TESS
clip_08378,spk_080,38,RAVDESS
clip_08379,spk_025,1495,TESS
clip_08381,spk_045,60,RAVDESS
clip_08382,spk_078,101,CREMA-D
clip_08383,spk_046,14,RAVDESS
clip_08385,spk_026,1537,TESS
clip_08386,spk_028,472,CREMA-D
clip_08387,spk_002,173,CREMA-D
clip_08388,spk_026,1537,TESS
clip_08390,spk_026,1537,TESS
clip_08391,spk_029,272,CREMA-D
clip_08392,spk_025,1495,TESS
clip_08393,spk_018,1197,TESS
clip_08394,spk_038,198,CREMA-D
clip_08395,spk_026,1537,TESS
clip_08396,spk_060,214,CREMA-D
clip_08397,spk_043,256,CREMA-D
clip_08398,spk_038,198,CREMA-D
clip_08399,spk_094,457,CREMA-D
clip_08400,spk_043,256,CREMA-D
clip_08401,spk_038,198,CREMA-D
clip_08404,spk_018,1197,TESS
clip_08405,spk_026,1537,TESS
clip_08407,spk_009,53,RAVDESS
clip_08408,spk_025,1495,TESS
clip_08409,spk_026,1537,TESS
clip_08410,spk_025,1495,TESS
clip_08411,spk_067,19,RAVDESS
clip_08412,spk_026,1537,TESS
clip_08413,spk_015,388,CREMA-D
clip_08414,spk_035,8,RAVDESS
clip_08415,spk_026,1537,TESS
clip_08416,spk_007,79,CREMA-D
clip_08418,spk_045,60,RAVDESS
clip_08419,spk_015,388,CREMA-D
clip_08420,spk_038,198,CREMA-D
clip_08421,spk_015,388,CREMA-D
clip_08423,spk_094,457,CREMA-D
clip_08425,spk_025,1495,TESS
clip_08426,spk_007,79,CREMA-D
clip_08427,spk_025,1495,TESS
clip_08428,spk_026,1537,TESS
clip_08429,spk_018,1197,TESS
clip_08430,spk_026,1537,TESS
clip_08431,spk_018,1197,TESS
clip_08432,spk_043,256,CREMA-D
clip_08433,spk_021,264,CREMA-D
clip_08434,spk_071,8,RAVDESS
clip_08435,spk_028,472,CREMA-D
clip_08436,spk_043,256,CREMA-D
clip_08437,spk_080,38,RAVDESS
clip_08438,spk_001,218,CREMA-D
clip_08439,spk_015,388,CREMA-D
clip_08441,spk_018,1197,TESS
clip_08442,spk_025,1495,TESS
clip_08443,spk_026,1537,TESS
clip_08444,spk_021,264,CREMA-D
clip_08445,spk_002,173,CREMA-D
clip_08447,spk_028,472,CREMA-D
clip_08448,spk_018,1197,TESS
clip_08449,spk_094,457,CREMA-D
clip_08450,spk_018,1197,TESS
clip_08451,spk_009,53,RAVDESS
clip_08452,spk_020,71,CREMA-D
clip_08453,spk_025,1495,TESS
clip_08455,spk_025,1495,TESS
clip_08457,spk_028,472,CREMA-D
clip_08458,spk_025,1495,TESS
clip_08460,spk_021,264,CREMA-D
clip_08461,spk_026,1537,TESS
clip_08462,spk_018,1197,TESS
clip_08463,spk_010,176,CREMA-D
clip_08464,spk_055,125,CREMA-D
clip_08466,spk_060,214,CREMA-D
clip_08467,spk_015,388,CREMA-D
clip_08468,spk_024,27,RAVDESS
clip_08469,spk_018,1197,TESS
clip_08470,spk_015,388,CREMA-D
clip_08471,spk_025,1495,TESS
clip_08472,spk_018,1197,TESS
clip_08473,spk_094,457,CREMA-D
clip_08474,spk_025,1495,TESS
clip_08475,spk_028,472,CREMA-D
clip_08476,spk_043,256,CREMA-D
clip_08478,spk_025,1495,TESS
clip_08479,spk_001,218,CREMA-D
clip_08480,spk_028,472,CREMA-D
clip_08482,spk_085,49,RAVDESS
clip_08483,spk_026,1537,TESS
clip_08484,spk_026,1537,TESS
clip_08485,spk_021,264,CREMA-D
clip_08486,spk_094,457,CREMA-D
clip_08487,spk_015,388,CREMA-D
clip_08488,spk_026,1537,TESS
clip_08489,spk_026,1537,TESS
clip_08490,spk_094,457,CREMA-D
clip_08491,spk_028,472,CREMA-D
clip_08493,spk_026,1537,TESS
clip_08494,spk_026,1537,TESS
clip_08495,spk_026,1537,TESS
clip_08496,spk_012,106,CREMA-D
clip_08497,spk_018,1197,TESS
clip_08498,spk_026,1537,TESS
clip_08499,spk_028,472,CREMA-D
clip_08500,spk_026,1537,TESS
clip_08503,spk_024,27,RAVDESS
clip_08504,spk_080,38,RAVDESS
clip_08505,spk_094,457,CREMA-D
clip_08506,spk_025,1495,TESS
clip_08507,spk_068,29,RAVDESS
clip_08508,spk_094,457,CREMA-D
clip_08509,spk_001,218,CREMA-D
clip_08510,spk_001,218,CREMA-D
clip_08512,spk_015,388,CREMA-D
clip_08513,spk_018,1197,TESS
clip_08514,spk_001,218,CREMA-D
clip_08515,spk_025,1495,TESS
clip_08516,spk_002,173,CREMA-D
clip_08517,spk_026,1537,TESS
clip_08518,spk_018,1197,TESS
clip_08519,spk_026,1537,TESS
clip_08520,spk_024,27,RAVDESS
clip_08521,spk_025,1495,TESS
clip_08522,spk_026,1537,TESS
clip_08523,spk_021,264,CREMA-D
clip_08524,spk_025,1495,TESS
clip_08525,spk_094,457,CREMA-D
clip_08526,spk_026,1537,TESS
clip_08527,spk_029,272,CREMA-D
clip_08528,spk_009,53,RAVDESS
clip_08529,spk_043,256,CREMA-D
clip_08530,spk_094,457,CREMA-D
clip_08531,spk_025,1495,TESS
clip_08532,spk_025,1495,TESS
clip_08533,spk_029,272,CREMA-D
clip_08534,spk_012,106,CREMA-D
clip_08535,spk_026,1537,TESS
clip_08536,spk_025,1495,TESS
clip_08537,spk_025,1495,TESS
clip_08538,spk_050,11,RAVDESS
clip_08539,spk_025,1495,TESS
clip_08540,spk_001,218,CREMA-D
clip_08541,spk_026,1537,TESS
clip_08542,spk_026,1537,TESS
clip_08543,spk_038,198,CREMA-D
clip_08544,spk_018,1197,TESS
clip_08545,spk_029,272,CREMA-D
clip_08546,spk_094,457,CREMA-D
clip_08548,spk_043,256,CREMA-D
clip_08549,spk_015,388,CREMA-D
clip_08550,spk_043,256,CREMA-D
clip_08553,spk_025,1495,TESS
clip_08554,spk_060,214,CREMA-D
clip_08555,spk_026,1537,TESS
clip_08556,spk_021,264,CREMA-D
clip_08557,spk_029,272,CREMA-D
clip_08559,spk_026,1537,TESS
clip_08560,spk_026,1537,TESS
clip_08561,spk_018,1197,TESS
clip_08562,spk_043,256,CREMA-D
clip_08563,spk_026,1537,TESS
clip_08565,spk_078,101,CREMA-D
clip_08567,spk_018,1197,TESS
clip_08568,spk_001,218,CREMA-D
clip_08570,spk_025,1495,TESS
clip_08571,spk_006,58,RAVDESS
clip_08573,spk_025,1495,TESS
clip_08574,spk_011,96,CREMA-D
clip_08575,spk_026,1537,TESS
clip_08579,spk_094,457,CREMA-D
clip_08580,spk_026,1537,TESS
clip_08581,spk_060,214,CREMA-D
clip_08583,spk_001,218,CREMA-D
clip_08584,spk_026,1537,TESS
clip_08585,spk_011,96,CREMA-D
clip_08586,spk_010,176,CREMA-D
clip_08588,spk_055,125,CREMA-D
clip_08589,spk_025,1495,TESS
clip_08590,spk_025,1495,TESS
clip_08591,spk_078,101,CREMA-D
clip_08592,spk_026,1537,TESS
clip_08593,spk_028,472,CREMA-D
clip_08594,spk_039,34,RAVDESS
clip_08596,spk_026,1537,TESS
clip_08597,spk_018,1197,TESS
clip_08600,spk_026,1537,TESS
clip_08601,spk_026,1537,TESS
clip_08602,spk_018,1197,TESS
clip_08603,spk_054,1,RAVDESS
clip_08605,spk_028,472,CREMA-D
clip_08607,spk_094,457,CREMA-D
clip_08608,spk_026,1537,TESS
clip_08609,spk_015,388,CREMA-D
clip_08610,spk_018,1197,TESS
clip_08611,spk_026,1537,TESS
clip_08612,spk_067,19,RAVDESS
clip_08613,spk_025,1495,TESS
clip_08614,spk_085,49,RAVDESS
clip_08615,spk_026,1537,TESS
clip_08616,spk_001,218,CREMA-D
clip_08617,spk_028,472,CREMA-D
clip_08618,spk_088,186,CREMA-D
clip_08619,spk_018,1197,TESS
clip_08620,spk_018,1197,TESS
clip_08621,spk_021,264,CREMA-D
clip_08622,spk_025,1495,TESS
clip_08623,spk_038,198,CREMA-D
clip_08624,spk_001,218,CREMA-D
clip_08625,spk_018,1197,TESS
clip_08626,spk_018,1197,TESS
clip_08627,spk_015,388,CREMA-D
clip_08628,spk_026,1537,TESS
clip_08629,spk_043,256,CREMA-D
clip_08630,spk_025,1495,TESS
clip_08634,spk_085,49,RAVDESS
clip_08635,spk_068,29,RAVDESS
clip_08636,spk_026,1537,TESS
clip_08637,spk_001,218,CREMA-D
clip_08638,spk_018,1197,TESS
clip_08639,spk_026,1537,TESS
clip_08640,spk_010,176,CREMA-D
clip_08641,spk_025,1495,TESS
clip_08642,spk_043,256,CREMA-D
clip_08643,spk_026,1537,TESS
clip_08644,spk_026,1537,TESS
clip_08645,spk_018,1197,TESS
clip_08646,spk_026,1537,TESS
clip_08647,spk_025,1495,TESS
clip_08648,spk_012,106,CREMA-D
clip_08649,spk_094,457,CREMA-D
clip_08651,spk_043,256,CREMA-D
clip_08652,spk_018,1197,TESS
clip_08653,spk_026,1537,TESS
clip_08654,spk_038,198,CREMA-D
clip_08655,spk_025,1495,TESS
clip_08656,spk_026,1537,TESS
clip_08657,spk_060,214,CREMA-D
clip_08658,spk_002,173,CREMA-D
clip_08659,spk_088,186,CREMA-D
clip_08660,spk_015,388,CREMA-D
clip_08661,spk_026,1537,TESS
clip_08662,spk_055,125,CREMA-D
clip_08663,spk_015,388,CREMA-D
clip_08665,spk_026,1537,TESS
clip_08666,spk_029,272,CREMA-D
clip_08667,spk_060,214,CREMA-D
clip_08668,spk_002,173,CREMA-D
clip_08670,spk_007,79,CREMA-D
clip_08671,spk_009,53,RAVDESS
clip_08672,spk_025,1495,TESS
clip_08673,spk_043,256,CREMA-D
clip_08674,spk_055,125,CREMA-D
clip_08676,spk_026,1537,TESS
clip_08677,spk_080,38,RAVDESS
clip_08678,spk_026,1537,TESS
clip_08680,spk_025,1495,TESS
clip_08681,spk_055,125,CREMA-D
clip_08682,spk_043,256,CREMA-D
clip_08683,spk_094,457,CREMA-D
clip_08684,spk_011,96,CREMA-D
clip_08685,spk_026,1537,TESS
clip_08686,spk_080,38,RAVDESS
clip_08687,spk_010,176,CREMA-D
clip_08688,spk_028,472,CREMA-D
clip_08690,spk_026,1537,TESS
clip_08691,spk_018,1197,TESS
clip_08692,spk_025,1495,TESS
clip_08693,spk_015,388,CREMA-D
clip_08694,spk_026,1537,TESS
clip_08695,spk_002,173,CREMA-D
clip_08696,spk_018,1197,TESS
clip_08697,spk_026,1537,TESS
clip_08698,spk_012,106,CREMA-D
clip_08699,spk_038,198,CREMA-D
clip_08701,spk_020,71,CREMA-D
clip_08702,spk_026,1537,TESS
clip_08703,spk_015,388,CREMA-D
clip_08705,spk_028,472,CREMA-D
clip_08706,spk_018,1197,TESS
clip_08708,spk_026,1537,TESS
clip_08709,spk_018,1197,TESS
clip_08710,spk_060,214,CREMA-D
clip_08711,spk_018,1197,TESS
clip_08712,spk_015,388,CREMA-D
clip_08713,spk_025,1495,TESS
clip_08714,spk_026,1537,TESS
clip_08716,spk_015,388,CREMA-D
clip_08717,spk_043,256,CREMA-D
clip_08719,spk_003,2,RAVDESS
clip_08723,spk_025,1495,TESS
clip_08724,spk_029,272,CREMA-D
clip_08725,spk_018,1197,TESS
clip_08726,spk_026,1537,TESS
clip_08727,spk_018,1197,TESS
clip_08729,spk_026,1537,TESS
clip_08730,spk_018,1197,TESS
clip_08732,spk_025,1495,TESS
clip_08733,spk_021,264,CREMA-D
clip_08734,spk_025,1495,TESS
clip_08735,spk_042,6,RAVDESS
clip_08736,spk_055,125,CREMA-D
clip_08737,spk_060,214,CREMA-D
clip_08739,spk_018,1197,TESS
clip_08740,spk_001,218,CREMA-D
clip_08742,spk_028,472,CREMA-D
clip_08743,spk_028,472,CREMA-D
clip_08744,spk_094,457,CREMA-D
clip_08745,spk_026,1537,TESS
clip_08746,spk_025,1495,TESS
clip_08747,spk_025,1495,TESS
clip_08750,spk_060,214,CREMA-D
clip_08752,spk_025,1495,TESS
clip_08753,spk_027,96,CREMA-D
clip_08754,spk_018,1197,TESS
clip_08755,spk_025,1495,TESS
clip_08756,spk_026,1537,TESS
clip_08757,spk_026,1537,TESS
clip_08759,spk_026,1537,TESS
clip_08760,spk_025,1495,TESS
clip_08761,spk_007,79,CREMA-D
clip_08763,spk_025,1495,TESS
clip_08764,spk_026,1537,TESS
clip_08765,spk_026,1537,TESS
clip_08769,spk_038,198,CREMA-D
clip_08770,spk_026,1537,TESS
clip_08771,spk_025,1495,TESS
clip_08772,spk_025,1495,TESS
clip_08773,spk_018,1197,TESS
clip_08774,spk_088,186,CREMA-D
clip_08775,spk_049,23,RAVDESS
clip_08776,spk_025,1495,TESS
clip_08777,spk_011,96,CREMA-D
clip_08778,spk_002,173,CREMA-D
clip_08779,spk_026,1537,TESS
clip_08781,spk_018,1197,TESS
clip_08783,spk_028,472,CREMA-D
clip_08784,spk_094,457,CREMA-D
clip_08785,spk_038,198,CREMA-D
clip_08786,spk_040,19,RAVDESS
clip_08787,spk_025,1495,TESS
clip_08788,spk_018,1197,TESS
clip_08789,spk_026,1537,TESS
clip_08790,spk_028,472,CREMA-D
clip_08791,spk_055,125,CREMA-D
clip_08792,spk_000,6,RAVDESS
clip_08793,spk_026,1537,TESS
clip_08794,spk_007,79,CREMA-D
clip_08796,spk_020,71,CREMA-D
clip_08797,spk_026,1537,TESS
clip_08798,spk_011,96,CREMA-D
clip_08799,spk_015,388,CREMA-D
clip_08800,spk_028,472,CREMA-D
clip_08802,spk_018,1197,TESS
clip_08803,spk_005,33,RAVDESS
clip_08804,spk_024,27,RAVDESS
clip_08805,spk_026,1537,TESS
clip_08806,spk_028,472,CREMA-D
clip_08807,spk_088,186,CREMA-D
clip_08808,spk_018,1197,TESS
clip_08809,spk_025,1495,TESS
clip_08810,spk_022,48,RAVDESS
clip_08812,spk_018,1197,TESS
clip_08813,spk_018,1197,TESS
clip_08814,spk_012,106,CREMA-D
clip_08816,spk_028,472,CREMA-D
clip_08817,spk_018,1197,TESS
clip_08818,spk_025,1495,TESS
clip_08819,spk_026,1537,TESS
clip_08820,spk_060,214,CREMA-D
clip_08821,spk_025,1495,TESS
clip_08822,spk_027,96,CREMA-D
clip_08823,spk_049,23,RAVDESS
clip_08824,spk_025,1495,TESS
clip_08825,spk_025,1495,TESS
clip_08827,spk_028,472,CREMA-D
clip_08828,spk_025,1495,TESS
clip_08829,spk_012,106,CREMA-D
clip_08831,spk_028,472,CREMA-D
clip_08833,spk_015,388,CREMA-D
clip_08836,spk_018,1197,TESS
clip_08839,spk_043,256,CREMA-D
clip_08840,spk_010,176,CREMA-D
clip_08843,spk_086,7,RAVDESS
clip_08844,spk_001,218,CREMA-D
clip_08846,spk_018,1197,TESS
clip_08847,spk_025,1495,TESS
clip_08848,spk_018,1197,TESS
clip_08849,spk_018,1197,TESS
clip_08850,spk_001,218,CREMA-D
clip_08851,spk_010,176,CREMA-D
clip_08852,spk_020,71,CREMA-D
clip_08853,spk_026,1537,TESS
clip_08854,spk_021,264,CREMA-D
clip_08855,spk_006,58,RAVDESS
clip_08857,spk_018,1197,TESS
clip_08858,spk_025,1495,TESS
clip_08859,spk_088,186,CREMA-D
clip_08860,spk_025,1495,TESS
clip_08861,spk_025,1495,TESS
clip_08862,spk_026,1537,TESS
clip_08863,spk_025,1495,TESS
clip_08864,spk_002,173,CREMA-D
clip_08865,spk_028,472,CREMA-D
clip_08866,spk_094,457,CREMA-D
clip_08867,spk_010,176,CREMA-D
clip_08868,spk_026,1537,TESS
clip_08869,spk_026,1537,TESS
clip_08870,spk_029,272,CREMA-D
clip_08871,spk_025,1495,TESS
clip_08872,spk_055,125,CREMA-D
clip_08873,spk_025,1495,TESS
clip_08875,spk_045,60,RAVDESS
clip_08876,spk_028,472,CREMA-D
clip_08877,spk_055,125,CREMA-D
clip_08878,spk_026,1537,TESS
clip_08879,spk_094,457,CREMA-D
clip_08880,spk_026,1537,TESS
clip_08881,spk_026,1537,TESS
clip_08882,spk_015,388,CREMA-D
clip_08883,spk_015,388,CREMA-D
clip_08885,spk_018,1197,TESS
clip_08886,spk_018,1197,TESS
clip_08887,spk_018,1197,TESS
clip_08888,spk_004,29,RAVDESS
clip_08889,spk_026,1537,TESS
clip_08891,spk_018,1197,TESS
clip_08892,spk_094,457,CREMA-D
clip_08893,spk_025,1495,TESS
clip_08894,spk_038,198,CREMA-D
clip_08895,spk_055,125,CREMA-D
clip_08896,spk_060,214,CREMA-D
clip_08900,spk_025,1495,TESS
clip_08901,spk_018,1197,TESS
clip_08902,spk_021,264,CREMA-D
clip_08903,spk_027,96,CREMA-D
clip_08904,spk_026,1537,TESS
clip_08905,spk_026,1537,TESS
clip_08906,spk_020,71,CREMA-D
clip_08908,spk_094,457,CREMA-D
clip_08909,spk_026,1537,TESS
clip_08910,spk_026,1537,TESS
clip_08911,spk_006,58,RAVDESS
clip_08912,spk_094,457,CREMA-D
clip_08913,spk_025,1495,TESS
clip_08914,spk_018,1197,TESS
clip_08915,spk_028,472,CREMA-D
clip_08916,spk_026,1537,TESS
clip_08917,spk_060,214,CREMA-D
clip_08918,spk_025,1495,TESS
clip_08919,spk_015,388,CREMA-D
clip_08920,spk_026,1537,TESS
clip_08921,spk_025,1495,TESS
clip_08922,spk_026,1537,TESS
clip_08923,spk_021,264,CREMA-D
clip_08924,spk_041,37,RAVDESS
clip_08925,spk_026,1537,TESS
clip_08926,spk_010,176,CREMA-D
clip_08927,spk_055,125,CREMA-D
clip_08931,spk_060,214,CREMA-D
clip_08932,spk_026,1537,TESS
clip_08933,spk_028,472,CREMA-D
clip_08934,spk_082,2,RAVDESS
clip_08935,spk_025,1495,TESS
clip_08936,spk_018,1197,TESS
clip_08938,spk_049,23,RAVDESS
clip_08939,spk_081,3,RAVDESS
clip_08940,spk_038,198,CREMA-D
clip_08941,spk_022,48,RAVDESS
clip_08942,spk_018,1197,TESS
clip_08943,spk_026,1537,TESS
clip_08945,spk_018,1197,TESS
clip_08946,spk_015,388,CREMA-D
clip_08947,spk_026,1537,TESS
clip_08948,spk_026,1537,TESS
clip_08949,spk_012,106,CREMA-D
clip_08951,spk_094,457,CREMA-D
clip_08952,spk_088,186,CREMA-D
clip_08953,spk_043,256,CREMA-D
clip_08954,spk_046,14,RAVDESS
clip_08955,spk_028,472,CREMA-D
clip_08957,spk_025,1495,TESS
clip_08958,spk_018,1197,TESS
clip_08959,spk_028,472,CREMA-D
clip_08960,spk_029,272,CREMA-D
clip_08961,spk_021,264,CREMA-D
clip_08962,spk_025,1495,TESS
clip_08963,spk_018,1197,TESS
clip_08964,spk_055,125,CREMA-D
clip_08965,spk_018,1197,TESS
clip_08967,spk_007,79,CREMA-D
clip_08968,spk_002,173,CREMA-D
clip_08969,spk_085,49,RAVDESS
clip_08970,spk_018,1197,TESS
clip_08971,spk_026,1537,TESS
clip_08972,spk_029,272,CREMA-D
clip_08973,spk_015,388,CREMA-D
clip_08974,spk_025,1495,TESS
clip_08976,spk_025,1495,TESS
clip_08977,spk_039,34,RAVDESS
clip_08978,spk_018,1197,TESS
clip_08979,spk_012,106,CREMA-D
clip_08980,spk_094,457,CREMA-D
clip_08981,spk_078,101,CREMA-D
clip_08982,spk_026,1537,TESS
clip_08983,spk_027,96,CREMA-D
clip_08984,spk_043,256,CREMA-D
clip_08985,spk_026,1537,TESS
clip_08986,spk_026,1537,TESS
clip_08987,spk_018,1197,TESS
clip_08988,spk_018,1197,TESS
clip_08990,spk_026,1537,TESS
clip_08991,spk_043,256,CREMA-D
clip_08992,spk_002,173,CREMA-D
clip_08993,spk_018,1197,TESS
clip_08994,spk_043,256,CREMA-D
clip_08995,spk_001,218,CREMA-D
clip_08996,spk_088,186,CREMA-D
clip_08997,spk_018,1197,TESS
clip_08999,spk_055,125,CREMA-D
clip_09000,spk_026,1537,TESS
clip_09001,spk_028,472,CREMA-D
clip_09002,spk_018,1197,TESS
clip_09004,spk_007,79,CREMA-D
clip_09005,spk_018,1197,TESS
clip_09006,spk_018,1197,TESS
clip_09007,spk_025,1495,TESS
clip_09008,spk_025,1495,TESS
clip_09009,spk_005,33,RAVDESS
clip_09010,spk_094,457,CREMA-D
clip_09011,spk_018,1197,TESS
clip_09012,spk_060,214,CREMA-D
clip_09013,spk_025,1495,TESS
clip_09015,spk_018,1197,TESS
clip_09016,spk_028,472,CREMA-D
clip_09017,spk_001,218,CREMA-D
clip_09018,spk_041,37,RAVDESS
clip_09019,spk_021,264,CREMA-D
clip_09020,spk_026,1537,TESS
clip_09022,spk_018,1197,TESS
clip_09023,spk_001,218,CREMA-D
clip_09024,spk_026,1537,TESS
clip_09025,spk_026,1537,TESS
clip_09026,spk_025,1495,TESS
clip_09027,spk_018,1197,TESS
clip_09028,spk_025,1495,TESS
clip_09030,spk_071,8,RAVDESS
clip_09031,spk_018,1197,TESS
clip_09032,spk_018,1197,TESS
clip_09033,spk_018,1197,TESS
clip_09034,spk_026,1537,TESS
clip_09035,spk_026,1537,TESS
clip_09036,spk_094,457,CREMA-D
clip_09037,spk_001,218,CREMA-D
clip_09040,spk_010,176,CREMA-D
clip_09041,spk_021,264,CREMA-D
clip_09042,spk_018,1197,TESS
clip_09043,spk_094,457,CREMA-D
clip_09044,spk_010,176,CREMA-D
clip_09045,spk_010,176,CREMA-D
clip_09046,spk_025,1495,TESS
clip_09047,spk_021,264,CREMA-D
clip_09048,spk_021,264,CREMA-D
clip_09049,spk_025,1495,TESS
clip_09050,spk_043,256,CREMA-D
clip_09051,spk_018,1197,TESS
clip_09052,spk_001,218,CREMA-D
clip_09053,spk_025,1495,TESS
clip_09054,spk_015,388,CREMA-D
clip_09055,spk_026,1537,TESS
clip_09056,spk_060,214,CREMA-D
clip_09057,spk_047,15,RAVDESS
clip_09059,spk_018,1197,TESS
clip_09060,spk_025,1495,TESS
clip_09061,spk_025,1495,TESS
clip_09063,spk_002,173,CREMA-D
clip_09064,spk_094,457,CREMA-D
clip_09065,spk_007,79,CREMA-D
clip_09066,spk_018,1197,TESS
clip_09067,spk_055,125,CREMA-D
clip_09068,spk_088,186,CREMA-D
clip_09069,spk_076,10,RAVDESS
clip_09070,spk_022,48,RAVDESS
clip_09071,spk_025,1495,TESS
clip_09072,spk_043,256,CREMA-D
clip_09073,spk_027,96,CREMA-D
clip_09074,spk_005,33,RAVDESS
clip_09075,spk_010,176,CREMA-D
clip_09076,spk_055,125,CREMA-D
clip_09077,spk_094,457,CREMA-D
clip_09078,spk_025,1495,TESS
clip_09079,spk_094,457,CREMA-D
clip_09080,spk_027,96,CREMA-D
clip_09081,spk_094,457,CREMA-D
clip_09082,spk_018,1197,TESS
clip_09083,spk_025,1495,TESS
clip_09084,spk_025,1495,TESS
clip_09085,spk_018,1197,TESS
clip_09086,spk_025,1495,TESS
clip_09087,spk_021,264,CREMA-D
clip_09089,spk_012,106,CREMA-D
clip_09090,spk_015,388,CREMA-D
clip_09091,spk_088,186,CREMA-D
clip_09092,spk_029,272,CREMA-D
clip_09094,spk_038,198,CREMA-D
clip_09095,spk_010,176,CREMA-D
clip_09096,spk_012,106,CREMA-D
clip_09097,spk_018,1197,TESS
clip_09098,spk_029,272,CREMA-D
clip_09099,spk_025,1495,TESS
clip_09100,spk_055,125,CREMA-D
clip_09101,spk_015,388,CREMA-D
clip_09102,spk_025,1495,TESS
clip_09103,spk_075,20,RAVDESS
clip_09105,spk_028,472,CREMA-D
clip_09106,spk_088,186,CREMA-D
clip_09109,spk_025,1495,TESS
clip_09110,spk_018,1197,TESS
clip_09111,spk_029,272,CREMA-D
clip_09112,spk_028,472,CREMA-D
clip_09113,spk_026,1537,TESS
clip_09114,spk_078,101,CREMA-D
clip_09115,spk_055,125,CREMA-D
clip_09116,spk_020,71,CREMA-D
clip_09117,spk_026,1537,TESS
clip_09118,spk_026,1537,TESS
clip_09119,spk_018,1197,TESS
clip_09121,spk_075,20,RAVDESS
clip_09122,spk_021,264,CREMA-D
clip_09123,spk_007,79,CREMA-D
clip_09126,spk_080,38,RAVDESS
clip_09127,spk_026,1537,TESS
clip_09128,spk_028,472,CREMA-D
clip_09129,spk_025,1495,TESS
clip_09130,spk_026,1537,TESS
clip_09134,spk_005,33,RAVDESS
clip_09135,spk_018,1197,TESS
clip_09136,spk_025,1495,TESS
clip_09137,spk_085,49,RAVDESS
clip_09138,spk_002,173,CREMA-D
clip_09139,spk_018,1197,TESS
clip_09140,spk_015,388,CREMA-D
clip_09143,spk_018,1197,TESS
clip_09144,spk_025,1495,TESS
clip_09145,spk_060,214,CREMA-D
clip_09147,spk_028,472,CREMA-D
clip_09148,spk_029,272,CREMA-D
clip_09149,spk_078,101,CREMA-D
clip_09150,spk_016,13,RAVDESS
clip_09152,spk_029,272,CREMA-D
clip_09153,spk_007,79,CREMA-D
clip_09154,spk_026,1537,TESS
clip_09157,spk_026,1537,TESS
clip_09158,spk_001,218,CREMA-D
clip_09159,spk_007,79,CREMA-D
clip_09160,spk_025,1495,TESS
clip_09161,spk_029,272,CREMA-D
clip_09163,spk_026,1537,TESS
clip_09164,spk_018,1197,TESS
clip_09165,spk_025,1495,TESS
clip_09166,spk_011,96,CREMA-D
clip_09167,spk_027,96,CREMA-D
clip_09168,spk_060,214,CREMA-D
clip_09169,spk_002,173,CREMA-D
clip_09171,spk_038,198,CREMA-D
clip_09173,spk_018,1197,TESS
clip_09175,spk_071,8,RAVDESS
clip_09176,spk_002,173,CREMA-D
clip_09177,spk_026,1537,TESS
clip_09178,spk_018,1197,TESS
clip_09179,spk_060,214,CREMA-D
clip_09180,spk_025,1495,TESS
clip_09181,spk_088,186,CREMA-D
clip_09182,spk_018,1197,TESS
clip_09183,spk_029,272,CREMA-D
clip_09184,spk_060,214,CREMA-D
clip_09185,spk_035,8,RAVDESS
clip_09186,spk_026,1537,TESS
clip_09187,spk_026,1537,TESS
clip_09188,spk_010,176,CREMA-D
clip_09189,spk_026,1537,TESS
clip_09190,spk_025,1495,TESS
clip_09192,spk_088,186,CREMA-D
clip_09193,spk_015,388,CREMA-D
clip_09194,spk_025,1495,TESS
clip_09196,spk_038,198,CREMA-D
clip_09198,spk_018,1197,TESS
clip_09199,spk_055,125,CREMA-D
clip_09200,spk_025,1495,TESS
clip_09201,spk_094,457,CREMA-D
clip_09202,spk_025,1495,TESS
clip_09203,spk_060,214,CREMA-D
clip_09206,spk_009,53,RAVDESS
clip_09207,spk_026,1537,TESS
clip_09208,spk_018,1197,TESS
clip_09209,spk_018,1197,TESS
clip_09210,spk_026,1537,TESS
clip_09212,spk_028,472,CREMA-D
clip_09213,spk_055,125,CREMA-D
clip_09214,spk_010,176,CREMA-D
clip_09215,spk_001,218,CREMA-D
clip_09216,spk_026,1537,TESS
clip_09218,spk_026,1537,TESS
clip_09219,spk_021,264,CREMA-D
clip_09220,spk_026,1537,TESS
clip_09222,spk_060,214,CREMA-D
clip_09223,spk_034,28,RAVDESS
clip_09224,spk_029,272,CREMA-D
clip_09227,spk_025,1495,TESS
clip_09229,spk_025,1495,TESS
clip_09230,spk_060,214,CREMA-D
clip_09232,spk_018,1197,TESS
clip_09233,spk_079,12,RAVDESS
clip_09234,spk_043,256,CREMA-D
clip_09235,spk_018,1197,TESS
clip_09236,spk_018,1197,TESS
clip_09237,spk_018,1197,TESS
clip_09239,spk_018,1197,TESS
clip_09240,spk_015,388,CREMA-D
clip_09241,spk_028,472,CREMA-D
clip_09242,spk_031,9,RAVDESS
clip_09244,spk_025,1495,TESS
clip_09245,spk_025,1495,TESS
clip_09246,spk_028,472,CREMA-D
clip_09247,spk_018,1197,TESS
clip_09248,spk_025,1495,TESS
clip_09249,spk_038,198,CREMA-D
clip_09250,spk_018,1197,TESS
clip_09251,spk_025,1495,TESS
clip_09252,spk_038,198,CREMA-D
clip_09255,spk_025,1495,TESS
clip_09259,spk_022,48,RAVDESS
clip_09260,spk_026,1537,TESS
clip_09263,spk_026,1537,TESS
clip_09264,spk_018,1197,TESS
clip_09265,spk_025,1495,TESS
clip_09266,spk_026,1537,TESS
clip_09267,spk_018,1197,TESS
clip_09268,spk_025,1495,TESS
clip_09269,spk_028,472,CREMA-D
clip_09270,spk_094,457,CREMA-D
clip_09271,spk_026,1537,TESS
clip_09272,spk_010,176,CREMA-D
clip_09274,spk_024,27,RAVDESS
clip_09275,spk_060,214,CREMA-D
clip_09276,spk_025,1495,TESS
clip_09277,spk_025,1495,TESS
clip_09278,spk_018,1197,TESS
clip_09279,spk_001,218,CREMA-D
clip_09280,spk_028,472,CREMA-D
clip_09281,spk_015,388,CREMA-D
clip_09282,spk_021,264,CREMA-D
clip_09283,spk_025,1495,TESS
clip_09284,spk_029,272,CREMA-D
clip_09285,spk_018,1197,TESS
clip_09286,spk_039,34,RAVDESS
clip_09287,spk_012,106,CREMA-D
clip_09288,spk_094,457,CREMA-D
clip_09289,spk_011,96,CREMA-D
clip_09290,spk_025,1495,TESS
clip_09293,spk_026,1537,TESS
clip_09295,spk_025,1495,TESS
clip_09296,spk_088,186,CREMA-D
clip_09297,spk_026,1537,TESS
clip_09298,spk_029,272,CREMA-D
clip_09299,spk_029,272,CREMA-D
clip_09300,spk_002,173,CREMA-D
clip_09301,spk_025,1495,TESS
clip_09302,spk_015,388,CREMA-D
clip_09303,spk_026,1537,TESS
clip_09304,spk_038,198,CREMA-D
clip_09305,spk_018,1197,TESS
clip_09306,spk_015,388,CREMA-D
clip_09307,spk_007,79,CREMA-D
clip_09309,spk_025,1495,TESS
clip_09312,spk_026,1537,TESS
clip_09313,spk_018,1197,TESS
clip_09314,spk_018,1197,TESS
clip_09315,spk_010,176,CREMA-D
clip_09316,spk_094,457,CREMA-D
clip_09317,spk_015,388,CREMA-D
clip_09318,spk_009,53,RAVDESS
clip_09319,spk_026,1537,TESS
clip_09320,spk_005,33,RAVDESS
clip_09321,spk_027,96,CREMA-D
clip_09322,spk_059,6,RAVDESS
clip_09323,spk_026,1537,TESS
clip_09324,spk_028,472,CREMA-D
clip_09325,spk_025,1495,TESS
clip_09326,spk_026,1537,TESS
clip_09327,spk_025,1495,TESS
clip_09328,spk_028,472,CREMA-D
clip_09329,spk_094,457,CREMA-D
clip_09330,spk_021,264,CREMA-D
clip_09331,spk_043,256,CREMA-D
clip_09332,spk_025,1495,TESS
clip_09333,spk_001,218,CREMA-D
clip_09334,spk_029,272,CREMA-D
clip_09335,spk_094,457,CREMA-D
clip_09336,spk_029,272,CREMA-D
clip_09337,spk_038,198,CREMA-D
clip_09338,spk_018,1197,TESS
clip_09340,spk_025,1495,TESS
clip_09342,spk_028,472,CREMA-D
clip_09343,spk_018,1197,TESS
clip_09345,spk_002,173,CREMA-D
clip_09346,spk_094,457,CREMA-D
clip_09347,spk_025,1495,TESS
clip_09348,spk_018,1197,TESS
clip_09350,spk_010,176,CREMA-D
clip_09351,spk_027,96,CREMA-D
clip_09353,spk_018,1197,TESS
clip_09354,spk_025,1495,TESS
clip_09355,spk_028,472,CREMA-D
clip_09356,spk_007,79,CREMA-D
clip_09357,spk_025,1495,TESS
clip_09358,spk_025,1495,TESS
clip_09359,spk_029,272,CREMA-D
clip_09360,spk_026,1537,TESS
clip_09361,spk_076,10,RAVDESS
clip_09364,spk_055,125,CREMA-D
clip_09365,spk_015,388,CREMA-D
clip_09366,spk_026,1537,TESS
clip_09367,spk_026,1537,TESS
clip_09368,spk_088,186,CREMA-D
clip_09369,spk_041,37,RAVDESS
clip_09370,spk_026,1537,TESS
clip_09371,spk_026,1537,TESS
clip_09372,spk_078,101,CREMA-D
clip_09373,spk_025,1495,TESS
clip_09375,spk_027,96,CREMA-D
clip_09376,spk_010,176,CREMA-D
clip_09377,spk_015,388,CREMA-D
clip_09378,spk_018,1197,TESS
clip_09379,spk_018,1197,TESS
clip_09380,spk_011,96,CREMA-D
clip_09381,spk_010,176,CREMA-D
clip_09383,spk_026,1537,TESS
clip_09384,spk_021,264,CREMA-D
clip_09385,spk_018,1197,TESS
clip_09386,spk_018,1197,TESS
clip_09387,spk_018,1197,TESS
clip_09388,spk_018,1197,TESS
clip_09389,spk_026,1537,TESS
clip_09390,spk_025,1495,TESS
clip_09391,spk_055,125,CREMA-D
clip_09392,spk_027,96,CREMA-D
clip_09393,spk_018,1197,TESS
clip_09394,spk_018,1197,TESS
clip_09395,spk_038,198,CREMA-D
clip_09397,spk_026,1537,TESS
clip_09398,spk_028,472,CREMA-D
clip_09399,spk_021,264,CREMA-D
clip_09400,spk_001,218,CREMA-D
clip_09401,spk_088,186,CREMA-D
clip_09402,spk_025,1495,TESS
clip_09403,spk_026,1537,TESS
clip_09404,spk_018,1197,TESS
clip_09405,spk_026,1537,TESS
clip_09406,spk_027,96,CREMA-D
clip_09407,spk_020,71,CREMA-D
clip_09408,spk_025,1495,TESS
clip_09409,spk_094,457,CREMA-D
clip_09411,spk_088,186,CREMA-D
clip_09412,spk_025,1495,TESS
clip_09415,spk_018,1197,TESS
clip_09416,spk_025,1495,TESS
clip_09417,spk_002,173,CREMA-D
clip_09418,spk_026,1537,TESS
clip_09419,spk_026,1537,TESS
clip_09420,spk_010,176,CREMA-D
clip_09423,spk_044,6,RAVDESS
clip_09424,spk_029,272,CREMA-D
clip_09426,spk_026,1537,TESS
clip_09427,spk_025,1495,TESS
clip_09428,spk_029,272,CREMA-D
clip_09429,spk_026,1537,TESS
clip_09430,spk_000,6,RAVDESS
clip_09432,spk_006,58,RAVDESS
clip_09434,spk_028,472,CREMA-D
clip_09435,spk_018,1197,TESS
clip_09436,spk_015,388,CREMA-D
clip_09437,spk_026,1537,TESS
clip_09438,spk_011,96,CREMA-D
clip_09439,spk_018,1197,TESS
clip_09440,spk_041,37,RAVDESS
clip_09441,spk_025,1495,TESS
clip_09442,spk_021,264,CREMA-D
clip_09443,spk_014,23,RAVDESS
clip_09444,spk_026,1537,TESS
clip_09445,spk_043,256,CREMA-D
clip_09446,spk_025,1495,TESS
clip_09447,spk_094,457,CREMA-D
clip_09448,spk_045,60,RAVDESS
clip_09449,spk_038,198,CREMA-D
clip_09451,spk_025,1495,TESS
clip_09453,spk_026,1537,TESS
clip_09454,spk_080,38,RAVDESS
clip_09456,spk_018,1197,TESS
clip_09457,spk_028,472,CREMA-D
clip_09458,spk_018,1197,TESS
clip_09459,spk_026,1537,TESS
clip_09460,spk_018,1197,TESS
clip_09461,spk_026,1537,TESS
clip_09462,spk_028,472,CREMA-D
clip_09463,spk_026,1537,TESS
clip_09464,spk_094,457,CREMA-D
clip_09466,spk_025,1495,TESS
clip_09467,spk_028,472,CREMA-D
clip_09469,spk_025,1495,TESS
clip_09470,spk_094,457,CREMA-D
clip_09471,spk_094,457,CREMA-D
clip_09473,spk_018,1197,TESS
clip_09474,spk_025,1495,TESS
clip_09475,spk_015,388,CREMA-D
clip_09476,spk_088,186,CREMA-D
clip_09478,spk_025,1495,TESS
clip_09479,spk_094,457,CREMA-D
clip_09480,spk_028,472,CREMA-D
clip_09481,spk_029,272,CREMA-D
clip_09482,spk_026,1537,TESS
clip_09483,spk_007,79,CREMA-D
clip_09485,spk_025,1495,TESS
clip_09486,spk_028,472,CREMA-D
clip_09487,spk_018,1197,TESS
clip_09488,spk_012,106,CREMA-D
clip_09489,spk_027,96,CREMA-D
clip_09490,spk_024,27,RAVDESS
clip_09491,spk_015,388,CREMA-D
clip_09492,spk_025,1495,TESS
clip_09493,spk_025,1495,TESS
clip_09495,spk_028,472,CREMA-D
clip_09496,spk_029,272,CREMA-D
clip_09498,spk_010,176,CREMA-D
clip_09499,spk_025,1495,TESS
clip_09500,spk_080,38,RAVDESS
clip_09501,spk_018,1197,TESS
clip_09502,spk_015,388,CREMA-D
clip_09503,spk_002,173,CREMA-D
clip_09504,spk_094,457,CREMA-D
clip_09505,spk_027,96,CREMA-D
clip_09506,spk_029,272,CREMA-D
clip_09507,spk_060,214,CREMA-D
clip_09508,spk_021,264,CREMA-D
clip_09509,spk_024,27,RAVDESS
clip_09510,spk_026,1537,TESS
clip_09511,spk_015,388,CREMA-D
clip_09512,spk_094,457,CREMA-D
clip_09514,spk_094,457,CREMA-D
clip_09515,spk_018,1197,TESS
clip_09516,spk_015,388,CREMA-D
clip_09517,spk_012,106,CREMA-D
clip_09518,spk_018,1197,TESS
clip_09519,spk_002,173,CREMA-D
clip_09520,spk_029,272,CREMA-D
clip_09521,spk_025,1495,TESS
clip_09522,spk_015,388,CREMA-D
clip_09523,spk_055,125,CREMA-D
clip_09524,spk_094,457,CREMA-D
clip_09527,spk_022,48,RAVDESS
clip_09528,spk_010,176,CREMA-D
clip_09529,spk_043,256,CREMA-D
clip_09532,spk_018,1197,TESS
clip_09533,spk_026,1537,TESS
clip_09534,spk_026,1537,TESS
clip_09535,spk_043,256,CREMA-D
clip_09536,spk_026,1537,TESS
clip_09537,spk_025,1495,TESS
clip_09538,spk_018,1197,TESS
clip_09539,spk_026,1537,TESS
clip_09540,spk_078,101,CREMA-D
clip_09541,spk_094,457,CREMA-D
clip_09542,spk_011,96,CREMA-D
clip_09543,spk_018,1197,TESS
clip_09544,spk_032,13,RAVDESS
clip_09545,spk_010,176,CREMA-D
clip_09546,spk_049,23,RAVDESS
clip_09547,spk_055,125,CREMA-D
clip_09549,spk_025,1495,TESS
clip_09550,spk_026,1537,TESS
clip_09551,spk_026,1537,TESS
clip_09552,spk_094,457,CREMA-D
clip_09553,spk_018,1197,TESS
clip_09556,spk_026,1537,TESS
clip_09558,spk_094,457,CREMA-D
clip_09559,spk_038,198,CREMA-D
clip_09560,spk_029,272,CREMA-D
clip_09562,spk_015,388,CREMA-D
clip_09563,spk_094,457,CREMA-D
clip_09564,spk_094,457,CREMA-D
clip_09566,spk_015,388,CREMA-D
clip_09567,spk_034,28,RAVDESS
clip_09568,spk_025,1495,TESS
clip_09569,spk_085,49,RAVDESS
clip_09570,spk_020,71,CREMA-D
clip_09571,spk_015,388,CREMA-D
clip_09572,spk_007,79,CREMA-D
clip_09573,spk_026,1537,TESS
clip_09574,spk_026,1537,TESS
clip_09575,spk_026,1537,TESS
clip_09576,spk_012,106,CREMA-D
clip_09578,spk_028,472,CREMA-D
clip_09579,spk_018,1197,TESS
clip_09581,spk_060,214,CREMA-D
clip_09583,spk_059,6,RAVDESS
clip_09584,spk_026,1537,TESS
clip_09585,spk_026,1537,TESS
clip_09586,spk_084,5,RAVDESS
clip_09587,spk_018,1197,TESS
clip_09588,spk_025,1495,TESS
clip_09589,spk_015,388,CREMA-D
clip_09590,spk_088,186,CREMA-D
clip_09591,spk_045,60,RAVDESS
clip_09592,spk_043,256,CREMA-D
clip_09593,spk_027,96,CREMA-D
clip_09594,spk_060,214,CREMA-D
clip_09595,spk_025,1495,TESS
clip_09596,spk_026,1537,TESS
clip_09597,spk_028,472,CREMA-D
clip_09599,spk_015,388,CREMA-D
clip_09600,spk_018,1197,TESS
clip_09601,spk_094,457,CREMA-D
clip_09602,spk_021,264,CREMA-D
clip_09603,spk_028,472,CREMA-D
clip_09604,spk_025,1495,TESS
clip_09605,spk_028,472,CREMA-D
clip_09606,spk_025,1495,TESS
clip_09607,spk_025,1495,TESS
clip_09608,spk_009,53,RAVDESS
clip_09609,spk_094,457,CREMA-D
clip_09610,spk_038,198,CREMA-D
clip_09611,spk_025,1495,TESS
clip_09612,spk_015,388,CREMA-D
clip_09613,spk_026,1537,TESS
clip_09615,spk_028,472,CREMA-D
clip_09616,spk_028,472,CREMA-D
clip_09617,spk_026,1537,TESS
clip_09618,spk_011,96,CREMA-D
clip_09619,spk_026,1537,TESS
clip_09620,spk_018,1197,TESS
clip_09621,spk_026,1537,TESS
clip_09622,spk_025,1495,TESS
clip_09623,spk_022,48,RAVDESS
clip_09625,spk_060,214,CREMA-D
clip_09626,spk_025,1495,TESS
clip_09627,spk_025,1495,TESS
clip_09628,spk_026,1537,TESS
clip_09629,spk_018,1197,TESS
clip_09631,spk_025,1495,TESS
clip_09632,spk_018,1197,TESS
clip_09633,spk_010,176,CREMA-D
clip_09634,spk_025,1495,TESS
clip_09635,spk_029,272,CREMA-D
clip_09636,spk_026,1537,TESS
clip_09637,spk_026,1537,TESS
clip_09638,spk_018,1197,TESS
clip_09639,spk_022,48,RAVDESS
clip_09641,spk_015,388,CREMA-D
clip_09642,spk_026,1537,TESS
clip_09644,spk_026,1537,TESS
clip_09645,spk_025,1495,TESS
clip_09647,spk_001,218,CREMA-D
clip_09648,spk_026,1537,TESS
clip_09650,spk_010,176,CREMA-D
clip_09651,spk_015,388,CREMA-D
clip_09652,spk_018,1197,TESS
clip_09653,spk_026,1537,TESS
clip_09654,spk_009,53,RAVDESS
clip_09655,spk_021,264,CREMA-D
clip_09658,spk_015,388,CREMA-D
clip_09660,spk_025,1495,TESS
clip_09661,spk_026,1537,TESS
clip_09664,spk_034,28,RAVDESS
clip_09665,spk_028,472,CREMA-D
clip_09666,spk_060,214,CREMA-D
clip_09667,spk_025,1495,TESS
clip_09669,spk_055,125,CREMA-D
clip_09670,spk_012,106,CREMA-D
clip_09671,spk_028,472,CREMA-D
clip_09673,spk_018,1197,TESS
clip_09674,spk_026,1537,TESS
clip_09675,spk_041,37,RAVDESS
clip_09676,spk_018,1197,TESS
clip_09677,spk_026,1537,TESS
clip_09678,spk_026,1537,TESS
clip_09679,spk_060,214,CREMA-D
clip_09680,spk_029,272,CREMA-D
clip_09681,spk_026,1537,TESS
clip_09682,spk_026,1537,TESS
clip_09685,spk_026,1537,TESS
clip_09686,spk_026,1537,TESS
clip_09688,spk_012,106,CREMA-D
clip_09689,spk_025,1495,TESS
clip_09690,spk_025,1495,TESS
clip_09691,spk_015,388,CREMA-D
clip_09692,spk_026,1537,TESS
clip_09694,spk_018,1197,TESS
clip_09696,spk_043,256,CREMA-D
clip_09697,spk_025,1495,TESS
clip_09699,spk_021,264,CREMA-D
clip_09700,spk_010,176,CREMA-D
clip_09701,spk_025,1495,TESS
clip_09702,spk_029,272,CREMA-D
clip_09703,spk_018,1197,TESS
clip_09705,spk_043,256,CREMA-D
clip_09706,spk_006,58,RAVDESS
clip_09707,spk_026,1537,TESS
clip_09708,spk_026,1537,TESS
clip_09709,spk_028,472,CREMA-D
clip_09711,spk_094,457,CREMA-D
clip_09712,spk_018,1197,TESS
clip_09713,spk_055,125,CREMA-D
clip_09714,spk_038,198,CREMA-D
clip_09715,spk_018,1197,TESS
clip_09716,spk_043,256,CREMA-D
clip_09717,spk_011,96,CREMA-D
clip_09718,spk_025,1495,TESS
clip_09719,spk_026,1537,TESS
clip_09720,spk_018,1197,TESS
clip_09721,spk_043,256,CREMA-D
clip_09722,spk_088,186,CREMA-D
clip_09723,spk_018,1197,TESS
clip_09724,spk_029,272,CREMA-D
clip_09725,spk_026,1537,TESS
clip_09726,spk_010,176,CREMA-D
clip_09727,spk_025,1495,TESS
clip_09728,spk_026,1537,TESS
clip_09729,spk_025,1495,TESS
clip_09731,spk_028,472,CREMA-D
clip_09732,spk_025,1495,TESS
clip_09733,spk_026,1537,TESS
clip_09734,spk_020,71,CREMA-D
clip_09735,spk_025,1495,TESS
clip_09737,spk_001,218,CREMA-D
clip_09738,spk_045,60,RAVDESS
clip_09739,spk_018,1197,TESS
clip_09740,spk_025,1495,TESS
clip_09741,spk_025,1495,TESS
clip_09742,spk_025,1495,TESS
clip_09743,spk_025,1495,TESS
clip_09744,spk_079,12,RAVDESS
clip_09745,spk_026,1537,TESS
clip_09746,spk_026,1537,TESS
clip_09747,spk_069,8,RAVDESS
clip_09748,spk_024,27,RAVDESS
clip_09749,spk_018,1197,TESS
clip_09750,spk_084,5,RAVDESS
clip_09751,spk_026,1537,TESS
clip_09752,spk_018,1197,TESS
clip_09753,spk_018,1197,TESS
clip_09754,spk_025,1495,TESS
clip_09755,spk_010,176,CREMA-D
clip_09756,spk_026,1537,TESS
clip_09758,spk_043,256,CREMA-D
clip_09760,spk_026,1537,TESS
clip_09761,spk_015,388,CREMA-D
clip_09762,spk_025,1495,TESS
clip_09764,spk_025,1495,TESS
clip_09765,spk_018,1197,TESS
clip_09766,spk_005,33,RAVDESS
clip_09767,spk_047,15,RAVDESS
clip_09768,spk_025,1495,TESS
clip_09769,spk_078,101,CREMA-D
clip_09770,spk_027,96,CREMA-D
clip_09771,spk_018,1197,TESS
clip_09772,spk_021,264,CREMA-D
clip_09773,spk_018,1197,TESS
clip_09774,spk_055,125,CREMA-D
clip_09775,spk_026,1537,TESS
clip_09776,spk_025,1495,TESS
clip_09777,spk_026,1537,TESS
clip_09778,spk_026,1537,TESS
clip_09779,spk_028,472,CREMA-D
clip_09780,spk_026,1537,TESS
clip_09782,spk_025,1495,TESS
clip_09783,spk_015,388,CREMA-D
clip_09784,spk_007,79,CREMA-D
clip_09785,spk_025,1495,TESS
clip_09786,spk_060,214,CREMA-D
clip_09787,spk_018,1197,TESS
clip_09788,spk_060,214,CREMA-D
clip_09790,spk_025,1495,TESS
clip_09791,spk_033,32,RAVDESS
clip_09792,spk_094,457,CREMA-D
clip_09793,spk_043,256,CREMA-D
clip_09794,spk_015,388,CREMA-D
clip_09795,spk_018,1197,TESS
clip_09796,spk_026,1537,TESS
clip_09797,spk_037,14,RAVDESS
clip_09798,spk_018,1197,TESS
clip_09799,spk_025,1495,TESS
clip_09801,spk_055,125,CREMA-D
clip_09803,spk_012,106,CREMA-D
clip_09805,spk_020,71,CREMA-D
clip_09806,spk_008,17,RAVDESS
clip_09808,spk_043,256,CREMA-D
clip_09809,spk_026,1537,TESS
clip_09810,spk_025,1495,TESS
clip_09811,spk_021,264,CREMA-D
clip_09812,spk_010,176,CREMA-D
clip_09813,spk_026,1537,TESS
clip_09814,spk_011,96,CREMA-D
clip_09815,spk_018,1197,TESS
clip_09816,spk_062,4,RAVDESS
clip_09817,spk_026,1537,TESS
clip_09818,spk_043,256,CREMA-D
clip_09819,spk_055,125,CREMA-D
clip_09820,spk_026,1537,TESS
clip_09821,spk_025,1495,TESS
clip_09822,spk_018,1197,TESS
clip_09823,spk_025,1495,TESS
clip_09824,spk_026,1537,TESS
clip_09825,spk_018,1197,TESS
clip_09826,spk_095,2,RAVDESS
clip_09827,spk_012,106,CREMA-D
clip_09828,spk_025,1495,TESS
clip_09829,spk_001,218,CREMA-D
clip_09830,spk_079,12,RAVDESS
clip_09831,spk_025,1495,TESS
clip_09832,spk_088,186,CREMA-D
clip_09833,spk_020,71,CREMA-D
clip_09834,spk_020,71,CREMA-D
clip_09835,spk_094,457,CREMA-D
clip_09837,spk_029,272,CREMA-D
clip_09838,spk_025,1495,TESS
clip_09839,spk_018,1197,TESS
clip_09840,spk_094,457,CREMA-D
clip_09841,spk_026,1537,TESS
clip_09842,spk_043,256,CREMA-D
clip_09844,spk_004,29,RAVDESS
clip_09845,spk_001,218,CREMA-D
clip_09847,spk_043,256,CREMA-D
clip_09848,spk_028,472,CREMA-D
clip_09849,spk_013,2,RAVDESS
clip_09851,spk_026,1537,TESS
clip_09852,spk_025,1495,TESS
clip_09853,spk_088,186,CREMA-D
clip_09854,spk_015,388,CREMA-D
clip_09856,spk_026,1537,TESS
clip_09857,spk_026,1537,TESS
clip_09859,spk_026,1537,TESS
clip_09860,spk_094,457,CREMA-D
clip_09861,spk_018,1197,TESS
clip_09862,spk_005,33,RAVDESS
clip_09863,spk_094,457,CREMA-D
clip_09864,spk_002,173,CREMA-D
clip_09865,spk_025,1495,TESS
clip_09867,spk_001,218,CREMA-D
clip_09868,spk_028,472,CREMA-D
clip_09869,spk_018,1197,TESS
clip_09870,spk_085,49,RAVDESS
clip_09871,spk_074,10,RAVDESS
clip_09872,spk_018,1197,TESS
clip_09873,spk_026,1537,TESS
clip_09874,spk_027,96,CREMA-D
clip_09875,spk_025,1495,TESS
clip_09876,spk_024,27,RAVDESS
clip_09877,spk_094,457,CREMA-D
clip_09878,spk_022,48,RAVDESS
clip_09879,spk_018,1197,TESS
clip_09880,spk_026,1537,TESS
clip_09881,spk_025,1495,TESS
clip_09882,spk_018,1197,TESS
clip_09884,spk_025,1495,TESS
clip_09885,spk_026,1537,TESS
clip_09886,spk_024,27,RAVDESS
clip_09887,spk_026,1537,TESS
clip_09888,spk_015,388,CREMA-D
clip_09889,spk_018,1197,TESS
clip_09891,spk_025,1495,TESS
clip_09892,spk_018,1197,TESS
clip_09894,spk_085,49,RAVDESS
clip_09895,spk_028,472,CREMA-D
clip_09896,spk_028,472,CREMA-D
clip_09897,spk_032,13,RAVDESS
clip_09899,spk_018,1197,TESS
clip_09901,spk_045,60,RAVDESS
clip_09902,spk_025,1495,TESS
clip_09903,spk_029,272,CREMA-D
clip_09904,spk_080,38,RAVDESS
clip_09905,spk_025,1495,TESS
clip_09908,spk_026,1537,TESS
clip_09909,spk_007,79,CREMA-D
clip_09911,spk_018,1197,TESS
clip_09912,spk_010,176,CREMA-D
clip_09913,spk_021,264,CREMA-D
clip_09914,spk_029,272,CREMA-D
clip_09915,spk_085,49,RAVDESS
clip_09916,spk_012,106,CREMA-D
clip_09918,spk_021,264,CREMA-D
clip_09919,spk_025,1495,TESS
clip_09920,spk_094,457,CREMA-D
clip_09921,spk_002,173,CREMA-D
clip_09922,spk_015,388,CREMA-D
clip_09923,spk_025,1495,TESS
clip_09924,spk_018,1197,TESS
clip_09925,spk_026,1537,TESS
clip_09926,spk_026,1537,TESS
clip_09927,spk_026,1537,TESS
clip_09928,spk_018,1197,TESS
clip_09929,spk_004,29,RAVDESS
clip_09930,spk_001,218,CREMA-D
clip_09931,spk_015,388,CREMA-D
clip_09932,spk_088,186,CREMA-D
clip_09934,spk_026,1537,TESS
clip_09935,spk_028,472,CREMA-D
clip_09936,spk_026,1537,TESS
clip_09937,spk_025,1495,TESS
clip_09939,spk_015,388,CREMA-D
clip_09940,spk_026,1537,TESS
clip_09942,spk_018,1197,TESS
clip_09943,spk_026,1537,TESS
clip_09944,spk_018,1197,TESS
clip_09945,spk_025,1495,TESS
clip_09946,spk_028,472,CREMA-D
clip_09948,spk_015,388,CREMA-D
clip_09950,spk_094,457,CREMA-D
clip_09951,spk_018,1197,TESS
clip_09952,spk_018,1197,TESS
clip_09953,spk_055,125,CREMA-D
clip_09954,spk_029,272,CREMA-D
clip_09955,spk_026,1537,TESS
clip_09956,spk_028,472,CREMA-D
clip_09957,spk_026,1537,TESS
clip_09958,spk_021,264,CREMA-D
clip_09959,spk_026,1537,TESS
clip_09960,spk_060,214,CREMA-D
clip_09961,spk_055,125,CREMA-D
clip_09962,spk_026,1537,TESS
clip_09963,spk_026,1537,TESS
clip_09964,spk_028,472,CREMA-D
clip_09966,spk_026,1537,TESS
clip_09968,spk_025,1495,TESS
clip_09969,spk_038,198,CREMA-D
clip_09970,spk_018,1197,TESS
clip_09971,spk_026,1537,TESS
clip_09972,spk_049,23,RAVDESS
clip_09973,spk_002,173,CREMA-D
clip_09974,spk_025,1495,TESS
clip_09975,spk_057,16,RAVDESS
clip_09977,spk_038,198,CREMA-D
clip_09978,spk_026,1537,TESS
clip_09980,spk_029,272,CREMA-D
clip_09981,spk_018,1197,TESS
clip_09982,spk_094,457,CREMA-D
clip_09983,spk_029,272,CREMA-D
clip_09984,spk_012,106,CREMA-D
clip_09985,spk_018,1197,TESS
clip_09987,spk_060,214,CREMA-D
clip_09988,spk_043,256,CREMA-D
clip_09991,spk_015,388,CREMA-D
clip_09992,spk_001,218,CREMA-D
clip_09994,spk_018,1197,TESS
clip_09995,spk_018,1197,TESS
clip_09996,spk_028,472,CREMA-D
clip_09997,spk_001,218,CREMA-D
clip_09998,spk_002,173,CREMA-D
clip_09999,spk_067,19,RAVDESS
clip_10000,spk_028,472,CREMA-D
clip_10002,spk_025,1495,TESS
clip_10003,spk_016,13,RAVDESS
clip_10004,spk_026,1537,TESS
clip_10005,spk_045,60,RAVDESS
clip_10006,spk_021,264,CREMA-D
clip_10007,spk_094,457,CREMA-D
clip_10008,spk_028,472,CREMA-D
clip_10009,spk_015,388,CREMA-D
clip_10010,spk_018,1197,TESS
clip_10011,spk_068,29,RAVDESS
clip_10014,spk_025,1495,TESS
clip_10015,spk_094,457,CREMA-D
clip_10016,spk_009,53,RAVDESS
clip_10017,spk_025,1495,TESS
clip_10018,spk_078,101,CREMA-D
clip_10019,spk_025,1495,TESS
clip_10020,spk_018,1197,TESS
clip_10021,spk_028,472,CREMA-D
clip_10023,spk_026,1537,TESS
clip_10024,spk_094,457,CREMA-D
clip_10025,spk_018,1197,TESS
clip_10026,spk_026,1537,TESS
clip_10029,spk_001,218,CREMA-D
clip_10030,spk_026,1537,TESS
clip_10031,spk_018,1197,TESS
clip_10033,spk_026,1537,TESS
clip_10034,spk_025,1495,TESS
clip_10037,spk_025,1495,TESS
clip_10038,spk_025,1495,TESS
clip_10040,spk_025,1495,TESS
clip_10041,spk_025,1495,TESS
clip_10042,spk_015,388,CREMA-D
clip_10043,spk_018,1197,TESS
clip_10044,spk_012,106,CREMA-D
clip_10045,spk_094,457,CREMA-D
clip_10046,spk_028,472,CREMA-D
clip_10047,spk_026,1537,TESS
clip_10048,spk_010,176,CREMA-D
clip_10049,spk_018,1197,TESS
clip_10050,spk_026,1537,TESS
clip_10051,spk_015,388,CREMA-D
clip_10052,spk_018,1197,TESS
clip_10053,spk_026,1537,TESS
clip_10054,spk_018,1197,TESS
clip_10055,spk_088,186,CREMA-D
clip_10056,spk_025,1495,TESS
clip_10057,spk_002,173,CREMA-D
clip_10058,spk_007,79,CREMA-D
clip_10059,spk_025,1495,TESS
clip_10061,spk_021,264,CREMA-D
clip_10062,spk_026,1537,TESS
clip_10063,spk_025,1495,TESS
clip_10064,spk_025,1495,TESS
clip_10065,spk_026,1537,TESS
clip_10066,spk_026,1537,TESS
clip_10067,spk_001,218,CREMA-D
clip_10068,spk_014,23,RAVDESS
clip_10069,spk_011,96,CREMA-D
clip_10071,spk_043,256,CREMA-D
clip_10072,spk_017,19,RAVDESS
clip_10073,spk_002,173,CREMA-D
clip_10074,spk_026,1537,TESS
clip_10075,spk_025,1495,TESS
clip_10076,spk_029,272,CREMA-D
clip_10077,spk_012,106,CREMA-D
clip_10079,spk_028,472,CREMA-D
clip_10080,spk_025,1495,TESS
clip_10081,spk_026,1537,TESS
clip_10082,spk_026,1537,TESS
clip_10083,spk_018,1197,TESS
clip_10084,spk_015,388,CREMA-D
clip_10085,spk_018,1197,TESS
clip_10086,spk_026,1537,TESS
clip_10088,spk_025,1495,TESS
clip_10089,spk_018,1197,TESS
clip_10090,spk_018,1197,TESS
clip_10091,spk_026,1537,TESS
clip_10092,spk_094,457,CREMA-D
clip_10094,spk_027,96,CREMA-D
clip_10095,spk_002,173,CREMA-D
clip_10096,spk_094,457,CREMA-D
clip_10097,spk_038,198,CREMA-D
clip_10098,spk_033,32,RAVDESS
clip_10099,spk_025,1495,TESS
clip_10100,spk_002,173,CREMA-D
clip_10103,spk_057,16,RAVDESS
clip_10105,spk_001,218,CREMA-D
clip_10106,spk_026,1537,TESS
clip_10107,spk_027,96,CREMA-D
clip_10109,spk_012,106,CREMA-D
clip_10111,spk_018,1197,TESS
clip_10112,spk_025,1495,TESS
clip_10113,spk_022,48,RAVDESS
clip_10114,spk_026,1537,TESS
clip_10115,spk_091,2,RAVDESS
clip_10116,spk_026,1537,TESS
clip_10117,spk_060,214,CREMA-D
clip_10118,spk_088,186,CREMA-D
clip_10119,spk_025,1495,TESS
clip_10120,spk_026,1537,TESS
clip_10121,spk_025,1495,TESS
clip_10122,spk_026,1537,TESS
clip_10123,spk_018,1197,TESS
clip_10126,spk_025,1495,TESS
clip_10127,spk_055,125,CREMA-D
clip_10129,spk_025,1495,TESS
clip_10130,spk_060,214,CREMA-D
clip_10131,spk_018,1197,TESS
clip_10132,spk_043,256,CREMA-D
clip_10134,spk_038,198,CREMA-D
clip_10135,spk_043,256,CREMA-D
clip_10136,spk_018,1197,TESS
clip_10138,spk_015,388,CREMA-D
clip_10139,spk_094,457,CREMA-D
clip_10140,spk_025,1495,TESS
clip_10141,spk_010,176,CREMA-D
clip_10142,spk_018,1197,TESS
clip_10143,spk_018,1197,TESS
clip_10145,spk_018,1197,TESS
clip_10147,spk_018,1197,TESS
clip_10148,spk_029,272,CREMA-D
clip_10149,spk_094,457,CREMA-D
clip_10150,spk_043,256,CREMA-D
clip_10151,spk_001,218,CREMA-D
clip_10154,spk_085,49,RAVDESS
clip_10155,spk_018,1197,TESS
clip_10156,spk_025,1495,TESS
clip_10157,spk_029,272,CREMA-D
clip_10159,spk_025,1495,TESS
clip_10160,spk_011,96,CREMA-D
clip_10161,spk_043,256,CREMA-D
clip_10162,spk_025,1495,TESS
clip_10163,spk_033,32,RAVDESS
clip_10164,spk_026,1537,TESS
clip_10165,spk_078,101,CREMA-D
clip_10166,spk_025,1495,TESS
clip_10167,spk_018,1197,TESS
clip_10168,spk_088,186,CREMA-D
clip_10169,spk_021,264,CREMA-D
clip_10170,spk_018,1197,TESS
clip_10171,spk_026,1537,TESS
clip_10172,spk_026,1537,TESS
clip_10173,spk_045,60,RAVDESS
clip_10174,spk_085,49,RAVDESS
clip_10175,spk_025,1495,TESS
clip_10176,spk_026,1537,TESS
clip_10178,spk_012,106,CREMA-D
clip_10179,spk_025,1495,TESS
clip_10180,spk_029,272,CREMA-D
clip_10181,spk_025,1495,TESS
clip_10182,spk_001,218,CREMA-D
clip_10183,spk_044,6,RAVDESS
clip_10185,spk_038,198,CREMA-D
clip_10187,spk_037,14,RAVDESS
clip_10190,spk_018,1197,TESS
clip_10191,spk_025,1495,TESS
clip_10192,spk_025,1495,TESS
clip_10194,spk_018,1197,TESS
clip_10195,spk_025,1495,TESS
clip_10196,spk_021,264,CREMA-D
clip_10197,spk_018,1197,TESS
clip_10198,spk_001,218,CREMA-D
clip_10200,spk_028,472,CREMA-D
clip_10201,spk_025,1495,TESS
clip_10202,spk_018,1197,TESS
clip_10203,spk_043,256,CREMA-D
clip_10206,spk_026,1537,TESS
clip_10207,spk_055,125,CREMA-D
clip_10208,spk_028,472,CREMA-D
clip_10209,spk_018,1197,TESS
clip_10210,spk_010,176,CREMA-D
clip_10211,spk_026,1537,TESS
clip_10212,spk_018,1197,TESS
clip_10213,spk_026,1537,TESS
clip_10214,spk_021,264,CREMA-D
clip_10215,spk_083,2,RAVDESS
clip_10216,spk_018,1197,TESS
clip_10217,spk_025,1495,TESS
clip_10218,spk_038,198,CREMA-D
clip_10219,spk_018,1197,TESS
clip_10220,spk_025,1495,TESS
clip_10221,spk_088,186,CREMA-D
clip_10223,spk_029,272,CREMA-D
clip_10224,spk_018,1197,TESS
clip_10225,spk_007,79,CREMA-D
clip_10226,spk_026,1537,TESS
clip_10227,spk_026,1537,TESS
clip_10228,spk_010,176,CREMA-D
clip_10229,spk_026,1537,TESS
clip_10230,spk_025,1495,TESS
clip_10231,spk_088,186,CREMA-D
clip_10232,spk_026,1537,TESS
clip_10233,spk_006,58,RAVDESS
clip_10235,spk_025,1495,TESS
clip_10236,spk_026,1537,TESS
clip_10237,spk_092,5,RAVDESS
clip_10239,spk_026,1537,TESS
clip_10240,spk_029,272,CREMA-D
clip_10241,spk_025,1495,TESS
clip_10242,spk_022,48,RAVDESS
clip_10244,spk_025,1495,TESS
clip_10245,spk_026,1537,TESS
clip_10246,spk_094,457,CREMA-D
clip_10248,spk_001,218,CREMA-D
clip_10249,spk_015,388,CREMA-D
clip_10250,spk_045,60,RAVDESS
clip_10251,spk_006,58,RAVDESS
clip_10253,spk_067,19,RAVDESS
clip_10256,spk_018,1197,TESS
clip_10257,spk_026,1537,TESS
clip_10258,spk_094,457,CREMA-D
clip_10259,spk_025,1495,TESS
clip_10260,spk_018,1197,TESS
clip_10262,spk_046,14,RAVDESS
clip_10263,spk_021,264,CREMA-D
clip_10264,spk_027,96,CREMA-D
clip_10265,spk_001,218,CREMA-D
clip_10266,spk_018,1197,TESS
clip_10267,spk_038,198,CREMA-D
clip_10268,spk_026,1537,TESS
clip_10269,spk_025,1495,TESS
clip_10270,spk_088,186,CREMA-D
clip_10271,spk_088,186,CREMA-D
clip_10272,spk_025,1495,TESS
clip_10273,spk_001,218,CREMA-D
clip_10274,spk_028,472,CREMA-D
clip_10275,spk_007,79,CREMA-D
clip_10277,spk_018,1197,TESS
clip_10279,spk_080,38,RAVDESS
clip_10280,spk_029,272,CREMA-D
clip_10281,spk_094,457,CREMA-D
clip_10282,spk_088,186,CREMA-D
clip_10284,spk_018,1197,TESS
clip_10285,spk_018,1197,TESS
clip_10286,spk_018,1197,TESS
clip_10287,spk_029,272,CREMA-D
clip_10288,spk_018,1197,TESS
clip_10289,spk_034,28,RAVDESS
clip_10290,spk_025,1495,TESS
clip_10292,spk_026,1537,TESS
clip_10293,spk_038,198,CREMA-D
clip_10294,spk_076,10,RAVDESS
clip_10295,spk_018,1197,TESS
clip_10296,spk_018,1197,TESS
clip_10297,spk_026,1537,TESS
clip_10298,spk_025,1495,TESS
clip_10299,spk_001,218,CREMA-D
clip_10300,spk_018,1197,TESS
clip_10301,spk_028,472,CREMA-D
clip_10303,spk_025,1495,TESS
clip_10304,spk_028,472,CREMA-D
clip_10305,spk_025,1495,TESS
clip_10306,spk_076,10,RAVDESS
clip_10307,spk_043,256,CREMA-D
clip_10308,spk_018,1197,TESS
clip_10309,spk_026,1537,TESS
clip_10311,spk_017,19,RAVDESS
clip_10312,spk_025,1495,TESS
clip_10313,spk_025,1495,TESS
clip_10314,spk_027,96,CREMA-D
clip_10315,spk_078,101,CREMA-D
clip_10316,spk_026,1537,TESS
clip_10317,spk_088,186,CREMA-D
clip_10318,spk_018,1197,TESS
clip_10319,spk_092,5,RAVDESS
clip_10320,spk_080,38,RAVDESS
clip_10321,spk_018,1197,TESS
clip_10323,spk_026,1537,TESS
clip_10324,spk_025,1495,TESS
clip_10325,spk_026,1537,TESS
clip_10326,spk_025,1495,TESS
clip_10327,spk_026,1537,TESS
clip_10328,spk_012,106,CREMA-D
clip_10329,spk_045,60,RAVDESS
clip_10330,spk_055,125,CREMA-D
clip_10331,spk_025,1495,TESS
clip_10332,spk_094,457,CREMA-D
clip_10333,spk_041,37,RAVDESS
clip_10334,spk_027,96,CREMA-D
clip_10335,spk_051,4,RAVDESS
clip_10336,spk_028,472,CREMA-D
clip_10337,spk_018,1197,TESS
clip_10338,spk_028,472,CREMA-D
clip_10340,spk_094,457,CREMA-D
clip_10341,spk_039,34,RAVDESS
clip_10342,spk_025,1495,TESS
clip_10343,spk_043,256,CREMA-D
clip_10344,spk_025,1495,TESS
clip_10346,spk_025,1495,TESS
clip_10347,spk_028,472,CREMA-D
clip_10348,spk_088,186,CREMA-D
clip_10350,spk_043,256,CREMA-D
clip_10351,spk_060,214,CREMA-D
clip_10352,spk_001,218,CREMA-D
clip_10353,spk_026,1537,TESS
clip_10354,spk_025,1495,TESS
clip_10355,spk_001,218,CREMA-D
clip_10356,spk_004,29,RAVDESS
clip_10357,spk_026,1537,TESS
clip_10358,spk_094,457,CREMA-D
clip_10359,spk_038,198,CREMA-D
clip_10360,spk_060,214,CREMA-D
clip_10361,spk_029,272,CREMA-D
clip_10362,spk_026,1537,TESS
clip_10363,spk_025,1495,TESS
clip_10364,spk_094,457,CREMA-D
clip_10365,spk_086,7,RAVDESS
clip_10366,spk_094,457,CREMA-D
clip_10367,spk_032,13,RAVDESS
clip_10368,spk_026,1537,TESS
clip_10369,spk_094,457,CREMA-D
clip_10370,spk_002,173,CREMA-D
clip_10371,spk_018,1197,TESS
clip_10373,spk_049,23,RAVDESS
clip_10374,spk_026,1537,TESS
clip_10375,spk_026,1537,TESS
clip_10376,spk_026,1537,TESS
clip_10378,spk_025,1495,TESS
clip_10379,spk_021,264,CREMA-D
clip_10380,spk_018,1197,TESS
clip_10381,spk_029,272,CREMA-D
clip_10382,spk_053,1,RAVDESS
clip_10383,spk_043,256,CREMA-D
clip_10384,spk_026,1537,TESS
clip_10385,spk_094,457,CREMA-D
clip_10387,spk_028,472,CREMA-D
clip_10388,spk_028,472,CREMA-D
clip_10389,spk_025,1495,TESS
clip_10391,spk_094,457,CREMA-D
clip_10392,spk_011,96,CREMA-D
clip_10393,spk_002,173,CREMA-D
clip_10394,spk_001,218,CREMA-D
clip_10395,spk_015,388,CREMA-D
clip_10397,spk_025,1495,TESS
clip_10398,spk_094,457,CREMA-D
clip_10399,spk_025,1495,TESS
clip_10400,spk_025,1495,TESS
clip_10401,spk_025,1495,TESS
clip_10402,spk_025,1495,TESS
clip_10403,spk_025,1495,TESS
clip_10404,spk_021,264,CREMA-D
clip_10405,spk_028,472,CREMA-D
clip_10406,spk_010,176,CREMA-D
clip_10407,spk_094,457,CREMA-D
clip_10408,spk_038,198,CREMA-D
clip_10409,spk_025,1495,TESS
clip_10411,spk_025,1495,TESS
clip_10412,spk_027,96,CREMA-D
clip_10414,spk_067,19,RAVDESS
clip_10415,spk_025,1495,TESS
clip_10416,spk_029,272,CREMA-D
clip_10418,spk_025,1495,TESS
clip_10420,spk_043,256,CREMA-D
clip_10421,spk_026,1537,TESS
clip_10422,spk_025,1495,TESS
clip_10423,spk_018,1197,TESS
clip_10424,spk_060,214,CREMA-D
clip_10425,spk_025,1495,TESS
clip_10426,spk_094,457,CREMA-D
clip_10427,spk_025,1495,TESS
clip_10428,spk_028,472,CREMA-D
clip_10429,spk_026,1537,TESS
clip_10430,spk_026,1537,TESS
clip_10433,spk_060,214,CREMA-D
clip_10434,spk_025,1495,TESS
clip_10437,spk_026,1537,TESS
clip_10438,spk_005,33,RAVDESS
clip_10439,spk_025,1495,TESS
clip_10440,spk_006,58,RAVDESS
clip_10441,spk_088,186,CREMA-D
clip_10442,spk_026,1537,TESS
clip_10443,spk_025,1495,TESS
clip_10444,spk_027,96,CREMA-D
clip_10445,spk_018,1197,TESS
clip_10446,spk_015,388,CREMA-D
clip_10447,spk_025,1495,TESS
clip_10448,spk_094,457,CREMA-D
clip_10449,spk_002,173,CREMA-D
clip_10450,spk_032,13,RAVDESS
clip_10451,spk_018,1197,TESS
clip_10452,spk_001,218,CREMA-D
clip_10453,spk_006,58,RAVDESS
clip_10454,spk_018,1197,TESS
clip_10456,spk_026,1537,TESS
clip_10457,spk_029,272,CREMA-D
clip_10458,spk_018,1197,TESS
clip_10459,spk_094,457,CREMA-D
clip_10460,spk_088,186,CREMA-D
clip_10462,spk_043,256,CREMA-D
clip_10463,spk_018,1197,TESS
clip_10464,spk_094,457,CREMA-D
clip_10466,spk_045,60,RAVDESS
clip_10467,spk_094,457,CREMA-D
clip_10468,spk_028,472,CREMA-D
clip_10469,spk_026,1537,TESS
clip_10470,spk_078,101,CREMA-D
clip_10471,spk_028,472,CREMA-D
clip_10472,spk_021,264,CREMA-D
clip_10474,spk_018,1197,TESS
clip_10475,spk_025,1495,TESS
clip_10476,spk_026,1537,TESS
clip_10477,spk_026,1537,TESS
clip_10478,spk_029,272,CREMA-D
clip_10479,spk_021,264,CREMA-D
clip_10480,spk_026,1537,TESS
clip_10481,spk_026,1537,TESS
clip_10483,spk_027,96,CREMA-D
clip_10484,spk_018,1197,TESS
clip_10485,spk_088,186,CREMA-D
clip_10486,spk_085,49,RAVDESS
clip_10487,spk_026,1537,TESS
clip_10488,spk_021,264,CREMA-D
clip_10490,spk_025,1495,TESS
clip_10491,spk_060,214,CREMA-D
clip_10493,spk_015,388,CREMA-D
clip_10494,spk_025,1495,TESS
clip_10495,spk_018,1197,TESS
clip_10496,spk_059,6,RAVDESS
clip_10497,spk_021,264,CREMA-D
clip_10498,spk_017,19,RAVDESS
clip_10500,spk_026,1537,TESS
clip_10502,spk_018,1197,TESS
clip_10503,spk_028,472,CREMA-D
clip_10504,spk_025,1495,TESS
clip_10505,spk_029,272,CREMA-D
clip_10506,spk_026,1537,TESS
clip_10507,spk_001,218,CREMA-D
clip_10508,spk_001,218,CREMA-D
clip_10509,spk_025,1495,TESS
clip_10510,spk_038,198,CREMA-D
clip_10511,spk_018,1197,TESS
clip_10512,spk_026,1537,TESS
clip_10513,spk_012,106,CREMA-D
clip_10515,spk_025,1495,TESS
clip_10516,spk_011,96,CREMA-D
clip_10519,spk_026,1537,TESS
clip_10520,spk_026,1537,TESS
clip_10521,spk_018,1197,TESS
clip_10522,spk_025,1495,TESS
clip_10523,spk_032,13,RAVDESS
clip_10524,spk_043,256,CREMA-D
clip_10525,spk_018,1197,TESS
clip_10526,spk_038,198,CREMA-D
clip_10527,spk_094,457,CREMA-D
clip_10528,spk_018,1197,TESS
clip_10529,spk_018,1197,TESS
clip_10530,spk_026,1537,TESS
clip_10531,spk_025,1495,TESS
clip_10532,spk_026,1537,TESS
clip_10533,spk_010,176,CREMA-D
clip_10534,spk_025,1495,TESS
clip_10535,spk_011,96,CREMA-D
clip_10536,spk_025,1495,TESS
clip_10537,spk_026,1537,TESS
clip_10538,spk_094,457,CREMA-D
clip_10539,spk_028,472,CREMA-D
clip_10540,spk_022,48,RAVDESS
clip_10542,spk_026,1537,TESS
clip_10544,spk_025,1495,TESS
clip_10545,spk_025,1495,TESS
clip_10546,spk_026,1537,TESS
clip_10547,spk_018,1197,TESS
clip_10548,spk_094,457,CREMA-D
clip_10549,spk_055,125,CREMA-D
clip_10550,spk_025,1495,TESS
clip_10551,spk_094,457,CREMA-D
clip_10553,spk_018,1197,TESS
clip_10554,spk_025,1495,TESS
clip_10555,spk_018,1197,TESS
clip_10556,spk_028,472,CREMA-D
clip_10557,spk_060,214,CREMA-D
clip_10559,spk_015,388,CREMA-D
clip_10560,spk_018,1197,TESS
clip_10561,spk_029,272,CREMA-D
clip_10562,spk_018,1197,TESS
clip_10563,spk_001,218,CREMA-D
clip_10566,spk_021,264,CREMA-D
clip_10567,spk_015,388,CREMA-D
clip_10568,spk_055,125,CREMA-D
clip_10569,spk_027,96,CREMA-D
clip_10570,spk_022,48,RAVDESS
clip_10571,spk_025,1495,TESS
clip_10572,spk_018,1197,TESS
clip_10574,spk_025,1495,TESS
clip_10575,spk_060,214,CREMA-D
clip_10576,spk_025,1495,TESS
clip_10577,spk_007,79,CREMA-D
clip_10579,spk_001,218,CREMA-D
clip_10580,spk_025,1495,TESS
clip_10582,spk_026,1537,TESS
clip_10583,spk_094,457,CREMA-D
clip_10584,spk_088,186,CREMA-D
clip_10585,spk_025,1495,TESS
clip_10586,spk_026,1537,TESS
clip_10587,spk_018,1197,TESS
clip_10589,spk_002,173,CREMA-D
clip_10591,spk_025,1495,TESS
clip_10592,spk_025,1495,TESS
clip_10595,spk_026,1537,TESS
clip_10596,spk_001,218,CREMA-D
clip_10597,spk_039,34,RAVDESS
clip_10599,spk_018,1197,TESS
clip_10602,spk_025,1495,TESS
clip_10603,spk_026,1537,TESS
clip_10604,spk_018,1197,TESS
clip_10605,spk_018,1197,TESS
clip_10606,spk_026,1537,TESS
clip_10607,spk_025,1495,TESS
clip_10608,spk_010,176,CREMA-D
clip_10610,spk_025,1495,TESS
clip_10611,spk_025,1495,TESS
clip_10612,spk_028,472,CREMA-D
clip_10613,spk_020,71,CREMA-D
clip_10614,spk_043,256,CREMA-D
clip_10615,spk_094,457,CREMA-D
clip_10616,spk_052,7,RAVDESS
clip_10617,spk_043,256,CREMA-D
clip_10618,spk_025,1495,TESS
clip_10619,spk_018,1197,TESS
clip_10620,spk_015,388,CREMA-D
clip_10621,spk_025,1495,TESS
clip_10623,spk_018,1197,TESS
clip_10625,spk_018,1197,TESS
clip_10626,spk_060,214,CREMA-D
clip_10627,spk_026,1537,TESS
clip_10628,spk_078,101,CREMA-D
clip_10629,spk_025,1495,TESS
clip_10630,spk_016,13,RAVDESS
clip_10631,spk_026,1537,TESS
clip_10632,spk_025,1495,TESS
clip_10633,spk_001,218,CREMA-D
clip_10634,spk_014,23,RAVDESS
clip_10635,spk_018,1197,TESS
clip_10637,spk_085,49,RAVDESS
clip_10639,spk_015,388,CREMA-D
clip_10641,spk_010,176,CREMA-D
clip_10643,spk_018,1197,TESS
clip_10644,spk_028,472,CREMA-D
clip_10645,spk_045,60,RAVDESS
clip_10646,spk_085,49,RAVDESS
clip_10647,spk_002,173,CREMA-D
clip_10648,spk_094,457,CREMA-D
clip_10650,spk_018,1197,TESS
clip_10651,spk_026,1537,TESS
clip_10652,spk_094,457,CREMA-D
clip_10653,spk_028,472,CREMA-D
clip_10654,spk_094,457,CREMA-D
clip_10655,spk_020,71,CREMA-D
clip_10657,spk_014,23,RAVDESS
clip_10658,spk_060,214,CREMA-D
clip_10660,spk_001,218,CREMA-D
clip_10661,spk_067,19,RAVDESS
clip_10662,spk_025,1495,TESS
clip_10663,spk_021,264,CREMA-D
clip_10664,spk_045,60,RAVDESS
clip_10666,spk_033,32,RAVDESS
clip_10667,spk_038,198,CREMA-D
clip_10668,spk_028,472,CREMA-D
clip_10669,spk_011,96,CREMA-D
clip_10670,spk_026,1537,TESS
clip_10671,spk_021,264,CREMA-D
clip_10674,spk_026,1537,TESS
clip_10675,spk_002,173,CREMA-D
clip_10676,spk_005,33,RAVDESS
clip_10677,spk_025,1495,TESS
clip_10678,spk_060,214,CREMA-D
clip_10680,spk_007,79,CREMA-D
clip_10681,spk_066,1,RAVDESS
clip_10682,spk_026,1537,TESS
clip_10683,spk_026,1537,TESS
clip_10684,spk_028,472,CREMA-D
clip_10685,spk_043,256,CREMA-D
clip_10686,spk_002,173,CREMA-D
clip_10687,spk_094,457,CREMA-D
clip_10688,spk_026,1537,TESS
clip_10689,spk_025,1495,TESS
clip_10691,spk_025,1495,TESS
clip_10692,spk_018,1197,TESS
clip_10693,spk_021,264,CREMA-D
clip_10694,spk_088,186,CREMA-D
clip_10695,spk_025,1495,TESS
clip_10696,spk_021,264,CREMA-D
clip_10697,spk_018,1197,TESS
clip_10698,spk_010,176,CREMA-D
clip_10699,spk_084,5,RAVDESS
clip_10700,spk_010,176,CREMA-D
clip_10701,spk_002,173,CREMA-D
clip_10702,spk_078,101,CREMA-D
clip_10703,spk_025,1495,TESS
clip_10704,spk_021,264,CREMA-D
clip_10706,spk_094,457,CREMA-D
clip_10707,spk_028,472,CREMA-D
clip_10709,spk_026,1537,TESS
clip_10710,spk_026,1537,TESS
clip_10711,spk_026,1537,TESS
clip_10712,spk_015,388,CREMA-D
clip_10713,spk_026,1537,TESS
clip_10714,spk_005,33,RAVDESS
clip_10715,spk_038,198,CREMA-D
clip_10716,spk_026,1537,TESS
clip_10717,spk_029,272,CREMA-D
clip_10718,spk_021,264,CREMA-D
clip_10719,spk_043,256,CREMA-D
clip_10720,spk_017,19,RAVDESS
clip_10721,spk_018,1197,TESS
clip_10722,spk_020,71,CREMA-D
clip_10723,spk_057,16,RAVDESS
clip_10724,spk_029,272,CREMA-D
clip_10725,spk_026,1537,TESS
clip_10726,spk_007,79,CREMA-D
clip_10727,spk_060,214,CREMA-D
clip_10728,spk_026,1537,TESS
clip_10729,spk_043,256,CREMA-D
clip_10731,spk_052,7,RAVDESS
clip_10732,spk_000,6,RAVDESS
clip_10733,spk_094,457,CREMA-D
clip_10734,spk_025,1495,TESS
clip_10735,spk_060,214,CREMA-D
clip_10738,spk_009,53,RAVDESS
clip_10740,spk_015,388,CREMA-D
clip_10741,spk_043,256,CREMA-D
clip_10742,spk_021,264,CREMA-D
clip_10746,spk_020,71,CREMA-D
clip_10747,spk_018,1197,TESS
clip_10750,spk_028,472,CREMA-D
clip_10752,spk_026,1537,TESS
clip_10754,spk_060,214,CREMA-D
clip_10755,spk_094,457,CREMA-D
clip_10756,spk_010,176,CREMA-D
clip_10757,spk_028,472,CREMA-D
clip_10758,spk_022,48,RAVDESS
clip_10759,spk_025,1495,TESS
clip_10760,spk_015,388,CREMA-D
clip_10761,spk_028,472,CREMA-D
clip_10762,spk_001,218,CREMA-D
clip_10763,spk_038,198,CREMA-D
clip_10764,spk_028,472,CREMA-D
clip_10765,spk_050,11,RAVDESS
clip_10766,spk_018,1197,TESS
clip_10767,spk_018,1197,TESS
clip_10768,spk_018,1197,TESS
clip_10770,spk_018,1197,TESS
clip_10771,spk_021,264,CREMA-D
clip_10772,spk_026,1537,TESS
clip_10774,spk_018,1197,TESS
clip_10775,spk_018,1197,TESS
clip_10776,spk_026,1537,TESS
clip_10777,spk_043,256,CREMA-D
clip_10778,spk_078,101,CREMA-D
clip_10779,spk_094,457,CREMA-D
clip_10780,spk_057,16,RAVDESS
clip_10781,spk_018,1197,TESS
clip_10782,spk_015,388,CREMA-D
clip_10783,spk_005,33,RAVDESS
clip_10784,spk_025,1495,TESS
clip_10785,spk_018,1197,TESS
clip_10786,spk_018,1197,TESS
clip_10787,spk_040,19,RAVDESS
clip_10793,spk_018,1197,TESS
clip_10794,spk_018,1197,TESS
clip_10796,spk_025,1495,TESS
clip_10797,spk_043,256,CREMA-D
clip_10799,spk_015,388,CREMA-D
clip_10801,spk_025,1495,TESS
clip_10802,spk_025,1495,TESS
clip_10803,spk_025,1495,TESS
clip_10804,spk_026,1537,TESS
clip_10805,spk_028,472,CREMA-D
clip_10806,spk_026,1537,TESS
clip_10807,spk_010,176,CREMA-D
clip_10808,spk_028,472,CREMA-D
clip_10809,spk_026,1537,TESS
clip_10810,spk_018,1197,TESS
clip_10813,spk_043,256,CREMA-D
clip_10814,spk_055,125,CREMA-D
clip_10815,spk_028,472,CREMA-D
clip_10816,spk_034,28,RAVDESS
clip_10817,spk_025,1495,TESS
clip_10819,spk_025,1495,TESS
clip_10820,spk_029,272,CREMA-D
clip_10821,spk_051,4,RAVDESS
clip_10822,spk_025,1495,TESS
clip_10823,spk_041,37,RAVDESS
clip_10824,spk_046,14,RAVDESS
clip_10825,spk_018,1197,TESS
clip_10826,spk_025,1495,TESS
clip_10827,spk_002,173,CREMA-D
clip_10828,spk_001,218,CREMA-D
clip_10829,spk_026,1537,TESS
clip_10831,spk_045,60,RAVDESS
clip_10832,spk_015,388,CREMA-D
clip_10833,spk_025,1495,TESS
clip_10834,spk_043,256,CREMA-D
clip_10835,spk_092,5,RAVDESS
clip_10836,spk_018,1197,TESS
clip_10837,spk_022,48,RAVDESS
clip_10838,spk_088,186,CREMA-D
clip_10839,spk_015,388,CREMA-D
clip_10841,spk_018,1197,TESS
clip_10842,spk_025,1495,TESS
clip_10843,spk_025,1495,TESS
clip_10844,spk_043,256,CREMA-D
clip_10847,spk_041,37,RAVDESS
clip_10848,spk_008,17,RAVDESS
clip_10849,spk_025,1495,TESS
clip_10850,spk_060,214,CREMA-D
clip_10851,spk_025,1495,TESS
clip_10852,spk_085,49,RAVDESS
clip_10853,spk_088,186,CREMA-D
clip_10854,spk_018,1197,TESS
clip_10855,spk_060,214,CREMA-D
clip_10857,spk_001,218,CREMA-D
clip_10858,spk_026,1537,TESS
clip_10859,spk_080,38,RAVDESS
clip_10860,spk_021,264,CREMA-D
clip_10861,spk_018,1197,TESS
clip_10862,spk_025,1495,TESS
clip_10863,spk_025,1495,TESS
clip_10864,spk_088,186,CREMA-D
clip_10866,spk_018,1197,TESS
clip_10867,spk_018,1197,TESS
clip_10868,spk_018,1197,TESS
clip_10869,spk_018,1197,TESS
clip_10870,spk_088,186,CREMA-D
clip_10871,spk_041,37,RAVDESS
clip_10872,spk_025,1495,TESS
clip_10873,spk_060,214,CREMA-D
clip_10874,spk_015,388,CREMA-D
clip_10875,spk_026,1537,TESS
clip_10876,spk_012,106,CREMA-D
clip_10877,spk_025,1495,TESS
clip_10878,spk_026,1537,TESS
clip_10879,spk_018,1197,TESS
clip_10880,spk_025,1495,TESS
clip_10881,spk_018,1197,TESS
clip_10882,spk_026,1537,TESS
clip_10883,spk_026,1537,TESS
clip_10884,spk_025,1495,TESS
clip_10885,spk_012,106,CREMA-D
clip_10888,spk_028,472,CREMA-D
clip_10889,spk_026,1537,TESS
clip_10890,spk_021,264,CREMA-D
clip_10891,spk_052,7,RAVDESS
clip_10892,spk_028,472,CREMA-D
clip_10893,spk_025,1495,TESS
clip_10895,spk_045,60,RAVDESS
clip_10896,spk_006,58,RAVDESS
