file_id,corpus,pseudo_speaker
clip_00000,RAVDESS,RAVDESS_011
clip_00002,CREMA-D,CREMA-D_020
clip_00003,TESS,TESS_000
clip_00004,CREMA-D,CREMA-D_007
clip_00005,CREMA-D,CREMA-D_065
clip_00007,CREMA-D,CREMA-D_054
clip_00008,CREMA-D,CREMA-D_063
clip_00009,CREMA-D,CREMA-D_056
clip_00010,TESS,TESS_001
clip_00011,TESS,TESS_001
clip_00013,TESS,TESS_000
clip_00014,CREMA-D,CREMA-D_044
clip_00015,CREMA-D,CREMA-D_021
clip_00016,TESS,TESS_000
clip_00017,TESS,TESS_000
clip_00018,CREMA-D,CREMA-D_069
clip_00019,TESS,TESS_001
clip_00020,CREMA-D,CREMA-D_013
clip_00021,CREMA-D,CREMA-D_040
clip_00022,CREMA-D,CREMA-D_055
clip_00023,CREMA-D,CREMA-D_027
clip_00024,CREMA-D,CREMA-D_031
clip_00027,CREMA-D,CREMA-D_055
clip_00028,CREMA-D,CREMA-D_048
clip_00029,TESS,TESS_000
clip_00030,CREMA-D,CREMA-D_000
clip_00031,TESS,TESS_001
clip_00032,CREMA-D,CREMA-D_013
clip_00033,CREMA-D,CREMA-D_049
clip_00034,CREMA-D,CREMA-D_051
clip_00035,CREMA-D,CREMA-D_068
clip_00036,CREMA-D,CREMA-D_017
clip_00038,CREMA-D,CREMA-D_008
clip_00039,TESS,TESS_000
clip_00041,CREMA-D,CREMA-D_007
clip_00042,TESS,TESS_001
clip_00043,CREMA-D,CREMA-D_049
clip_00044,CREMA-D,CREMA-D_009
clip_00045,CREMA-D,CREMA-D_030
clip_00046,CREMA-D,CREMA-D_068
clip_00047,CREMA-D,CREMA-D_040
clip_00048,RAVDESS,RAVDESS_017
clip_00049,CREMA-D,CREMA-D_013
clip_00050,CREMA-D,CREMA-D_032
clip_00051,CREMA-D,CREMA-D_056
clip_00052,CREMA-D,CREMA-D_048
clip_00053,CREMA-D,CREMA-D_007
clip_00055,CREMA-D,CREMA-D_020
clip_00056,TESS,TESS_001
clip_00057,CREMA-D,CREMA-D_029
clip_00058,TESS,TESS_000
clip_00059,TESS,TESS_000
clip_00060,CREMA-D,CREMA-D_014
clip_00061,TESS,TESS_001
clip_00062,CREMA-D,CREMA-D_065
clip_00063,CREMA-D,CREMA-D_033
clip_00064,TESS,TESS_000
clip_00067,CREMA-D,CREMA-D_023
clip_00068,CREMA-D,CREMA-D_001
clip_00069,CREMA-D,CREMA-D_029
clip_00070,CREMA-D,CREMA-D_015
clip_00071,CREMA-D,CREMA-D_064
clip_00072,CREMA-D,CREMA-D_001
clip_00073,CREMA-D,CREMA-D_060
clip_00074,CREMA-D,CREMA-D_064
clip_00075,TESS,TESS_000
clip_00077,CREMA-D,CREMA-D_013
clip_00078,CREMA-D,CREMA-D_033
clip_00079,CREMA-D,CREMA-D_063
clip_00080,CREMA-D,CREMA-D_049
clip_00081,CREMA-D,CREMA-D_069
clip_00082,CREMA-D,CREMA-D_028
clip_00084,CREMA-D,CREMA-D_026
clip_00086,CREMA-D,CREMA-D_018
clip_00087,CREMA-D,CREMA-D_062
clip_00088,TESS,TESS_000
clip_00089,CREMA-D,CREMA-D_046
clip_00090,CREMA-D,CREMA-D_008
clip_00091,CREMA-D,CREMA-D_002
clip_00092,CREMA-D,CREMA-D_065
clip_00094,CREMA-D,CREMA-D_068
clip_00095,RAVDESS,RAVDESS_013
clip_00096,CREMA-D,CREMA-D_051
clip_00097,CREMA-D,CREMA-D_008
clip_00098,CREMA-D,CREMA-D_054
clip_00099,CREMA-D,CREMA-D_014
clip_00100,CREMA-D,CREMA-D_054
clip_00101,TESS,TESS_000
clip_00102,CREMA-D,CREMA-D_044
clip_00104,CREMA-D,CREMA-D_014
clip_00105,TESS,TESS_000
clip_00106,TESS,TESS_001
clip_00107,TESS,TESS_000
clip_00108,TESS,TESS_000
clip_00109,TESS,TESS_001
clip_00110,CREMA-D,CREMA-D_022
clip_00111,CREMA-D,CREMA-D_007
clip_00113,RAVDESS,RAVDESS_001
clip_00114,CREMA-D,CREMA-D_065
clip_00115,CREMA-D,CREMA-D_018
clip_00116,RAVDESS,RAVDESS_014
clip_00117,CREMA-D,CREMA-D_068
clip_00118,CREMA-D,CREMA-D_041
clip_00119,CREMA-D,CREMA-D_022
clip_00120,CREMA-D,CREMA-D_032
clip_00121,TESS,TESS_001
clip_00122,TESS,TESS_000
clip_00123,TESS,TESS_000
clip_00124,CREMA-D,CREMA-D_057
clip_00126,CREMA-D,CREMA-D_014
clip_00127,CREMA-D,CREMA-D_003
clip_00128,CREMA-D,CREMA-D_037
clip_00129,CREMA-D,CREMA-D_027
clip_00130,CREMA-D,CREMA-D_046
clip_00131,CREMA-D,CREMA-D_010
clip_00132,CREMA-D,CREMA-D_027
clip_00133,TESS,TESS_000
clip_00135,TESS,TESS_001
clip_00136,CREMA-D,CREMA-D_052
clip_00137,CREMA-D,CREMA-D_071
clip_00138,CREMA-D,CREMA-D_056
clip_00139,CREMA-D,CREMA-D_026
clip_00141,TESS,TESS_001
clip_00142,RAVDESS,RAVDESS_019
clip_00143,TESS,TESS_001
clip_00144,TESS,TESS_001
clip_00145,TESS,TESS_001
clip_00146,CREMA-D,CREMA-D_026
clip_00147,CREMA-D,CREMA-D_043
clip_00148,CREMA-D,CREMA-D_012
clip_00149,TESS,TESS_001
clip_00150,CREMA-D,CREMA-D_003
clip_00151,TESS,TESS_001
clip_00152,CREMA-D,CREMA-D_053
clip_00153,CREMA-D,CREMA-D_031
clip_00154,RAVDESS,RAVDESS_014
clip_00155,CREMA-D,CREMA-D_023
clip_00157,CREMA-D,CREMA-D_024
clip_00158,RAVDESS,RAVDESS_004
clip_00159,TESS,TESS_000
clip_00160,TESS,TESS_000
clip_00161,CREMA-D,CREMA-D_068
clip_00162,CREMA-D,CREMA-D_052
clip_00163,CREMA-D,CREMA-D_048
clip_00164,CREMA-D,CREMA-D_021
clip_00165,CREMA-D,CREMA-D_022
clip_00166,CREMA-D,CREMA-D_068
clip_00167,RAVDESS,RAVDESS_014
clip_00168,CREMA-D,CREMA-D_033
clip_00169,TESS,TESS_000
clip_00170,TESS,TESS_001
clip_00171,RAVDESS,RAVDESS_009
clip_00172,CREMA-D,CREMA-D_017
clip_00173,CREMA-D,CREMA-D_009
clip_00174,CREMA-D,CREMA-D_022
clip_00176,CREMA-D,CREMA-D_027
clip_00177,CREMA-D,CREMA-D_019
clip_00178,CREMA-D,CREMA-D_015
clip_00179,CREMA-D,CREMA-D_017
clip_00180,CREMA-D,CREMA-D_001
clip_00182,CREMA-D,CREMA-D_010
clip_00185,CREMA-D,CREMA-D_031
clip_00186,TESS,TESS_001
clip_00187,CREMA-D,CREMA-D_022
clip_00188,CREMA-D,CREMA-D_003
clip_00189,RAVDESS,RAVDESS_011
clip_00191,TESS,TESS_000
clip_00192,CREMA-D,CREMA-D_000
clip_00193,TESS,TESS_001
clip_00194,CREMA-D,CREMA-D_071
clip_00195,RAVDESS,RAVDESS_007
clip_00196,CREMA-D,CREMA-D_032
clip_00197,CREMA-D,CREMA-D_037
clip_00200,CREMA-D,CREMA-D_038
clip_00201,CREMA-D,CREMA-D_025
clip_00203,RAVDESS,RAVDESS_003
clip_00205,TESS,TESS_001
clip_00206,TESS,TESS_001
clip_00207,CREMA-D,CREMA-D_059
clip_00208,RAVDESS,RAVDESS_019
clip_00209,CREMA-D,CREMA-D_011
clip_00210,CREMA-D,CREMA-D_059
clip_00211,CREMA-D,CREMA-D_017
clip_00212,CREMA-D,CREMA-D_015
clip_00213,CREMA-D,CREMA-D_021
clip_00215,RAVDESS,RAVDESS_006
clip_00216,CREMA-D,CREMA-D_037
clip_00217,TESS,TESS_001
clip_00218,RAVDESS,RAVDESS_001
clip_00219,CREMA-D,CREMA-D_033
clip_00220,CREMA-D,CREMA-D_002
clip_00221,TESS,TESS_000
clip_00222,CREMA-D,CREMA-D_036
clip_00223,TESS,TESS_000
clip_00224,CREMA-D,CREMA-D_062
clip_00225,TESS,TESS_000
clip_00226,TESS,TESS_001
clip_00227,TESS,TESS_000
clip_00228,CREMA-D,CREMA-D_011
clip_00229,CREMA-D,CREMA-D_041
clip_00230,TESS,TESS_001
clip_00231,CREMA-D,CREMA-D_032
clip_00232,CREMA-D,CREMA-D_039
clip_00233,CREMA-D,CREMA-D_058
clip_00234,UNKNOWN,UNKNOWN_pool
clip_00235,TESS,TESS_001
clip_00236,CREMA-D,CREMA-D_040
clip_00237,TESS,TESS_000
clip_00238,CREMA-D,CREMA-D_053
clip_00240,CREMA-D,CREMA-D_021
clip_00241,RAVDESS,RAVDESS_002
clip_00242,CREMA-D,CREMA-D_037
clip_00244,CREMA-D,CREMA-D_013
clip_00245,TESS,TESS_000
clip_00246,CREMA-D,CREMA-D_043
clip_00247,CREMA-D,CREMA-D_019
clip_00248,CREMA-D,CREMA-D_047
clip_00249,CREMA-D,CREMA-D_069
clip_00250,TESS,TESS_000
clip_00251,CREMA-D,CREMA-D_046
clip_00252,CREMA-D,CREMA-D_002
clip_00253,CREMA-D,CREMA-D_004
clip_00254,CREMA-D,CREMA-D_019
clip_00255,CREMA-D,CREMA-D_058
clip_00256,TESS,TESS_000
clip_00257,CREMA-D,CREMA-D_064
clip_00258,TESS,TESS_000
clip_00259,CREMA-D,CREMA-D_040
clip_00262,CREMA-D,CREMA-D_022
clip_00264,RAVDESS,RAVDESS_006
clip_00265,CREMA-D,CREMA-D_060
clip_00266,CREMA-D,CREMA-D_012
clip_00267,RAVDESS,RAVDESS_000
clip_00268,TESS,TESS_001
clip_00269,CREMA-D,CREMA-D_053
clip_00270,RAVDESS,RAVDESS_004
clip_00271,RAVDESS,RAVDESS_000
clip_00272,CREMA-D,CREMA-D_060
clip_00274,TESS,TESS_001
clip_00275,CREMA-D,CREMA-D_053
clip_00276,TESS,TESS_000
clip_00277,RAVDESS,RAVDESS_003
clip_00278,CREMA-D,CREMA-D_059
clip_00279,TESS,TESS_000
clip_00280,TESS,TESS_001
clip_00281,CREMA-D,CREMA-D_056
clip_00282,RAVDESS,RAVDESS_002
clip_00283,CREMA-D,CREMA-D_030
clip_00285,CREMA-D,CREMA-D_007
clip_00286,CREMA-D,CREMA-D_062
clip_00287,CREMA-D,CREMA-D_004
clip_00288,CREMA-D,CREMA-D_016
clip_00289,RAVDESS,RAVDESS_001
clip_00290,TESS,TESS_000
clip_00291,TESS,TESS_001
clip_00292,CREMA-D,CREMA-D_055
clip_00293,CREMA-D,CREMA-D_046
clip_00294,CREMA-D,CREMA-D_029
clip_00295,RAVDESS,RAVDESS_014
clip_00296,CREMA-D,CREMA-D_008
clip_00297,TESS,TESS_001
clip_00298,RAVDESS,RAVDESS_000
clip_00299,CREMA-D,CREMA-D_043
clip_00300,RAVDESS,RAVDESS_005
clip_00301,CREMA-D,CREMA-D_069
clip_00302,CREMA-D,CREMA-D_052
clip_00303,TESS,TESS_000
clip_00304,CREMA-D,CREMA-D_017
clip_00305,CREMA-D,CREMA-D_036
clip_00307,CREMA-D,CREMA-D_036
clip_00311,CREMA-D,CREMA-D_068
clip_00312,CREMA-D,CREMA-D_024
clip_00313,TESS,TESS_001
clip_00314,TESS,TESS_001
clip_00315,RAVDESS,RAVDESS_018
clip_00316,CREMA-D,CREMA-D_030
clip_00317,CREMA-D,CREMA-D_049
clip_00318,TESS,TESS_000
clip_00319,RAVDESS,RAVDESS_018
clip_00320,CREMA-D,CREMA-D_035
clip_00321,CREMA-D,CREMA-D_015
clip_00322,RAVDESS,RAVDESS_012
clip_00323,RAVDESS,RAVDESS_008
clip_00324,TESS,TESS_001
clip_00325,CREMA-D,CREMA-D_051
clip_00326,RAVDESS,RAVDESS_014
clip_00328,CREMA-D,CREMA-D_024
clip_00329,CREMA-D,CREMA-D_049
clip_00330,CREMA-D,CREMA-D_013
clip_00331,TESS,TESS_000
clip_00332,CREMA-D,CREMA-D_011
clip_00333,TESS,TESS_000
clip_00334,CREMA-D,CREMA-D_026
clip_00335,CREMA-D,CREMA-D_018
clip_00336,CREMA-D,CREMA-D_034
clip_00337,CREMA-D,CREMA-D_016
clip_00339,CREMA-D,CREMA-D_058
clip_00340,TESS,TESS_000
clip_00341,CREMA-D,CREMA-D_058
clip_00343,CREMA-D,CREMA-D_066
clip_00344,CREMA-D,CREMA-D_061
clip_00345,TESS,TESS_001
clip_00346,CREMA-D,CREMA-D_065
clip_00348,CREMA-D,CREMA-D_062
clip_00349,CREMA-D,CREMA-D_040
clip_00350,RAVDESS,RAVDESS_012
clip_00351,CREMA-D,CREMA-D_063
clip_00352,CREMA-D,CREMA-D_041
clip_00353,TESS,TESS_001
clip_00354,RAVDESS,RAVDESS_019
clip_00355,TESS,TESS_000
clip_00356,CREMA-D,CREMA-D_000
clip_00357,TESS,TESS_000
clip_00358,TESS,TESS_001
clip_00361,CREMA-D,CREMA-D_010
clip_00362,CREMA-D,CREMA-D_010
clip_00363,CREMA-D,CREMA-D_000
clip_00364,TESS,TESS_001
clip_00365,CREMA-D,CREMA-D_048
clip_00366,CREMA-D,CREMA-D_065
clip_00367,CREMA-D,CREMA-D_056
clip_00368,CREMA-D,CREMA-D_056
clip_00370,CREMA-D,CREMA-D_019
clip_00371,CREMA-D,CREMA-D_014
clip_00372,CREMA-D,CREMA-D_002
clip_00373,CREMA-D,CREMA-D_018
clip_00374,CREMA-D,CREMA-D_037
clip_00375,CREMA-D,CREMA-D_046
clip_00376,CREMA-D,CREMA-D_063
clip_00377,RAVDESS,RAVDESS_012
clip_00378,CREMA-D,CREMA-D_028
clip_00380,TESS,TESS_001
clip_00381,CREMA-D,CREMA-D_007
clip_00382,CREMA-D,CREMA-D_034
clip_00383,CREMA-D,CREMA-D_053
clip_00386,CREMA-D,CREMA-D_018
clip_00388,TESS,TESS_001
clip_00389,CREMA-D,CREMA-D_062
clip_00390,CREMA-D,CREMA-D_025
clip_00391,RAVDESS,RAVDESS_008
clip_00392,CREMA-D,CREMA-D_015
clip_00393,CREMA-D,CREMA-D_003
clip_00394,CREMA-D,CREMA-D_036
clip_00395,TESS,TESS_001
clip_00396,CREMA-D,CREMA-D_014
clip_00398,CREMA-D,CREMA-D_058
clip_00401,TESS,TESS_001
clip_00402,CREMA-D,CREMA-D_031
clip_00403,CREMA-D,CREMA-D_043
clip_00405,TESS,TESS_001
clip_00406,CREMA-D,CREMA-D_015
clip_00407,TESS,TESS_000
clip_00408,CREMA-D,CREMA-D_027
clip_00410,CREMA-D,CREMA-D_062
clip_00411,RAVDESS,RAVDESS_001
clip_00412,TESS,TESS_000
clip_00413,CREMA-D,CREMA-D_012
clip_00414,CREMA-D,CREMA-D_001
clip_00416,CREMA-D,CREMA-D_039
clip_00417,TESS,TESS_001
clip_00418,CREMA-D,CREMA-D_019
clip_00419,CREMA-D,CREMA-D_069
clip_00420,TESS,TESS_001
clip_00421,RAVDESS,RAVDESS_003
clip_00422,TESS,TESS_001
clip_00423,TESS,TESS_000
clip_00424,TESS,TESS_001
clip_00425,CREMA-D,CREMA-D_068
clip_00426,TESS,TESS_001
clip_00427,CREMA-D,CREMA-D_031
clip_00428,TESS,TESS_000
clip_00429,CREMA-D,CREMA-D_035
clip_00430,CREMA-D,CREMA-D_063
clip_00432,CREMA-D,CREMA-D_022
clip_00433,CREMA-D,CREMA-D_002
clip_00434,TESS,TESS_001
clip_00435,CREMA-D,CREMA-D_024
clip_00436,CREMA-D,CREMA-D_070
clip_00437,CREMA-D,CREMA-D_029
clip_00438,RAVDESS,RAVDESS_007
clip_00439,CREMA-D,CREMA-D_067
clip_00440,CREMA-D,CREMA-D_022
clip_00441,CREMA-D,CREMA-D_047
clip_00443,TESS,TESS_001
clip_00444,CREMA-D,CREMA-D_038
clip_00445,CREMA-D,CREMA-D_071
clip_00446,CREMA-D,CREMA-D_001
clip_00448,CREMA-D,CREMA-D_034
clip_00449,TESS,TESS_001
clip_00450,CREMA-D,CREMA-D_041
clip_00451,CREMA-D,CREMA-D_019
clip_00452,RAVDESS,RAVDESS_015
clip_00453,RAVDESS,RAVDESS_008
clip_00454,CREMA-D,CREMA-D_040
clip_00455,CREMA-D,CREMA-D_057
clip_00456,RAVDESS,RAVDESS_009
clip_00457,TESS,TESS_000
clip_00458,CREMA-D,CREMA-D_068
clip_00459,CREMA-D,CREMA-D_025
clip_00460,CREMA-D,CREMA-D_019
clip_00461,RAVDESS,RAVDESS_011
clip_00462,CREMA-D,CREMA-D_044
clip_00464,CREMA-D,CREMA-D_015
clip_00465,TESS,TESS_001
clip_00466,CREMA-D,CREMA-D_019
clip_00467,UNKNOWN,UNKNOWN_pool
clip_00468,TESS,TESS_001
clip_00469,CREMA-D,CREMA-D_048
clip_00470,CREMA-D,CREMA-D_058
clip_00471,TESS,TESS_001
clip_00472,CREMA-D,CREMA-D_062
clip_00473,CREMA-D,CREMA-D_038
clip_00476,CREMA-D,CREMA-D_049
clip_00477,TESS,TESS_000
clip_00478,CREMA-D,CREMA-D_008
clip_00479,CREMA-D,CREMA-D_070
clip_00480,CREMA-D,CREMA-D_016
clip_00481,CREMA-D,CREMA-D_045
clip_00482,CREMA-D,CREMA-D_002
clip_00483,TESS,TESS_000
clip_00484,CREMA-D,CREMA-D_063
clip_00485,CREMA-D,CREMA-D_051
clip_00486,CREMA-D,CREMA-D_003
clip_00487,TESS,TESS_001
clip_00488,RAVDESS,RAVDESS_014
clip_00489,CREMA-D,CREMA-D_017
clip_00490,CREMA-D,CREMA-D_069
clip_00492,CREMA-D,CREMA-D_062
clip_00493,CREMA-D,CREMA-D_010
clip_00494,CREMA-D,CREMA-D_052
clip_00495,CREMA-D,CREMA-D_018
clip_00496,CREMA-D,CREMA-D_045
clip_00497,CREMA-D,CREMA-D_033
clip_00498,TESS,TESS_001
clip_00499,TESS,TESS_000
clip_00500,CREMA-D,CREMA-D_064
clip_00501,CREMA-D,CREMA-D_003
clip_00502,UNKNOWN,UNKNOWN_pool
clip_00503,RAVDESS,RAVDESS_000
clip_00504,CREMA-D,CREMA-D_019
clip_00505,CREMA-D,CREMA-D_015
clip_00506,CREMA-D,CREMA-D_016
clip_00507,TESS,TESS_001
clip_00508,RAVDESS,RAVDESS_013
clip_00509,CREMA-D,CREMA-D_003
clip_00510,TESS,TESS_001
clip_00511,TESS,TESS_000
clip_00512,CREMA-D,CREMA-D_024
clip_00513,CREMA-D,CREMA-D_066
clip_00514,CREMA-D,CREMA-D_011
clip_00515,CREMA-D,CREMA-D_050
clip_00516,CREMA-D,CREMA-D_009
clip_00518,TESS,TESS_000
clip_00519,CREMA-D,CREMA-D_053
clip_00521,CREMA-D,CREMA-D_029
clip_00523,CREMA-D,CREMA-D_057
clip_00524,CREMA-D,CREMA-D_037
clip_00525,CREMA-D,CREMA-D_001
clip_00526,CREMA-D,CREMA-D_025
clip_00527,TESS,TESS_001
clip_00528,CREMA-D,CREMA-D_066
clip_00529,CREMA-D,CREMA-D_006
clip_00530,CREMA-D,CREMA-D_045
clip_00531,TESS,TESS_000
clip_00532,RAVDESS,RAVDESS_019
clip_00534,CREMA-D,CREMA-D_033
clip_00535,TESS,TESS_000
clip_00536,TESS,TESS_000
clip_00537,CREMA-D,CREMA-D_041
clip_00538,TESS,TESS_001
clip_00539,TESS,TESS_001
clip_00540,CREMA-D,CREMA-D_068
clip_00541,TESS,TESS_001
clip_00542,CREMA-D,CREMA-D_012
clip_00543,TESS,TESS_000
clip_00544,TESS,TESS_001
clip_00545,TESS,TESS_000
clip_00546,TESS,TESS_000
clip_00547,CREMA-D,CREMA-D_007
clip_00548,CREMA-D,CREMA-D_015
clip_00550,TESS,TESS_001
clip_00551,TESS,TESS_001
clip_00552,TESS,TESS_001
clip_00553,TESS,TESS_001
clip_00554,CREMA-D,CREMA-D_070
clip_00555,CREMA-D,CREMA-D_068
clip_00556,TESS,TESS_000
clip_00558,CREMA-D,CREMA-D_034
clip_00559,CREMA-D,CREMA-D_041
clip_00560,TESS,TESS_001
clip_00561,RAVDESS,RAVDESS_011
clip_00562,TESS,TESS_001
clip_00563,CREMA-D,CREMA-D_047
clip_00566,CREMA-D,CREMA-D_021
clip_00567,CREMA-D,CREMA-D_002
clip_00568,CREMA-D,CREMA-D_006
clip_00570,TESS,TESS_000
clip_00571,CREMA-D,CREMA-D_068
clip_00572,CREMA-D,CREMA-D_030
clip_00573,TESS,TESS_000
clip_00574,TESS,TESS_000
clip_00575,CREMA-D,CREMA-D_053
clip_00576,CREMA-D,CREMA-D_018
clip_00578,CREMA-D,CREMA-D_053
clip_00579,RAVDESS,RAVDESS_013
clip_00580,CREMA-D,CREMA-D_038
clip_00581,CREMA-D,CREMA-D_015
clip_00582,CREMA-D,CREMA-D_041
clip_00583,TESS,TESS_001
clip_00584,CREMA-D,CREMA-D_065
clip_00586,CREMA-D,CREMA-D_041
clip_00587,CREMA-D,CREMA-D_001
clip_00588,CREMA-D,CREMA-D_028
clip_00589,TESS,TESS_001
clip_00590,RAVDESS,RAVDESS_017
clip_00592,RAVDESS,RAVDESS_016
clip_00593,CREMA-D,CREMA-D_019
clip_00594,CREMA-D,CREMA-D_024
clip_00596,CREMA-D,CREMA-D_054
clip_00597,TESS,TESS_001
clip_00598,CREMA-D,CREMA-D_023
clip_00599,CREMA-D,CREMA-D_044
clip_00600,TESS,TESS_000
clip_00603,CREMA-D,CREMA-D_025
clip_00604,CREMA-D,CREMA-D_036
clip_00605,TESS,TESS_000
clip_00606,CREMA-D,CREMA-D_047
clip_00607,TESS,TESS_001
clip_00608,TESS,TESS_000
clip_00609,CREMA-D,CREMA-D_034
clip_00610,CREMA-D,CREMA-D_069
clip_00611,CREMA-D,CREMA-D_043
clip_00612,RAVDESS,RAVDESS_006
clip_00613,CREMA-D,CREMA-D_030
clip_00614,CREMA-D,CREMA-D_042
clip_00615,CREMA-D,CREMA-D_012
clip_00616,TESS,TESS_001
clip_00617,CREMA-D,CREMA-D_060
clip_00618,TESS,TESS_001
clip_00619,CREMA-D,CREMA-D_016
clip_00620,CREMA-D,CREMA-D_059
clip_00622,TESS,TESS_000
clip_00623,CREMA-D,CREMA-D_063
clip_00624,CREMA-D,CREMA-D_037
clip_00625,CREMA-D,CREMA-D_022
clip_00626,CREMA-D,CREMA-D_059
clip_00627,CREMA-D,CREMA-D_045
clip_00628,TESS,TESS_001
clip_00629,CREMA-D,CREMA-D_055
clip_00630,CREMA-D,CREMA-D_045
clip_00632,CREMA-D,CREMA-D_063
clip_00633,CREMA-D,CREMA-D_006
clip_00634,TESS,TESS_000
clip_00636,CREMA-D,CREMA-D_030
clip_00637,CREMA-D,CREMA-D_003
clip_00638,CREMA-D,CREMA-D_019
clip_00639,CREMA-D,CREMA-D_028
clip_00640,CREMA-D,CREMA-D_045
clip_00641,RAVDESS,RAVDESS_008
clip_00642,CREMA-D,CREMA-D_001
clip_00643,CREMA-D,CREMA-D_020
clip_00645,TESS,TESS_000
clip_00648,RAVDESS,RAVDESS_016
clip_00649,RAVDESS,RAVDESS_012
clip_00650,CREMA-D,CREMA-D_070
clip_00652,CREMA-D,CREMA-D_015
clip_00653,CREMA-D,CREMA-D_054
clip_00654,TESS,TESS_000
clip_00655,RAVDESS,RAVDESS_017
clip_00656,TESS,TESS_001
clip_00657,CREMA-D,CREMA-D_069
clip_00658,CREMA-D,CREMA-D_020
clip_00659,CREMA-D,CREMA-D_015
clip_00661,TESS,TESS_000
clip_00662,CREMA-D,CREMA-D_019
clip_00663,CREMA-D,CREMA-D_062
clip_00664,RAVDESS,RAVDESS_001
clip_00665,CREMA-D,CREMA-D_014
clip_00666,TESS,TESS_000
clip_00667,TESS,TESS_000
clip_00668,CREMA-D,CREMA-D_056
clip_00670,CREMA-D,CREMA-D_003
clip_00671,CREMA-D,CREMA-D_054
clip_00672,CREMA-D,CREMA-D_043
clip_00673,TESS,TESS_001
clip_00674,UNKNOWN,UNKNOWN_pool
clip_00675,RAVDESS,RAVDESS_006
clip_00677,CREMA-D,CREMA-D_008
clip_00678,CREMA-D,CREMA-D_019
clip_00679,TESS,TESS_001
clip_00680,CREMA-D,CREMA-D_009
clip_00681,RAVDESS,RAVDESS_019
clip_00682,CREMA-D,CREMA-D_050
clip_00683,TESS,TESS_000
clip_00684,CREMA-D,CREMA-D_050
clip_00685,TESS,TESS_000
clip_00687,TESS,TESS_001
clip_00688,CREMA-D,CREMA-D_028
clip_00689,RAVDESS,RAVDESS_000
clip_00690,TESS,TESS_001
clip_00691,CREMA-D,CREMA-D_021
clip_00693,CREMA-D,CREMA-D_059
clip_00694,CREMA-D,CREMA-D_032
clip_00696,CREMA-D,CREMA-D_026
clip_00698,CREMA-D,CREMA-D_052
clip_00699,TESS,TESS_001
clip_00700,CREMA-D,CREMA-D_048
clip_00701,CREMA-D,CREMA-D_017
clip_00702,CREMA-D,CREMA-D_063
clip_00703,TESS,TESS_000
clip_00704,RAVDESS,RAVDESS_008
clip_00705,CREMA-D,CREMA-D_006
clip_00706,CREMA-D,CREMA-D_016
clip_00707,CREMA-D,CREMA-D_039
clip_00709,CREMA-D,CREMA-D_012
clip_00710,CREMA-D,CREMA-D_029
clip_00711,RAVDESS,RAVDESS_017
clip_00712,CREMA-D,CREMA-D_003
clip_00713,TESS,TESS_000
clip_00714,CREMA-D,CREMA-D_004
clip_00715,CREMA-D,CREMA-D_065
clip_00716,TESS,TESS_001
clip_00717,CREMA-D,CREMA-D_067
clip_00719,TESS,TESS_001
clip_00721,UNKNOWN,UNKNOWN_pool
clip_00722,RAVDESS,RAVDESS_004
clip_00725,CREMA-D,CREMA-D_059
clip_00726,RAVDESS,RAVDESS_008
clip_00727,CREMA-D,CREMA-D_060
clip_00728,CREMA-D,CREMA-D_064
clip_00729,TESS,TESS_001
clip_00730,TESS,TESS_001
clip_00731,CREMA-D,CREMA-D_033
clip_00732,CREMA-D,CREMA-D_018
clip_00733,CREMA-D,CREMA-D_040
clip_00735,CREMA-D,CREMA-D_027
clip_00737,CREMA-D,CREMA-D_061
clip_00738,TESS,TESS_001
clip_00739,TESS,TESS_000
clip_00740,TESS,TESS_000
clip_00741,CREMA-D,CREMA-D_034
clip_00742,CREMA-D,CREMA-D_060
clip_00743,CREMA-D,CREMA-D_039
clip_00744,CREMA-D,CREMA-D_031
clip_00746,CREMA-D,CREMA-D_004
clip_00747,TESS,TESS_000
clip_00748,CREMA-D,CREMA-D_016
clip_00749,CREMA-D,CREMA-D_061
clip_00750,TESS,TESS_000
clip_00751,CREMA-D,CREMA-D_020
clip_00752,CREMA-D,CREMA-D_003
clip_00754,TESS,TESS_000
clip_00755,CREMA-D,CREMA-D_065
clip_00756,TESS,TESS_001
clip_00757,TESS,TESS_000
clip_00758,CREMA-D,CREMA-D_012
clip_00759,CREMA-D,CREMA-D_002
clip_00760,CREMA-D,CREMA-D_033
clip_00761,CREMA-D,CREMA-D_052
clip_00762,CREMA-D,CREMA-D_048
clip_00764,CREMA-D,CREMA-D_058
clip_00765,CREMA-D,CREMA-D_034
clip_00766,CREMA-D,CREMA-D_008
clip_00767,TESS,TESS_000
clip_00769,CREMA-D,CREMA-D_001
clip_00770,CREMA-D,CREMA-D_057
clip_00771,CREMA-D,CREMA-D_039
clip_00773,TESS,TESS_000
clip_00774,CREMA-D,CREMA-D_007
clip_00775,TESS,TESS_001
clip_00776,CREMA-D,CREMA-D_034
clip_00777,CREMA-D,CREMA-D_062
clip_00781,CREMA-D,CREMA-D_043
clip_00782,TESS,TESS_000
clip_00783,CREMA-D,CREMA-D_064
clip_00784,CREMA-D,CREMA-D_047
clip_00785,TESS,TESS_000
clip_00786,CREMA-D,CREMA-D_020
clip_00787,CREMA-D,CREMA-D_049
clip_00788,CREMA-D,CREMA-D_071
clip_00789,CREMA-D,CREMA-D_055
clip_00790,TESS,TESS_001
clip_00791,CREMA-D,CREMA-D_011
clip_00792,CREMA-D,CREMA-D_037
clip_00793,RAVDESS,RAVDESS_004
clip_00794,CREMA-D,CREMA-D_016
clip_00795,TESS,TESS_001
clip_00796,CREMA-D,CREMA-D_065
clip_00797,CREMA-D,CREMA-D_033
clip_00798,CREMA-D,CREMA-D_016
clip_00799,CREMA-D,CREMA-D_016
clip_00800,CREMA-D,CREMA-D_017
clip_00801,TESS,TESS_001
clip_00803,CREMA-D,CREMA-D_030
clip_00804,CREMA-D,CREMA-D_058
clip_00805,CREMA-D,CREMA-D_007
clip_00806,TESS,TESS_000
clip_00807,RAVDESS,RAVDESS_018
clip_00808,RAVDESS,RAVDESS_000
clip_00809,TESS,TESS_000
clip_00810,CREMA-D,CREMA-D_012
clip_00811,CREMA-D,CREMA-D_029
clip_00812,CREMA-D,CREMA-D_044
clip_00813,CREMA-D,CREMA-D_018
clip_00814,CREMA-D,CREMA-D_038
clip_00815,RAVDESS,RAVDESS_000
clip_00816,TESS,TESS_001
clip_00817,CREMA-D,CREMA-D_017
clip_00818,CREMA-D,CREMA-D_023
clip_00819,CREMA-D,CREMA-D_058
clip_00820,CREMA-D,CREMA-D_050
clip_00822,CREMA-D,CREMA-D_006
clip_00823,CREMA-D,CREMA-D_040
clip_00824,CREMA-D,CREMA-D_046
clip_00825,RAVDESS,RAVDESS_015
clip_00826,CREMA-D,CREMA-D_061
clip_00827,CREMA-D,CREMA-D_071
clip_00828,CREMA-D,CREMA-D_044
clip_00829,CREMA-D,CREMA-D_028
clip_00830,RAVDESS,RAVDESS_006
clip_00832,TESS,TESS_000
clip_00833,CREMA-D,CREMA-D_027
clip_00835,CREMA-D,CREMA-D_060
clip_00836,CREMA-D,CREMA-D_065
clip_00837,CREMA-D,CREMA-D_017
clip_00838,CREMA-D,CREMA-D_033
clip_00839,CREMA-D,CREMA-D_068
clip_00841,TESS,TESS_000
clip_00842,RAVDESS,RAVDESS_003
clip_00843,TESS,TESS_000
clip_00845,CREMA-D,CREMA-D_017
clip_00846,RAVDESS,RAVDESS_004
clip_00847,CREMA-D,CREMA-D_040
clip_00849,CREMA-D,CREMA-D_053
clip_00850,CREMA-D,CREMA-D_001
clip_00851,RAVDESS,RAVDESS_011
clip_00852,CREMA-D,CREMA-D_062
clip_00853,CREMA-D,CREMA-D_066
clip_00854,CREMA-D,CREMA-D_040
clip_00855,CREMA-D,CREMA-D_009
clip_00858,CREMA-D,CREMA-D_016
clip_00859,TESS,TESS_001
clip_00860,RAVDESS,RAVDESS_012
clip_00861,TESS,TESS_000
clip_00862,CREMA-D,CREMA-D_016
clip_00863,CREMA-D,CREMA-D_032
clip_00864,CREMA-D,CREMA-D_020
clip_00866,UNKNOWN,UNKNOWN_pool
clip_00867,CREMA-D,CREMA-D_016
clip_00868,RAVDESS,RAVDESS_015
clip_00869,TESS,TESS_000
clip_00870,CREMA-D,CREMA-D_068
clip_00871,CREMA-D,CREMA-D_022
clip_00872,CREMA-D,CREMA-D_015
clip_00873,CREMA-D,CREMA-D_037
clip_00874,TESS,TESS_001
clip_00875,CREMA-D,CREMA-D_032
clip_00876,RAVDESS,RAVDESS_006
clip_00877,CREMA-D,CREMA-D_067
clip_00878,CREMA-D,CREMA-D_048
clip_00879,CREMA-D,CREMA-D_070
clip_00880,CREMA-D,CREMA-D_064
clip_00881,CREMA-D,CREMA-D_062
clip_00882,TESS,TESS_000
clip_00883,CREMA-D,CREMA-D_024
clip_00884,TESS,TESS_001
clip_00885,CREMA-D,CREMA-D_066
clip_00886,CREMA-D,CREMA-D_043
clip_00887,TESS,TESS_000
clip_00888,CREMA-D,CREMA-D_053
clip_00889,TESS,TESS_000
clip_00890,TESS,TESS_000
clip_00891,CREMA-D,CREMA-D_030
clip_00892,TESS,TESS_001
clip_00893,TESS,TESS_001
clip_00895,CREMA-D,CREMA-D_004
clip_00896,TESS,TESS_000
clip_00897,CREMA-D,CREMA-D_059
clip_00898,CREMA-D,CREMA-D_014
clip_00899,TESS,TESS_001
clip_00900,CREMA-D,CREMA-D_019
clip_00901,TESS,TESS_001
clip_00903,TESS,TESS_001
clip_00904,CREMA-D,CREMA-D_039
clip_00905,TESS,TESS_000
clip_00906,CREMA-D,CREMA-D_000
clip_00907,CREMA-D,CREMA-D_052
clip_00908,CREMA-D,CREMA-D_025
clip_00909,RAVDESS,RAVDESS_019
clip_00910,CREMA-D,CREMA-D_058
clip_00911,CREMA-D,CREMA-D_002
clip_00912,RAVDESS,RAVDESS_002
clip_00913,CREMA-D,CREMA-D_003
clip_00914,CREMA-D,CREMA-D_016
clip_00915,CREMA-D,CREMA-D_067
clip_00916,CREMA-D,CREMA-D_055
clip_00917,UNKNOWN,UNKNOWN_pool
clip_00918,CREMA-D,CREMA-D_069
clip_00919,CREMA-D,CREMA-D_009
clip_00920,RAVDESS,RAVDESS_002
clip_00921,CREMA-D,CREMA-D_056
clip_00922,CREMA-D,CREMA-D_005
clip_00923,CREMA-D,CREMA-D_045
clip_00924,TESS,TESS_000
clip_00925,RAVDESS,RAVDESS_018
clip_00926,RAVDESS,RAVDESS_017
clip_00927,CREMA-D,CREMA-D_038
clip_00928,CREMA-D,CREMA-D_049
clip_00929,CREMA-D,CREMA-D_012
clip_00930,CREMA-D,CREMA-D_069
clip_00931,TESS,TESS_000
clip_00932,CREMA-D,CREMA-D_007
clip_00933,TESS,TESS_001
clip_00934,CREMA-D,CREMA-D_042
clip_00936,CREMA-D,CREMA-D_011
clip_00937,CREMA-D,CREMA-D_011
clip_00939,CREMA-D,CREMA-D_048
clip_00940,TESS,TESS_001
clip_00941,TESS,TESS_000
clip_00944,RAVDESS,RAVDESS_010
clip_00945,RAVDESS,RAVDESS_000
clip_00946,TESS,TESS_000
clip_00947,CREMA-D,CREMA-D_054
clip_00948,CREMA-D,CREMA-D_018
clip_00949,CREMA-D,CREMA-D_061
clip_00950,CREMA-D,CREMA-D_052
clip_00951,CREMA-D,CREMA-D_014
clip_00952,TESS,TESS_001
clip_00953,CREMA-D,CREMA-D_036
clip_00954,CREMA-D,CREMA-D_060
clip_00957,TESS,TESS_001
clip_00958,CREMA-D,CREMA-D_033
clip_00959,TESS,TESS_000
clip_00960,CREMA-D,CREMA-D_015
clip_00961,CREMA-D,CREMA-D_003
clip_00962,CREMA-D,CREMA-D_028
clip_00964,CREMA-D,CREMA-D_037
clip_00965,RAVDESS,RAVDESS_001
clip_00966,RAVDESS,RAVDESS_002
clip_00967,CREMA-D,CREMA-D_034
clip_00968,RAVDESS,RAVDESS_018
clip_00969,CREMA-D,CREMA-D_002
clip_00970,CREMA-D,CREMA-D_064
clip_00971,TESS,TESS_000
clip_00972,CREMA-D,CREMA-D_054
clip_00973,CREMA-D,CREMA-D_023
clip_00974,TESS,TESS_001
clip_00975,CREMA-D,CREMA-D_059
clip_00976,CREMA-D,CREMA-D_015
clip_00977,CREMA-D,CREMA-D_040
clip_00978,CREMA-D,CREMA-D_012
clip_00979,CREMA-D,CREMA-D_034
clip_00980,CREMA-D,CREMA-D_041
clip_00981,CREMA-D,CREMA-D_020
clip_00982,CREMA-D,CREMA-D_057
clip_00983,TESS,TESS_001
clip_00984,CREMA-D,CREMA-D_038
clip_00985,TESS,TESS_000
clip_00986,CREMA-D,CREMA-D_069
clip_00987,TESS,TESS_001
clip_00988,CREMA-D,CREMA-D_022
clip_00989,CREMA-D,CREMA-D_024
clip_00991,TESS,TESS_000
clip_00992,TESS,TESS_000
clip_00993,CREMA-D,CREMA-D_050
clip_00995,RAVDESS,RAVDESS_000
clip_00996,CREMA-D,CREMA-D_017
clip_00998,CREMA-D,CREMA-D_063
clip_00999,CREMA-D,CREMA-D_067
clip_01000,CREMA-D,CREMA-D_045
clip_01001,CREMA-D,CREMA-D_003
clip_01002,CREMA-D,CREMA-D_020
clip_01003,CREMA-D,CREMA-D_061
clip_01004,TESS,TESS_000
clip_01005,CREMA-D,CREMA-D_059
clip_01006,TESS,TESS_000
clip_01007,CREMA-D,CREMA-D_013
clip_01008,TESS,TESS_000
clip_01010,TESS,TESS_001
clip_01011,TESS,TESS_000
clip_01012,CREMA-D,CREMA-D_064
clip_01013,CREMA-D,CREMA-D_051
clip_01015,CREMA-D,CREMA-D_053
clip_01016,CREMA-D,CREMA-D_044
clip_01017,TESS,TESS_000
clip_01018,CREMA-D,CREMA-D_012
clip_01020,CREMA-D,CREMA-D_044
clip_01021,CREMA-D,CREMA-D_023
clip_01022,CREMA-D,CREMA-D_055
clip_01023,CREMA-D,CREMA-D_004
clip_01024,TESS,TESS_000
clip_01026,CREMA-D,CREMA-D_013
clip_01027,CREMA-D,CREMA-D_058
clip_01029,TESS,TESS_000
clip_01030,CREMA-D,CREMA-D_013
clip_01031,CREMA-D,CREMA-D_010
clip_01032,TESS,TESS_000
clip_01033,CREMA-D,CREMA-D_044
clip_01034,CREMA-D,CREMA-D_022
clip_01035,CREMA-D,CREMA-D_009
clip_01036,CREMA-D,CREMA-D_008
clip_01037,RAVDESS,RAVDESS_013
clip_01038,CREMA-D,CREMA-D_069
clip_01039,CREMA-D,CREMA-D_032
clip_01040,CREMA-D,CREMA-D_042
clip_01041,RAVDESS,RAVDESS_000
clip_01042,CREMA-D,CREMA-D_067
clip_01043,CREMA-D,CREMA-D_056
clip_01044,RAVDESS,RAVDESS_017
clip_01045,CREMA-D,CREMA-D_051
clip_01046,CREMA-D,CREMA-D_046
clip_01047,CREMA-D,CREMA-D_027
clip_01048,CREMA-D,CREMA-D_067
clip_01050,CREMA-D,CREMA-D_064
clip_01051,TESS,TESS_000
clip_01052,CREMA-D,CREMA-D_018
clip_01053,CREMA-D,CREMA-D_064
clip_01054,CREMA-D,CREMA-D_001
clip_01055,TESS,TESS_000
clip_01056,CREMA-D,CREMA-D_020
clip_01057,CREMA-D,CREMA-D_009
clip_01058,CREMA-D,CREMA-D_046
clip_01059,CREMA-D,CREMA-D_016
clip_01060,TESS,TESS_000
clip_01062,TESS,TESS_001
clip_01063,RAVDESS,RAVDESS_007
clip_01064,CREMA-D,CREMA-D_061
clip_01066,CREMA-D,CREMA-D_004
clip_01067,TESS,TESS_000
clip_01068,CREMA-D,CREMA-D_056
clip_01069,CREMA-D,CREMA-D_016
clip_01070,CREMA-D,CREMA-D_035
clip_01071,CREMA-D,CREMA-D_065
clip_01073,CREMA-D,CREMA-D_055
clip_01078,CREMA-D,CREMA-D_021
clip_01080,CREMA-D,CREMA-D_006
clip_01081,CREMA-D,CREMA-D_066
clip_01082,CREMA-D,CREMA-D_066
clip_01083,CREMA-D,CREMA-D_009
clip_01085,TESS,TESS_001
clip_01087,TESS,TESS_001
clip_01089,TESS,TESS_000
clip_01090,CREMA-D,CREMA-D_045
clip_01091,CREMA-D,CREMA-D_022
clip_01092,CREMA-D,CREMA-D_007
clip_01093,TESS,TESS_001
clip_01094,CREMA-D,CREMA-D_041
clip_01096,CREMA-D,CREMA-D_032
clip_01097,TESS,TESS_001
clip_01098,CREMA-D,CREMA-D_019
clip_01100,CREMA-D,CREMA-D_037
clip_01101,TESS,TESS_000
clip_01103,CREMA-D,CREMA-D_016
clip_01104,CREMA-D,CREMA-D_065
clip_01105,CREMA-D,CREMA-D_027
clip_01106,CREMA-D,CREMA-D_020
clip_01107,RAVDESS,RAVDESS_014
clip_01109,CREMA-D,CREMA-D_028
clip_01110,CREMA-D,CREMA-D_005
clip_01111,CREMA-D,CREMA-D_049
clip_01112,CREMA-D,CREMA-D_012
clip_01113,TESS,TESS_001
clip_01114,RAVDESS,RAVDESS_015
clip_01115,CREMA-D,CREMA-D_029
clip_01116,RAVDESS,RAVDESS_018
clip_01117,TESS,TESS_001
clip_01118,CREMA-D,CREMA-D_060
clip_01119,RAVDESS,RAVDESS_016
clip_01120,CREMA-D,CREMA-D_000
clip_01121,UNKNOWN,UNKNOWN_pool
clip_01122,CREMA-D,CREMA-D_051
clip_01124,CREMA-D,CREMA-D_057
clip_01125,CREMA-D,CREMA-D_001
clip_01126,CREMA-D,CREMA-D_034
clip_01127,CREMA-D,CREMA-D_061
clip_01128,TESS,TESS_000
clip_01129,CREMA-D,CREMA-D_026
clip_01131,RAVDESS,RAVDESS_013
clip_01132,TESS,TESS_000
clip_01133,RAVDESS,RAVDESS_003
clip_01134,TESS,TESS_000
clip_01135,UNKNOWN,UNKNOWN_pool
clip_01136,CREMA-D,CREMA-D_011
clip_01137,CREMA-D,CREMA-D_037
clip_01138,RAVDESS,RAVDESS_004
clip_01139,CREMA-D,CREMA-D_011
clip_01140,CREMA-D,CREMA-D_056
clip_01141,CREMA-D,CREMA-D_062
clip_01142,CREMA-D,CREMA-D_039
clip_01144,TESS,TESS_000
clip_01145,CREMA-D,CREMA-D_006
clip_01146,CREMA-D,CREMA-D_019
clip_01147,TESS,TESS_001
clip_01148,CREMA-D,CREMA-D_022
clip_01149,TESS,TESS_001
clip_01150,CREMA-D,CREMA-D_007
clip_01151,TESS,TESS_000
clip_01152,TESS,TESS_001
clip_01153,CREMA-D,CREMA-D_028
clip_01155,CREMA-D,CREMA-D_060
clip_01156,RAVDESS,RAVDESS_003
clip_01157,CREMA-D,CREMA-D_006
clip_01158,CREMA-D,CREMA-D_071
clip_01159,TESS,TESS_000
clip_01160,CREMA-D,CREMA-D_055
clip_01161,CREMA-D,CREMA-D_019
clip_01162,CREMA-D,CREMA-D_055
clip_01163,CREMA-D,CREMA-D_071
clip_01165,CREMA-D,CREMA-D_062
clip_01166,CREMA-D,CREMA-D_005
clip_01167,CREMA-D,CREMA-D_043
clip_01168,CREMA-D,CREMA-D_008
clip_01169,TESS,TESS_001
clip_01170,RAVDESS,RAVDESS_011
clip_01172,CREMA-D,CREMA-D_002
clip_01173,CREMA-D,CREMA-D_028
clip_01174,RAVDESS,RAVDESS_000
clip_01175,TESS,TESS_001
clip_01176,TESS,TESS_000
clip_01177,CREMA-D,CREMA-D_034
clip_01178,CREMA-D,CREMA-D_039
clip_01180,CREMA-D,CREMA-D_066
clip_01181,TESS,TESS_000
clip_01182,CREMA-D,CREMA-D_024
clip_01183,CREMA-D,CREMA-D_017
clip_01184,CREMA-D,CREMA-D_066
clip_01185,CREMA-D,CREMA-D_002
clip_01186,RAVDESS,RAVDESS_018
clip_01189,CREMA-D,CREMA-D_032
clip_01190,CREMA-D,CREMA-D_039
clip_01191,TESS,TESS_001
clip_01192,CREMA-D,CREMA-D_062
clip_01193,CREMA-D,CREMA-D_049
clip_01194,UNKNOWN,UNKNOWN_pool
clip_01195,CREMA-D,CREMA-D_064
clip_01196,CREMA-D,CREMA-D_011
clip_01197,TESS,TESS_001
clip_01199,TESS,TESS_001
clip_01200,CREMA-D,CREMA-D_027
clip_01201,RAVDESS,RAVDESS_019
clip_01202,TESS,TESS_000
clip_01204,TESS,TESS_000
clip_01205,CREMA-D,CREMA-D_004
clip_01206,CREMA-D,CREMA-D_057
clip_01207,CREMA-D,CREMA-D_060
clip_01208,TESS,TESS_001
clip_01209,CREMA-D,CREMA-D_055
clip_01210,UNKNOWN,UNKNOWN_pool
clip_01211,TESS,TESS_000
clip_01212,CREMA-D,CREMA-D_027
clip_01213,CREMA-D,CREMA-D_069
clip_01214,TESS,TESS_001
clip_01215,CREMA-D,CREMA-D_068
clip_01216,CREMA-D,CREMA-D_030
clip_01217,TESS,TESS_001
clip_01218,CREMA-D,CREMA-D_012
clip_01219,CREMA-D,CREMA-D_033
clip_01220,TESS,TESS_000
clip_01221,TESS,TESS_000
clip_01222,RAVDESS,RAVDESS_000
clip_01223,CREMA-D,CREMA-D_021
clip_01224,CREMA-D,CREMA-D_068
clip_01225,CREMA-D,CREMA-D_001
clip_01226,CREMA-D,CREMA-D_071
clip_01227,CREMA-D,CREMA-D_026
clip_01228,CREMA-D,CREMA-D_014
clip_01229,TESS,TESS_000
clip_01230,CREMA-D,CREMA-D_054
clip_01231,CREMA-D,CREMA-D_031
clip_01232,CREMA-D,CREMA-D_054
clip_01233,TESS,TESS_001
clip_01234,TESS,TESS_001
clip_01235,TESS,TESS_001
clip_01236,RAVDESS,RAVDESS_000
clip_01237,CREMA-D,CREMA-D_009
clip_01238,TESS,TESS_001
clip_01239,CREMA-D,CREMA-D_034
clip_01240,CREMA-D,CREMA-D_062
clip_01242,TESS,TESS_000
clip_01243,RAVDESS,RAVDESS_003
clip_01244,CREMA-D,CREMA-D_045
clip_01245,RAVDESS,RAVDESS_018
clip_01246,CREMA-D,CREMA-D_063
clip_01247,TESS,TESS_001
clip_01248,RAVDESS,RAVDESS_000
clip_01249,CREMA-D,CREMA-D_033
clip_01250,RAVDESS,RAVDESS_009
clip_01251,CREMA-D,CREMA-D_051
clip_01252,CREMA-D,CREMA-D_016
clip_01253,CREMA-D,CREMA-D_051
clip_01255,CREMA-D,CREMA-D_037
clip_01256,CREMA-D,CREMA-D_056
clip_01257,CREMA-D,CREMA-D_035
clip_01259,TESS,TESS_000
clip_01261,CREMA-D,CREMA-D_006
clip_01262,CREMA-D,CREMA-D_037
clip_01263,CREMA-D,CREMA-D_049
clip_01264,RAVDESS,RAVDESS_005
clip_01265,CREMA-D,CREMA-D_024
clip_01266,CREMA-D,CREMA-D_065
clip_01267,CREMA-D,CREMA-D_071
clip_01269,TESS,TESS_001
clip_01270,CREMA-D,CREMA-D_027
clip_01272,CREMA-D,CREMA-D_036
clip_01274,CREMA-D,CREMA-D_062
clip_01275,CREMA-D,CREMA-D_019
clip_01276,CREMA-D,CREMA-D_039
clip_01277,CREMA-D,CREMA-D_063
clip_01279,CREMA-D,CREMA-D_013
clip_01281,TESS,TESS_001
clip_01282,CREMA-D,CREMA-D_052
clip_01283,CREMA-D,CREMA-D_045
clip_01286,CREMA-D,CREMA-D_017
clip_01287,CREMA-D,CREMA-D_051
clip_01288,CREMA-D,CREMA-D_003
clip_01289,CREMA-D,CREMA-D_025
clip_01290,CREMA-D,CREMA-D_032
clip_01291,TESS,TESS_000
clip_01292,TESS,TESS_000
clip_01293,RAVDESS,RAVDESS_008
clip_01294,CREMA-D,CREMA-D_065
clip_01295,CREMA-D,CREMA-D_060
clip_01296,TESS,TESS_001
clip_01297,TESS,TESS_000
clip_01298,TESS,TESS_000
clip_01299,CREMA-D,CREMA-D_009
clip_01300,TESS,TESS_000
clip_01301,RAVDESS,RAVDESS_002
clip_01302,CREMA-D,CREMA-D_008
clip_01303,CREMA-D,CREMA-D_032
clip_01304,RAVDESS,RAVDESS_018
clip_01305,CREMA-D,CREMA-D_051
clip_01306,CREMA-D,CREMA-D_034
clip_01307,TESS,TESS_001
clip_01309,CREMA-D,CREMA-D_055
clip_01310,CREMA-D,CREMA-D_005
clip_01311,CREMA-D,CREMA-D_031
clip_01312,TESS,TESS_000
clip_01313,CREMA-D,CREMA-D_036
clip_01314,CREMA-D,CREMA-D_002
clip_01315,RAVDESS,RAVDESS_006
clip_01316,CREMA-D,CREMA-D_032
clip_01318,CREMA-D,CREMA-D_025
clip_01319,TESS,TESS_000
clip_01320,CREMA-D,CREMA-D_012
clip_01321,CREMA-D,CREMA-D_004
clip_01322,TESS,TESS_001
clip_01323,TESS,TESS_000
clip_01324,TESS,TESS_001
clip_01325,TESS,TESS_001
clip_01326,TESS,TESS_001
clip_01327,TESS,TESS_000
clip_01328,RAVDESS,RAVDESS_011
clip_01329,RAVDESS,RAVDESS_007
clip_01330,CREMA-D,CREMA-D_008
clip_01331,TESS,TESS_000
clip_01332,CREMA-D,CREMA-D_032
clip_01333,RAVDESS,RAVDESS_009
clip_01334,CREMA-D,CREMA-D_012
clip_01335,CREMA-D,CREMA-D_017
clip_01336,CREMA-D,CREMA-D_011
clip_01337,CREMA-D,CREMA-D_069
clip_01338,RAVDESS,RAVDESS_006
clip_01339,CREMA-D,CREMA-D_021
clip_01340,CREMA-D,CREMA-D_063
clip_01341,CREMA-D,CREMA-D_031
clip_01343,TESS,TESS_001
clip_01344,CREMA-D,CREMA-D_068
clip_01345,CREMA-D,CREMA-D_007
clip_01346,UNKNOWN,UNKNOWN_pool
clip_01348,CREMA-D,CREMA-D_027
clip_01350,RAVDESS,RAVDESS_010
clip_01352,CREMA-D,CREMA-D_019
clip_01353,CREMA-D,CREMA-D_031
clip_01354,UNKNOWN,UNKNOWN_pool
clip_01356,CREMA-D,CREMA-D_053
clip_01358,TESS,TESS_001
clip_01359,TESS,TESS_000
clip_01360,TESS,TESS_001
clip_01362,CREMA-D,CREMA-D_046
clip_01363,TESS,TESS_001
clip_01364,CREMA-D,CREMA-D_019
clip_01365,CREMA-D,CREMA-D_014
clip_01366,UNKNOWN,UNKNOWN_pool
clip_01367,CREMA-D,CREMA-D_016
clip_01368,CREMA-D,CREMA-D_035
clip_01369,CREMA-D,CREMA-D_027
clip_01370,TESS,TESS_001
clip_01371,CREMA-D,CREMA-D_054
clip_01373,CREMA-D,CREMA-D_033
clip_01374,TESS,TESS_000
clip_01375,TESS,TESS_000
clip_01376,CREMA-D,CREMA-D_003
clip_01377,CREMA-D,CREMA-D_060
clip_01378,CREMA-D,CREMA-D_037
clip_01379,CREMA-D,CREMA-D_052
clip_01380,CREMA-D,CREMA-D_043
clip_01381,CREMA-D,CREMA-D_043
clip_01382,TESS,TESS_000
clip_01383,CREMA-D,CREMA-D_049
clip_01384,CREMA-D,CREMA-D_001
clip_01385,RAVDESS,RAVDESS_004
clip_01386,TESS,TESS_001
clip_01387,CREMA-D,CREMA-D_001
clip_01389,RAVDESS,RAVDESS_000
clip_01390,TESS,TESS_001
clip_01392,TESS,TESS_000
clip_01394,CREMA-D,CREMA-D_051
clip_01395,TESS,TESS_000
clip_01396,CREMA-D,CREMA-D_055
clip_01397,CREMA-D,CREMA-D_063
clip_01399,CREMA-D,CREMA-D_015
clip_01400,TESS,TESS_001
clip_01401,CREMA-D,CREMA-D_024
clip_01402,CREMA-D,CREMA-D_021
clip_01403,RAVDESS,RAVDESS_007
clip_01404,UNKNOWN,UNKNOWN_pool
clip_01405,TESS,TESS_001
clip_01406,CREMA-D,CREMA-D_025
clip_01408,CREMA-D,CREMA-D_071
clip_01409,CREMA-D,CREMA-D_003
clip_01411,TESS,TESS_001
clip_01412,TESS,TESS_000
clip_01413,RAVDESS,RAVDESS_014
clip_01414,RAVDESS,RAVDESS_010
clip_01415,CREMA-D,CREMA-D_045
clip_01416,CREMA-D,CREMA-D_056
clip_01418,CREMA-D,CREMA-D_066
clip_01419,TESS,TESS_001
clip_01420,CREMA-D,CREMA-D_033
clip_01421,CREMA-D,CREMA-D_033
clip_01422,TESS,TESS_001
clip_01423,CREMA-D,CREMA-D_052
clip_01424,CREMA-D,CREMA-D_033
clip_01425,CREMA-D,CREMA-D_058
clip_01427,CREMA-D,CREMA-D_012
clip_01428,CREMA-D,CREMA-D_033
clip_01429,CREMA-D,CREMA-D_029
clip_01430,CREMA-D,CREMA-D_048
clip_01431,CREMA-D,CREMA-D_064
clip_01432,CREMA-D,CREMA-D_008
clip_01433,CREMA-D,CREMA-D_029
clip_01434,CREMA-D,CREMA-D_057
clip_01435,TESS,TESS_001
clip_01436,CREMA-D,CREMA-D_012
clip_01437,TESS,TESS_001
clip_01439,CREMA-D,CREMA-D_043
clip_01440,CREMA-D,CREMA-D_060
clip_01442,CREMA-D,CREMA-D_018
clip_01443,TESS,TESS_000
clip_01444,CREMA-D,CREMA-D_041
clip_01445,TESS,TESS_001
clip_01446,CREMA-D,CREMA-D_020
clip_01447,CREMA-D,CREMA-D_034
clip_01449,CREMA-D,CREMA-D_018
clip_01450,RAVDESS,RAVDESS_009
clip_01451,CREMA-D,CREMA-D_000
clip_01452,TESS,TESS_000
clip_01454,CREMA-D,CREMA-D_038
clip_01455,CREMA-D,CREMA-D_069
clip_01456,CREMA-D,CREMA-D_066
clip_01457,CREMA-D,CREMA-D_067
clip_01459,CREMA-D,CREMA-D_037
clip_01460,CREMA-D,CREMA-D_069
clip_01461,TESS,TESS_000
clip_01462,RAVDESS,RAVDESS_006
clip_01463,CREMA-D,CREMA-D_007
clip_01466,TESS,TESS_000
clip_01467,CREMA-D,CREMA-D_063
clip_01470,TESS,TESS_001
clip_01471,CREMA-D,CREMA-D_056
clip_01472,TESS,TESS_000
clip_01474,CREMA-D,CREMA-D_059
clip_01475,CREMA-D,CREMA-D_049
clip_01476,CREMA-D,CREMA-D_063
clip_01477,TESS,TESS_001
clip_01478,TESS,TESS_000
clip_01479,CREMA-D,CREMA-D_066
clip_01480,CREMA-D,CREMA-D_029
clip_01481,CREMA-D,CREMA-D_000
clip_01482,CREMA-D,CREMA-D_019
clip_01483,CREMA-D,CREMA-D_064
clip_01484,CREMA-D,CREMA-D_009
clip_01485,RAVDESS,RAVDESS_016
clip_01486,CREMA-D,CREMA-D_010
clip_01487,CREMA-D,CREMA-D_020
clip_01489,TESS,TESS_001
clip_01490,TESS,TESS_001
clip_01491,CREMA-D,CREMA-D_059
clip_01493,CREMA-D,CREMA-D_013
clip_01496,CREMA-D,CREMA-D_002
clip_01497,TESS,TESS_001
clip_01499,RAVDESS,RAVDESS_001
clip_01501,CREMA-D,CREMA-D_033
clip_01502,CREMA-D,CREMA-D_010
clip_01503,TESS,TESS_000
clip_01504,TESS,TESS_000
clip_01505,CREMA-D,CREMA-D_032
clip_01506,CREMA-D,CREMA-D_060
clip_01507,CREMA-D,CREMA-D_026
clip_01508,CREMA-D,CREMA-D_071
clip_01509,RAVDESS,RAVDESS_006
clip_01511,CREMA-D,CREMA-D_040
clip_01512,CREMA-D,CREMA-D_058
clip_01513,RAVDESS,RAVDESS_005
clip_01514,TESS,TESS_001
clip_01515,TESS,TESS_000
clip_01516,RAVDESS,RAVDESS_016
clip_01518,CREMA-D,CREMA-D_045
clip_01519,TESS,TESS_001
clip_01520,TESS,TESS_000
clip_01521,RAVDESS,RAVDESS_006
clip_01522,RAVDESS,RAVDESS_003
clip_01523,CREMA-D,CREMA-D_059
clip_01524,TESS,TESS_001
clip_01525,CREMA-D,CREMA-D_062
clip_01526,CREMA-D,CREMA-D_005
clip_01527,CREMA-D,CREMA-D_060
clip_01528,CREMA-D,CREMA-D_023
clip_01529,CREMA-D,CREMA-D_026
clip_01530,CREMA-D,CREMA-D_037
clip_01531,TESS,TESS_001
clip_01532,CREMA-D,CREMA-D_020
clip_01533,CREMA-D,CREMA-D_011
clip_01534,RAVDESS,RAVDESS_012
clip_01535,RAVDESS,RAVDESS_014
clip_01536,CREMA-D,CREMA-D_044
clip_01537,CREMA-D,CREMA-D_005
clip_01538,CREMA-D,CREMA-D_006
clip_01539,RAVDESS,RAVDESS_019
clip_01540,RAVDESS,RAVDESS_008
clip_01541,CREMA-D,CREMA-D_066
clip_01542,RAVDESS,RAVDESS_010
clip_01543,CREMA-D,CREMA-D_044
clip_01545,CREMA-D,CREMA-D_006
clip_01546,CREMA-D,CREMA-D_033
clip_01547,TESS,TESS_001
clip_01549,CREMA-D,CREMA-D_001
clip_01551,CREMA-D,CREMA-D_001
clip_01552,CREMA-D,CREMA-D_011
clip_01553,TESS,TESS_000
clip_01555,CREMA-D,CREMA-D_027
clip_01556,TESS,TESS_001
clip_01558,CREMA-D,CREMA-D_026
clip_01559,CREMA-D,CREMA-D_003
clip_01560,CREMA-D,CREMA-D_058
clip_01562,CREMA-D,CREMA-D_031
clip_01563,CREMA-D,CREMA-D_038
clip_01564,CREMA-D,CREMA-D_021
clip_01565,CREMA-D,CREMA-D_004
clip_01566,CREMA-D,CREMA-D_033
clip_01567,CREMA-D,CREMA-D_011
clip_01568,CREMA-D,CREMA-D_008
clip_01569,CREMA-D,CREMA-D_052
clip_01570,CREMA-D,CREMA-D_010
clip_01571,CREMA-D,CREMA-D_030
clip_01572,CREMA-D,CREMA-D_046
clip_01573,CREMA-D,CREMA-D_037
clip_01574,CREMA-D,CREMA-D_066
clip_01575,CREMA-D,CREMA-D_042
clip_01576,CREMA-D,CREMA-D_043
clip_01577,RAVDESS,RAVDESS_003
clip_01578,CREMA-D,CREMA-D_066
clip_01579,UNKNOWN,UNKNOWN_pool
clip_01580,TESS,TESS_000
clip_01581,TESS,TESS_000
clip_01582,TESS,TESS_000
clip_01583,TESS,TESS_000
clip_01584,TESS,TESS_000
clip_01586,CREMA-D,CREMA-D_020
clip_01587,TESS,TESS_000
clip_01588,RAVDESS,RAVDESS_016
clip_01589,CREMA-D,CREMA-D_065
clip_01591,TESS,TESS_000
clip_01592,CREMA-D,CREMA-D_062
clip_01593,TESS,TESS_001
clip_01594,RAVDESS,RAVDESS_004
clip_01595,CREMA-D,CREMA-D_021
clip_01596,CREMA-D,CREMA-D_057
clip_01597,CREMA-D,CREMA-D_036
clip_01598,CREMA-D,CREMA-D_018
clip_01599,TESS,TESS_000
clip_01600,CREMA-D,CREMA-D_025
clip_01602,CREMA-D,CREMA-D_063
clip_01604,CREMA-D,CREMA-D_055
clip_01605,RAVDESS,RAVDESS_011
clip_01607,TESS,TESS_000
clip_01608,CREMA-D,CREMA-D_050
clip_01609,TESS,TESS_001
clip_01610,CREMA-D,CREMA-D_063
clip_01613,RAVDESS,RAVDESS_006
clip_01614,CREMA-D,CREMA-D_048
clip_01615,CREMA-D,CREMA-D_042
clip_01616,CREMA-D,CREMA-D_059
clip_01617,TESS,TESS_001
clip_01618,RAVDESS,RAVDESS_008
clip_01619,RAVDESS,RAVDESS_000
clip_01620,RAVDESS,RAVDESS_018
clip_01621,TESS,TESS_001
clip_01622,CREMA-D,CREMA-D_010
clip_01623,TESS,TESS_000
clip_01624,RAVDESS,RAVDESS_013
clip_01625,TESS,TESS_000
clip_01626,TESS,TESS_000
clip_01627,RAVDESS,RAVDESS_002
clip_01628,TESS,TESS_000
clip_01629,RAVDESS,RAVDESS_006
clip_01630,RAVDESS,RAVDESS_014
clip_01631,CREMA-D,CREMA-D_001
clip_01632,CREMA-D,CREMA-D_024
clip_01633,CREMA-D,CREMA-D_030
clip_01635,CREMA-D,CREMA-D_062
clip_01636,CREMA-D,CREMA-D_022
clip_01637,CREMA-D,CREMA-D_011
clip_01638,CREMA-D,CREMA-D_008
clip_01639,CREMA-D,CREMA-D_054
clip_01640,CREMA-D,CREMA-D_052
clip_01641,CREMA-D,CREMA-D_036
clip_01642,CREMA-D,CREMA-D_056
clip_01643,TESS,TESS_000
clip_01644,TESS,TESS_000
clip_01645,CREMA-D,CREMA-D_018
clip_01646,CREMA-D,CREMA-D_002
clip_01647,TESS,TESS_000
clip_01648,TESS,TESS_000
clip_01649,TESS,TESS_001
clip_01652,CREMA-D,CREMA-D_029
clip_01653,RAVDESS,RAVDESS_008
clip_01655,CREMA-D,CREMA-D_063
clip_01656,CREMA-D,CREMA-D_029
clip_01657,CREMA-D,CREMA-D_033
clip_01659,CREMA-D,CREMA-D_014
clip_01660,TESS,TESS_001
clip_01661,CREMA-D,CREMA-D_041
clip_01663,CREMA-D,CREMA-D_051
clip_01664,CREMA-D,CREMA-D_030
clip_01665,CREMA-D,CREMA-D_006
clip_01666,CREMA-D,CREMA-D_066
clip_01667,CREMA-D,CREMA-D_043
clip_01668,CREMA-D,CREMA-D_004
clip_01669,CREMA-D,CREMA-D_019
clip_01670,CREMA-D,CREMA-D_033
clip_01671,TESS,TESS_000
clip_01672,TESS,TESS_001
clip_01673,CREMA-D,CREMA-D_009
clip_01676,TESS,TESS_001
clip_01677,RAVDESS,RAVDESS_018
clip_01679,CREMA-D,CREMA-D_062
clip_01680,CREMA-D,CREMA-D_059
clip_01681,RAVDESS,RAVDESS_016
clip_01682,CREMA-D,CREMA-D_024
clip_01683,CREMA-D,CREMA-D_038
clip_01684,RAVDESS,RAVDESS_011
clip_01685,TESS,TESS_001
clip_01686,CREMA-D,CREMA-D_063
clip_01688,CREMA-D,CREMA-D_065
clip_01689,TESS,TESS_000
clip_01690,CREMA-D,CREMA-D_010
clip_01691,CREMA-D,CREMA-D_043
clip_01692,CREMA-D,CREMA-D_025
clip_01694,CREMA-D,CREMA-D_059
clip_01695,CREMA-D,CREMA-D_014
clip_01696,TESS,TESS_000
clip_01697,CREMA-D,CREMA-D_058
clip_01698,CREMA-D,CREMA-D_010
clip_01699,CREMA-D,CREMA-D_047
clip_01700,TESS,TESS_001
clip_01701,CREMA-D,CREMA-D_033
clip_01703,TESS,TESS_000
clip_01704,TESS,TESS_000
clip_01705,TESS,TESS_001
clip_01706,RAVDESS,RAVDESS_001
clip_01707,RAVDESS,RAVDESS_002
clip_01708,CREMA-D,CREMA-D_048
clip_01709,TESS,TESS_001
clip_01710,TESS,TESS_000
clip_01711,TESS,TESS_000
clip_01712,TESS,TESS_000
clip_01713,RAVDESS,RAVDESS_006
clip_01714,CREMA-D,CREMA-D_029
clip_01715,CREMA-D,CREMA-D_042
clip_01717,RAVDESS,RAVDESS_004
clip_01718,CREMA-D,CREMA-D_007
clip_01719,CREMA-D,CREMA-D_064
clip_01720,UNKNOWN,UNKNOWN_pool
clip_01721,TESS,TESS_000
clip_01722,CREMA-D,CREMA-D_026
clip_01723,CREMA-D,CREMA-D_052
clip_01724,CREMA-D,CREMA-D_053
clip_01725,CREMA-D,CREMA-D_019
clip_01726,TESS,TESS_000
clip_01729,RAVDESS,RAVDESS_014
clip_01731,CREMA-D,CREMA-D_063
clip_01732,CREMA-D,CREMA-D_030
clip_01733,CREMA-D,CREMA-D_020
clip_01735,CREMA-D,CREMA-D_023
clip_01736,TESS,TESS_000
clip_01739,CREMA-D,CREMA-D_037
clip_01740,CREMA-D,CREMA-D_001
clip_01741,TESS,TESS_001
clip_01742,TESS,TESS_000
clip_01743,CREMA-D,CREMA-D_005
clip_01744,TESS,TESS_000
clip_01745,CREMA-D,CREMA-D_058
clip_01746,RAVDESS,RAVDESS_001
clip_01747,CREMA-D,CREMA-D_071
clip_01749,CREMA-D,CREMA-D_049
clip_01750,CREMA-D,CREMA-D_053
clip_01751,CREMA-D,CREMA-D_042
clip_01752,CREMA-D,CREMA-D_040
clip_01753,RAVDESS,RAVDESS_017
clip_01754,CREMA-D,CREMA-D_034
clip_01755,CREMA-D,CREMA-D_058
clip_01756,RAVDESS,RAVDESS_002
clip_01757,CREMA-D,CREMA-D_054
clip_01758,TESS,TESS_000
clip_01760,TESS,TESS_001
clip_01761,CREMA-D,CREMA-D_018
clip_01762,TESS,TESS_001
clip_01763,CREMA-D,CREMA-D_011
clip_01764,CREMA-D,CREMA-D_025
clip_01765,TESS,TESS_000
clip_01768,CREMA-D,CREMA-D_053
clip_01769,TESS,TESS_000
clip_01770,TESS,TESS_001
clip_01772,CREMA-D,CREMA-D_018
clip_01774,CREMA-D,CREMA-D_068
clip_01775,CREMA-D,CREMA-D_000
clip_01776,CREMA-D,CREMA-D_055
clip_01777,CREMA-D,CREMA-D_023
clip_01778,TESS,TESS_001
clip_01779,CREMA-D,CREMA-D_067
clip_01780,RAVDESS,RAVDESS_006
clip_01782,CREMA-D,CREMA-D_058
clip_01783,CREMA-D,CREMA-D_005
clip_01784,RAVDESS,RAVDESS_003
clip_01785,TESS,TESS_001
clip_01786,CREMA-D,CREMA-D_033
clip_01787,RAVDESS,RAVDESS_009
clip_01788,TESS,TESS_000
clip_01789,TESS,TESS_000
clip_01790,RAVDESS,RAVDESS_011
clip_01791,RAVDESS,RAVDESS_016
clip_01792,TESS,TESS_001
clip_01793,TESS,TESS_001
clip_01794,TESS,TESS_000
clip_01797,TESS,TESS_001
clip_01798,CREMA-D,CREMA-D_001
clip_01799,CREMA-D,CREMA-D_017
clip_01801,CREMA-D,CREMA-D_069
clip_01802,CREMA-D,CREMA-D_011
clip_01804,CREMA-D,CREMA-D_064
clip_01805,TESS,TESS_001
clip_01806,RAVDESS,RAVDESS_012
clip_01807,CREMA-D,CREMA-D_038
clip_01809,CREMA-D,CREMA-D_032
clip_01810,CREMA-D,CREMA-D_021
clip_01811,TESS,TESS_001
clip_01812,CREMA-D,CREMA-D_029
clip_01813,CREMA-D,CREMA-D_062
clip_01814,TESS,TESS_001
clip_01815,CREMA-D,CREMA-D_023
clip_01816,TESS,TESS_001
clip_01818,CREMA-D,CREMA-D_000
clip_01819,TESS,TESS_001
clip_01820,TESS,TESS_000
clip_01821,TESS,TESS_001
clip_01822,CREMA-D,CREMA-D_042
clip_01823,TESS,TESS_001
clip_01825,CREMA-D,CREMA-D_048
clip_01827,CREMA-D,CREMA-D_068
clip_01828,RAVDESS,RAVDESS_013
clip_01829,CREMA-D,CREMA-D_067
clip_01830,CREMA-D,CREMA-D_005
clip_01831,TESS,TESS_000
clip_01832,CREMA-D,CREMA-D_038
clip_01833,RAVDESS,RAVDESS_000
clip_01834,TESS,TESS_000
clip_01836,UNKNOWN,UNKNOWN_pool
clip_01837,RAVDESS,RAVDESS_007
clip_01838,CREMA-D,CREMA-D_001
clip_01840,CREMA-D,CREMA-D_061
clip_01841,CREMA-D,CREMA-D_016
clip_01842,TESS,TESS_001
clip_01843,CREMA-D,CREMA-D_043
clip_01844,CREMA-D,CREMA-D_035
clip_01845,TESS,TESS_001
clip_01847,CREMA-D,CREMA-D_068
clip_01848,CREMA-D,CREMA-D_063
clip_01849,CREMA-D,CREMA-D_023
clip_01851,CREMA-D,CREMA-D_060
clip_01852,CREMA-D,CREMA-D_037
clip_01854,CREMA-D,CREMA-D_005
clip_01855,CREMA-D,CREMA-D_001
clip_01856,RAVDESS,RAVDESS_016
clip_01857,TESS,TESS_001
clip_01858,CREMA-D,CREMA-D_062
clip_01859,TESS,TESS_001
clip_01860,TESS,TESS_001
clip_01861,CREMA-D,CREMA-D_067
clip_01862,TESS,TESS_000
clip_01863,CREMA-D,CREMA-D_054
clip_01864,CREMA-D,CREMA-D_052
clip_01867,TESS,TESS_001
clip_01868,CREMA-D,CREMA-D_018
clip_01869,CREMA-D,CREMA-D_034
clip_01870,CREMA-D,CREMA-D_006
clip_01871,CREMA-D,CREMA-D_060
clip_01874,TESS,TESS_001
clip_01875,TESS,TESS_001
clip_01876,TESS,TESS_000
clip_01878,CREMA-D,CREMA-D_046
clip_01879,TESS,TESS_000
clip_01880,CREMA-D,CREMA-D_067
clip_01881,CREMA-D,CREMA-D_043
clip_01882,CREMA-D,CREMA-D_069
clip_01884,CREMA-D,CREMA-D_044
clip_01885,CREMA-D,CREMA-D_068
clip_01886,TESS,TESS_001
clip_01887,CREMA-D,CREMA-D_017
clip_01888,CREMA-D,CREMA-D_027
clip_01889,RAVDESS,RAVDESS_014
clip_01890,CREMA-D,CREMA-D_054
clip_01891,CREMA-D,CREMA-D_038
clip_01892,CREMA-D,CREMA-D_012
clip_01893,TESS,TESS_000
clip_01894,RAVDESS,RAVDESS_005
clip_01895,CREMA-D,CREMA-D_057
clip_01896,CREMA-D,CREMA-D_015
clip_01898,CREMA-D,CREMA-D_017
clip_01899,TESS,TESS_001
clip_01900,TESS,TESS_001
clip_01901,CREMA-D,CREMA-D_042
clip_01902,TESS,TESS_000
clip_01903,CREMA-D,CREMA-D_003
clip_01904,CREMA-D,CREMA-D_002
clip_01905,CREMA-D,CREMA-D_014
clip_01907,TESS,TESS_001
clip_01909,TESS,TESS_001
clip_01910,CREMA-D,CREMA-D_043
clip_01911,TESS,TESS_001
clip_01912,CREMA-D,CREMA-D_060
clip_01913,CREMA-D,CREMA-D_016
clip_01914,TESS,TESS_000
clip_01915,CREMA-D,CREMA-D_054
clip_01916,CREMA-D,CREMA-D_028
clip_01917,CREMA-D,CREMA-D_010
clip_01919,CREMA-D,CREMA-D_041
clip_01920,CREMA-D,CREMA-D_033
clip_01921,UNKNOWN,UNKNOWN_pool
clip_01922,TESS,TESS_001
clip_01924,CREMA-D,CREMA-D_044
clip_01925,TESS,TESS_000
clip_01926,CREMA-D,CREMA-D_019
clip_01927,CREMA-D,CREMA-D_011
clip_01930,CREMA-D,CREMA-D_042
clip_01931,CREMA-D,CREMA-D_047
clip_01932,TESS,TESS_000
clip_01934,CREMA-D,CREMA-D_034
clip_01935,CREMA-D,CREMA-D_045
clip_01937,CREMA-D,CREMA-D_042
clip_01938,CREMA-D,CREMA-D_032
clip_01939,TESS,TESS_000
clip_01940,TESS,TESS_001
clip_01941,CREMA-D,CREMA-D_056
clip_01942,CREMA-D,CREMA-D_015
clip_01943,CREMA-D,CREMA-D_003
clip_01944,CREMA-D,CREMA-D_067
clip_01945,TESS,TESS_000
clip_01946,CREMA-D,CREMA-D_053
clip_01947,CREMA-D,CREMA-D_043
clip_01948,CREMA-D,CREMA-D_062
clip_01949,TESS,TESS_000
clip_01950,TESS,TESS_000
clip_01951,CREMA-D,CREMA-D_030
clip_01952,CREMA-D,CREMA-D_049
clip_01954,TESS,TESS_001
clip_01955,TESS,TESS_000
clip_01956,TESS,TESS_000
clip_01957,CREMA-D,CREMA-D_035
clip_01958,CREMA-D,CREMA-D_032
clip_01961,CREMA-D,CREMA-D_022
clip_01962,TESS,TESS_000
clip_01963,CREMA-D,CREMA-D_022
clip_01964,CREMA-D,CREMA-D_060
clip_01965,CREMA-D,CREMA-D_030
clip_01966,CREMA-D,CREMA-D_017
clip_01967,CREMA-D,CREMA-D_024
clip_01968,TESS,TESS_001
clip_01969,TESS,TESS_000
clip_01970,CREMA-D,CREMA-D_034
clip_01971,CREMA-D,CREMA-D_041
clip_01972,CREMA-D,CREMA-D_015
clip_01973,CREMA-D,CREMA-D_037
clip_01974,CREMA-D,CREMA-D_054
clip_01975,CREMA-D,CREMA-D_045
clip_01976,CREMA-D,CREMA-D_040
clip_01977,RAVDESS,RAVDESS_009
clip_01978,TESS,TESS_000
clip_01979,RAVDESS,RAVDESS_019
clip_01980,TESS,TESS_000
clip_01983,CREMA-D,CREMA-D_060
clip_01984,CREMA-D,CREMA-D_002
clip_01985,CREMA-D,CREMA-D_022
clip_01987,CREMA-D,CREMA-D_001
clip_01988,CREMA-D,CREMA-D_006
clip_01989,TESS,TESS_000
clip_01990,TESS,TESS_000
clip_01991,CREMA-D,CREMA-D_066
clip_01992,CREMA-D,CREMA-D_051
clip_01994,TESS,TESS_000
clip_01995,CREMA-D,CREMA-D_037
clip_01996,CREMA-D,CREMA-D_037
clip_01997,CREMA-D,CREMA-D_051
clip_01998,CREMA-D,CREMA-D_003
clip_01999,CREMA-D,CREMA-D_025
clip_02000,TESS,TESS_000
clip_02001,CREMA-D,CREMA-D_051
clip_02002,CREMA-D,CREMA-D_017
clip_02003,CREMA-D,CREMA-D_027
clip_02005,TESS,TESS_001
clip_02006,CREMA-D,CREMA-D_033
clip_02007,CREMA-D,CREMA-D_060
clip_02011,CREMA-D,CREMA-D_037
clip_02012,CREMA-D,CREMA-D_004
clip_02013,CREMA-D,CREMA-D_049
clip_02016,CREMA-D,CREMA-D_033
clip_02017,CREMA-D,CREMA-D_060
clip_02019,CREMA-D,CREMA-D_063
clip_02020,CREMA-D,CREMA-D_067
clip_02021,CREMA-D,CREMA-D_036
clip_02022,TESS,TESS_001
clip_02024,CREMA-D,CREMA-D_018
clip_02025,CREMA-D,CREMA-D_027
clip_02026,CREMA-D,CREMA-D_021
clip_02027,CREMA-D,CREMA-D_011
clip_02028,CREMA-D,CREMA-D_033
clip_02029,TESS,TESS_000
clip_02030,CREMA-D,CREMA-D_059
clip_02031,CREMA-D,CREMA-D_053
clip_02032,TESS,TESS_000
clip_02033,CREMA-D,CREMA-D_019
clip_02034,CREMA-D,CREMA-D_045
clip_02035,CREMA-D,CREMA-D_060
clip_02036,CREMA-D,CREMA-D_002
clip_02037,CREMA-D,CREMA-D_003
clip_02039,RAVDESS,RAVDESS_018
clip_02041,TESS,TESS_001
clip_02042,RAVDESS,RAVDESS_000
clip_02043,CREMA-D,CREMA-D_037
clip_02044,TESS,TESS_001
clip_02045,TESS,TESS_001
clip_02046,CREMA-D,CREMA-D_019
clip_02047,CREMA-D,CREMA-D_062
clip_02048,TESS,TESS_000
clip_02049,CREMA-D,CREMA-D_003
clip_02050,TESS,TESS_000
clip_02051,CREMA-D,CREMA-D_002
clip_02052,RAVDESS,RAVDESS_002
clip_02054,CREMA-D,CREMA-D_007
clip_02055,CREMA-D,CREMA-D_003
clip_02056,CREMA-D,CREMA-D_035
clip_02058,CREMA-D,CREMA-D_002
clip_02060,CREMA-D,CREMA-D_016
clip_02061,CREMA-D,CREMA-D_008
clip_02062,TESS,TESS_001
clip_02063,TESS,TESS_000
clip_02064,CREMA-D,CREMA-D_066
clip_02065,TESS,TESS_001
clip_02067,TESS,TESS_001
clip_02068,CREMA-D,CREMA-D_017
clip_02069,CREMA-D,CREMA-D_047
clip_02070,TESS,TESS_000
clip_02071,CREMA-D,CREMA-D_015
clip_02072,CREMA-D,CREMA-D_064
clip_02073,UNKNOWN,UNKNOWN_pool
clip_02074,CREMA-D,CREMA-D_030
clip_02075,TESS,TESS_001
clip_02076,CREMA-D,CREMA-D_040
clip_02079,CREMA-D,CREMA-D_044
clip_02080,CREMA-D,CREMA-D_055
clip_02081,CREMA-D,CREMA-D_063
clip_02082,CREMA-D,CREMA-D_014
clip_02083,CREMA-D,CREMA-D_036
clip_02084,RAVDESS,RAVDESS_010
clip_02085,TESS,TESS_001
clip_02087,TESS,TESS_000
clip_02088,CREMA-D,CREMA-D_003
clip_02089,CREMA-D,CREMA-D_002
clip_02090,TESS,TESS_001
clip_02091,CREMA-D,CREMA-D_008
clip_02093,CREMA-D,CREMA-D_000
clip_02094,CREMA-D,CREMA-D_023
clip_02095,CREMA-D,CREMA-D_048
clip_02096,CREMA-D,CREMA-D_021
clip_02097,CREMA-D,CREMA-D_050
clip_02098,CREMA-D,CREMA-D_017
clip_02099,CREMA-D,CREMA-D_044
clip_02100,CREMA-D,CREMA-D_008
clip_02101,TESS,TESS_001
clip_02102,CREMA-D,CREMA-D_017
clip_02103,TESS,TESS_001
clip_02104,CREMA-D,CREMA-D_032
clip_02105,CREMA-D,CREMA-D_060
clip_02106,RAVDESS,RAVDESS_013
clip_02107,TESS,TESS_001
clip_02108,CREMA-D,CREMA-D_046
clip_02109,CREMA-D,CREMA-D_034
clip_02110,CREMA-D,CREMA-D_032
clip_02111,TESS,TESS_000
clip_02112,CREMA-D,CREMA-D_027
clip_02114,TESS,TESS_000
clip_02115,CREMA-D,CREMA-D_022
clip_02116,TESS,TESS_001
clip_02117,CREMA-D,CREMA-D_064
clip_02118,CREMA-D,CREMA-D_020
clip_02120,TESS,TESS_001
clip_02121,CREMA-D,CREMA-D_056
clip_02122,CREMA-D,CREMA-D_033
clip_02123,CREMA-D,CREMA-D_002
clip_02124,TESS,TESS_001
clip_02128,CREMA-D,CREMA-D_052
clip_02130,CREMA-D,CREMA-D_036
clip_02133,TESS,TESS_000
clip_02134,TESS,TESS_001
clip_02135,UNKNOWN,UNKNOWN_pool
clip_02137,TESS,TESS_001
clip_02138,RAVDESS,RAVDESS_019
clip_02139,CREMA-D,CREMA-D_023
clip_02140,RAVDESS,RAVDESS_015
clip_02141,CREMA-D,CREMA-D_061
clip_02142,TESS,TESS_000
clip_02143,CREMA-D,CREMA-D_035
clip_02144,TESS,TESS_001
clip_02145,CREMA-D,CREMA-D_004
clip_02146,CREMA-D,CREMA-D_032
clip_02147,CREMA-D,CREMA-D_062
clip_02148,CREMA-D,CREMA-D_018
clip_02149,CREMA-D,CREMA-D_044
clip_02151,CREMA-D,CREMA-D_008
clip_02152,CREMA-D,CREMA-D_049
clip_02154,CREMA-D,CREMA-D_028
clip_02155,CREMA-D,CREMA-D_009
clip_02156,CREMA-D,CREMA-D_019
clip_02157,CREMA-D,CREMA-D_036
clip_02158,RAVDESS,RAVDESS_000
clip_02159,CREMA-D,CREMA-D_055
clip_02160,CREMA-D,CREMA-D_059
clip_02161,TESS,TESS_001
clip_02162,TESS,TESS_001
clip_02164,CREMA-D,CREMA-D_024
clip_02165,CREMA-D,CREMA-D_019
clip_02166,TESS,TESS_001
clip_02167,CREMA-D,CREMA-D_035
clip_02168,CREMA-D,CREMA-D_009
clip_02169,RAVDESS,RAVDESS_013
clip_02171,CREMA-D,CREMA-D_008
clip_02172,CREMA-D,CREMA-D_025
clip_02173,CREMA-D,CREMA-D_065
clip_02174,RAVDESS,RAVDESS_007
clip_02175,CREMA-D,CREMA-D_049
clip_02176,CREMA-D,CREMA-D_071
clip_02177,TESS,TESS_001
clip_02179,CREMA-D,CREMA-D_069
clip_02180,RAVDESS,RAVDESS_000
clip_02181,CREMA-D,CREMA-D_049
clip_02182,CREMA-D,CREMA-D_045
clip_02183,CREMA-D,CREMA-D_054
clip_02184,CREMA-D,CREMA-D_015
clip_02185,CREMA-D,CREMA-D_018
clip_02186,TESS,TESS_000
clip_02187,CREMA-D,CREMA-D_033
clip_02188,CREMA-D,CREMA-D_007
clip_02189,CREMA-D,CREMA-D_064
clip_02190,TESS,TESS_000
clip_02191,CREMA-D,CREMA-D_039
clip_02192,CREMA-D,CREMA-D_053
clip_02193,CREMA-D,CREMA-D_035
clip_02194,TESS,TESS_000
clip_02195,CREMA-D,CREMA-D_052
clip_02197,CREMA-D,CREMA-D_006
clip_02198,CREMA-D,CREMA-D_052
clip_02201,CREMA-D,CREMA-D_053
clip_02202,CREMA-D,CREMA-D_002
clip_02203,RAVDESS,RAVDESS_000
clip_02204,CREMA-D,CREMA-D_045
clip_02205,CREMA-D,CREMA-D_045
clip_02206,CREMA-D,CREMA-D_015
clip_02207,CREMA-D,CREMA-D_017
clip_02210,TESS,TESS_001
clip_02211,RAVDESS,RAVDESS_013
clip_02212,TESS,TESS_001
clip_02214,CREMA-D,CREMA-D_005
clip_02215,CREMA-D,CREMA-D_042
clip_02216,TESS,TESS_001
clip_02218,TESS,TESS_001
clip_02219,CREMA-D,CREMA-D_046
clip_02220,TESS,TESS_001
clip_02221,TESS,TESS_001
clip_02222,TESS,TESS_000
clip_02224,RAVDESS,RAVDESS_013
clip_02225,TESS,TESS_000
clip_02226,CREMA-D,CREMA-D_006
clip_02227,TESS,TESS_000
clip_02228,TESS,TESS_000
clip_02229,TESS,TESS_001
clip_02230,TESS,TESS_000
clip_02231,CREMA-D,CREMA-D_059
clip_02232,TESS,TESS_000
clip_02233,TESS,TESS_000
clip_02234,CREMA-D,CREMA-D_002
clip_02236,TESS,TESS_000
clip_02237,CREMA-D,CREMA-D_028
clip_02238,CREMA-D,CREMA-D_056
clip_02239,TESS,TESS_000
clip_02240,CREMA-D,CREMA-D_019
clip_02241,CREMA-D,CREMA-D_000
clip_02242,CREMA-D,CREMA-D_048
clip_02243,CREMA-D,CREMA-D_031
clip_02244,CREMA-D,CREMA-D_062
clip_02245,RAVDESS,RAVDESS_006
clip_02246,CREMA-D,CREMA-D_002
clip_02247,CREMA-D,CREMA-D_027
clip_02248,RAVDESS,RAVDESS_002
clip_02249,CREMA-D,CREMA-D_022
clip_02250,CREMA-D,CREMA-D_046
clip_02252,CREMA-D,CREMA-D_022
clip_02253,RAVDESS,RAVDESS_019
clip_02254,CREMA-D,CREMA-D_026
clip_02255,TESS,TESS_000
clip_02256,CREMA-D,CREMA-D_055
clip_02257,CREMA-D,CREMA-D_058
clip_02258,TESS,TESS_001
clip_02259,CREMA-D,CREMA-D_023
clip_02260,CREMA-D,CREMA-D_003
clip_02261,CREMA-D,CREMA-D_063
clip_02263,TESS,TESS_000
clip_02264,CREMA-D,CREMA-D_064
clip_02265,CREMA-D,CREMA-D_039
clip_02266,CREMA-D,CREMA-D_005
clip_02267,RAVDESS,RAVDESS_013
clip_02268,TESS,TESS_001
clip_02269,CREMA-D,CREMA-D_031
clip_02270,TESS,TESS_001
clip_02271,RAVDESS,RAVDESS_002
clip_02272,RAVDESS,RAVDESS_006
clip_02273,TESS,TESS_000
clip_02274,CREMA-D,CREMA-D_050
clip_02275,TESS,TESS_001
clip_02276,CREMA-D,CREMA-D_057
clip_02277,TESS,TESS_001
clip_02279,CREMA-D,CREMA-D_022
clip_02280,CREMA-D,CREMA-D_052
clip_02281,TESS,TESS_000
clip_02282,TESS,TESS_001
clip_02285,RAVDESS,RAVDESS_004
clip_02286,TESS,TESS_000
clip_02288,TESS,TESS_000
clip_02289,CREMA-D,CREMA-D_059
clip_02291,CREMA-D,CREMA-D_062
clip_02292,CREMA-D,CREMA-D_034
clip_02293,CREMA-D,CREMA-D_011
clip_02294,CREMA-D,CREMA-D_013
clip_02295,CREMA-D,CREMA-D_003
clip_02296,CREMA-D,CREMA-D_059
clip_02297,TESS,TESS_001
clip_02298,CREMA-D,CREMA-D_013
clip_02299,RAVDESS,RAVDESS_017
clip_02300,RAVDESS,RAVDESS_012
clip_02301,CREMA-D,CREMA-D_013
clip_02302,CREMA-D,CREMA-D_058
clip_02303,CREMA-D,CREMA-D_015
clip_02304,TESS,TESS_000
clip_02305,CREMA-D,CREMA-D_038
clip_02306,CREMA-D,CREMA-D_011
clip_02307,CREMA-D,CREMA-D_055
clip_02309,RAVDESS,RAVDESS_005
clip_02310,CREMA-D,CREMA-D_037
clip_02312,RAVDESS,RAVDESS_013
clip_02313,TESS,TESS_000
clip_02314,CREMA-D,CREMA-D_027
clip_02317,CREMA-D,CREMA-D_059
clip_02318,CREMA-D,CREMA-D_002
clip_02319,TESS,TESS_001
clip_02320,CREMA-D,CREMA-D_000
clip_02321,TESS,TESS_000
clip_02322,CREMA-D,CREMA-D_010
clip_02323,CREMA-D,CREMA-D_018
clip_02324,CREMA-D,CREMA-D_002
clip_02326,CREMA-D,CREMA-D_018
clip_02327,CREMA-D,CREMA-D_022
clip_02328,CREMA-D,CREMA-D_062
clip_02329,CREMA-D,CREMA-D_019
clip_02330,CREMA-D,CREMA-D_030
clip_02331,RAVDESS,RAVDESS_006
clip_02332,CREMA-D,CREMA-D_053
clip_02333,CREMA-D,CREMA-D_061
clip_02334,TESS,TESS_000
clip_02335,CREMA-D,CREMA-D_014
clip_02336,RAVDESS,RAVDESS_000
clip_02337,CREMA-D,CREMA-D_003
clip_02338,CREMA-D,CREMA-D_034
clip_02340,CREMA-D,CREMA-D_018
clip_02341,RAVDESS,RAVDESS_007
clip_02342,UNKNOWN,UNKNOWN_pool
clip_02344,TESS,TESS_001
clip_02345,CREMA-D,CREMA-D_014
clip_02346,CREMA-D,CREMA-D_006
clip_02347,RAVDESS,RAVDESS_009
clip_02348,CREMA-D,CREMA-D_018
clip_02349,CREMA-D,CREMA-D_037
clip_02350,CREMA-D,CREMA-D_030
clip_02351,CREMA-D,CREMA-D_040
clip_02352,CREMA-D,CREMA-D_071
clip_02353,CREMA-D,CREMA-D_024
clip_02354,CREMA-D,CREMA-D_015
clip_02355,CREMA-D,CREMA-D_011
clip_02356,TESS,TESS_000
clip_02357,RAVDESS,RAVDESS_005
clip_02358,TESS,TESS_000
clip_02359,CREMA-D,CREMA-D_018
clip_02360,CREMA-D,CREMA-D_053
clip_02361,RAVDESS,RAVDESS_019
clip_02362,CREMA-D,CREMA-D_025
clip_02363,CREMA-D,CREMA-D_066
clip_02364,TESS,TESS_001
clip_02365,CREMA-D,CREMA-D_001
clip_02366,CREMA-D,CREMA-D_000
clip_02367,CREMA-D,CREMA-D_065
clip_02368,CREMA-D,CREMA-D_030
clip_02370,CREMA-D,CREMA-D_050
clip_02371,TESS,TESS_001
clip_02376,TESS,TESS_001
clip_02378,CREMA-D,CREMA-D_036
clip_02379,CREMA-D,CREMA-D_059
clip_02380,CREMA-D,CREMA-D_038
clip_02381,CREMA-D,CREMA-D_023
clip_02382,RAVDESS,RAVDESS_017
clip_02383,CREMA-D,CREMA-D_063
clip_02385,CREMA-D,CREMA-D_008
clip_02386,CREMA-D,CREMA-D_011
clip_02388,CREMA-D,CREMA-D_043
clip_02389,TESS,TESS_001
clip_02390,CREMA-D,CREMA-D_052
clip_02393,TESS,TESS_001
clip_02394,CREMA-D,CREMA-D_059
clip_02395,TESS,TESS_000
clip_02397,CREMA-D,CREMA-D_003
clip_02399,CREMA-D,CREMA-D_001
clip_02400,CREMA-D,CREMA-D_007
clip_02401,CREMA-D,CREMA-D_060
clip_02402,CREMA-D,CREMA-D_029
clip_02403,TESS,TESS_001
clip_02404,CREMA-D,CREMA-D_069
clip_02406,CREMA-D,CREMA-D_042
clip_02408,CREMA-D,CREMA-D_065
clip_02409,CREMA-D,CREMA-D_011
clip_02410,CREMA-D,CREMA-D_011
clip_02411,CREMA-D,CREMA-D_061
clip_02412,TESS,TESS_001
clip_02414,RAVDESS,RAVDESS_019
clip_02415,CREMA-D,CREMA-D_038
clip_02416,TESS,TESS_001
clip_02417,CREMA-D,CREMA-D_070
clip_02418,CREMA-D,CREMA-D_042
clip_02420,TESS,TESS_001
clip_02421,CREMA-D,CREMA-D_070
clip_02422,CREMA-D,CREMA-D_005
clip_02424,CREMA-D,CREMA-D_064
clip_02425,TESS,TESS_000
clip_02426,TESS,TESS_000
clip_02427,CREMA-D,CREMA-D_016
clip_02428,RAVDESS,RAVDESS_007
clip_02429,RAVDESS,RAVDESS_013
clip_02430,CREMA-D,CREMA-D_041
clip_02431,CREMA-D,CREMA-D_012
clip_02432,TESS,TESS_000
clip_02433,CREMA-D,CREMA-D_061
clip_02434,CREMA-D,CREMA-D_026
clip_02435,TESS,TESS_000
clip_02436,CREMA-D,CREMA-D_021
clip_02437,CREMA-D,CREMA-D_000
clip_02438,TESS,TESS_001
clip_02439,CREMA-D,CREMA-D_018
clip_02441,TESS,TESS_000
clip_02442,CREMA-D,CREMA-D_002
clip_02443,TESS,TESS_001
clip_02444,RAVDESS,RAVDESS_008
clip_02445,CREMA-D,CREMA-D_056
clip_02446,CREMA-D,CREMA-D_055
clip_02448,CREMA-D,CREMA-D_036
clip_02449,CREMA-D,CREMA-D_062
clip_02450,CREMA-D,CREMA-D_034
clip_02451,RAVDESS,RAVDESS_001
clip_02452,TESS,TESS_001
clip_02453,TESS,TESS_001
clip_02454,CREMA-D,CREMA-D_020
clip_02455,CREMA-D,CREMA-D_069
clip_02456,RAVDESS,RAVDESS_008
clip_02457,TESS,TESS_000
clip_02458,CREMA-D,CREMA-D_004
clip_02460,CREMA-D,CREMA-D_025
clip_02461,CREMA-D,CREMA-D_010
clip_02462,CREMA-D,CREMA-D_004
clip_02463,RAVDESS,RAVDESS_019
clip_02464,CREMA-D,CREMA-D_020
clip_02465,CREMA-D,CREMA-D_057
clip_02466,CREMA-D,CREMA-D_008
clip_02467,TESS,TESS_001
clip_02469,TESS,TESS_000
clip_02470,CREMA-D,CREMA-D_056
clip_02471,CREMA-D,CREMA-D_007
clip_02472,CREMA-D,CREMA-D_062
clip_02473,CREMA-D,CREMA-D_021
clip_02474,TESS,TESS_000
clip_02475,TESS,TESS_000
clip_02476,CREMA-D,CREMA-D_064
clip_02477,RAVDESS,RAVDESS_012
clip_02479,CREMA-D,CREMA-D_057
clip_02480,CREMA-D,CREMA-D_071
clip_02481,CREMA-D,CREMA-D_028
clip_02482,CREMA-D,CREMA-D_003
clip_02483,TESS,TESS_000
clip_02485,CREMA-D,CREMA-D_046
clip_02486,TESS,TESS_000
clip_02487,CREMA-D,CREMA-D_002
clip_02488,TESS,TESS_001
clip_02491,TESS,TESS_001
clip_02492,RAVDESS,RAVDESS_000
clip_02495,TESS,TESS_001
clip_02496,CREMA-D,CREMA-D_052
clip_02497,CREMA-D,CREMA-D_006
clip_02500,CREMA-D,CREMA-D_026
clip_02502,CREMA-D,CREMA-D_069
clip_02506,CREMA-D,CREMA-D_048
clip_02507,CREMA-D,CREMA-D_019
clip_02508,CREMA-D,CREMA-D_001
clip_02510,CREMA-D,CREMA-D_018
clip_02512,CREMA-D,CREMA-D_001
clip_02513,CREMA-D,CREMA-D_071
clip_02515,TESS,TESS_001
clip_02516,CREMA-D,CREMA-D_069
clip_02518,RAVDESS,RAVDESS_007
clip_02519,CREMA-D,CREMA-D_055
clip_02521,CREMA-D,CREMA-D_038
clip_02522,CREMA-D,CREMA-D_003
clip_02523,TESS,TESS_000
clip_02524,CREMA-D,CREMA-D_043
clip_02525,CREMA-D,CREMA-D_071
clip_02526,RAVDESS,RAVDESS_008
clip_02529,CREMA-D,CREMA-D_055
clip_02530,TESS,TESS_000
clip_02531,CREMA-D,CREMA-D_039
clip_02532,CREMA-D,CREMA-D_011
clip_02533,CREMA-D,CREMA-D_064
clip_02534,CREMA-D,CREMA-D_061
clip_02535,RAVDESS,RAVDESS_011
clip_02536,CREMA-D,CREMA-D_064
clip_02537,TESS,TESS_001
clip_02538,CREMA-D,CREMA-D_067
clip_02539,TESS,TESS_001
clip_02540,CREMA-D,CREMA-D_020
clip_02541,TESS,TESS_001
clip_02542,CREMA-D,CREMA-D_052
clip_02543,CREMA-D,CREMA-D_042
clip_02544,CREMA-D,CREMA-D_028
clip_02545,TESS,TESS_001
clip_02546,CREMA-D,CREMA-D_040
clip_02547,CREMA-D,CREMA-D_045
clip_02549,CREMA-D,CREMA-D_028
clip_02550,CREMA-D,CREMA-D_045
clip_02551,CREMA-D,CREMA-D_061
clip_02552,CREMA-D,CREMA-D_020
clip_02554,CREMA-D,CREMA-D_001
clip_02556,CREMA-D,CREMA-D_014
clip_02557,TESS,TESS_001
clip_02558,CREMA-D,CREMA-D_028
clip_02559,CREMA-D,CREMA-D_025
clip_02560,CREMA-D,CREMA-D_055
clip_02561,TESS,TESS_000
clip_02562,TESS,TESS_000
clip_02563,CREMA-D,CREMA-D_041
clip_02564,CREMA-D,CREMA-D_056
clip_02565,TESS,TESS_001
clip_02566,CREMA-D,CREMA-D_060
clip_02568,CREMA-D,CREMA-D_031
clip_02569,RAVDESS,RAVDESS_018
clip_02570,CREMA-D,CREMA-D_002
clip_02571,CREMA-D,CREMA-D_061
clip_02572,TESS,TESS_001
clip_02573,TESS,TESS_001
clip_02574,CREMA-D,CREMA-D_071
clip_02575,CREMA-D,CREMA-D_060
clip_02576,CREMA-D,CREMA-D_038
clip_02577,CREMA-D,CREMA-D_017
clip_02579,CREMA-D,CREMA-D_058
clip_02580,RAVDESS,RAVDESS_012
clip_02581,CREMA-D,CREMA-D_028
clip_02582,CREMA-D,CREMA-D_068
clip_02583,CREMA-D,CREMA-D_056
clip_02584,CREMA-D,CREMA-D_002
clip_02585,CREMA-D,CREMA-D_065
clip_02586,CREMA-D,CREMA-D_028
clip_02587,TESS,TESS_001
clip_02588,CREMA-D,CREMA-D_054
clip_02590,CREMA-D,CREMA-D_032
clip_02592,TESS,TESS_000
clip_02593,CREMA-D,CREMA-D_003
clip_02594,CREMA-D,CREMA-D_032
clip_02595,CREMA-D,CREMA-D_031
clip_02596,TESS,TESS_001
clip_02597,RAVDESS,RAVDESS_016
clip_02598,CREMA-D,CREMA-D_001
clip_02599,TESS,TESS_001
clip_02600,CREMA-D,CREMA-D_036
clip_02601,CREMA-D,CREMA-D_000
clip_02602,TESS,TESS_000
clip_02603,TESS,TESS_000
clip_02604,TESS,TESS_000
clip_02605,CREMA-D,CREMA-D_005
clip_02606,CREMA-D,CREMA-D_059
clip_02607,CREMA-D,CREMA-D_014
clip_02608,TESS,TESS_000
clip_02609,CREMA-D,CREMA-D_006
clip_02610,CREMA-D,CREMA-D_059
clip_02612,TESS,TESS_000
clip_02613,CREMA-D,CREMA-D_027
clip_02615,TESS,TESS_000
clip_02616,RAVDESS,RAVDESS_014
clip_02618,CREMA-D,CREMA-D_027
clip_02619,CREMA-D,CREMA-D_019
clip_02621,CREMA-D,CREMA-D_034
clip_02622,CREMA-D,CREMA-D_042
clip_02623,RAVDESS,RAVDESS_006
clip_02624,CREMA-D,CREMA-D_003
clip_02625,CREMA-D,CREMA-D_044
clip_02626,CREMA-D,CREMA-D_058
clip_02627,CREMA-D,CREMA-D_022
clip_02628,CREMA-D,CREMA-D_071
clip_02629,UNKNOWN,UNKNOWN_pool
clip_02630,CREMA-D,CREMA-D_058
clip_02631,CREMA-D,CREMA-D_062
clip_02632,CREMA-D,CREMA-D_034
clip_02633,CREMA-D,CREMA-D_018
clip_02634,CREMA-D,CREMA-D_041
clip_02635,CREMA-D,CREMA-D_067
clip_02636,TESS,TESS_001
clip_02637,CREMA-D,CREMA-D_059
clip_02638,CREMA-D,CREMA-D_062
clip_02639,RAVDESS,RAVDESS_003
clip_02640,CREMA-D,CREMA-D_029
clip_02641,CREMA-D,CREMA-D_033
clip_02642,RAVDESS,RAVDESS_002
clip_02643,CREMA-D,CREMA-D_025
clip_02646,CREMA-D,CREMA-D_046
clip_02647,CREMA-D,CREMA-D_050
clip_02648,CREMA-D,CREMA-D_046
clip_02649,CREMA-D,CREMA-D_042
clip_02650,TESS,TESS_000
clip_02651,CREMA-D,CREMA-D_056
clip_02653,RAVDESS,RAVDESS_002
clip_02654,TESS,TESS_001
clip_02658,RAVDESS,RAVDESS_013
clip_02659,CREMA-D,CREMA-D_067
clip_02660,TESS,TESS_000
clip_02661,CREMA-D,CREMA-D_054
clip_02663,CREMA-D,CREMA-D_014
clip_02664,RAVDESS,RAVDESS_015
clip_02665,RAVDESS,RAVDESS_015
clip_02666,TESS,TESS_001
clip_02667,TESS,TESS_000
clip_02668,CREMA-D,CREMA-D_014
clip_02669,CREMA-D,CREMA-D_060
clip_02670,CREMA-D,CREMA-D_041
clip_02671,TESS,TESS_000
clip_02672,CREMA-D,CREMA-D_064
clip_02673,CREMA-D,CREMA-D_031
clip_02674,TESS,TESS_000
clip_02675,CREMA-D,CREMA-D_007
clip_02677,CREMA-D,CREMA-D_009
clip_02678,CREMA-D,CREMA-D_071
clip_02679,CREMA-D,CREMA-D_066
clip_02680,TESS,TESS_001
clip_02681,TESS,TESS_000
clip_02682,TESS,TESS_000
clip_02684,CREMA-D,CREMA-D_038
clip_02685,CREMA-D,CREMA-D_046
clip_02686,CREMA-D,CREMA-D_011
clip_02687,CREMA-D,CREMA-D_020
clip_02688,CREMA-D,CREMA-D_044
clip_02689,CREMA-D,CREMA-D_037
clip_02690,TESS,TESS_001
clip_02691,TESS,TESS_001
clip_02692,CREMA-D,CREMA-D_011
clip_02693,CREMA-D,CREMA-D_041
clip_02694,CREMA-D,CREMA-D_021
clip_02696,CREMA-D,CREMA-D_004
clip_02697,CREMA-D,CREMA-D_032
clip_02699,CREMA-D,CREMA-D_070
clip_02702,TESS,TESS_001
clip_02703,CREMA-D,CREMA-D_030
clip_02705,CREMA-D,CREMA-D_038
clip_02706,CREMA-D,CREMA-D_059
clip_02707,CREMA-D,CREMA-D_002
clip_02708,CREMA-D,CREMA-D_021
clip_02709,CREMA-D,CREMA-D_022
clip_02710,CREMA-D,CREMA-D_041
clip_02711,CREMA-D,CREMA-D_034
clip_02712,RAVDESS,RAVDESS_017
clip_02713,CREMA-D,CREMA-D_002
clip_02714,TESS,TESS_001
clip_02715,TESS,TESS_000
clip_02716,CREMA-D,CREMA-D_030
clip_02717,TESS,TESS_001
clip_02719,TESS,TESS_001
clip_02720,TESS,TESS_000
clip_02721,RAVDESS,RAVDESS_019
clip_02723,TESS,TESS_001
clip_02725,RAVDESS,RAVDESS_008
clip_02726,RAVDESS,RAVDESS_008
clip_02728,TESS,TESS_000
clip_02729,CREMA-D,CREMA-D_045
clip_02730,CREMA-D,CREMA-D_039
clip_02731,CREMA-D,CREMA-D_051
clip_02732,CREMA-D,CREMA-D_028
clip_02733,CREMA-D,CREMA-D_059
clip_02734,CREMA-D,CREMA-D_007
clip_02736,RAVDESS,RAVDESS_004
clip_02737,RAVDESS,RAVDESS_011
clip_02738,CREMA-D,CREMA-D_059
clip_02739,CREMA-D,CREMA-D_036
clip_02740,CREMA-D,CREMA-D_049
clip_02742,CREMA-D,CREMA-D_009
clip_02744,CREMA-D,CREMA-D_057
clip_02745,CREMA-D,CREMA-D_002
clip_02746,CREMA-D,CREMA-D_025
clip_02749,RAVDESS,RAVDESS_006
clip_02751,CREMA-D,CREMA-D_062
clip_02752,TESS,TESS_001
clip_02753,CREMA-D,CREMA-D_063
clip_02754,TESS,TESS_001
clip_02757,TESS,TESS_001
clip_02758,RAVDESS,RAVDESS_008
clip_02762,RAVDESS,RAVDESS_001
clip_02763,TESS,TESS_000
clip_02764,CREMA-D,CREMA-D_029
clip_02765,CREMA-D,CREMA-D_017
clip_02766,CREMA-D,CREMA-D_064
clip_02767,RAVDESS,RAVDESS_016
clip_02768,CREMA-D,CREMA-D_015
clip_02769,RAVDESS,RAVDESS_001
clip_02770,CREMA-D,CREMA-D_018
clip_02771,CREMA-D,CREMA-D_020
clip_02772,TESS,TESS_000
clip_02774,CREMA-D,CREMA-D_011
clip_02775,RAVDESS,RAVDESS_014
clip_02776,CREMA-D,CREMA-D_022
clip_02777,CREMA-D,CREMA-D_045
clip_02778,CREMA-D,CREMA-D_002
clip_02779,CREMA-D,CREMA-D_018
clip_02780,CREMA-D,CREMA-D_065
clip_02781,CREMA-D,CREMA-D_033
clip_02782,TESS,TESS_001
clip_02784,CREMA-D,CREMA-D_055
clip_02785,RAVDESS,RAVDESS_014
clip_02787,CREMA-D,CREMA-D_025
clip_02790,TESS,TESS_001
clip_02793,CREMA-D,CREMA-D_054
clip_02794,UNKNOWN,UNKNOWN_pool
clip_02795,CREMA-D,CREMA-D_041
clip_02797,RAVDESS,RAVDESS_012
clip_02798,RAVDESS,RAVDESS_011
clip_02799,TESS,TESS_001
clip_02800,CREMA-D,CREMA-D_011
clip_02801,TESS,TESS_000
clip_02802,TESS,TESS_001
clip_02803,CREMA-D,CREMA-D_068
clip_02804,CREMA-D,CREMA-D_024
clip_02805,TESS,TESS_001
clip_02807,CREMA-D,CREMA-D_034
clip_02808,CREMA-D,CREMA-D_043
clip_02809,CREMA-D,CREMA-D_066
clip_02812,CREMA-D,CREMA-D_048
clip_02813,CREMA-D,CREMA-D_043
clip_02814,TESS,TESS_001
clip_02815,CREMA-D,CREMA-D_002
clip_02816,TESS,TESS_000
clip_02817,CREMA-D,CREMA-D_038
clip_02818,CREMA-D,CREMA-D_018
clip_02820,CREMA-D,CREMA-D_068
clip_02821,CREMA-D,CREMA-D_034
clip_02822,CREMA-D,CREMA-D_049
clip_02823,CREMA-D,CREMA-D_037
clip_02824,TESS,TESS_000
clip_02825,TESS,TESS_000
clip_02826,CREMA-D,CREMA-D_060
clip_02827,CREMA-D,CREMA-D_037
clip_02828,TESS,TESS_001
clip_02829,TESS,TESS_001
clip_02830,CREMA-D,CREMA-D_048
clip_02831,CREMA-D,CREMA-D_004
clip_02834,RAVDESS,RAVDESS_008
clip_02835,CREMA-D,CREMA-D_068
clip_02836,CREMA-D,CREMA-D_028
clip_02837,CREMA-D,CREMA-D_064
clip_02839,CREMA-D,CREMA-D_033
clip_02840,TESS,TESS_001
clip_02841,CREMA-D,CREMA-D_052
clip_02843,CREMA-D,CREMA-D_068
clip_02844,TESS,TESS_001
clip_02845,CREMA-D,CREMA-D_003
clip_02846,TESS,TESS_001
clip_02847,RAVDESS,RAVDESS_013
clip_02848,RAVDESS,RAVDESS_008
clip_02849,RAVDESS,RAVDESS_014
clip_02850,CREMA-D,CREMA-D_069
clip_02851,TESS,TESS_001
clip_02852,CREMA-D,CREMA-D_000
clip_02853,TESS,TESS_000
clip_02854,CREMA-D,CREMA-D_011
clip_02855,CREMA-D,CREMA-D_055
clip_02857,TESS,TESS_000
clip_02858,TESS,TESS_001
clip_02860,TESS,TESS_001
clip_02861,CREMA-D,CREMA-D_003
clip_02862,RAVDESS,RAVDESS_011
clip_02863,CREMA-D,CREMA-D_039
clip_02864,CREMA-D,CREMA-D_019
clip_02865,TESS,TESS_000
clip_02866,CREMA-D,CREMA-D_006
clip_02867,TESS,TESS_000
clip_02869,CREMA-D,CREMA-D_041
clip_02870,CREMA-D,CREMA-D_008
clip_02871,CREMA-D,CREMA-D_069
clip_02872,CREMA-D,CREMA-D_035
clip_02873,TESS,TESS_000
clip_02874,TESS,TESS_001
clip_02875,TESS,TESS_001
clip_02876,CREMA-D,CREMA-D_002
clip_02877,CREMA-D,CREMA-D_066
clip_02878,CREMA-D,CREMA-D_062
clip_02879,CREMA-D,CREMA-D_063
clip_02880,TESS,TESS_001
clip_02881,CREMA-D,CREMA-D_060
clip_02882,CREMA-D,CREMA-D_067
clip_02883,RAVDESS,RAVDESS_003
clip_02884,CREMA-D,CREMA-D_017
clip_02885,CREMA-D,CREMA-D_056
clip_02886,CREMA-D,CREMA-D_065
clip_02887,CREMA-D,CREMA-D_018
clip_02888,TESS,TESS_001
clip_02889,TESS,TESS_000
clip_02890,CREMA-D,CREMA-D_032
clip_02891,CREMA-D,CREMA-D_068
clip_02892,CREMA-D,CREMA-D_029
clip_02893,CREMA-D,CREMA-D_034
clip_02894,CREMA-D,CREMA-D_067
clip_02895,CREMA-D,CREMA-D_037
clip_02896,TESS,TESS_000
clip_02897,CREMA-D,CREMA-D_018
clip_02898,CREMA-D,CREMA-D_015
clip_02899,TESS,TESS_000
clip_02900,CREMA-D,CREMA-D_056
clip_02901,TESS,TESS_001
clip_02902,TESS,TESS_000
clip_02904,CREMA-D,CREMA-D_005
clip_02905,TESS,TESS_000
clip_02906,CREMA-D,CREMA-D_055
clip_02907,TESS,TESS_000
clip_02908,RAVDESS,RAVDESS_001
clip_02909,CREMA-D,CREMA-D_033
clip_02910,CREMA-D,CREMA-D_045
clip_02911,CREMA-D,CREMA-D_071
clip_02912,TESS,TESS_001
clip_02913,CREMA-D,CREMA-D_008
clip_02914,CREMA-D,CREMA-D_059
clip_02916,TESS,TESS_000
clip_02917,TESS,TESS_001
clip_02918,CREMA-D,CREMA-D_020
clip_02920,TESS,TESS_001
clip_02921,CREMA-D,CREMA-D_010
clip_02922,CREMA-D,CREMA-D_044
clip_02924,CREMA-D,CREMA-D_062
clip_02925,TESS,TESS_001
clip_02927,CREMA-D,CREMA-D_039
clip_02928,TESS,TESS_001
clip_02929,CREMA-D,CREMA-D_064
clip_02930,RAVDESS,RAVDESS_014
clip_02933,CREMA-D,CREMA-D_061
clip_02934,CREMA-D,CREMA-D_055
clip_02936,CREMA-D,CREMA-D_012
clip_02937,CREMA-D,CREMA-D_023
clip_02938,CREMA-D,CREMA-D_008
clip_02939,CREMA-D,CREMA-D_054
clip_02940,CREMA-D,CREMA-D_036
clip_02941,CREMA-D,CREMA-D_003
clip_02942,TESS,TESS_001
clip_02943,CREMA-D,CREMA-D_042
clip_02944,CREMA-D,CREMA-D_069
clip_02946,CREMA-D,CREMA-D_036
clip_02948,RAVDESS,RAVDESS_019
clip_02949,CREMA-D,CREMA-D_025
clip_02950,TESS,TESS_001
clip_02951,CREMA-D,CREMA-D_058
clip_02952,CREMA-D,CREMA-D_004
clip_02953,TESS,TESS_000
clip_02954,CREMA-D,CREMA-D_029
clip_02955,CREMA-D,CREMA-D_032
clip_02956,TESS,TESS_001
clip_02957,CREMA-D,CREMA-D_007
clip_02958,TESS,TESS_001
clip_02959,CREMA-D,CREMA-D_031
clip_02960,CREMA-D,CREMA-D_009
clip_02962,RAVDESS,RAVDESS_014
clip_02963,CREMA-D,CREMA-D_017
clip_02964,RAVDESS,RAVDESS_017
clip_02965,CREMA-D,CREMA-D_067
clip_02966,TESS,TESS_000
clip_02968,TESS,TESS_000
clip_02969,CREMA-D,CREMA-D_066
clip_02970,TESS,TESS_001
clip_02971,RAVDESS,RAVDESS_004
clip_02972,TESS,TESS_000
clip_02974,TESS,TESS_000
clip_02975,CREMA-D,CREMA-D_001
clip_02976,TESS,TESS_001
clip_02977,CREMA-D,CREMA-D_045
clip_02978,CREMA-D,CREMA-D_056
clip_02979,CREMA-D,CREMA-D_053
clip_02980,TESS,TESS_000
clip_02982,CREMA-D,CREMA-D_070
clip_02983,CREMA-D,CREMA-D_037
clip_02984,CREMA-D,CREMA-D_062
clip_02987,CREMA-D,CREMA-D_017
clip_02988,CREMA-D,CREMA-D_034
clip_02989,CREMA-D,CREMA-D_019
clip_02990,TESS,TESS_000
clip_02991,CREMA-D,CREMA-D_054
clip_02992,CREMA-D,CREMA-D_011
clip_02994,TESS,TESS_001
clip_02995,TESS,TESS_000
clip_02996,CREMA-D,CREMA-D_044
clip_02997,CREMA-D,CREMA-D_030
clip_02998,CREMA-D,CREMA-D_035
clip_02999,CREMA-D,CREMA-D_019
clip_03000,CREMA-D,CREMA-D_060
clip_03002,TESS,TESS_000
clip_03003,TESS,TESS_000
clip_03004,RAVDESS,RAVDESS_005
clip_03005,CREMA-D,CREMA-D_037
clip_03006,TESS,TESS_000
clip_03007,TESS,TESS_000
clip_03008,TESS,TESS_001
clip_03009,CREMA-D,CREMA-D_018
clip_03010,CREMA-D,CREMA-D_050
clip_03012,CREMA-D,CREMA-D_063
clip_03013,TESS,TESS_000
clip_03014,CREMA-D,CREMA-D_032
clip_03015,TESS,TESS_000
clip_03016,RAVDESS,RAVDESS_014
clip_03018,CREMA-D,CREMA-D_064
clip_03020,CREMA-D,CREMA-D_034
clip_03022,CREMA-D,CREMA-D_003
clip_03023,CREMA-D,CREMA-D_055
clip_03024,CREMA-D,CREMA-D_069
clip_03028,TESS,TESS_000
clip_03029,TESS,TESS_000
clip_03030,CREMA-D,CREMA-D_017
clip_03032,TESS,TESS_001
clip_03033,CREMA-D,CREMA-D_003
clip_03034,TESS,TESS_000
clip_03035,TESS,TESS_000
clip_03036,CREMA-D,CREMA-D_040
clip_03037,TESS,TESS_000
clip_03038,TESS,TESS_001
clip_03039,CREMA-D,CREMA-D_031
clip_03040,CREMA-D,CREMA-D_033
clip_03042,TESS,TESS_000
clip_03043,CREMA-D,CREMA-D_047
clip_03044,CREMA-D,CREMA-D_019
clip_03046,CREMA-D,CREMA-D_069
clip_03047,CREMA-D,CREMA-D_054
clip_03048,RAVDESS,RAVDESS_000
clip_03050,TESS,TESS_001
clip_03052,TESS,TESS_001
clip_03053,RAVDESS,RAVDESS_011
clip_03055,CREMA-D,CREMA-D_022
clip_03056,CREMA-D,CREMA-D_068
clip_03057,TESS,TESS_000
clip_03058,CREMA-D,CREMA-D_037
clip_03060,CREMA-D,CREMA-D_020
clip_03061,CREMA-D,CREMA-D_019
clip_03062,TESS,TESS_000
clip_03063,TESS,TESS_000
clip_03064,CREMA-D,CREMA-D_016
clip_03065,CREMA-D,CREMA-D_024
clip_03067,CREMA-D,CREMA-D_035
clip_03068,RAVDESS,RAVDESS_007
clip_03069,CREMA-D,CREMA-D_029
clip_03070,CREMA-D,CREMA-D_011
clip_03071,CREMA-D,CREMA-D_066
clip_03072,RAVDESS,RAVDESS_011
clip_03073,CREMA-D,CREMA-D_051
clip_03074,CREMA-D,CREMA-D_011
clip_03075,CREMA-D,CREMA-D_004
clip_03076,CREMA-D,CREMA-D_065
clip_03077,RAVDESS,RAVDESS_014
clip_03078,RAVDESS,RAVDESS_007
clip_03079,CREMA-D,CREMA-D_020
clip_03081,TESS,TESS_001
clip_03082,CREMA-D,CREMA-D_005
clip_03083,CREMA-D,CREMA-D_008
clip_03084,CREMA-D,CREMA-D_038
clip_03085,TESS,TESS_001
clip_03086,CREMA-D,CREMA-D_047
clip_03087,CREMA-D,CREMA-D_036
clip_03088,CREMA-D,CREMA-D_006
clip_03090,CREMA-D,CREMA-D_022
clip_03093,TESS,TESS_001
clip_03094,CREMA-D,CREMA-D_059
clip_03095,CREMA-D,CREMA-D_037
clip_03097,TESS,TESS_001
clip_03099,TESS,TESS_000
clip_03101,CREMA-D,CREMA-D_062
clip_03102,CREMA-D,CREMA-D_064
clip_03103,RAVDESS,RAVDESS_000
clip_03104,CREMA-D,CREMA-D_057
clip_03105,CREMA-D,CREMA-D_043
clip_03106,CREMA-D,CREMA-D_014
clip_03108,CREMA-D,CREMA-D_049
clip_03109,TESS,TESS_000
clip_03110,CREMA-D,CREMA-D_014
clip_03111,CREMA-D,CREMA-D_038
clip_03112,CREMA-D,CREMA-D_038
clip_03113,CREMA-D,CREMA-D_014
clip_03114,TESS,TESS_000
clip_03116,CREMA-D,CREMA-D_042
clip_03117,TESS,TESS_000
clip_03118,CREMA-D,CREMA-D_004
clip_03120,UNKNOWN,UNKNOWN_pool
clip_03123,CREMA-D,CREMA-D_038
clip_03125,CREMA-D,CREMA-D_046
clip_03126,CREMA-D,CREMA-D_038
clip_03127,RAVDESS,RAVDESS_014
clip_03128,CREMA-D,CREMA-D_056
clip_03129,CREMA-D,CREMA-D_069
clip_03130,TESS,TESS_001
clip_03131,TESS,TESS_000
clip_03132,CREMA-D,CREMA-D_020
clip_03133,TESS,TESS_001
clip_03135,TESS,TESS_001
clip_03136,TESS,TESS_001
clip_03137,CREMA-D,CREMA-D_033
clip_03138,CREMA-D,CREMA-D_068
clip_03139,CREMA-D,CREMA-D_029
clip_03140,CREMA-D,CREMA-D_067
clip_03141,CREMA-D,CREMA-D_009
clip_03142,CREMA-D,CREMA-D_036
clip_03143,TESS,TESS_000
clip_03144,CREMA-D,CREMA-D_025
clip_03145,RAVDESS,RAVDESS_015
clip_03147,CREMA-D,CREMA-D_061
clip_03148,CREMA-D,CREMA-D_015
clip_03149,CREMA-D,CREMA-D_039
clip_03152,RAVDESS,RAVDESS_014
clip_03153,CREMA-D,CREMA-D_062
clip_03154,UNKNOWN,UNKNOWN_pool
clip_03155,CREMA-D,CREMA-D_055
clip_03156,CREMA-D,CREMA-D_038
clip_03157,RAVDESS,RAVDESS_016
clip_03158,CREMA-D,CREMA-D_066
clip_03160,TESS,TESS_001
clip_03161,CREMA-D,CREMA-D_017
clip_03162,CREMA-D,CREMA-D_022
clip_03164,CREMA-D,CREMA-D_034
clip_03165,CREMA-D,CREMA-D_061
clip_03166,CREMA-D,CREMA-D_063
clip_03167,CREMA-D,CREMA-D_045
clip_03168,RAVDESS,RAVDESS_012
clip_03169,TESS,TESS_001
clip_03170,CREMA-D,CREMA-D_009
clip_03171,TESS,TESS_000
clip_03173,TESS,TESS_001
clip_03174,CREMA-D,CREMA-D_060
clip_03175,CREMA-D,CREMA-D_002
clip_03176,CREMA-D,CREMA-D_057
clip_03177,TESS,TESS_001
clip_03178,RAVDESS,RAVDESS_009
clip_03180,CREMA-D,CREMA-D_049
clip_03181,TESS,TESS_000
clip_03182,CREMA-D,CREMA-D_002
clip_03183,CREMA-D,CREMA-D_071
clip_03184,TESS,TESS_000
clip_03185,CREMA-D,CREMA-D_058
clip_03187,TESS,TESS_001
clip_03188,CREMA-D,CREMA-D_054
clip_03190,CREMA-D,CREMA-D_058
clip_03191,TESS,TESS_001
clip_03192,TESS,TESS_001
clip_03193,CREMA-D,CREMA-D_002
clip_03194,CREMA-D,CREMA-D_069
clip_03196,RAVDESS,RAVDESS_012
clip_03197,CREMA-D,CREMA-D_008
clip_03198,CREMA-D,CREMA-D_007
clip_03200,CREMA-D,CREMA-D_035
clip_03201,TESS,TESS_000
clip_03202,TESS,TESS_000
clip_03203,CREMA-D,CREMA-D_002
clip_03205,CREMA-D,CREMA-D_017
clip_03206,RAVDESS,RAVDESS_008
clip_03207,CREMA-D,CREMA-D_026
clip_03208,CREMA-D,CREMA-D_067
clip_03209,TESS,TESS_001
clip_03210,TESS,TESS_000
clip_03211,RAVDESS,RAVDESS_005
clip_03212,RAVDESS,RAVDESS_019
clip_03213,CREMA-D,CREMA-D_024
clip_03214,CREMA-D,CREMA-D_050
clip_03215,TESS,TESS_001
clip_03216,CREMA-D,CREMA-D_060
clip_03217,RAVDESS,RAVDESS_007
clip_03218,TESS,TESS_001
clip_03219,CREMA-D,CREMA-D_054
clip_03220,CREMA-D,CREMA-D_062
clip_03221,RAVDESS,RAVDESS_005
clip_03222,TESS,TESS_001
clip_03223,CREMA-D,CREMA-D_004
clip_03224,CREMA-D,CREMA-D_045
clip_03226,CREMA-D,CREMA-D_009
clip_03227,TESS,TESS_001
clip_03228,CREMA-D,CREMA-D_038
clip_03229,RAVDESS,RAVDESS_009
clip_03230,TESS,TESS_000
clip_03231,CREMA-D,CREMA-D_050
clip_03232,CREMA-D,CREMA-D_041
clip_03234,CREMA-D,CREMA-D_017
clip_03235,CREMA-D,CREMA-D_032
clip_03236,RAVDESS,RAVDESS_001
clip_03238,CREMA-D,CREMA-D_055
clip_03239,CREMA-D,CREMA-D_038
clip_03240,CREMA-D,CREMA-D_001
clip_03242,CREMA-D,CREMA-D_067
clip_03243,TESS,TESS_000
clip_03244,TESS,TESS_001
clip_03245,RAVDESS,RAVDESS_009
clip_03246,CREMA-D,CREMA-D_002
clip_03247,TESS,TESS_000
clip_03248,CREMA-D,CREMA-D_020
clip_03249,TESS,TESS_001
clip_03250,CREMA-D,CREMA-D_006
clip_03251,CREMA-D,CREMA-D_023
clip_03252,CREMA-D,CREMA-D_023
clip_03254,TESS,TESS_001
clip_03255,TESS,TESS_000
clip_03256,TESS,TESS_000
clip_03257,CREMA-D,CREMA-D_030
clip_03259,TESS,TESS_000
clip_03260,CREMA-D,CREMA-D_063
clip_03261,CREMA-D,CREMA-D_063
clip_03262,TESS,TESS_000
clip_03263,CREMA-D,CREMA-D_016
clip_03265,RAVDESS,RAVDESS_009
clip_03266,CREMA-D,CREMA-D_009
clip_03267,CREMA-D,CREMA-D_069
clip_03270,CREMA-D,CREMA-D_063
clip_03271,TESS,TESS_000
clip_03272,CREMA-D,CREMA-D_071
clip_03276,CREMA-D,CREMA-D_066
clip_03277,CREMA-D,CREMA-D_020
clip_03278,TESS,TESS_001
clip_03279,TESS,TESS_000
clip_03280,CREMA-D,CREMA-D_052
clip_03281,CREMA-D,CREMA-D_050
clip_03282,CREMA-D,CREMA-D_052
clip_03283,CREMA-D,CREMA-D_034
clip_03284,CREMA-D,CREMA-D_005
clip_03285,RAVDESS,RAVDESS_018
clip_03286,TESS,TESS_001
clip_03287,CREMA-D,CREMA-D_021
clip_03289,CREMA-D,CREMA-D_064
clip_03290,CREMA-D,CREMA-D_069
clip_03291,TESS,TESS_000
clip_03292,CREMA-D,CREMA-D_035
clip_03294,RAVDESS,RAVDESS_015
clip_03295,CREMA-D,CREMA-D_046
clip_03296,CREMA-D,CREMA-D_016
clip_03297,CREMA-D,CREMA-D_022
clip_03298,CREMA-D,CREMA-D_033
clip_03300,TESS,TESS_000
clip_03301,TESS,TESS_001
clip_03302,CREMA-D,CREMA-D_035
clip_03303,TESS,TESS_000
clip_03304,CREMA-D,CREMA-D_044
clip_03305,TESS,TESS_000
clip_03307,TESS,TESS_001
clip_03310,TESS,TESS_000
clip_03311,TESS,TESS_000
clip_03315,CREMA-D,CREMA-D_005
clip_03317,TESS,TESS_000
clip_03318,TESS,TESS_000
clip_03320,CREMA-D,CREMA-D_058
clip_03321,CREMA-D,CREMA-D_025
clip_03322,TESS,TESS_000
clip_03323,TESS,TESS_000
clip_03324,CREMA-D,CREMA-D_068
clip_03325,RAVDESS,RAVDESS_010
clip_03327,TESS,TESS_000
clip_03328,CREMA-D,CREMA-D_052
clip_03329,CREMA-D,CREMA-D_028
clip_03330,CREMA-D,CREMA-D_045
clip_03331,CREMA-D,CREMA-D_006
clip_03332,CREMA-D,CREMA-D_065
clip_03333,CREMA-D,CREMA-D_018
clip_03334,CREMA-D,CREMA-D_002
clip_03335,CREMA-D,CREMA-D_041
clip_03337,CREMA-D,CREMA-D_048
clip_03339,CREMA-D,CREMA-D_041
clip_03340,CREMA-D,CREMA-D_060
clip_03341,CREMA-D,CREMA-D_066
clip_03342,TESS,TESS_000
clip_03343,CREMA-D,CREMA-D_057
clip_03344,CREMA-D,CREMA-D_022
clip_03345,CREMA-D,CREMA-D_024
clip_03346,RAVDESS,RAVDESS_001
clip_03347,RAVDESS,RAVDESS_012
clip_03348,CREMA-D,CREMA-D_042
clip_03349,CREMA-D,CREMA-D_061
clip_03350,CREMA-D,CREMA-D_059
clip_03351,CREMA-D,CREMA-D_033
clip_03352,RAVDESS,RAVDESS_018
clip_03353,TESS,TESS_001
clip_03354,CREMA-D,CREMA-D_016
clip_03355,CREMA-D,CREMA-D_068
clip_03356,TESS,TESS_000
clip_03357,RAVDESS,RAVDESS_018
clip_03358,CREMA-D,CREMA-D_039
clip_03359,CREMA-D,CREMA-D_037
clip_03361,CREMA-D,CREMA-D_040
clip_03362,CREMA-D,CREMA-D_002
clip_03363,CREMA-D,CREMA-D_044
clip_03364,RAVDESS,RAVDESS_000
clip_03365,CREMA-D,CREMA-D_057
clip_03366,CREMA-D,CREMA-D_054
clip_03367,RAVDESS,RAVDESS_014
clip_03369,CREMA-D,CREMA-D_039
clip_03370,CREMA-D,CREMA-D_063
clip_03371,CREMA-D,CREMA-D_020
clip_03372,CREMA-D,CREMA-D_070
clip_03373,CREMA-D,CREMA-D_021
clip_03374,CREMA-D,CREMA-D_047
clip_03376,CREMA-D,CREMA-D_055
clip_03377,TESS,TESS_001
clip_03378,CREMA-D,CREMA-D_041
clip_03379,CREMA-D,CREMA-D_001
clip_03380,CREMA-D,CREMA-D_055
clip_03381,CREMA-D,CREMA-D_002
clip_03382,CREMA-D,CREMA-D_008
clip_03383,TESS,TESS_000
clip_03384,RAVDESS,RAVDESS_004
clip_03385,CREMA-D,CREMA-D_063
clip_03386,CREMA-D,CREMA-D_015
clip_03389,CREMA-D,CREMA-D_030
clip_03390,CREMA-D,CREMA-D_065
clip_03391,CREMA-D,CREMA-D_023
clip_03392,TESS,TESS_000
clip_03393,CREMA-D,CREMA-D_001
clip_03394,CREMA-D,CREMA-D_043
clip_03396,CREMA-D,CREMA-D_010
clip_03397,CREMA-D,CREMA-D_057
clip_03398,RAVDESS,RAVDESS_006
clip_03399,TESS,TESS_000
clip_03401,RAVDESS,RAVDESS_010
clip_03402,RAVDESS,RAVDESS_016
clip_03403,TESS,TESS_001
clip_03405,CREMA-D,CREMA-D_043
clip_03406,CREMA-D,CREMA-D_033
clip_03407,TESS,TESS_000
clip_03408,CREMA-D,CREMA-D_066
clip_03409,CREMA-D,CREMA-D_006
clip_03410,CREMA-D,CREMA-D_017
clip_03411,CREMA-D,CREMA-D_018
clip_03412,CREMA-D,CREMA-D_003
clip_03413,TESS,TESS_001
clip_03415,CREMA-D,CREMA-D_018
clip_03416,TESS,TESS_000
clip_03418,CREMA-D,CREMA-D_063
clip_03419,CREMA-D,CREMA-D_004
clip_03420,CREMA-D,CREMA-D_028
clip_03421,TESS,TESS_000
clip_03422,CREMA-D,CREMA-D_058
clip_03423,CREMA-D,CREMA-D_047
clip_03425,CREMA-D,CREMA-D_002
clip_03426,CREMA-D,CREMA-D_057
clip_03427,RAVDESS,RAVDESS_008
clip_03428,RAVDESS,RAVDESS_005
clip_03429,TESS,TESS_000
clip_03430,RAVDESS,RAVDESS_017
clip_03432,CREMA-D,CREMA-D_019
clip_03433,CREMA-D,CREMA-D_022
clip_03434,CREMA-D,CREMA-D_036
clip_03435,UNKNOWN,UNKNOWN_pool
clip_03436,CREMA-D,CREMA-D_062
clip_03437,TESS,TESS_001
clip_03438,RAVDESS,RAVDESS_011
clip_03439,CREMA-D,CREMA-D_031
clip_03440,CREMA-D,CREMA-D_062
clip_03441,CREMA-D,CREMA-D_032
clip_03442,CREMA-D,CREMA-D_036
clip_03445,TESS,TESS_001
clip_03446,CREMA-D,CREMA-D_054
clip_03447,CREMA-D,CREMA-D_033
clip_03448,CREMA-D,CREMA-D_004
clip_03449,CREMA-D,CREMA-D_064
clip_03451,TESS,TESS_000
clip_03452,CREMA-D,CREMA-D_018
clip_03454,RAVDESS,RAVDESS_007
clip_03455,CREMA-D,CREMA-D_007
clip_03456,TESS,TESS_000
clip_03457,CREMA-D,CREMA-D_054
clip_03459,CREMA-D,CREMA-D_019
clip_03460,CREMA-D,CREMA-D_037
clip_03461,CREMA-D,CREMA-D_048
clip_03462,CREMA-D,CREMA-D_069
clip_03463,CREMA-D,CREMA-D_038
clip_03464,CREMA-D,CREMA-D_071
clip_03465,TESS,TESS_000
clip_03466,CREMA-D,CREMA-D_048
clip_03468,RAVDESS,RAVDESS_009
clip_03471,CREMA-D,CREMA-D_049
clip_03472,TESS,TESS_001
clip_03473,TESS,TESS_000
clip_03474,CREMA-D,CREMA-D_018
clip_03475,CREMA-D,CREMA-D_033
clip_03477,CREMA-D,CREMA-D_067
clip_03479,CREMA-D,CREMA-D_022
clip_03480,CREMA-D,CREMA-D_057
clip_03481,CREMA-D,CREMA-D_054
clip_03482,CREMA-D,CREMA-D_038
clip_03483,CREMA-D,CREMA-D_013
clip_03484,UNKNOWN,UNKNOWN_pool
clip_03485,RAVDESS,RAVDESS_016
clip_03486,CREMA-D,CREMA-D_009
clip_03487,CREMA-D,CREMA-D_034
clip_03488,TESS,TESS_000
clip_03489,CREMA-D,CREMA-D_067
clip_03490,CREMA-D,CREMA-D_016
clip_03491,TESS,TESS_001
clip_03493,CREMA-D,CREMA-D_041
clip_03494,CREMA-D,CREMA-D_006
clip_03496,CREMA-D,CREMA-D_037
clip_03497,CREMA-D,CREMA-D_037
clip_03498,TESS,TESS_001
clip_03499,TESS,TESS_000
clip_03500,CREMA-D,CREMA-D_036
clip_03501,CREMA-D,CREMA-D_027
clip_03502,CREMA-D,CREMA-D_068
clip_03504,TESS,TESS_000
clip_03505,TESS,TESS_000
clip_03506,TESS,TESS_000
clip_03507,CREMA-D,CREMA-D_065
clip_03508,TESS,TESS_000
clip_03509,CREMA-D,CREMA-D_060
clip_03510,CREMA-D,CREMA-D_002
clip_03511,TESS,TESS_000
clip_03512,CREMA-D,CREMA-D_033
clip_03513,TESS,TESS_001
clip_03514,CREMA-D,CREMA-D_042
clip_03515,CREMA-D,CREMA-D_071
clip_03516,RAVDESS,RAVDESS_004
clip_03517,RAVDESS,RAVDESS_008
clip_03518,CREMA-D,CREMA-D_011
clip_03519,CREMA-D,CREMA-D_044
clip_03520,TESS,TESS_001
clip_03521,CREMA-D,CREMA-D_054
clip_03523,TESS,TESS_001
clip_03524,TESS,TESS_001
clip_03525,CREMA-D,CREMA-D_056
clip_03526,RAVDESS,RAVDESS_002
clip_03528,CREMA-D,CREMA-D_049
clip_03529,CREMA-D,CREMA-D_051
clip_03530,CREMA-D,CREMA-D_034
clip_03532,CREMA-D,CREMA-D_030
clip_03533,CREMA-D,CREMA-D_014
clip_03534,CREMA-D,CREMA-D_054
clip_03535,TESS,TESS_000
clip_03536,TESS,TESS_001
clip_03538,RAVDESS,RAVDESS_015
clip_03539,CREMA-D,CREMA-D_043
clip_03540,TESS,TESS_001
clip_03541,CREMA-D,CREMA-D_071
clip_03542,TESS,TESS_000
clip_03543,UNKNOWN,UNKNOWN_pool
clip_03544,CREMA-D,CREMA-D_051
clip_03545,CREMA-D,CREMA-D_029
clip_03546,CREMA-D,CREMA-D_029
clip_03547,CREMA-D,CREMA-D_037
clip_03548,TESS,TESS_000
clip_03549,CREMA-D,CREMA-D_060
clip_03550,CREMA-D,CREMA-D_070
clip_03551,TESS,TESS_001
clip_03553,TESS,TESS_001
clip_03554,CREMA-D,CREMA-D_051
clip_03555,TESS,TESS_001
clip_03557,CREMA-D,CREMA-D_057
clip_03558,CREMA-D,CREMA-D_031
clip_03560,TESS,TESS_000
clip_03561,RAVDESS,RAVDESS_004
clip_03563,TESS,TESS_000
clip_03564,CREMA-D,CREMA-D_029
clip_03565,CREMA-D,CREMA-D_016
clip_03568,TESS,TESS_001
clip_03569,CREMA-D,CREMA-D_003
clip_03570,CREMA-D,CREMA-D_019
clip_03571,CREMA-D,CREMA-D_018
clip_03572,CREMA-D,CREMA-D_050
clip_03573,TESS,TESS_000
clip_03574,CREMA-D,CREMA-D_063
clip_03575,UNKNOWN,UNKNOWN_pool
clip_03576,CREMA-D,CREMA-D_034
clip_03579,TESS,TESS_000
clip_03580,CREMA-D,CREMA-D_003
clip_03581,TESS,TESS_001
clip_03583,CREMA-D,CREMA-D_005
clip_03584,CREMA-D,CREMA-D_029
clip_03585,CREMA-D,CREMA-D_009
clip_03586,CREMA-D,CREMA-D_001
clip_03587,CREMA-D,CREMA-D_022
clip_03588,TESS,TESS_001
clip_03589,TESS,TESS_000
clip_03590,RAVDESS,RAVDESS_017
clip_03591,CREMA-D,CREMA-D_050
clip_03592,TESS,TESS_000
clip_03594,CREMA-D,CREMA-D_060
clip_03595,CREMA-D,CREMA-D_068
clip_03596,CREMA-D,CREMA-D_067
clip_03597,CREMA-D,CREMA-D_056
clip_03598,CREMA-D,CREMA-D_055
clip_03599,TESS,TESS_001
clip_03600,RAVDESS,RAVDESS_014
clip_03601,CREMA-D,CREMA-D_058
clip_03602,CREMA-D,CREMA-D_049
clip_03605,CREMA-D,CREMA-D_064
clip_03607,CREMA-D,CREMA-D_003
clip_03608,TESS,TESS_001
clip_03610,CREMA-D,CREMA-D_038
clip_03611,TESS,TESS_001
clip_03612,RAVDESS,RAVDESS_015
clip_03613,RAVDESS,RAVDESS_005
clip_03614,CREMA-D,CREMA-D_043
clip_03615,CREMA-D,CREMA-D_014
clip_03617,CREMA-D,CREMA-D_011
clip_03618,CREMA-D,CREMA-D_017
clip_03619,CREMA-D,CREMA-D_014
clip_03620,CREMA-D,CREMA-D_051
clip_03622,CREMA-D,CREMA-D_043
clip_03623,CREMA-D,CREMA-D_003
clip_03624,TESS,TESS_001
clip_03625,CREMA-D,CREMA-D_024
clip_03626,CREMA-D,CREMA-D_055
clip_03627,CREMA-D,CREMA-D_018
clip_03628,CREMA-D,CREMA-D_001
clip_03629,CREMA-D,CREMA-D_031
clip_03631,CREMA-D,CREMA-D_064
clip_03632,CREMA-D,CREMA-D_041
clip_03633,CREMA-D,CREMA-D_011
clip_03634,CREMA-D,CREMA-D_063
clip_03635,RAVDESS,RAVDESS_009
clip_03636,TESS,TESS_000
clip_03637,CREMA-D,CREMA-D_008
clip_03638,UNKNOWN,UNKNOWN_pool
clip_03639,TESS,TESS_001
clip_03640,CREMA-D,CREMA-D_050
clip_03641,CREMA-D,CREMA-D_026
clip_03642,CREMA-D,CREMA-D_068
clip_03643,RAVDESS,RAVDESS_018
clip_03644,TESS,TESS_000
clip_03645,UNKNOWN,UNKNOWN_pool
clip_03646,CREMA-D,CREMA-D_045
clip_03647,TESS,TESS_001
clip_03648,TESS,TESS_000
clip_03649,TESS,TESS_001
clip_03650,CREMA-D,CREMA-D_013
clip_03652,TESS,TESS_000
clip_03653,CREMA-D,CREMA-D_071
clip_03654,CREMA-D,CREMA-D_063
clip_03655,CREMA-D,CREMA-D_031
clip_03657,CREMA-D,CREMA-D_053
clip_03658,CREMA-D,CREMA-D_060
clip_03659,CREMA-D,CREMA-D_003
clip_03660,CREMA-D,CREMA-D_031
clip_03661,CREMA-D,CREMA-D_036
clip_03662,CREMA-D,CREMA-D_061
clip_03663,CREMA-D,CREMA-D_058
clip_03664,CREMA-D,CREMA-D_017
clip_03666,TESS,TESS_001
clip_03667,CREMA-D,CREMA-D_049
clip_03669,CREMA-D,CREMA-D_022
clip_03670,CREMA-D,CREMA-D_040
clip_03672,CREMA-D,CREMA-D_025
clip_03673,CREMA-D,CREMA-D_038
clip_03674,RAVDESS,RAVDESS_005
clip_03675,TESS,TESS_000
clip_03676,CREMA-D,CREMA-D_024
clip_03677,TESS,TESS_000
clip_03678,TESS,TESS_000
clip_03680,TESS,TESS_000
clip_03681,CREMA-D,CREMA-D_038
clip_03683,CREMA-D,CREMA-D_004
clip_03684,RAVDESS,RAVDESS_007
clip_03685,CREMA-D,CREMA-D_039
clip_03686,TESS,TESS_000
clip_03687,RAVDESS,RAVDESS_016
clip_03688,CREMA-D,CREMA-D_040
clip_03689,CREMA-D,CREMA-D_051
clip_03692,TESS,TESS_001
clip_03693,CREMA-D,CREMA-D_014
clip_03695,CREMA-D,CREMA-D_069
clip_03697,RAVDESS,RAVDESS_002
clip_03698,UNKNOWN,UNKNOWN_pool
clip_03699,CREMA-D,CREMA-D_018
clip_03700,CREMA-D,CREMA-D_055
clip_03701,CREMA-D,CREMA-D_023
clip_03704,CREMA-D,CREMA-D_009
clip_03705,RAVDESS,RAVDESS_019
clip_03706,CREMA-D,CREMA-D_049
clip_03707,CREMA-D,CREMA-D_011
clip_03709,CREMA-D,CREMA-D_006
clip_03710,CREMA-D,CREMA-D_043
clip_03711,CREMA-D,CREMA-D_058
clip_03712,RAVDESS,RAVDESS_007
clip_03713,CREMA-D,CREMA-D_049
clip_03714,CREMA-D,CREMA-D_010
clip_03715,RAVDESS,RAVDESS_015
clip_03716,CREMA-D,CREMA-D_059
clip_03717,TESS,TESS_000
clip_03718,CREMA-D,CREMA-D_003
clip_03719,CREMA-D,CREMA-D_030
clip_03720,CREMA-D,CREMA-D_029
clip_03721,CREMA-D,CREMA-D_050
clip_03722,TESS,TESS_001
clip_03723,CREMA-D,CREMA-D_029
clip_03724,CREMA-D,CREMA-D_003
clip_03725,UNKNOWN,UNKNOWN_pool
clip_03726,CREMA-D,CREMA-D_027
clip_03727,UNKNOWN,UNKNOWN_pool
clip_03728,RAVDESS,RAVDESS_016
clip_03729,TESS,TESS_001
clip_03730,CREMA-D,CREMA-D_038
clip_03731,CREMA-D,CREMA-D_006
clip_03732,CREMA-D,CREMA-D_069
clip_03733,TESS,TESS_001
clip_03734,TESS,TESS_001
clip_03735,TESS,TESS_001
clip_03736,TESS,TESS_001
clip_03737,CREMA-D,CREMA-D_022
clip_03738,CREMA-D,CREMA-D_032
clip_03740,CREMA-D,CREMA-D_055
clip_03741,TESS,TESS_001
clip_03742,CREMA-D,CREMA-D_032
clip_03743,CREMA-D,CREMA-D_024
clip_03744,TESS,TESS_000
clip_03745,CREMA-D,CREMA-D_004
clip_03747,CREMA-D,CREMA-D_056
clip_03748,TESS,TESS_001
clip_03750,TESS,TESS_001
clip_03751,CREMA-D,CREMA-D_054
clip_03752,CREMA-D,CREMA-D_071
clip_03753,CREMA-D,CREMA-D_047
clip_03754,CREMA-D,CREMA-D_018
clip_03755,TESS,TESS_000
clip_03756,TESS,TESS_001
clip_03757,CREMA-D,CREMA-D_053
clip_03758,CREMA-D,CREMA-D_036
clip_03761,CREMA-D,CREMA-D_009
clip_03764,CREMA-D,CREMA-D_004
clip_03765,CREMA-D,CREMA-D_020
clip_03766,CREMA-D,CREMA-D_060
clip_03767,CREMA-D,CREMA-D_044
clip_03768,TESS,TESS_001
clip_03769,CREMA-D,CREMA-D_010
clip_03770,CREMA-D,CREMA-D_062
clip_03771,CREMA-D,CREMA-D_054
clip_03773,TESS,TESS_001
clip_03775,CREMA-D,CREMA-D_071
clip_03777,CREMA-D,CREMA-D_032
clip_03778,CREMA-D,CREMA-D_020
clip_03779,CREMA-D,CREMA-D_011
clip_03781,CREMA-D,CREMA-D_062
clip_03782,TESS,TESS_000
clip_03783,TESS,TESS_000
clip_03784,CREMA-D,CREMA-D_055
clip_03785,RAVDESS,RAVDESS_017
clip_03786,RAVDESS,RAVDESS_019
clip_03787,CREMA-D,CREMA-D_062
clip_03788,CREMA-D,CREMA-D_053
clip_03790,TESS,TESS_001
clip_03791,CREMA-D,CREMA-D_001
clip_03792,RAVDESS,RAVDESS_008
clip_03793,CREMA-D,CREMA-D_027
clip_03794,CREMA-D,CREMA-D_017
clip_03795,CREMA-D,CREMA-D_033
clip_03796,CREMA-D,CREMA-D_027
clip_03797,CREMA-D,CREMA-D_051
clip_03799,CREMA-D,CREMA-D_055
clip_03800,CREMA-D,CREMA-D_027
clip_03801,TESS,TESS_001
clip_03802,CREMA-D,CREMA-D_064
clip_03803,CREMA-D,CREMA-D_063
clip_03804,TESS,TESS_000
clip_03805,CREMA-D,CREMA-D_028
clip_03806,CREMA-D,CREMA-D_036
clip_03807,CREMA-D,CREMA-D_022
clip_03810,TESS,TESS_000
clip_03811,CREMA-D,CREMA-D_053
clip_03812,TESS,TESS_001
clip_03813,TESS,TESS_000
clip_03814,RAVDESS,RAVDESS_014
clip_03815,CREMA-D,CREMA-D_044
clip_03816,TESS,TESS_000
clip_03817,RAVDESS,RAVDESS_011
clip_03818,CREMA-D,CREMA-D_000
clip_03819,RAVDESS,RAVDESS_016
clip_03820,TESS,TESS_000
clip_03821,CREMA-D,CREMA-D_023
clip_03822,CREMA-D,CREMA-D_036
clip_03823,TESS,TESS_001
clip_03824,TESS,TESS_001
clip_03825,CREMA-D,CREMA-D_030
clip_03826,CREMA-D,CREMA-D_021
clip_03827,RAVDESS,RAVDESS_002
clip_03828,CREMA-D,CREMA-D_027
clip_03829,TESS,TESS_000
clip_03830,RAVDESS,RAVDESS_010
clip_03831,CREMA-D,CREMA-D_003
clip_03833,CREMA-D,CREMA-D_060
clip_03834,CREMA-D,CREMA-D_029
clip_03835,TESS,TESS_001
clip_03836,CREMA-D,CREMA-D_052
clip_03837,CREMA-D,CREMA-D_034
clip_03839,CREMA-D,CREMA-D_040
clip_03840,TESS,TESS_000
clip_03843,TESS,TESS_000
clip_03845,RAVDESS,RAVDESS_004
clip_03846,TESS,TESS_000
clip_03847,TESS,TESS_000
clip_03848,CREMA-D,CREMA-D_067
clip_03849,RAVDESS,RAVDESS_019
clip_03851,TESS,TESS_000
clip_03852,CREMA-D,CREMA-D_059
clip_03853,RAVDESS,RAVDESS_006
clip_03854,CREMA-D,CREMA-D_050
clip_03855,TESS,TESS_001
clip_03856,CREMA-D,CREMA-D_071
clip_03857,CREMA-D,CREMA-D_063
clip_03858,CREMA-D,CREMA-D_017
clip_03859,TESS,TESS_000
clip_03860,CREMA-D,CREMA-D_043
clip_03861,TESS,TESS_001
clip_03862,CREMA-D,CREMA-D_007
clip_03863,TESS,TESS_000
clip_03864,CREMA-D,CREMA-D_025
clip_03866,TESS,TESS_001
clip_03867,CREMA-D,CREMA-D_000
clip_03868,CREMA-D,CREMA-D_036
clip_03869,CREMA-D,CREMA-D_044
clip_03871,CREMA-D,CREMA-D_036
clip_03872,TESS,TESS_000
clip_03873,CREMA-D,CREMA-D_021
clip_03874,CREMA-D,CREMA-D_029
clip_03875,CREMA-D,CREMA-D_057
clip_03876,CREMA-D,CREMA-D_031
clip_03878,CREMA-D,CREMA-D_050
clip_03880,CREMA-D,CREMA-D_056
clip_03881,TESS,TESS_001
clip_03882,CREMA-D,CREMA-D_010
clip_03884,TESS,TESS_001
clip_03887,CREMA-D,CREMA-D_038
clip_03888,CREMA-D,CREMA-D_007
clip_03891,CREMA-D,CREMA-D_071
clip_03892,CREMA-D,CREMA-D_045
clip_03893,CREMA-D,CREMA-D_018
clip_03894,CREMA-D,CREMA-D_004
clip_03895,CREMA-D,CREMA-D_016
clip_03897,UNKNOWN,UNKNOWN_pool
clip_03898,CREMA-D,CREMA-D_066
clip_03899,CREMA-D,CREMA-D_019
clip_03901,RAVDESS,RAVDESS_018
clip_03902,CREMA-D,CREMA-D_015
clip_03903,CREMA-D,CREMA-D_034
clip_03904,CREMA-D,CREMA-D_004
clip_03905,CREMA-D,CREMA-D_010
clip_03906,CREMA-D,CREMA-D_066
clip_03907,CREMA-D,CREMA-D_018
clip_03908,TESS,TESS_000
clip_03909,CREMA-D,CREMA-D_006
clip_03910,CREMA-D,CREMA-D_002
clip_03911,CREMA-D,CREMA-D_053
clip_03912,CREMA-D,CREMA-D_062
clip_03913,TESS,TESS_001
clip_03914,CREMA-D,CREMA-D_004
clip_03915,CREMA-D,CREMA-D_054
clip_03916,CREMA-D,CREMA-D_035
clip_03917,CREMA-D,CREMA-D_051
clip_03918,TESS,TESS_000
clip_03919,TESS,TESS_001
clip_03920,TESS,TESS_001
clip_03921,TESS,TESS_000
clip_03922,UNKNOWN,UNKNOWN_pool
clip_03923,TESS,TESS_001
clip_03924,CREMA-D,CREMA-D_036
clip_03925,CREMA-D,CREMA-D_006
clip_03926,CREMA-D,CREMA-D_015
clip_03927,CREMA-D,CREMA-D_051
clip_03928,CREMA-D,CREMA-D_000
clip_03929,CREMA-D,CREMA-D_039
clip_03930,RAVDESS,RAVDESS_007
clip_03931,CREMA-D,CREMA-D_033
clip_03932,RAVDESS,RAVDESS_012
clip_03933,TESS,TESS_001
clip_03934,CREMA-D,CREMA-D_020
clip_03935,CREMA-D,CREMA-D_050
clip_03936,CREMA-D,CREMA-D_054
clip_03937,CREMA-D,CREMA-D_068
clip_03938,CREMA-D,CREMA-D_048
clip_03940,CREMA-D,CREMA-D_064
clip_03941,CREMA-D,CREMA-D_032
clip_03942,CREMA-D,CREMA-D_020
clip_03943,CREMA-D,CREMA-D_017
clip_03944,TESS,TESS_000
clip_03945,CREMA-D,CREMA-D_005
clip_03947,TESS,TESS_001
clip_03948,CREMA-D,CREMA-D_011
clip_03949,CREMA-D,CREMA-D_051
clip_03950,CREMA-D,CREMA-D_003
clip_03952,CREMA-D,CREMA-D_016
clip_03953,CREMA-D,CREMA-D_032
clip_03954,CREMA-D,CREMA-D_050
clip_03955,TESS,TESS_001
clip_03956,RAVDESS,RAVDESS_000
clip_03957,CREMA-D,CREMA-D_009
clip_03958,TESS,TESS_000
clip_03960,CREMA-D,CREMA-D_008
clip_03961,CREMA-D,CREMA-D_003
clip_03962,TESS,TESS_001
clip_03963,TESS,TESS_000
clip_03964,RAVDESS,RAVDESS_011
clip_03970,RAVDESS,RAVDESS_008
clip_03971,TESS,TESS_001
clip_03972,TESS,TESS_000
clip_03973,CREMA-D,CREMA-D_045
clip_03974,TESS,TESS_001
clip_03975,CREMA-D,CREMA-D_002
clip_03976,RAVDESS,RAVDESS_014
clip_03977,CREMA-D,CREMA-D_021
clip_03978,TESS,TESS_001
clip_03979,TESS,TESS_000
clip_03980,RAVDESS,RAVDESS_005
clip_03984,CREMA-D,CREMA-D_031
clip_03985,RAVDESS,RAVDESS_008
clip_03986,RAVDESS,RAVDESS_003
clip_03989,CREMA-D,CREMA-D_051
clip_03990,CREMA-D,CREMA-D_045
clip_03991,CREMA-D,CREMA-D_054
clip_03992,RAVDESS,RAVDESS_000
clip_03993,CREMA-D,CREMA-D_040
clip_03994,CREMA-D,CREMA-D_043
clip_03995,CREMA-D,CREMA-D_048
clip_03996,TESS,TESS_001
clip_03997,CREMA-D,CREMA-D_010
clip_04000,CREMA-D,CREMA-D_006
clip_04001,CREMA-D,CREMA-D_017
clip_04003,TESS,TESS_001
clip_04004,CREMA-D,CREMA-D_069
clip_04005,CREMA-D,CREMA-D_022
clip_04006,TESS,TESS_000
clip_04007,CREMA-D,CREMA-D_012
clip_04008,CREMA-D,CREMA-D_002
clip_04009,TESS,TESS_000
clip_04010,TESS,TESS_001
clip_04011,CREMA-D,CREMA-D_040
clip_04012,TESS,TESS_000
clip_04014,TESS,TESS_000
clip_04015,TESS,TESS_001
clip_04016,TESS,TESS_001
clip_04018,CREMA-D,CREMA-D_070
clip_04019,CREMA-D,CREMA-D_042
clip_04020,CREMA-D,CREMA-D_002
clip_04023,CREMA-D,CREMA-D_001
clip_04025,CREMA-D,CREMA-D_025
clip_04026,TESS,TESS_001
clip_04027,TESS,TESS_000
clip_04029,CREMA-D,CREMA-D_009
clip_04030,CREMA-D,CREMA-D_022
clip_04031,CREMA-D,CREMA-D_035
clip_04033,CREMA-D,CREMA-D_045
clip_04034,CREMA-D,CREMA-D_034
clip_04036,CREMA-D,CREMA-D_041
clip_04037,CREMA-D,CREMA-D_046
clip_04038,CREMA-D,CREMA-D_027
clip_04039,CREMA-D,CREMA-D_020
clip_04040,TESS,TESS_000
clip_04041,RAVDESS,RAVDESS_005
clip_04042,TESS,TESS_001
clip_04043,RAVDESS,RAVDESS_015
clip_04044,TESS,TESS_000
clip_04045,CREMA-D,CREMA-D_041
clip_04046,UNKNOWN,UNKNOWN_pool
clip_04047,CREMA-D,CREMA-D_054
clip_04048,TESS,TESS_000
clip_04049,TESS,TESS_000
clip_04050,TESS,TESS_000
clip_04052,CREMA-D,CREMA-D_007
clip_04053,CREMA-D,CREMA-D_045
clip_04054,TESS,TESS_001
clip_04055,CREMA-D,CREMA-D_046
clip_04057,CREMA-D,CREMA-D_007
clip_04058,CREMA-D,CREMA-D_065
clip_04059,RAVDESS,RAVDESS_002
clip_04060,TESS,TESS_000
clip_04061,TESS,TESS_000
clip_04062,CREMA-D,CREMA-D_071
clip_04063,CREMA-D,CREMA-D_067
clip_04064,TESS,TESS_001
clip_04065,CREMA-D,CREMA-D_067
clip_04066,CREMA-D,CREMA-D_016
clip_04067,CREMA-D,CREMA-D_014
clip_04068,CREMA-D,CREMA-D_030
clip_04070,CREMA-D,CREMA-D_007
clip_04071,TESS,TESS_001
clip_04072,TESS,TESS_001
clip_04075,CREMA-D,CREMA-D_057
clip_04076,TESS,TESS_001
clip_04077,CREMA-D,CREMA-D_043
clip_04078,CREMA-D,CREMA-D_030
clip_04079,CREMA-D,CREMA-D_027
clip_04081,CREMA-D,CREMA-D_033
clip_04082,TESS,TESS_001
clip_04083,CREMA-D,CREMA-D_065
clip_04085,TESS,TESS_000
clip_04086,CREMA-D,CREMA-D_071
clip_04087,TESS,TESS_001
clip_04088,RAVDESS,RAVDESS_019
clip_04089,CREMA-D,CREMA-D_019
clip_04090,RAVDESS,RAVDESS_019
clip_04091,CREMA-D,CREMA-D_017
clip_04092,CREMA-D,CREMA-D_004
clip_04093,TESS,TESS_000
clip_04094,CREMA-D,CREMA-D_046
clip_04095,CREMA-D,CREMA-D_014
clip_04096,CREMA-D,CREMA-D_004
clip_04097,RAVDESS,RAVDESS_006
clip_04098,CREMA-D,CREMA-D_005
clip_04099,TESS,TESS_001
clip_04100,RAVDESS,RAVDESS_019
clip_04101,TESS,TESS_001
clip_04102,TESS,TESS_000
clip_04103,RAVDESS,RAVDESS_007
clip_04104,CREMA-D,CREMA-D_014
clip_04105,RAVDESS,RAVDESS_002
clip_04106,CREMA-D,CREMA-D_005
clip_04107,CREMA-D,CREMA-D_000
clip_04109,CREMA-D,CREMA-D_067
clip_04110,CREMA-D,CREMA-D_041
clip_04111,CREMA-D,CREMA-D_002
clip_04112,CREMA-D,CREMA-D_001
clip_04113,RAVDESS,RAVDESS_012
clip_04115,TESS,TESS_000
clip_04116,TESS,TESS_000
clip_04117,CREMA-D,CREMA-D_031
clip_04118,CREMA-D,CREMA-D_027
clip_04119,RAVDESS,RAVDESS_008
clip_04120,CREMA-D,CREMA-D_041
clip_04123,TESS,TESS_000
clip_04124,CREMA-D,CREMA-D_006
clip_04125,TESS,TESS_000
clip_04126,CREMA-D,CREMA-D_017
clip_04128,CREMA-D,CREMA-D_042
clip_04130,CREMA-D,CREMA-D_043
clip_04131,CREMA-D,CREMA-D_036
clip_04132,CREMA-D,CREMA-D_038
clip_04133,CREMA-D,CREMA-D_061
clip_04134,CREMA-D,CREMA-D_019
clip_04135,TESS,TESS_001
clip_04136,CREMA-D,CREMA-D_005
clip_04137,TESS,TESS_001
clip_04138,CREMA-D,CREMA-D_023
clip_04139,CREMA-D,CREMA-D_068
clip_04140,CREMA-D,CREMA-D_060
clip_04141,CREMA-D,CREMA-D_034
clip_04142,CREMA-D,CREMA-D_071
clip_04143,CREMA-D,CREMA-D_060
clip_04144,TESS,TESS_000
clip_04145,CREMA-D,CREMA-D_003
clip_04147,TESS,TESS_000
clip_04148,TESS,TESS_000
clip_04149,CREMA-D,CREMA-D_022
clip_04150,CREMA-D,CREMA-D_032
clip_04151,CREMA-D,CREMA-D_047
clip_04152,CREMA-D,CREMA-D_021
clip_04153,UNKNOWN,UNKNOWN_pool
clip_04154,CREMA-D,CREMA-D_029
clip_04155,CREMA-D,CREMA-D_059
clip_04156,CREMA-D,CREMA-D_050
clip_04158,TESS,TESS_001
clip_04159,RAVDESS,RAVDESS_006
clip_04160,CREMA-D,CREMA-D_021
clip_04161,UNKNOWN,UNKNOWN_pool
clip_04162,CREMA-D,CREMA-D_045
clip_04163,CREMA-D,CREMA-D_041
clip_04164,TESS,TESS_001
clip_04165,CREMA-D,CREMA-D_047
clip_04166,CREMA-D,CREMA-D_053
clip_04167,CREMA-D,CREMA-D_046
clip_04168,TESS,TESS_000
clip_04169,CREMA-D,CREMA-D_001
clip_04171,UNKNOWN,UNKNOWN_pool
clip_04172,RAVDESS,RAVDESS_000
clip_04173,CREMA-D,CREMA-D_026
clip_04174,CREMA-D,CREMA-D_033
clip_04176,CREMA-D,CREMA-D_026
clip_04177,TESS,TESS_000
clip_04178,CREMA-D,CREMA-D_001
clip_04179,CREMA-D,CREMA-D_001
clip_04180,TESS,TESS_001
clip_04181,TESS,TESS_001
clip_04182,CREMA-D,CREMA-D_059
clip_04183,CREMA-D,CREMA-D_011
clip_04184,CREMA-D,CREMA-D_001
clip_04185,CREMA-D,CREMA-D_064
clip_04186,CREMA-D,CREMA-D_042
clip_04187,CREMA-D,CREMA-D_033
clip_04188,CREMA-D,CREMA-D_018
clip_04189,CREMA-D,CREMA-D_011
clip_04191,CREMA-D,CREMA-D_020
clip_04192,CREMA-D,CREMA-D_063
clip_04193,CREMA-D,CREMA-D_009
clip_04194,CREMA-D,CREMA-D_043
clip_04195,TESS,TESS_000
clip_04196,CREMA-D,CREMA-D_007
clip_04197,CREMA-D,CREMA-D_034
clip_04198,TESS,TESS_001
clip_04199,CREMA-D,CREMA-D_047
clip_04200,CREMA-D,CREMA-D_014
clip_04202,CREMA-D,CREMA-D_041
clip_04204,TESS,TESS_001
clip_04206,CREMA-D,CREMA-D_027
clip_04207,RAVDESS,RAVDESS_019
clip_04208,CREMA-D,CREMA-D_008
clip_04209,CREMA-D,CREMA-D_054
clip_04210,CREMA-D,CREMA-D_057
clip_04212,CREMA-D,CREMA-D_054
clip_04213,CREMA-D,CREMA-D_062
clip_04214,CREMA-D,CREMA-D_060
clip_04215,CREMA-D,CREMA-D_057
clip_04216,TESS,TESS_000
clip_04218,CREMA-D,CREMA-D_057
clip_04219,TESS,TESS_001
clip_04220,CREMA-D,CREMA-D_007
clip_04221,TESS,TESS_001
clip_04222,CREMA-D,CREMA-D_070
clip_04223,TESS,TESS_001
clip_04224,CREMA-D,CREMA-D_014
clip_04225,CREMA-D,CREMA-D_014
clip_04226,RAVDESS,RAVDESS_007
clip_04228,CREMA-D,CREMA-D_001
clip_04229,TESS,TESS_001
clip_04231,CREMA-D,CREMA-D_068
clip_04232,RAVDESS,RAVDESS_009
clip_04234,CREMA-D,CREMA-D_058
clip_04235,CREMA-D,CREMA-D_048
clip_04236,TESS,TESS_001
clip_04237,RAVDESS,RAVDESS_001
clip_04239,CREMA-D,CREMA-D_029
clip_04241,CREMA-D,CREMA-D_043
clip_04242,CREMA-D,CREMA-D_004
clip_04245,RAVDESS,RAVDESS_019
clip_04246,TESS,TESS_000
clip_04248,TESS,TESS_000
clip_04249,CREMA-D,CREMA-D_032
clip_04250,CREMA-D,CREMA-D_036
clip_04251,TESS,TESS_000
clip_04252,RAVDESS,RAVDESS_006
clip_04253,CREMA-D,CREMA-D_037
clip_04254,CREMA-D,CREMA-D_038
clip_04255,RAVDESS,RAVDESS_009
clip_04256,CREMA-D,CREMA-D_019
clip_04257,TESS,TESS_000
clip_04260,CREMA-D,CREMA-D_020
clip_04261,CREMA-D,CREMA-D_005
clip_04262,CREMA-D,CREMA-D_068
clip_04264,TESS,TESS_001
clip_04265,TESS,TESS_001
clip_04266,CREMA-D,CREMA-D_000
clip_04267,TESS,TESS_001
clip_04268,CREMA-D,CREMA-D_038
clip_04269,CREMA-D,CREMA-D_023
clip_04270,TESS,TESS_001
clip_04271,TESS,TESS_000
clip_04272,CREMA-D,CREMA-D_047
clip_04273,CREMA-D,CREMA-D_058
clip_04274,TESS,TESS_000
clip_04275,CREMA-D,CREMA-D_008
clip_04277,CREMA-D,CREMA-D_020
clip_04278,CREMA-D,CREMA-D_027
clip_04279,TESS,TESS_000
clip_04281,CREMA-D,CREMA-D_037
clip_04282,CREMA-D,CREMA-D_016
clip_04283,TESS,TESS_000
clip_04284,TESS,TESS_000
clip_04285,TESS,TESS_001
clip_04287,CREMA-D,CREMA-D_021
clip_04288,CREMA-D,CREMA-D_007
clip_04289,TESS,TESS_001
clip_04290,CREMA-D,CREMA-D_014
clip_04291,TESS,TESS_001
clip_04292,RAVDESS,RAVDESS_006
clip_04293,CREMA-D,CREMA-D_020
clip_04294,TESS,TESS_001
clip_04296,CREMA-D,CREMA-D_071
clip_04299,CREMA-D,CREMA-D_021
clip_04300,TESS,TESS_000
clip_04301,TESS,TESS_001
clip_04304,CREMA-D,CREMA-D_023
clip_04305,CREMA-D,CREMA-D_062
clip_04306,CREMA-D,CREMA-D_050
clip_04307,CREMA-D,CREMA-D_031
clip_04308,CREMA-D,CREMA-D_012
clip_04309,RAVDESS,RAVDESS_000
clip_04310,CREMA-D,CREMA-D_029
clip_04311,CREMA-D,CREMA-D_027
clip_04312,CREMA-D,CREMA-D_006
clip_04313,RAVDESS,RAVDESS_016
clip_04314,TESS,TESS_001
clip_04316,CREMA-D,CREMA-D_055
clip_04317,TESS,TESS_001
clip_04318,CREMA-D,CREMA-D_029
clip_04319,TESS,TESS_001
clip_04320,RAVDESS,RAVDESS_000
clip_04321,CREMA-D,CREMA-D_008
clip_04322,CREMA-D,CREMA-D_055
clip_04323,TESS,TESS_001
clip_04324,CREMA-D,CREMA-D_055
clip_04326,CREMA-D,CREMA-D_032
clip_04327,CREMA-D,CREMA-D_052
clip_04328,RAVDESS,RAVDESS_002
clip_04329,CREMA-D,CREMA-D_034
clip_04330,CREMA-D,CREMA-D_070
clip_04331,CREMA-D,CREMA-D_056
clip_04332,TESS,TESS_000
clip_04335,TESS,TESS_000
clip_04336,CREMA-D,CREMA-D_048
clip_04338,TESS,TESS_001
clip_04340,CREMA-D,CREMA-D_046
clip_04341,TESS,TESS_000
clip_04342,RAVDESS,RAVDESS_015
clip_04343,TESS,TESS_000
clip_04344,TESS,TESS_001
clip_04345,TESS,TESS_001
clip_04346,CREMA-D,CREMA-D_023
clip_04347,TESS,TESS_001
clip_04349,CREMA-D,CREMA-D_022
clip_04350,CREMA-D,CREMA-D_029
clip_04351,CREMA-D,CREMA-D_039
clip_04352,TESS,TESS_000
clip_04353,TESS,TESS_001
clip_04354,CREMA-D,CREMA-D_003
clip_04355,CREMA-D,CREMA-D_003
clip_04356,CREMA-D,CREMA-D_006
clip_04357,TESS,TESS_001
clip_04358,CREMA-D,CREMA-D_034
clip_04359,CREMA-D,CREMA-D_007
clip_04360,CREMA-D,CREMA-D_038
clip_04361,CREMA-D,CREMA-D_036
clip_04362,TESS,TESS_001
clip_04365,CREMA-D,CREMA-D_013
clip_04366,CREMA-D,CREMA-D_056
clip_04370,RAVDESS,RAVDESS_003
clip_04371,CREMA-D,CREMA-D_005
clip_04372,UNKNOWN,UNKNOWN_pool
clip_04373,CREMA-D,CREMA-D_038
clip_04374,CREMA-D,CREMA-D_022
clip_04375,CREMA-D,CREMA-D_019
clip_04377,CREMA-D,CREMA-D_067
clip_04378,CREMA-D,CREMA-D_054
clip_04379,CREMA-D,CREMA-D_036
clip_04380,CREMA-D,CREMA-D_053
clip_04381,TESS,TESS_001
clip_04383,CREMA-D,CREMA-D_044
clip_04384,TESS,TESS_000
clip_04385,CREMA-D,CREMA-D_060
clip_04386,CREMA-D,CREMA-D_038
clip_04389,CREMA-D,CREMA-D_019
clip_04390,CREMA-D,CREMA-D_071
clip_04391,TESS,TESS_001
clip_04392,CREMA-D,CREMA-D_059
clip_04393,RAVDESS,RAVDESS_002
clip_04394,CREMA-D,CREMA-D_045
clip_04396,TESS,TESS_000
clip_04397,CREMA-D,CREMA-D_059
clip_04398,CREMA-D,CREMA-D_061
clip_04400,TESS,TESS_001
clip_04401,CREMA-D,CREMA-D_043
clip_04402,TESS,TESS_000
clip_04403,CREMA-D,CREMA-D_044
clip_04404,CREMA-D,CREMA-D_006
clip_04405,TESS,TESS_000
clip_04406,RAVDESS,RAVDESS_016
clip_04407,TESS,TESS_000
clip_04408,TESS,TESS_001
clip_04409,CREMA-D,CREMA-D_006
clip_04410,TESS,TESS_000
clip_04411,TESS,TESS_000
clip_04412,CREMA-D,CREMA-D_014
clip_04413,CREMA-D,CREMA-D_044
clip_04414,CREMA-D,CREMA-D_036
clip_04416,TESS,TESS_001
clip_04419,RAVDESS,RAVDESS_004
clip_04420,CREMA-D,CREMA-D_007
clip_04421,RAVDESS,RAVDESS_006
clip_04422,CREMA-D,CREMA-D_011
clip_04424,TESS,TESS_001
clip_04428,CREMA-D,CREMA-D_059
clip_04430,CREMA-D,CREMA-D_014
clip_04431,CREMA-D,CREMA-D_010
clip_04433,CREMA-D,CREMA-D_007
clip_04434,CREMA-D,CREMA-D_016
clip_04437,TESS,TESS_000
clip_04438,CREMA-D,CREMA-D_057
clip_04439,TESS,TESS_001
clip_04440,CREMA-D,CREMA-D_071
clip_04441,TESS,TESS_001
clip_04443,CREMA-D,CREMA-D_069
clip_04444,CREMA-D,CREMA-D_065
clip_04445,TESS,TESS_000
clip_04446,CREMA-D,CREMA-D_001
clip_04447,RAVDESS,RAVDESS_007
clip_04448,TESS,TESS_000
clip_04449,CREMA-D,CREMA-D_017
clip_04450,CREMA-D,CREMA-D_021
clip_04451,TESS,TESS_001
clip_04452,RAVDESS,RAVDESS_004
clip_04453,TESS,TESS_000
clip_04454,CREMA-D,CREMA-D_007
clip_04455,CREMA-D,CREMA-D_052
clip_04456,CREMA-D,CREMA-D_067
clip_04457,RAVDESS,RAVDESS_000
clip_04460,TESS,TESS_001
clip_04461,TESS,TESS_001
clip_04464,CREMA-D,CREMA-D_030
clip_04465,CREMA-D,CREMA-D_031
clip_04466,TESS,TESS_001
clip_04467,TESS,TESS_000
clip_04468,CREMA-D,CREMA-D_029
clip_04469,TESS,TESS_000
clip_04471,CREMA-D,CREMA-D_008
clip_04472,CREMA-D,CREMA-D_009
clip_04474,TESS,TESS_001
clip_04475,TESS,TESS_000
clip_04476,CREMA-D,CREMA-D_043
clip_04477,TESS,TESS_000
clip_04479,CREMA-D,CREMA-D_046
clip_04480,TESS,TESS_001
clip_04483,TESS,TESS_000
clip_04484,TESS,TESS_001
clip_04485,TESS,TESS_001
clip_04488,CREMA-D,CREMA-D_064
clip_04489,CREMA-D,CREMA-D_015
clip_04490,CREMA-D,CREMA-D_031
clip_04491,CREMA-D,CREMA-D_059
clip_04493,RAVDESS,RAVDESS_010
clip_04494,CREMA-D,CREMA-D_036
clip_04495,CREMA-D,CREMA-D_043
clip_04496,CREMA-D,CREMA-D_059
clip_04497,CREMA-D,CREMA-D_017
clip_04500,CREMA-D,CREMA-D_051
clip_04502,TESS,TESS_001
clip_04503,TESS,TESS_001
clip_04504,CREMA-D,CREMA-D_008
clip_04505,TESS,TESS_001
clip_04506,CREMA-D,CREMA-D_017
clip_04507,TESS,TESS_001
clip_04508,CREMA-D,CREMA-D_065
clip_04510,CREMA-D,CREMA-D_007
clip_04514,RAVDESS,RAVDESS_006
clip_04515,TESS,TESS_001
clip_04516,CREMA-D,CREMA-D_047
clip_04517,CREMA-D,CREMA-D_024
clip_04518,CREMA-D,CREMA-D_048
clip_04519,CREMA-D,CREMA-D_036
clip_04520,CREMA-D,CREMA-D_017
clip_04521,CREMA-D,CREMA-D_068
clip_04522,CREMA-D,CREMA-D_043
clip_04523,CREMA-D,CREMA-D_034
clip_04524,CREMA-D,CREMA-D_027
clip_04525,TESS,TESS_001
clip_04526,CREMA-D,CREMA-D_030
clip_04527,TESS,TESS_000
clip_04528,CREMA-D,CREMA-D_001
clip_04529,CREMA-D,CREMA-D_003
clip_04531,RAVDESS,RAVDESS_008
clip_04533,TESS,TESS_001
clip_04535,CREMA-D,CREMA-D_019
clip_04536,CREMA-D,CREMA-D_064
clip_04537,CREMA-D,CREMA-D_014
clip_04538,CREMA-D,CREMA-D_018
clip_04540,CREMA-D,CREMA-D_033
clip_04541,TESS,TESS_000
clip_04542,CREMA-D,CREMA-D_023
clip_04544,CREMA-D,CREMA-D_068
clip_04546,TESS,TESS_001
clip_04547,TESS,TESS_000
clip_04548,CREMA-D,CREMA-D_022
clip_04549,CREMA-D,CREMA-D_065
clip_04550,CREMA-D,CREMA-D_050
clip_04551,CREMA-D,CREMA-D_056
clip_04552,TESS,TESS_000
clip_04553,TESS,TESS_000
clip_04555,CREMA-D,CREMA-D_044
clip_04557,TESS,TESS_000
clip_04558,CREMA-D,CREMA-D_009
clip_04559,CREMA-D,CREMA-D_051
clip_04560,CREMA-D,CREMA-D_066
clip_04561,CREMA-D,CREMA-D_036
clip_04562,CREMA-D,CREMA-D_034
clip_04563,CREMA-D,CREMA-D_011
clip_04564,CREMA-D,CREMA-D_048
clip_04565,CREMA-D,CREMA-D_059
clip_04566,TESS,TESS_000
clip_04567,CREMA-D,CREMA-D_061
clip_04568,CREMA-D,CREMA-D_039
clip_04569,CREMA-D,CREMA-D_066
clip_04570,CREMA-D,CREMA-D_071
clip_04571,TESS,TESS_000
clip_04572,CREMA-D,CREMA-D_057
clip_04573,CREMA-D,CREMA-D_066
clip_04574,CREMA-D,CREMA-D_043
clip_04575,CREMA-D,CREMA-D_010
clip_04576,CREMA-D,CREMA-D_026
clip_04578,CREMA-D,CREMA-D_044
clip_04579,CREMA-D,CREMA-D_008
clip_04580,RAVDESS,RAVDESS_001
clip_04582,CREMA-D,CREMA-D_031
clip_04583,RAVDESS,RAVDESS_003
clip_04584,RAVDESS,RAVDESS_008
clip_04585,CREMA-D,CREMA-D_006
clip_04586,CREMA-D,CREMA-D_024
clip_04587,TESS,TESS_001
clip_04589,TESS,TESS_001
clip_04590,CREMA-D,CREMA-D_055
clip_04591,TESS,TESS_000
clip_04592,TESS,TESS_001
clip_04594,CREMA-D,CREMA-D_016
clip_04595,TESS,TESS_001
clip_04596,TESS,TESS_001
clip_04597,TESS,TESS_000
clip_04598,CREMA-D,CREMA-D_003
clip_04599,TESS,TESS_000
clip_04600,TESS,TESS_001
clip_04601,TESS,TESS_001
clip_04602,TESS,TESS_000
clip_04603,CREMA-D,CREMA-D_037
clip_04605,CREMA-D,CREMA-D_021
clip_04606,CREMA-D,CREMA-D_059
clip_04607,TESS,TESS_001
clip_04609,CREMA-D,CREMA-D_012
clip_04610,TESS,TESS_000
clip_04611,CREMA-D,CREMA-D_015
clip_04612,CREMA-D,CREMA-D_003
clip_04613,TESS,TESS_000
clip_04614,TESS,TESS_001
clip_04615,CREMA-D,CREMA-D_052
clip_04616,CREMA-D,CREMA-D_001
clip_04618,CREMA-D,CREMA-D_037
clip_04620,CREMA-D,CREMA-D_069
clip_04621,CREMA-D,CREMA-D_016
clip_04622,CREMA-D,CREMA-D_001
clip_04623,CREMA-D,CREMA-D_041
clip_04624,TESS,TESS_000
clip_04626,CREMA-D,CREMA-D_022
clip_04627,RAVDESS,RAVDESS_014
clip_04628,CREMA-D,CREMA-D_009
clip_04629,CREMA-D,CREMA-D_043
clip_04630,CREMA-D,CREMA-D_064
clip_04632,TESS,TESS_001
clip_04634,CREMA-D,CREMA-D_069
clip_04636,CREMA-D,CREMA-D_000
clip_04637,TESS,TESS_000
clip_04638,CREMA-D,CREMA-D_062
clip_04640,TESS,TESS_000
clip_04641,CREMA-D,CREMA-D_051
clip_04643,CREMA-D,CREMA-D_002
clip_04644,TESS,TESS_000
clip_04645,TESS,TESS_001
clip_04647,CREMA-D,CREMA-D_063
clip_04648,CREMA-D,CREMA-D_065
clip_04649,CREMA-D,CREMA-D_020
clip_04650,CREMA-D,CREMA-D_046
clip_04651,TESS,TESS_001
clip_04652,TESS,TESS_001
clip_04653,TESS,TESS_001
clip_04654,CREMA-D,CREMA-D_045
clip_04655,CREMA-D,CREMA-D_039
clip_04658,TESS,TESS_000
clip_04659,CREMA-D,CREMA-D_006
clip_04660,CREMA-D,CREMA-D_067
clip_04661,CREMA-D,CREMA-D_043
clip_04663,CREMA-D,CREMA-D_046
clip_04664,CREMA-D,CREMA-D_014
clip_04665,CREMA-D,CREMA-D_040
clip_04666,TESS,TESS_001
clip_04667,CREMA-D,CREMA-D_045
clip_04668,CREMA-D,CREMA-D_068
clip_04669,CREMA-D,CREMA-D_070
clip_04670,CREMA-D,CREMA-D_046
clip_04671,CREMA-D,CREMA-D_062
clip_04672,RAVDESS,RAVDESS_017
clip_04673,CREMA-D,CREMA-D_050
clip_04674,CREMA-D,CREMA-D_051
clip_04675,CREMA-D,CREMA-D_037
clip_04676,CREMA-D,CREMA-D_006
clip_04677,CREMA-D,CREMA-D_036
clip_04679,CREMA-D,CREMA-D_071
clip_04680,CREMA-D,CREMA-D_050
clip_04681,TESS,TESS_000
clip_04682,CREMA-D,CREMA-D_036
clip_04683,CREMA-D,CREMA-D_004
clip_04684,TESS,TESS_001
clip_04685,CREMA-D,CREMA-D_061
clip_04686,CREMA-D,CREMA-D_034
clip_04688,CREMA-D,CREMA-D_022
clip_04689,CREMA-D,CREMA-D_030
clip_04690,CREMA-D,CREMA-D_023
clip_04691,CREMA-D,CREMA-D_053
clip_04692,TESS,TESS_001
clip_04693,CREMA-D,CREMA-D_068
clip_04694,TESS,TESS_000
clip_04699,RAVDESS,RAVDESS_006
clip_04700,CREMA-D,CREMA-D_060
clip_04701,TESS,TESS_000
clip_04702,CREMA-D,CREMA-D_046
clip_04703,CREMA-D,CREMA-D_001
clip_04704,CREMA-D,CREMA-D_034
clip_04706,CREMA-D,CREMA-D_043
clip_04707,TESS,TESS_000
clip_04708,TESS,TESS_001
clip_04709,CREMA-D,CREMA-D_017
clip_04711,CREMA-D,CREMA-D_038
clip_04712,TESS,TESS_000
clip_04713,CREMA-D,CREMA-D_029
clip_04714,CREMA-D,CREMA-D_015
clip_04715,CREMA-D,CREMA-D_054
clip_04717,CREMA-D,CREMA-D_052
clip_04718,CREMA-D,CREMA-D_005
clip_04719,TESS,TESS_000
clip_04721,CREMA-D,CREMA-D_002
clip_04723,CREMA-D,CREMA-D_022
clip_04724,CREMA-D,CREMA-D_024
clip_04725,CREMA-D,CREMA-D_042
clip_04726,CREMA-D,CREMA-D_016
clip_04728,CREMA-D,CREMA-D_060
clip_04729,TESS,TESS_001
clip_04730,CREMA-D,CREMA-D_024
clip_04731,RAVDESS,RAVDESS_007
clip_04732,CREMA-D,CREMA-D_062
clip_04734,CREMA-D,CREMA-D_055
clip_04735,CREMA-D,CREMA-D_003
clip_04736,RAVDESS,RAVDESS_017
clip_04737,CREMA-D,CREMA-D_057
clip_04738,CREMA-D,CREMA-D_020
clip_04739,CREMA-D,CREMA-D_028
clip_04740,CREMA-D,CREMA-D_052
clip_04741,TESS,TESS_001
clip_04742,TESS,TESS_001
clip_04743,RAVDESS,RAVDESS_012
clip_04744,CREMA-D,CREMA-D_058
clip_04745,CREMA-D,CREMA-D_034
clip_04746,RAVDESS,RAVDESS_019
clip_04747,CREMA-D,CREMA-D_025
clip_04748,RAVDESS,RAVDESS_000
clip_04749,TESS,TESS_001
clip_04750,CREMA-D,CREMA-D_054
clip_04751,CREMA-D,CREMA-D_031
clip_04752,CREMA-D,CREMA-D_070
clip_04753,TESS,TESS_000
clip_04754,TESS,TESS_001
clip_04755,CREMA-D,CREMA-D_015
clip_04756,CREMA-D,CREMA-D_019
clip_04757,CREMA-D,CREMA-D_067
clip_04758,TESS,TESS_000
clip_04759,CREMA-D,CREMA-D_057
clip_04760,CREMA-D,CREMA-D_049
clip_04761,CREMA-D,CREMA-D_031
clip_04762,CREMA-D,CREMA-D_013
clip_04763,TESS,TESS_000
clip_04764,TESS,TESS_000
clip_04766,CREMA-D,CREMA-D_054
clip_04767,TESS,TESS_000
clip_04768,CREMA-D,CREMA-D_024
clip_04769,CREMA-D,CREMA-D_070
clip_04770,CREMA-D,CREMA-D_054
clip_04771,CREMA-D,CREMA-D_059
clip_04772,RAVDESS,RAVDESS_014
clip_04773,TESS,TESS_001
clip_04774,TESS,TESS_001
clip_04777,CREMA-D,CREMA-D_051
clip_04778,CREMA-D,CREMA-D_038
clip_04780,CREMA-D,CREMA-D_057
clip_04781,TESS,TESS_001
clip_04782,CREMA-D,CREMA-D_052
clip_04783,TESS,TESS_001
clip_04784,TESS,TESS_001
clip_04785,CREMA-D,CREMA-D_064
clip_04786,CREMA-D,CREMA-D_036
clip_04787,CREMA-D,CREMA-D_029
clip_04788,CREMA-D,CREMA-D_045
clip_04789,CREMA-D,CREMA-D_044
clip_04790,TESS,TESS_001
clip_04791,CREMA-D,CREMA-D_001
clip_04792,CREMA-D,CREMA-D_010
clip_04793,TESS,TESS_000
clip_04794,CREMA-D,CREMA-D_004
clip_04795,TESS,TESS_001
clip_04796,CREMA-D,CREMA-D_030
clip_04797,RAVDESS,RAVDESS_017
clip_04798,TESS,TESS_000
clip_04800,CREMA-D,CREMA-D_035
clip_04801,CREMA-D,CREMA-D_048
clip_04802,CREMA-D,CREMA-D_044
clip_04803,CREMA-D,CREMA-D_020
clip_04805,RAVDESS,RAVDESS_016
clip_04806,CREMA-D,CREMA-D_004
clip_04807,TESS,TESS_001
clip_04808,CREMA-D,CREMA-D_004
clip_04809,TESS,TESS_000
clip_04810,TESS,TESS_001
clip_04811,CREMA-D,CREMA-D_011
clip_04812,TESS,TESS_000
clip_04813,CREMA-D,CREMA-D_019
clip_04814,CREMA-D,CREMA-D_033
clip_04815,CREMA-D,CREMA-D_007
clip_04816,TESS,TESS_000
clip_04817,CREMA-D,CREMA-D_017
clip_04818,CREMA-D,CREMA-D_001
clip_04820,CREMA-D,CREMA-D_020
clip_04821,CREMA-D,CREMA-D_014
clip_04822,TESS,TESS_000
clip_04824,CREMA-D,CREMA-D_034
clip_04825,RAVDESS,RAVDESS_005
clip_04826,CREMA-D,CREMA-D_069
clip_04827,RAVDESS,RAVDESS_018
clip_04829,CREMA-D,CREMA-D_053
clip_04830,CREMA-D,CREMA-D_070
clip_04831,RAVDESS,RAVDESS_016
clip_04832,CREMA-D,CREMA-D_013
clip_04834,TESS,TESS_000
clip_04835,TESS,TESS_001
clip_04836,TESS,TESS_000
clip_04837,CREMA-D,CREMA-D_031
clip_04838,CREMA-D,CREMA-D_055
clip_04839,CREMA-D,CREMA-D_062
clip_04840,TESS,TESS_001
clip_04841,CREMA-D,CREMA-D_022
clip_04842,CREMA-D,CREMA-D_055
clip_04843,TESS,TESS_001
clip_04844,CREMA-D,CREMA-D_062
clip_04845,CREMA-D,CREMA-D_001
clip_04846,CREMA-D,CREMA-D_047
clip_04847,TESS,TESS_000
clip_04848,TESS,TESS_001
clip_04849,TESS,TESS_001
clip_04850,CREMA-D,CREMA-D_008
clip_04851,RAVDESS,RAVDESS_019
clip_04853,CREMA-D,CREMA-D_014
clip_04854,TESS,TESS_000
clip_04855,TESS,TESS_000
clip_04856,CREMA-D,CREMA-D_046
clip_04857,TESS,TESS_001
clip_04858,CREMA-D,CREMA-D_034
clip_04860,RAVDESS,RAVDESS_001
clip_04861,RAVDESS,RAVDESS_008
clip_04862,CREMA-D,CREMA-D_070
clip_04863,CREMA-D,CREMA-D_039
clip_04864,CREMA-D,CREMA-D_021
clip_04865,TESS,TESS_001
clip_04866,CREMA-D,CREMA-D_002
clip_04867,CREMA-D,CREMA-D_003
clip_04868,RAVDESS,RAVDESS_016
clip_04869,CREMA-D,CREMA-D_005
clip_04870,CREMA-D,CREMA-D_055
clip_04871,TESS,TESS_000
clip_04872,TESS,TESS_001
clip_04873,RAVDESS,RAVDESS_016
clip_04874,CREMA-D,CREMA-D_068
clip_04875,CREMA-D,CREMA-D_015
clip_04876,CREMA-D,CREMA-D_050
clip_04877,CREMA-D,CREMA-D_038
clip_04878,CREMA-D,CREMA-D_065
clip_04879,CREMA-D,CREMA-D_001
clip_04880,CREMA-D,CREMA-D_033
clip_04881,CREMA-D,CREMA-D_031
clip_04882,TESS,TESS_001
clip_04883,CREMA-D,CREMA-D_068
clip_04884,TESS,TESS_000
clip_04885,CREMA-D,CREMA-D_056
clip_04886,CREMA-D,CREMA-D_017
clip_04887,CREMA-D,CREMA-D_031
clip_04888,RAVDESS,RAVDESS_005
clip_04889,TESS,TESS_000
clip_04890,CREMA-D,CREMA-D_003
clip_04891,CREMA-D,CREMA-D_001
clip_04892,TESS,TESS_001
clip_04894,CREMA-D,CREMA-D_062
clip_04895,CREMA-D,CREMA-D_014
clip_04896,CREMA-D,CREMA-D_031
clip_04897,CREMA-D,CREMA-D_063
clip_04899,CREMA-D,CREMA-D_037
clip_04900,TESS,TESS_001
clip_04901,TESS,TESS_000
clip_04903,CREMA-D,CREMA-D_055
clip_04904,TESS,TESS_000
clip_04905,CREMA-D,CREMA-D_004
clip_04906,CREMA-D,CREMA-D_001
clip_04907,TESS,TESS_001
clip_04908,TESS,TESS_000
clip_04909,RAVDESS,RAVDESS_001
clip_04910,TESS,TESS_001
clip_04911,CREMA-D,CREMA-D_064
clip_04913,TESS,TESS_001
clip_04918,CREMA-D,CREMA-D_040
clip_04919,RAVDESS,RAVDESS_002
clip_04920,CREMA-D,CREMA-D_061
clip_04921,CREMA-D,CREMA-D_027
clip_04922,CREMA-D,CREMA-D_069
clip_04924,RAVDESS,RAVDESS_019
clip_04925,CREMA-D,CREMA-D_054
clip_04926,TESS,TESS_001
clip_04927,CREMA-D,CREMA-D_000
clip_04928,TESS,TESS_001
clip_04929,CREMA-D,CREMA-D_008
clip_04930,TESS,TESS_001
clip_04931,TESS,TESS_001
clip_04932,CREMA-D,CREMA-D_019
clip_04933,CREMA-D,CREMA-D_051
clip_04934,CREMA-D,CREMA-D_028
clip_04935,CREMA-D,CREMA-D_063
clip_04936,TESS,TESS_001
clip_04938,TESS,TESS_001
clip_04940,CREMA-D,CREMA-D_063
clip_04941,TESS,TESS_001
clip_04942,TESS,TESS_001
clip_04943,CREMA-D,CREMA-D_063
clip_04944,CREMA-D,CREMA-D_034
clip_04946,RAVDESS,RAVDESS_013
clip_04947,CREMA-D,CREMA-D_024
clip_04949,TESS,TESS_000
clip_04950,CREMA-D,CREMA-D_064
clip_04952,TESS,TESS_000
clip_04953,CREMA-D,CREMA-D_034
clip_04954,TESS,TESS_000
clip_04955,CREMA-D,CREMA-D_032
clip_04956,CREMA-D,CREMA-D_029
clip_04957,TESS,TESS_000
clip_04958,CREMA-D,CREMA-D_047
clip_04959,CREMA-D,CREMA-D_043
clip_04960,CREMA-D,CREMA-D_045
clip_04961,CREMA-D,CREMA-D_055
clip_04963,CREMA-D,CREMA-D_044
clip_04965,CREMA-D,CREMA-D_025
clip_04966,CREMA-D,CREMA-D_042
clip_04967,CREMA-D,CREMA-D_060
clip_04968,CREMA-D,CREMA-D_018
clip_04970,TESS,TESS_001
clip_04972,CREMA-D,CREMA-D_053
clip_04974,CREMA-D,CREMA-D_069
clip_04975,RAVDESS,RAVDESS_000
clip_04976,CREMA-D,CREMA-D_011
clip_04978,TESS,TESS_001
clip_04979,TESS,TESS_000
clip_04980,CREMA-D,CREMA-D_046
clip_04981,CREMA-D,CREMA-D_054
clip_04982,TESS,TESS_001
clip_04983,CREMA-D,CREMA-D_067
clip_04984,TESS,TESS_000
clip_04985,CREMA-D,CREMA-D_061
clip_04986,CREMA-D,CREMA-D_014
clip_04987,TESS,TESS_000
clip_04988,CREMA-D,CREMA-D_067
clip_04989,CREMA-D,CREMA-D_049
clip_04990,CREMA-D,CREMA-D_005
clip_04991,CREMA-D,CREMA-D_003
clip_04993,CREMA-D,CREMA-D_062
clip_04994,TESS,TESS_001
clip_04995,CREMA-D,CREMA-D_002
clip_04996,CREMA-D,CREMA-D_036
clip_04997,CREMA-D,CREMA-D_066
clip_04998,TESS,TESS_000
clip_05000,UNKNOWN,UNKNOWN_pool
clip_05001,RAVDESS,RAVDESS_009
clip_05003,CREMA-D,CREMA-D_044
clip_05006,CREMA-D,CREMA-D_054
clip_05007,CREMA-D,CREMA-D_034
clip_05009,CREMA-D,CREMA-D_029
clip_05012,TESS,TESS_000
clip_05013,TESS,TESS_000
clip_05014,TESS,TESS_001
clip_05015,TESS,TESS_000
clip_05016,RAVDESS,RAVDESS_007
clip_05018,CREMA-D,CREMA-D_001
clip_05019,CREMA-D,CREMA-D_031
clip_05020,TESS,TESS_000
clip_05021,CREMA-D,CREMA-D_068
clip_05022,CREMA-D,CREMA-D_016
clip_05023,CREMA-D,CREMA-D_044
clip_05024,RAVDESS,RAVDESS_019
clip_05025,RAVDESS,RAVDESS_018
clip_05026,TESS,TESS_001
clip_05027,RAVDESS,RAVDESS_016
clip_05028,RAVDESS,RAVDESS_009
clip_05029,TESS,TESS_000
clip_05030,CREMA-D,CREMA-D_063
clip_05031,TESS,TESS_001
clip_05032,CREMA-D,CREMA-D_066
clip_05033,RAVDESS,RAVDESS_002
clip_05034,CREMA-D,CREMA-D_009
clip_05035,CREMA-D,CREMA-D_005
clip_05036,TESS,TESS_001
clip_05037,CREMA-D,CREMA-D_014
clip_05038,TESS,TESS_000
clip_05039,CREMA-D,CREMA-D_037
clip_05040,TESS,TESS_000
clip_05041,CREMA-D,CREMA-D_001
clip_05044,CREMA-D,CREMA-D_033
clip_05045,RAVDESS,RAVDESS_012
clip_05046,UNKNOWN,UNKNOWN_pool
clip_05047,CREMA-D,CREMA-D_065
clip_05048,CREMA-D,CREMA-D_054
clip_05049,CREMA-D,CREMA-D_043
clip_05050,TESS,TESS_001
clip_05051,CREMA-D,CREMA-D_039
clip_05052,CREMA-D,CREMA-D_022
clip_05053,CREMA-D,CREMA-D_064
clip_05054,TESS,TESS_001
clip_05055,TESS,TESS_001
clip_05056,CREMA-D,CREMA-D_058
clip_05057,CREMA-D,CREMA-D_006
clip_05059,CREMA-D,CREMA-D_039
clip_05061,CREMA-D,CREMA-D_061
clip_05062,CREMA-D,CREMA-D_064
clip_05063,CREMA-D,CREMA-D_050
clip_05064,CREMA-D,CREMA-D_059
clip_05065,CREMA-D,CREMA-D_010
clip_05066,RAVDESS,RAVDESS_014
clip_05068,CREMA-D,CREMA-D_038
clip_05069,CREMA-D,CREMA-D_058
clip_05070,CREMA-D,CREMA-D_042
clip_05071,CREMA-D,CREMA-D_016
clip_05072,CREMA-D,CREMA-D_030
clip_05073,CREMA-D,CREMA-D_034
clip_05074,TESS,TESS_000
clip_05076,CREMA-D,CREMA-D_012
clip_05077,RAVDESS,RAVDESS_011
clip_05078,CREMA-D,CREMA-D_012
clip_05079,CREMA-D,CREMA-D_062
clip_05080,CREMA-D,CREMA-D_021
clip_05081,CREMA-D,CREMA-D_021
clip_05082,CREMA-D,CREMA-D_036
clip_05083,CREMA-D,CREMA-D_017
clip_05084,TESS,TESS_001
clip_05085,CREMA-D,CREMA-D_033
clip_05086,TESS,TESS_001
clip_05087,TESS,TESS_000
clip_05089,RAVDESS,RAVDESS_001
clip_05090,TESS,TESS_001
clip_05091,CREMA-D,CREMA-D_006
clip_05092,CREMA-D,CREMA-D_064
clip_05093,TESS,TESS_001
clip_05094,CREMA-D,CREMA-D_007
clip_05095,CREMA-D,CREMA-D_001
clip_05096,TESS,TESS_000
clip_05097,TESS,TESS_001
clip_05098,CREMA-D,CREMA-D_058
clip_05099,TESS,TESS_000
clip_05100,CREMA-D,CREMA-D_016
clip_05101,TESS,TESS_000
clip_05102,TESS,TESS_001
clip_05103,TESS,TESS_001
clip_05105,CREMA-D,CREMA-D_047
clip_05106,RAVDESS,RAVDESS_019
clip_05107,CREMA-D,CREMA-D_053
clip_05108,TESS,TESS_000
clip_05110,CREMA-D,CREMA-D_016
clip_05113,CREMA-D,CREMA-D_056
clip_05114,CREMA-D,CREMA-D_054
clip_05115,TESS,TESS_001
clip_05116,CREMA-D,CREMA-D_045
clip_05117,CREMA-D,CREMA-D_002
clip_05118,CREMA-D,CREMA-D_056
clip_05120,CREMA-D,CREMA-D_026
clip_05121,TESS,TESS_001
clip_05122,CREMA-D,CREMA-D_052
clip_05123,RAVDESS,RAVDESS_000
clip_05124,TESS,TESS_000
clip_05126,TESS,TESS_001
clip_05127,CREMA-D,CREMA-D_008
clip_05128,CREMA-D,CREMA-D_027
clip_05129,RAVDESS,RAVDESS_014
clip_05133,CREMA-D,CREMA-D_064
clip_05135,CREMA-D,CREMA-D_012
clip_05136,CREMA-D,CREMA-D_058
clip_05138,TESS,TESS_001
clip_05139,TESS,TESS_001
clip_05140,CREMA-D,CREMA-D_003
clip_05141,TESS,TESS_001
clip_05142,CREMA-D,CREMA-D_050
clip_05143,CREMA-D,CREMA-D_031
clip_05144,CREMA-D,CREMA-D_032
clip_05145,TESS,TESS_000
clip_05147,CREMA-D,CREMA-D_071
clip_05148,CREMA-D,CREMA-D_035
clip_05150,CREMA-D,CREMA-D_016
clip_05152,CREMA-D,CREMA-D_011
clip_05153,CREMA-D,CREMA-D_053
clip_05154,CREMA-D,CREMA-D_043
clip_05155,RAVDESS,RAVDESS_004
clip_05156,CREMA-D,CREMA-D_031
clip_05157,CREMA-D,CREMA-D_034
clip_05160,TESS,TESS_001
clip_05162,CREMA-D,CREMA-D_000
clip_05164,CREMA-D,CREMA-D_007
clip_05165,CREMA-D,CREMA-D_069
clip_05166,CREMA-D,CREMA-D_054
clip_05167,CREMA-D,CREMA-D_058
clip_05168,RAVDESS,RAVDESS_001
clip_05169,CREMA-D,CREMA-D_049
clip_05170,CREMA-D,CREMA-D_039
clip_05171,RAVDESS,RAVDESS_016
clip_05172,TESS,TESS_000
clip_05173,TESS,TESS_001
clip_05174,TESS,TESS_001
clip_05175,RAVDESS,RAVDESS_008
clip_05176,RAVDESS,RAVDESS_006
clip_05177,CREMA-D,CREMA-D_036
clip_05178,CREMA-D,CREMA-D_015
clip_05179,CREMA-D,CREMA-D_033
clip_05181,CREMA-D,CREMA-D_038
clip_05182,CREMA-D,CREMA-D_065
clip_05183,TESS,TESS_001
clip_05186,CREMA-D,CREMA-D_006
clip_05187,CREMA-D,CREMA-D_016
clip_05189,CREMA-D,CREMA-D_031
clip_05190,CREMA-D,CREMA-D_006
clip_05191,CREMA-D,CREMA-D_029
clip_05192,CREMA-D,CREMA-D_028
clip_05193,TESS,TESS_001
clip_05195,CREMA-D,CREMA-D_058
clip_05196,TESS,TESS_001
clip_05197,CREMA-D,CREMA-D_003
clip_05198,CREMA-D,CREMA-D_016
clip_05199,CREMA-D,CREMA-D_066
clip_05200,CREMA-D,CREMA-D_001
clip_05201,CREMA-D,CREMA-D_006
clip_05203,CREMA-D,CREMA-D_026
clip_05205,CREMA-D,CREMA-D_002
clip_05206,CREMA-D,CREMA-D_045
clip_05207,CREMA-D,CREMA-D_033
clip_05208,CREMA-D,CREMA-D_011
clip_05209,TESS,TESS_000
clip_05210,RAVDESS,RAVDESS_000
clip_05211,TESS,TESS_001
clip_05212,CREMA-D,CREMA-D_051
clip_05213,TESS,TESS_000
clip_05214,CREMA-D,CREMA-D_050
clip_05215,CREMA-D,CREMA-D_065
clip_05217,CREMA-D,CREMA-D_051
clip_05218,CREMA-D,CREMA-D_020
clip_05219,TESS,TESS_000
clip_05221,CREMA-D,CREMA-D_019
clip_05222,TESS,TESS_001
clip_05223,CREMA-D,CREMA-D_024
clip_05224,CREMA-D,CREMA-D_043
clip_05225,RAVDESS,RAVDESS_011
clip_05226,TESS,TESS_001
clip_05227,CREMA-D,CREMA-D_065
clip_05228,CREMA-D,CREMA-D_071
clip_05229,CREMA-D,CREMA-D_036
clip_05230,TESS,TESS_000
clip_05232,CREMA-D,CREMA-D_030
clip_05233,CREMA-D,CREMA-D_058
clip_05234,CREMA-D,CREMA-D_057
clip_05235,TESS,TESS_000
clip_05236,CREMA-D,CREMA-D_015
clip_05237,CREMA-D,CREMA-D_004
clip_05238,RAVDESS,RAVDESS_014
clip_05239,TESS,TESS_001
clip_05240,CREMA-D,CREMA-D_011
clip_05242,CREMA-D,CREMA-D_015
clip_05243,TESS,TESS_000
clip_05244,RAVDESS,RAVDESS_000
clip_05245,CREMA-D,CREMA-D_071
clip_05246,CREMA-D,CREMA-D_049
clip_05247,TESS,TESS_001
clip_05248,CREMA-D,CREMA-D_071
clip_05249,CREMA-D,CREMA-D_030
clip_05250,CREMA-D,CREMA-D_064
clip_05252,CREMA-D,CREMA-D_022
clip_05253,CREMA-D,CREMA-D_043
clip_05254,CREMA-D,CREMA-D_014
clip_05255,TESS,TESS_000
clip_05256,CREMA-D,CREMA-D_011
clip_05257,CREMA-D,CREMA-D_015
clip_05258,RAVDESS,RAVDESS_014
clip_05259,TESS,TESS_000
clip_05260,CREMA-D,CREMA-D_006
clip_05261,TESS,TESS_000
clip_05262,CREMA-D,CREMA-D_054
clip_05263,TESS,TESS_001
clip_05264,CREMA-D,CREMA-D_060
clip_05265,TESS,TESS_001
clip_05266,CREMA-D,CREMA-D_060
clip_05267,CREMA-D,CREMA-D_062
clip_05269,CREMA-D,CREMA-D_044
clip_05270,CREMA-D,CREMA-D_036
clip_05271,CREMA-D,CREMA-D_016
clip_05272,CREMA-D,CREMA-D_037
clip_05273,CREMA-D,CREMA-D_007
clip_05274,TESS,TESS_001
clip_05275,CREMA-D,CREMA-D_028
clip_05276,RAVDESS,RAVDESS_003
clip_05277,CREMA-D,CREMA-D_060
clip_05278,TESS,TESS_001
clip_05279,CREMA-D,CREMA-D_001
clip_05280,CREMA-D,CREMA-D_038
clip_05281,TESS,TESS_001
clip_05282,CREMA-D,CREMA-D_052
clip_05283,CREMA-D,CREMA-D_015
clip_05284,CREMA-D,CREMA-D_014
clip_05285,CREMA-D,CREMA-D_063
clip_05286,TESS,TESS_000
clip_05287,CREMA-D,CREMA-D_031
clip_05288,CREMA-D,CREMA-D_017
clip_05289,CREMA-D,CREMA-D_049
clip_05290,TESS,TESS_001
clip_05291,TESS,TESS_000
clip_05292,CREMA-D,CREMA-D_054
clip_05293,CREMA-D,CREMA-D_019
clip_05294,CREMA-D,CREMA-D_052
clip_05295,CREMA-D,CREMA-D_019
clip_05296,RAVDESS,RAVDESS_000
clip_05298,TESS,TESS_001
clip_05301,CREMA-D,CREMA-D_053
clip_05303,TESS,TESS_000
clip_05304,CREMA-D,CREMA-D_039
clip_05305,CREMA-D,CREMA-D_069
clip_05306,CREMA-D,CREMA-D_040
clip_05307,CREMA-D,CREMA-D_001
clip_05308,TESS,TESS_000
clip_05309,CREMA-D,CREMA-D_037
clip_05310,CREMA-D,CREMA-D_050
clip_05311,TESS,TESS_000
clip_05312,RAVDESS,RAVDESS_003
clip_05314,TESS,TESS_001
clip_05315,RAVDESS,RAVDESS_012
clip_05316,CREMA-D,CREMA-D_052
clip_05317,CREMA-D,CREMA-D_011
clip_05318,CREMA-D,CREMA-D_022
clip_05320,CREMA-D,CREMA-D_002
clip_05322,CREMA-D,CREMA-D_001
clip_05323,TESS,TESS_000
clip_05324,RAVDESS,RAVDESS_007
clip_05326,CREMA-D,CREMA-D_059
clip_05327,CREMA-D,CREMA-D_042
clip_05329,RAVDESS,RAVDESS_002
clip_05330,CREMA-D,CREMA-D_030
clip_05332,CREMA-D,CREMA-D_042
clip_05333,TESS,TESS_000
clip_05334,TESS,TESS_001
clip_05335,CREMA-D,CREMA-D_060
clip_05337,CREMA-D,CREMA-D_046
clip_05339,CREMA-D,CREMA-D_043
clip_05340,CREMA-D,CREMA-D_036
clip_05341,CREMA-D,CREMA-D_033
clip_05342,CREMA-D,CREMA-D_034
clip_05343,CREMA-D,CREMA-D_029
clip_05344,CREMA-D,CREMA-D_036
clip_05346,CREMA-D,CREMA-D_018
clip_05347,TESS,TESS_000
clip_05348,RAVDESS,RAVDESS_016
clip_05349,TESS,TESS_000
clip_05350,CREMA-D,CREMA-D_019
clip_05352,TESS,TESS_000
clip_05353,CREMA-D,CREMA-D_001
clip_05354,TESS,TESS_000
clip_05355,CREMA-D,CREMA-D_015
clip_05356,CREMA-D,CREMA-D_053
clip_05357,TESS,TESS_000
clip_05359,CREMA-D,CREMA-D_064
clip_05361,RAVDESS,RAVDESS_018
clip_05362,CREMA-D,CREMA-D_024
clip_05363,CREMA-D,CREMA-D_037
clip_05364,CREMA-D,CREMA-D_017
clip_05366,CREMA-D,CREMA-D_067
clip_05367,CREMA-D,CREMA-D_062
clip_05368,CREMA-D,CREMA-D_071
clip_05369,CREMA-D,CREMA-D_056
clip_05370,CREMA-D,CREMA-D_007
clip_05371,RAVDESS,RAVDESS_003
clip_05372,CREMA-D,CREMA-D_067
clip_05373,TESS,TESS_000
clip_05376,CREMA-D,CREMA-D_068
clip_05377,CREMA-D,CREMA-D_062
clip_05378,RAVDESS,RAVDESS_010
clip_05379,CREMA-D,CREMA-D_053
clip_05381,CREMA-D,CREMA-D_029
clip_05382,CREMA-D,CREMA-D_034
clip_05383,CREMA-D,CREMA-D_018
clip_05384,CREMA-D,CREMA-D_043
clip_05386,CREMA-D,CREMA-D_014
clip_05387,CREMA-D,CREMA-D_019
clip_05388,UNKNOWN,UNKNOWN_pool
clip_05389,TESS,TESS_000
clip_05391,TESS,TESS_000
clip_05392,CREMA-D,CREMA-D_051
clip_05393,CREMA-D,CREMA-D_029
clip_05394,UNKNOWN,UNKNOWN_pool
clip_05395,TESS,TESS_001
clip_05396,CREMA-D,CREMA-D_037
clip_05397,TESS,TESS_000
clip_05399,TESS,TESS_001
clip_05400,CREMA-D,CREMA-D_056
clip_05401,CREMA-D,CREMA-D_038
clip_05402,TESS,TESS_000
clip_05403,CREMA-D,CREMA-D_056
clip_05404,CREMA-D,CREMA-D_060
clip_05405,CREMA-D,CREMA-D_038
clip_05406,TESS,TESS_000
clip_05407,TESS,TESS_000
clip_05408,TESS,TESS_001
clip_05409,CREMA-D,CREMA-D_016
clip_05410,CREMA-D,CREMA-D_024
clip_05411,CREMA-D,CREMA-D_052
clip_05412,RAVDESS,RAVDESS_016
clip_05413,CREMA-D,CREMA-D_006
clip_05414,CREMA-D,CREMA-D_042
clip_05415,CREMA-D,CREMA-D_059
clip_05416,TESS,TESS_000
clip_05417,TESS,TESS_000
clip_05418,TESS,TESS_001
clip_05419,CREMA-D,CREMA-D_000
clip_05420,CREMA-D,CREMA-D_006
clip_05421,RAVDESS,RAVDESS_016
clip_05422,CREMA-D,CREMA-D_028
clip_05423,CREMA-D,CREMA-D_005
clip_05424,RAVDESS,RAVDESS_016
clip_05425,TESS,TESS_001
clip_05426,TESS,TESS_000
clip_05427,CREMA-D,CREMA-D_068
clip_05428,CREMA-D,CREMA-D_012
clip_05429,RAVDESS,RAVDESS_001
clip_05431,CREMA-D,CREMA-D_036
clip_05432,CREMA-D,CREMA-D_027
clip_05433,TESS,TESS_000
clip_05435,CREMA-D,CREMA-D_040
clip_05436,CREMA-D,CREMA-D_019
clip_05437,CREMA-D,CREMA-D_021
clip_05438,UNKNOWN,UNKNOWN_pool
clip_05439,CREMA-D,CREMA-D_005
clip_05441,CREMA-D,CREMA-D_029
clip_05442,CREMA-D,CREMA-D_029
clip_05444,CREMA-D,CREMA-D_026
clip_05445,TESS,TESS_001
clip_05446,CREMA-D,CREMA-D_060
clip_05447,TESS,TESS_001
clip_05448,CREMA-D,CREMA-D_017
clip_05449,TESS,TESS_000
clip_05450,RAVDESS,RAVDESS_001
clip_05451,CREMA-D,CREMA-D_064
clip_05453,TESS,TESS_000
clip_05454,CREMA-D,CREMA-D_061
clip_05456,CREMA-D,CREMA-D_047
clip_05458,TESS,TESS_001
clip_05459,CREMA-D,CREMA-D_003
clip_05460,CREMA-D,CREMA-D_016
clip_05461,CREMA-D,CREMA-D_003
clip_05462,RAVDESS,RAVDESS_008
clip_05463,TESS,TESS_001
clip_05464,CREMA-D,CREMA-D_054
clip_05465,CREMA-D,CREMA-D_062
clip_05466,TESS,TESS_001
clip_05467,TESS,TESS_000
clip_05468,CREMA-D,CREMA-D_060
clip_05469,RAVDESS,RAVDESS_004
clip_05470,CREMA-D,CREMA-D_052
clip_05471,RAVDESS,RAVDESS_002
clip_05472,UNKNOWN,UNKNOWN_pool
clip_05473,RAVDESS,RAVDESS_000
clip_05476,CREMA-D,CREMA-D_066
clip_05477,CREMA-D,CREMA-D_020
clip_05478,CREMA-D,CREMA-D_014
clip_05479,TESS,TESS_000
clip_05480,CREMA-D,CREMA-D_063
clip_05481,CREMA-D,CREMA-D_031
clip_05482,CREMA-D,CREMA-D_024
clip_05483,TESS,TESS_001
clip_05484,CREMA-D,CREMA-D_032
clip_05486,CREMA-D,CREMA-D_026
clip_05487,TESS,TESS_000
clip_05489,CREMA-D,CREMA-D_037
clip_05491,TESS,TESS_001
clip_05492,CREMA-D,CREMA-D_062
clip_05493,CREMA-D,CREMA-D_047
clip_05494,RAVDESS,RAVDESS_016
clip_05495,CREMA-D,CREMA-D_019
clip_05496,CREMA-D,CREMA-D_068
clip_05497,CREMA-D,CREMA-D_068
clip_05499,CREMA-D,CREMA-D_058
clip_05500,CREMA-D,CREMA-D_007
clip_05501,CREMA-D,CREMA-D_022
clip_05502,TESS,TESS_001
clip_05504,CREMA-D,CREMA-D_001
clip_05505,TESS,TESS_000
clip_05506,CREMA-D,CREMA-D_020
clip_05508,CREMA-D,CREMA-D_051
clip_05509,RAVDESS,RAVDESS_015
clip_05510,TESS,TESS_001
clip_05511,TESS,TESS_000
clip_05512,CREMA-D,CREMA-D_016
clip_05513,CREMA-D,CREMA-D_038
clip_05514,CREMA-D,CREMA-D_020
clip_05515,CREMA-D,CREMA-D_062
clip_05516,CREMA-D,CREMA-D_001
clip_05517,TESS,TESS_000
clip_05518,CREMA-D,CREMA-D_048
clip_05519,RAVDESS,RAVDESS_014
clip_05520,TESS,TESS_001
clip_05521,TESS,TESS_001
clip_05523,CREMA-D,CREMA-D_009
clip_05524,CREMA-D,CREMA-D_068
clip_05526,RAVDESS,RAVDESS_003
clip_05527,RAVDESS,RAVDESS_001
clip_05528,TESS,TESS_000
clip_05529,CREMA-D,CREMA-D_034
clip_05530,CREMA-D,CREMA-D_042
clip_05532,CREMA-D,CREMA-D_031
clip_05533,CREMA-D,CREMA-D_056
clip_05534,CREMA-D,CREMA-D_019
clip_05535,CREMA-D,CREMA-D_028
clip_05537,RAVDESS,RAVDESS_009
clip_05538,CREMA-D,CREMA-D_062
clip_05540,TESS,TESS_001
clip_05541,CREMA-D,CREMA-D_050
clip_05542,CREMA-D,CREMA-D_038
clip_05543,CREMA-D,CREMA-D_006
clip_05544,CREMA-D,CREMA-D_024
clip_05546,CREMA-D,CREMA-D_041
clip_05547,CREMA-D,CREMA-D_032
clip_05548,CREMA-D,CREMA-D_054
clip_05549,CREMA-D,CREMA-D_033
clip_05550,CREMA-D,CREMA-D_032
clip_05551,RAVDESS,RAVDESS_006
clip_05552,RAVDESS,RAVDESS_009
clip_05553,CREMA-D,CREMA-D_038
clip_05556,CREMA-D,CREMA-D_042
clip_05557,CREMA-D,CREMA-D_064
clip_05559,CREMA-D,CREMA-D_070
clip_05560,CREMA-D,CREMA-D_066
clip_05561,CREMA-D,CREMA-D_069
clip_05562,CREMA-D,CREMA-D_020
clip_05564,TESS,TESS_000
clip_05565,CREMA-D,CREMA-D_001
clip_05567,CREMA-D,CREMA-D_014
clip_05568,TESS,TESS_000
clip_05569,CREMA-D,CREMA-D_051
clip_05570,CREMA-D,CREMA-D_036
clip_05571,CREMA-D,CREMA-D_004
clip_05572,TESS,TESS_000
clip_05574,CREMA-D,CREMA-D_009
clip_05575,CREMA-D,CREMA-D_007
clip_05576,CREMA-D,CREMA-D_037
clip_05577,TESS,TESS_001
clip_05578,TESS,TESS_000
clip_05579,CREMA-D,CREMA-D_010
clip_05580,TESS,TESS_001
clip_05581,UNKNOWN,UNKNOWN_pool
clip_05582,TESS,TESS_001
clip_05583,CREMA-D,CREMA-D_019
clip_05584,TESS,TESS_000
clip_05585,TESS,TESS_001
clip_05586,CREMA-D,CREMA-D_024
clip_05587,TESS,TESS_001
clip_05588,CREMA-D,CREMA-D_002
clip_05591,CREMA-D,CREMA-D_048
clip_05592,CREMA-D,CREMA-D_019
clip_05593,CREMA-D,CREMA-D_003
clip_05594,RAVDESS,RAVDESS_017
clip_05595,CREMA-D,CREMA-D_016
clip_05596,CREMA-D,CREMA-D_021
clip_05598,RAVDESS,RAVDESS_007
clip_05599,RAVDESS,RAVDESS_013
clip_05600,TESS,TESS_000
clip_05601,CREMA-D,CREMA-D_044
clip_05602,CREMA-D,CREMA-D_044
clip_05603,CREMA-D,CREMA-D_060
clip_05605,CREMA-D,CREMA-D_006
clip_05606,TESS,TESS_000
clip_05607,TESS,TESS_000
clip_05608,CREMA-D,CREMA-D_043
clip_05610,TESS,TESS_001
clip_05611,TESS,TESS_000
clip_05612,CREMA-D,CREMA-D_000
clip_05613,CREMA-D,CREMA-D_063
clip_05614,CREMA-D,CREMA-D_041
clip_05616,CREMA-D,CREMA-D_047
clip_05617,CREMA-D,CREMA-D_051
clip_05618,CREMA-D,CREMA-D_056
clip_05619,CREMA-D,CREMA-D_058
clip_05620,RAVDESS,RAVDESS_014
clip_05621,CREMA-D,CREMA-D_068
clip_05622,CREMA-D,CREMA-D_034
clip_05623,TESS,TESS_001
clip_05624,CREMA-D,CREMA-D_018
clip_05625,CREMA-D,CREMA-D_054
clip_05626,CREMA-D,CREMA-D_033
clip_05627,CREMA-D,CREMA-D_034
clip_05628,CREMA-D,CREMA-D_013
clip_05629,TESS,TESS_001
clip_05630,CREMA-D,CREMA-D_020
clip_05631,CREMA-D,CREMA-D_063
clip_05632,CREMA-D,CREMA-D_009
clip_05633,CREMA-D,CREMA-D_025
clip_05634,CREMA-D,CREMA-D_069
clip_05635,RAVDESS,RAVDESS_006
clip_05637,RAVDESS,RAVDESS_013
clip_05638,CREMA-D,CREMA-D_032
clip_05639,TESS,TESS_000
clip_05640,CREMA-D,CREMA-D_048
clip_05641,CREMA-D,CREMA-D_051
clip_05642,CREMA-D,CREMA-D_006
clip_05644,CREMA-D,CREMA-D_065
clip_05645,CREMA-D,CREMA-D_051
clip_05646,CREMA-D,CREMA-D_071
clip_05647,CREMA-D,CREMA-D_019
clip_05648,CREMA-D,CREMA-D_027
clip_05649,TESS,TESS_000
clip_05652,CREMA-D,CREMA-D_007
clip_05653,CREMA-D,CREMA-D_021
clip_05654,CREMA-D,CREMA-D_036
clip_05655,TESS,TESS_000
clip_05656,CREMA-D,CREMA-D_007
clip_05657,RAVDESS,RAVDESS_005
clip_05658,TESS,TESS_001
clip_05659,CREMA-D,CREMA-D_027
clip_05660,TESS,TESS_001
clip_05661,TESS,TESS_000
clip_05662,TESS,TESS_000
clip_05663,CREMA-D,CREMA-D_011
clip_05664,CREMA-D,CREMA-D_006
clip_05666,CREMA-D,CREMA-D_012
clip_05667,RAVDESS,RAVDESS_006
clip_05668,TESS,TESS_000
clip_05669,TESS,TESS_000
clip_05670,CREMA-D,CREMA-D_055
clip_05671,CREMA-D,CREMA-D_037
clip_05672,CREMA-D,CREMA-D_065
clip_05673,CREMA-D,CREMA-D_007
clip_05674,CREMA-D,CREMA-D_042
clip_05675,CREMA-D,CREMA-D_002
clip_05676,TESS,TESS_001
clip_05677,CREMA-D,CREMA-D_002
clip_05678,CREMA-D,CREMA-D_048
clip_05679,CREMA-D,CREMA-D_043
clip_05680,TESS,TESS_001
clip_05683,TESS,TESS_001
clip_05684,TESS,TESS_000
clip_05685,CREMA-D,CREMA-D_062
clip_05686,RAVDESS,RAVDESS_000
clip_05687,TESS,TESS_001
clip_05688,TESS,TESS_000
clip_05689,RAVDESS,RAVDESS_012
clip_05690,CREMA-D,CREMA-D_001
clip_05691,TESS,TESS_001
clip_05693,RAVDESS,RAVDESS_018
clip_05694,CREMA-D,CREMA-D_045
clip_05695,CREMA-D,CREMA-D_041
clip_05696,CREMA-D,CREMA-D_001
clip_05697,CREMA-D,CREMA-D_007
clip_05698,CREMA-D,CREMA-D_009
clip_05699,TESS,TESS_000
clip_05701,CREMA-D,CREMA-D_049
clip_05702,CREMA-D,CREMA-D_021
clip_05704,CREMA-D,CREMA-D_049
clip_05705,CREMA-D,CREMA-D_012
clip_05706,CREMA-D,CREMA-D_052
clip_05707,TESS,TESS_001
clip_05708,CREMA-D,CREMA-D_056
clip_05709,TESS,TESS_000
clip_05710,TESS,TESS_000
clip_05711,CREMA-D,CREMA-D_014
clip_05712,CREMA-D,CREMA-D_019
clip_05714,TESS,TESS_001
clip_05715,TESS,TESS_001
clip_05716,CREMA-D,CREMA-D_071
clip_05717,RAVDESS,RAVDESS_007
clip_05718,TESS,TESS_000
clip_05720,TESS,TESS_001
clip_05721,CREMA-D,CREMA-D_041
clip_05722,CREMA-D,CREMA-D_028
clip_05723,RAVDESS,RAVDESS_019
clip_05724,CREMA-D,CREMA-D_037
clip_05725,TESS,TESS_000
clip_05726,CREMA-D,CREMA-D_062
clip_05727,RAVDESS,RAVDESS_014
clip_05728,TESS,TESS_000
clip_05729,TESS,TESS_000
clip_05731,TESS,TESS_001
clip_05732,CREMA-D,CREMA-D_007
clip_05733,CREMA-D,CREMA-D_034
clip_05734,TESS,TESS_000
clip_05736,CREMA-D,CREMA-D_012
clip_05737,CREMA-D,CREMA-D_051
clip_05738,CREMA-D,CREMA-D_055
clip_05739,CREMA-D,CREMA-D_059
clip_05740,TESS,TESS_001
clip_05741,TESS,TESS_000
clip_05742,TESS,TESS_001
clip_05743,CREMA-D,CREMA-D_057
clip_05744,CREMA-D,CREMA-D_061
clip_05746,CREMA-D,CREMA-D_042
clip_05747,CREMA-D,CREMA-D_009
clip_05748,TESS,TESS_000
clip_05749,TESS,TESS_001
clip_05750,TESS,TESS_000
clip_05751,CREMA-D,CREMA-D_012
clip_05752,CREMA-D,CREMA-D_025
clip_05753,CREMA-D,CREMA-D_056
clip_05754,CREMA-D,CREMA-D_066
clip_05756,CREMA-D,CREMA-D_071
clip_05757,TESS,TESS_000
clip_05759,CREMA-D,CREMA-D_007
clip_05760,CREMA-D,CREMA-D_053
clip_05761,CREMA-D,CREMA-D_003
clip_05762,TESS,TESS_000
clip_05763,CREMA-D,CREMA-D_037
clip_05766,CREMA-D,CREMA-D_023
clip_05767,RAVDESS,RAVDESS_006
clip_05768,CREMA-D,CREMA-D_016
clip_05769,CREMA-D,CREMA-D_065
clip_05770,CREMA-D,CREMA-D_043
clip_05771,CREMA-D,CREMA-D_062
clip_05772,CREMA-D,CREMA-D_033
clip_05773,TESS,TESS_000
clip_05774,CREMA-D,CREMA-D_069
clip_05775,CREMA-D,CREMA-D_068
clip_05776,CREMA-D,CREMA-D_033
clip_05777,TESS,TESS_001
clip_05778,CREMA-D,CREMA-D_041
clip_05779,RAVDESS,RAVDESS_005
clip_05780,CREMA-D,CREMA-D_063
clip_05781,RAVDESS,RAVDESS_002
clip_05782,CREMA-D,CREMA-D_060
clip_05783,CREMA-D,CREMA-D_038
clip_05784,CREMA-D,CREMA-D_067
clip_05785,RAVDESS,RAVDESS_018
clip_05786,CREMA-D,CREMA-D_017
clip_05788,CREMA-D,CREMA-D_040
clip_05791,CREMA-D,CREMA-D_065
clip_05792,CREMA-D,CREMA-D_022
clip_05793,TESS,TESS_000
clip_05795,TESS,TESS_001
clip_05796,CREMA-D,CREMA-D_058
clip_05797,CREMA-D,CREMA-D_062
clip_05798,TESS,TESS_000
clip_05799,CREMA-D,CREMA-D_065
clip_05800,CREMA-D,CREMA-D_019
clip_05801,CREMA-D,CREMA-D_049
clip_05802,TESS,TESS_000
clip_05803,TESS,TESS_000
clip_05805,CREMA-D,CREMA-D_056
clip_05806,RAVDESS,RAVDESS_002
clip_05807,TESS,TESS_001
clip_05810,CREMA-D,CREMA-D_016
clip_05811,RAVDESS,RAVDESS_016
clip_05812,CREMA-D,CREMA-D_059
clip_05813,CREMA-D,CREMA-D_038
clip_05814,CREMA-D,CREMA-D_024
clip_05815,CREMA-D,CREMA-D_056
clip_05816,CREMA-D,CREMA-D_058
clip_05820,CREMA-D,CREMA-D_026
clip_05821,CREMA-D,CREMA-D_000
clip_05822,CREMA-D,CREMA-D_009
clip_05823,TESS,TESS_001
clip_05826,CREMA-D,CREMA-D_032
clip_05827,CREMA-D,CREMA-D_030
clip_05829,CREMA-D,CREMA-D_068
clip_05830,CREMA-D,CREMA-D_046
clip_05831,CREMA-D,CREMA-D_017
clip_05832,TESS,TESS_001
clip_05833,CREMA-D,CREMA-D_034
clip_05834,RAVDESS,RAVDESS_005
clip_05835,TESS,TESS_000
clip_05838,RAVDESS,RAVDESS_007
clip_05839,TESS,TESS_000
clip_05841,CREMA-D,CREMA-D_068
clip_05842,CREMA-D,CREMA-D_052
clip_05843,TESS,TESS_000
clip_05844,CREMA-D,CREMA-D_053
clip_05845,CREMA-D,CREMA-D_031
clip_05846,CREMA-D,CREMA-D_047
clip_05847,CREMA-D,CREMA-D_044
clip_05848,CREMA-D,CREMA-D_056
clip_05849,CREMA-D,CREMA-D_051
clip_05850,TESS,TESS_000
clip_05851,CREMA-D,CREMA-D_063
clip_05852,CREMA-D,CREMA-D_029
clip_05853,CREMA-D,CREMA-D_010
clip_05854,TESS,TESS_001
clip_05855,TESS,TESS_000
clip_05856,CREMA-D,CREMA-D_032
clip_05857,CREMA-D,CREMA-D_067
clip_05859,TESS,TESS_000
clip_05860,CREMA-D,CREMA-D_057
clip_05861,CREMA-D,CREMA-D_054
clip_05863,TESS,TESS_000
clip_05864,CREMA-D,CREMA-D_036
clip_05865,TESS,TESS_001
clip_05866,CREMA-D,CREMA-D_032
clip_05867,CREMA-D,CREMA-D_019
clip_05868,CREMA-D,CREMA-D_003
clip_05869,RAVDESS,RAVDESS_007
clip_05870,CREMA-D,CREMA-D_010
clip_05871,CREMA-D,CREMA-D_071
clip_05872,TESS,TESS_000
clip_05874,RAVDESS,RAVDESS_019
clip_05876,CREMA-D,CREMA-D_024
clip_05877,CREMA-D,CREMA-D_023
clip_05879,CREMA-D,CREMA-D_052
clip_05880,CREMA-D,CREMA-D_003
clip_05881,CREMA-D,CREMA-D_034
clip_05882,CREMA-D,CREMA-D_009
clip_05884,TESS,TESS_001
clip_05885,CREMA-D,CREMA-D_071
clip_05886,TESS,TESS_001
clip_05887,TESS,TESS_001
clip_05888,CREMA-D,CREMA-D_008
clip_05890,TESS,TESS_000
clip_05892,CREMA-D,CREMA-D_050
clip_05893,TESS,TESS_001
clip_05894,RAVDESS,RAVDESS_008
clip_05895,TESS,TESS_000
clip_05896,RAVDESS,RAVDESS_012
clip_05898,CREMA-D,CREMA-D_017
clip_05899,CREMA-D,CREMA-D_036
clip_05900,CREMA-D,CREMA-D_028
clip_05902,TESS,TESS_001
clip_05905,CREMA-D,CREMA-D_010
clip_05906,TESS,TESS_000
clip_05907,CREMA-D,CREMA-D_034
clip_05908,CREMA-D,CREMA-D_027
clip_05909,CREMA-D,CREMA-D_039
clip_05910,CREMA-D,CREMA-D_066
clip_05911,CREMA-D,CREMA-D_008
clip_05912,CREMA-D,CREMA-D_006
clip_05913,CREMA-D,CREMA-D_038
clip_05914,TESS,TESS_000
clip_05915,CREMA-D,CREMA-D_030
clip_05916,CREMA-D,CREMA-D_024
clip_05917,RAVDESS,RAVDESS_004
clip_05919,CREMA-D,CREMA-D_049
clip_05920,RAVDESS,RAVDESS_015
clip_05921,TESS,TESS_001
clip_05922,CREMA-D,CREMA-D_065
clip_05923,TESS,TESS_001
clip_05925,CREMA-D,CREMA-D_019
clip_05926,RAVDESS,RAVDESS_002
clip_05928,CREMA-D,CREMA-D_049
clip_05929,CREMA-D,CREMA-D_010
clip_05930,TESS,TESS_000
clip_05931,CREMA-D,CREMA-D_026
clip_05932,TESS,TESS_001
clip_05933,CREMA-D,CREMA-D_021
clip_05934,CREMA-D,CREMA-D_067
clip_05935,CREMA-D,CREMA-D_011
clip_05937,TESS,TESS_000
clip_05938,CREMA-D,CREMA-D_037
clip_05939,TESS,TESS_001
clip_05940,CREMA-D,CREMA-D_067
clip_05941,CREMA-D,CREMA-D_045
clip_05942,CREMA-D,CREMA-D_012
clip_05943,CREMA-D,CREMA-D_045
clip_05944,CREMA-D,CREMA-D_032
clip_05945,TESS,TESS_001
clip_05946,CREMA-D,CREMA-D_028
clip_05949,RAVDESS,RAVDESS_009
clip_05950,TESS,TESS_000
clip_05951,TESS,TESS_001
clip_05952,CREMA-D,CREMA-D_023
clip_05953,CREMA-D,CREMA-D_071
clip_05954,CREMA-D,CREMA-D_043
clip_05956,CREMA-D,CREMA-D_011
clip_05958,TESS,TESS_000
clip_05961,CREMA-D,CREMA-D_062
clip_05962,CREMA-D,CREMA-D_055
clip_05963,TESS,TESS_000
clip_05964,CREMA-D,CREMA-D_055
clip_05965,TESS,TESS_001
clip_05967,TESS,TESS_001
clip_05969,CREMA-D,CREMA-D_018
clip_05970,TESS,TESS_001
clip_05971,CREMA-D,CREMA-D_043
clip_05973,CREMA-D,CREMA-D_003
clip_05974,CREMA-D,CREMA-D_071
clip_05975,TESS,TESS_000
clip_05976,CREMA-D,CREMA-D_063
clip_05977,CREMA-D,CREMA-D_059
clip_05980,CREMA-D,CREMA-D_049
clip_05981,CREMA-D,CREMA-D_041
clip_05982,TESS,TESS_000
clip_05983,CREMA-D,CREMA-D_030
clip_05984,TESS,TESS_001
clip_05985,CREMA-D,CREMA-D_011
clip_05987,CREMA-D,CREMA-D_060
clip_05988,CREMA-D,CREMA-D_004
clip_05989,CREMA-D,CREMA-D_062
clip_05990,TESS,TESS_000
clip_05991,CREMA-D,CREMA-D_020
clip_05995,CREMA-D,CREMA-D_012
clip_05996,CREMA-D,CREMA-D_045
clip_05997,CREMA-D,CREMA-D_006
clip_05998,CREMA-D,CREMA-D_061
clip_06001,CREMA-D,CREMA-D_067
clip_06002,CREMA-D,CREMA-D_031
clip_06004,CREMA-D,CREMA-D_033
clip_06005,RAVDESS,RAVDESS_011
clip_06006,CREMA-D,CREMA-D_057
clip_06008,TESS,TESS_001
clip_06009,CREMA-D,CREMA-D_056
clip_06010,RAVDESS,RAVDESS_006
clip_06011,RAVDESS,RAVDESS_018
clip_06012,CREMA-D,CREMA-D_004
clip_06013,TESS,TESS_000
clip_06014,CREMA-D,CREMA-D_023
clip_06017,CREMA-D,CREMA-D_071
clip_06018,CREMA-D,CREMA-D_030
clip_06020,TESS,TESS_001
clip_06021,TESS,TESS_001
clip_06022,CREMA-D,CREMA-D_016
clip_06023,TESS,TESS_000
clip_06024,CREMA-D,CREMA-D_005
clip_06025,RAVDESS,RAVDESS_001
clip_06026,CREMA-D,CREMA-D_035
clip_06028,CREMA-D,CREMA-D_025
clip_06029,CREMA-D,CREMA-D_065
clip_06030,TESS,TESS_000
clip_06031,TESS,TESS_001
clip_06032,CREMA-D,CREMA-D_037
clip_06034,CREMA-D,CREMA-D_069
clip_06035,CREMA-D,CREMA-D_001
clip_06036,TESS,TESS_000
clip_06037,CREMA-D,CREMA-D_043
clip_06038,TESS,TESS_000
clip_06039,CREMA-D,CREMA-D_017
clip_06040,CREMA-D,CREMA-D_003
clip_06041,TESS,TESS_001
clip_06042,CREMA-D,CREMA-D_027
clip_06043,TESS,TESS_001
clip_06044,TESS,TESS_000
clip_06045,TESS,TESS_001
clip_06047,RAVDESS,RAVDESS_002
clip_06049,CREMA-D,CREMA-D_024
clip_06050,TESS,TESS_001
clip_06051,CREMA-D,CREMA-D_044
clip_06052,TESS,TESS_000
clip_06053,CREMA-D,CREMA-D_011
clip_06054,CREMA-D,CREMA-D_065
clip_06055,CREMA-D,CREMA-D_040
clip_06056,CREMA-D,CREMA-D_016
clip_06058,CREMA-D,CREMA-D_068
clip_06059,CREMA-D,CREMA-D_005
clip_06060,RAVDESS,RAVDESS_016
clip_06061,CREMA-D,CREMA-D_044
clip_06062,CREMA-D,CREMA-D_059
clip_06063,CREMA-D,CREMA-D_013
clip_06064,CREMA-D,CREMA-D_005
clip_06066,CREMA-D,CREMA-D_020
clip_06067,CREMA-D,CREMA-D_009
clip_06068,CREMA-D,CREMA-D_070
clip_06069,CREMA-D,CREMA-D_021
clip_06070,TESS,TESS_000
clip_06071,CREMA-D,CREMA-D_045
clip_06072,CREMA-D,CREMA-D_052
clip_06073,CREMA-D,CREMA-D_008
clip_06074,CREMA-D,CREMA-D_062
clip_06075,TESS,TESS_001
clip_06076,CREMA-D,CREMA-D_062
clip_06077,TESS,TESS_001
clip_06079,TESS,TESS_000
clip_06080,CREMA-D,CREMA-D_063
clip_06081,CREMA-D,CREMA-D_052
clip_06082,CREMA-D,CREMA-D_057
clip_06083,CREMA-D,CREMA-D_066
clip_06084,CREMA-D,CREMA-D_008
clip_06086,CREMA-D,CREMA-D_003
clip_06087,CREMA-D,CREMA-D_063
clip_06088,CREMA-D,CREMA-D_043
clip_06089,TESS,TESS_001
clip_06090,CREMA-D,CREMA-D_029
clip_06092,CREMA-D,CREMA-D_001
clip_06094,CREMA-D,CREMA-D_062
clip_06095,CREMA-D,CREMA-D_054
clip_06097,CREMA-D,CREMA-D_022
clip_06098,CREMA-D,CREMA-D_025
clip_06099,TESS,TESS_001
clip_06101,CREMA-D,CREMA-D_064
clip_06103,CREMA-D,CREMA-D_064
clip_06104,CREMA-D,CREMA-D_053
clip_06105,CREMA-D,CREMA-D_004
clip_06108,CREMA-D,CREMA-D_069
clip_06109,TESS,TESS_001
clip_06110,CREMA-D,CREMA-D_036
clip_06111,CREMA-D,CREMA-D_001
clip_06112,CREMA-D,CREMA-D_060
clip_06113,CREMA-D,CREMA-D_030
clip_06114,CREMA-D,CREMA-D_012
clip_06115,RAVDESS,RAVDESS_010
clip_06116,RAVDESS,RAVDESS_005
clip_06117,RAVDESS,RAVDESS_014
clip_06118,TESS,TESS_001
clip_06119,TESS,TESS_001
clip_06120,CREMA-D,CREMA-D_031
clip_06121,TESS,TESS_000
clip_06122,CREMA-D,CREMA-D_051
clip_06123,TESS,TESS_000
clip_06124,CREMA-D,CREMA-D_021
clip_06125,TESS,TESS_000
clip_06127,CREMA-D,CREMA-D_068
clip_06128,TESS,TESS_000
clip_06129,CREMA-D,CREMA-D_065
clip_06130,TESS,TESS_000
clip_06131,CREMA-D,CREMA-D_019
clip_06132,TESS,TESS_001
clip_06133,CREMA-D,CREMA-D_035
clip_06134,RAVDESS,RAVDESS_009
clip_06135,TESS,TESS_001
clip_06136,RAVDESS,RAVDESS_012
clip_06137,CREMA-D,CREMA-D_063
clip_06138,TESS,TESS_001
clip_06139,TESS,TESS_001
clip_06140,CREMA-D,CREMA-D_059
clip_06141,CREMA-D,CREMA-D_039
clip_06142,CREMA-D,CREMA-D_059
clip_06143,CREMA-D,CREMA-D_065
clip_06144,CREMA-D,CREMA-D_047
clip_06145,TESS,TESS_001
clip_06146,CREMA-D,CREMA-D_002
clip_06148,CREMA-D,CREMA-D_020
clip_06149,CREMA-D,CREMA-D_015
clip_06150,CREMA-D,CREMA-D_019
clip_06151,CREMA-D,CREMA-D_061
clip_06152,CREMA-D,CREMA-D_049
clip_06153,CREMA-D,CREMA-D_036
clip_06154,CREMA-D,CREMA-D_011
clip_06156,CREMA-D,CREMA-D_055
clip_06158,CREMA-D,CREMA-D_045
clip_06159,CREMA-D,CREMA-D_003
clip_06160,CREMA-D,CREMA-D_036
clip_06162,CREMA-D,CREMA-D_028
clip_06163,CREMA-D,CREMA-D_038
clip_06164,CREMA-D,CREMA-D_002
clip_06165,CREMA-D,CREMA-D_013
clip_06166,CREMA-D,CREMA-D_051
clip_06167,TESS,TESS_001
clip_06168,CREMA-D,CREMA-D_054
clip_06169,CREMA-D,CREMA-D_034
clip_06170,CREMA-D,CREMA-D_061
clip_06171,CREMA-D,CREMA-D_044
clip_06172,CREMA-D,CREMA-D_033
clip_06173,CREMA-D,CREMA-D_042
clip_06174,TESS,TESS_001
clip_06175,TESS,TESS_000
clip_06176,CREMA-D,CREMA-D_016
clip_06177,CREMA-D,CREMA-D_001
clip_06178,TESS,TESS_001
clip_06179,CREMA-D,CREMA-D_011
clip_06180,CREMA-D,CREMA-D_009
clip_06181,CREMA-D,CREMA-D_063
clip_06182,CREMA-D,CREMA-D_025
clip_06183,TESS,TESS_000
clip_06184,CREMA-D,CREMA-D_014
clip_06185,CREMA-D,CREMA-D_043
clip_06186,TESS,TESS_001
clip_06187,CREMA-D,CREMA-D_002
clip_06188,CREMA-D,CREMA-D_030
clip_06189,CREMA-D,CREMA-D_065
clip_06190,CREMA-D,CREMA-D_005
clip_06191,CREMA-D,CREMA-D_055
clip_06193,CREMA-D,CREMA-D_018
clip_06195,TESS,TESS_000
clip_06196,TESS,TESS_000
clip_06197,TESS,TESS_000
clip_06198,TESS,TESS_000
clip_06199,CREMA-D,CREMA-D_024
clip_06200,CREMA-D,CREMA-D_044
clip_06201,CREMA-D,CREMA-D_042
clip_06202,CREMA-D,CREMA-D_014
clip_06206,CREMA-D,CREMA-D_038
clip_06207,RAVDESS,RAVDESS_001
clip_06208,TESS,TESS_001
clip_06209,CREMA-D,CREMA-D_036
clip_06210,CREMA-D,CREMA-D_002
clip_06211,CREMA-D,CREMA-D_008
clip_06212,CREMA-D,CREMA-D_029
clip_06213,CREMA-D,CREMA-D_034
clip_06214,RAVDESS,RAVDESS_016
clip_06217,CREMA-D,CREMA-D_027
clip_06218,TESS,TESS_001
clip_06220,TESS,TESS_000
clip_06221,CREMA-D,CREMA-D_009
clip_06222,RAVDESS,RAVDESS_007
clip_06223,CREMA-D,CREMA-D_002
clip_06224,TESS,TESS_001
clip_06225,TESS,TESS_000
clip_06227,CREMA-D,CREMA-D_061
clip_06228,TESS,TESS_000
clip_06229,TESS,TESS_001
clip_06230,CREMA-D,CREMA-D_033
clip_06231,TESS,TESS_001
clip_06232,CREMA-D,CREMA-D_021
clip_06233,CREMA-D,CREMA-D_033
clip_06234,CREMA-D,CREMA-D_063
clip_06235,CREMA-D,CREMA-D_038
clip_06236,TESS,TESS_001
clip_06237,TESS,TESS_000
clip_06238,CREMA-D,CREMA-D_063
clip_06239,CREMA-D,CREMA-D_053
clip_06241,RAVDESS,RAVDESS_014
clip_06242,CREMA-D,CREMA-D_001
clip_06243,TESS,TESS_001
clip_06244,RAVDESS,RAVDESS_011
clip_06245,CREMA-D,CREMA-D_001
clip_06246,TESS,TESS_001
clip_06247,CREMA-D,CREMA-D_010
clip_06249,CREMA-D,CREMA-D_048
clip_06251,CREMA-D,CREMA-D_037
clip_06252,RAVDESS,RAVDESS_010
clip_06253,CREMA-D,CREMA-D_056
clip_06254,CREMA-D,CREMA-D_036
clip_06256,CREMA-D,CREMA-D_027
clip_06257,CREMA-D,CREMA-D_023
clip_06258,CREMA-D,CREMA-D_068
clip_06259,CREMA-D,CREMA-D_049
clip_06260,CREMA-D,CREMA-D_006
clip_06261,CREMA-D,CREMA-D_012
clip_06263,RAVDESS,RAVDESS_015
clip_06265,CREMA-D,CREMA-D_046
clip_06266,CREMA-D,CREMA-D_018
clip_06267,CREMA-D,CREMA-D_063
clip_06268,TESS,TESS_001
clip_06269,CREMA-D,CREMA-D_046
clip_06270,CREMA-D,CREMA-D_046
clip_06271,CREMA-D,CREMA-D_029
clip_06272,TESS,TESS_000
clip_06273,TESS,TESS_001
clip_06274,CREMA-D,CREMA-D_002
clip_06275,CREMA-D,CREMA-D_032
clip_06276,TESS,TESS_000
clip_06277,CREMA-D,CREMA-D_002
clip_06278,CREMA-D,CREMA-D_026
clip_06279,TESS,TESS_000
clip_06280,TESS,TESS_001
clip_06281,RAVDESS,RAVDESS_015
clip_06282,TESS,TESS_001
clip_06283,CREMA-D,CREMA-D_011
clip_06285,CREMA-D,CREMA-D_003
clip_06286,CREMA-D,CREMA-D_032
clip_06287,CREMA-D,CREMA-D_049
clip_06288,CREMA-D,CREMA-D_016
clip_06289,CREMA-D,CREMA-D_048
clip_06290,TESS,TESS_000
clip_06291,RAVDESS,RAVDESS_006
clip_06292,CREMA-D,CREMA-D_066
clip_06293,CREMA-D,CREMA-D_058
clip_06294,CREMA-D,CREMA-D_005
clip_06295,CREMA-D,CREMA-D_018
clip_06296,CREMA-D,CREMA-D_009
clip_06297,RAVDESS,RAVDESS_013
clip_06298,CREMA-D,CREMA-D_045
clip_06299,CREMA-D,CREMA-D_071
clip_06300,CREMA-D,CREMA-D_051
clip_06301,CREMA-D,CREMA-D_052
clip_06302,RAVDESS,RAVDESS_017
clip_06303,UNKNOWN,UNKNOWN_pool
clip_06304,TESS,TESS_001
clip_06305,CREMA-D,CREMA-D_010
clip_06306,TESS,TESS_001
clip_06307,TESS,TESS_000
clip_06308,CREMA-D,CREMA-D_062
clip_06310,TESS,TESS_000
clip_06311,TESS,TESS_000
clip_06312,CREMA-D,CREMA-D_067
clip_06313,CREMA-D,CREMA-D_051
clip_06314,CREMA-D,CREMA-D_007
clip_06315,TESS,TESS_001
clip_06316,CREMA-D,CREMA-D_050
clip_06317,CREMA-D,CREMA-D_067
clip_06318,TESS,TESS_001
clip_06319,CREMA-D,CREMA-D_034
clip_06320,TESS,TESS_001
clip_06321,CREMA-D,CREMA-D_053
clip_06322,TESS,TESS_001
clip_06323,TESS,TESS_001
clip_06324,CREMA-D,CREMA-D_039
clip_06325,RAVDESS,RAVDESS_009
clip_06326,TESS,TESS_000
clip_06327,TESS,TESS_000
clip_06328,CREMA-D,CREMA-D_048
clip_06329,CREMA-D,CREMA-D_063
clip_06330,CREMA-D,CREMA-D_028
clip_06331,TESS,TESS_000
clip_06332,CREMA-D,CREMA-D_045
clip_06333,CREMA-D,CREMA-D_046
clip_06334,CREMA-D,CREMA-D_022
clip_06335,CREMA-D,CREMA-D_068
clip_06336,CREMA-D,CREMA-D_058
clip_06341,RAVDESS,RAVDESS_012
clip_06342,CREMA-D,CREMA-D_030
clip_06343,CREMA-D,CREMA-D_013
clip_06344,CREMA-D,CREMA-D_002
clip_06348,CREMA-D,CREMA-D_002
clip_06349,CREMA-D,CREMA-D_017
clip_06350,CREMA-D,CREMA-D_049
clip_06351,TESS,TESS_000
clip_06352,CREMA-D,CREMA-D_068
clip_06353,CREMA-D,CREMA-D_064
clip_06354,CREMA-D,CREMA-D_035
clip_06355,CREMA-D,CREMA-D_059
clip_06356,CREMA-D,CREMA-D_047
clip_06357,CREMA-D,CREMA-D_020
clip_06358,CREMA-D,CREMA-D_024
clip_06359,CREMA-D,CREMA-D_003
clip_06360,CREMA-D,CREMA-D_069
clip_06361,CREMA-D,CREMA-D_019
clip_06363,RAVDESS,RAVDESS_003
clip_06364,CREMA-D,CREMA-D_001
clip_06365,TESS,TESS_001
clip_06366,CREMA-D,CREMA-D_049
clip_06367,CREMA-D,CREMA-D_063
clip_06368,TESS,TESS_001
clip_06369,TESS,TESS_000
clip_06370,CREMA-D,CREMA-D_067
clip_06371,CREMA-D,CREMA-D_037
clip_06372,CREMA-D,CREMA-D_057
clip_06374,CREMA-D,CREMA-D_044
clip_06375,CREMA-D,CREMA-D_022
clip_06376,CREMA-D,CREMA-D_020
clip_06377,CREMA-D,CREMA-D_014
clip_06378,CREMA-D,CREMA-D_019
clip_06380,TESS,TESS_001
clip_06381,CREMA-D,CREMA-D_062
clip_06382,CREMA-D,CREMA-D_042
clip_06383,TESS,TESS_000
clip_06384,CREMA-D,CREMA-D_055
clip_06385,TESS,TESS_000
clip_06386,CREMA-D,CREMA-D_060
clip_06387,RAVDESS,RAVDESS_012
clip_06388,CREMA-D,CREMA-D_066
clip_06389,CREMA-D,CREMA-D_066
clip_06390,CREMA-D,CREMA-D_036
clip_06392,CREMA-D,CREMA-D_048
clip_06393,CREMA-D,CREMA-D_000
clip_06395,RAVDESS,RAVDESS_000
clip_06396,CREMA-D,CREMA-D_051
clip_06397,CREMA-D,CREMA-D_069
clip_06398,CREMA-D,CREMA-D_056
clip_06399,CREMA-D,CREMA-D_017
clip_06400,TESS,TESS_001
clip_06401,CREMA-D,CREMA-D_008
clip_06402,TESS,TESS_000
clip_06404,CREMA-D,CREMA-D_006
clip_06405,CREMA-D,CREMA-D_007
clip_06406,CREMA-D,CREMA-D_071
clip_06407,CREMA-D,CREMA-D_006
clip_06408,TESS,TESS_000
clip_06409,TESS,TESS_000
clip_06410,UNKNOWN,UNKNOWN_pool
clip_06411,CREMA-D,CREMA-D_062
clip_06412,CREMA-D,CREMA-D_063
clip_06413,TESS,TESS_001
clip_06414,CREMA-D,CREMA-D_014
clip_06415,CREMA-D,CREMA-D_017
clip_06416,TESS,TESS_000
clip_06417,CREMA-D,CREMA-D_030
clip_06418,CREMA-D,CREMA-D_032
clip_06419,TESS,TESS_001
clip_06420,CREMA-D,CREMA-D_061
clip_06421,CREMA-D,CREMA-D_044
clip_06422,TESS,TESS_000
clip_06423,TESS,TESS_001
clip_06424,CREMA-D,CREMA-D_066
clip_06425,CREMA-D,CREMA-D_009
clip_06426,CREMA-D,CREMA-D_012
clip_06427,CREMA-D,CREMA-D_069
clip_06429,RAVDESS,RAVDESS_008
clip_06430,CREMA-D,CREMA-D_031
clip_06431,CREMA-D,CREMA-D_003
clip_06432,RAVDESS,RAVDESS_019
clip_06433,CREMA-D,CREMA-D_025
clip_06434,CREMA-D,CREMA-D_006
clip_06435,TESS,TESS_000
clip_06436,CREMA-D,CREMA-D_019
clip_06437,CREMA-D,CREMA-D_066
clip_06438,CREMA-D,CREMA-D_031
clip_06440,CREMA-D,CREMA-D_018
clip_06441,CREMA-D,CREMA-D_058
clip_06442,CREMA-D,CREMA-D_007
clip_06443,TESS,TESS_001
clip_06445,CREMA-D,CREMA-D_002
clip_06446,TESS,TESS_001
clip_06448,CREMA-D,CREMA-D_031
clip_06449,CREMA-D,CREMA-D_014
clip_06450,CREMA-D,CREMA-D_002
clip_06452,TESS,TESS_000
clip_06454,TESS,TESS_000
clip_06455,CREMA-D,CREMA-D_066
clip_06456,CREMA-D,CREMA-D_052
clip_06457,CREMA-D,CREMA-D_034
clip_06458,TESS,TESS_000
clip_06460,CREMA-D,CREMA-D_043
clip_06461,CREMA-D,CREMA-D_040
clip_06463,TESS,TESS_001
clip_06464,CREMA-D,CREMA-D_062
clip_06465,TESS,TESS_000
clip_06466,CREMA-D,CREMA-D_037
clip_06467,CREMA-D,CREMA-D_018
clip_06468,CREMA-D,CREMA-D_027
clip_06469,CREMA-D,CREMA-D_001
clip_06470,CREMA-D,CREMA-D_065
clip_06471,CREMA-D,CREMA-D_040
clip_06472,TESS,TESS_001
clip_06473,CREMA-D,CREMA-D_009
clip_06474,RAVDESS,RAVDESS_002
clip_06475,TESS,TESS_001
clip_06477,CREMA-D,CREMA-D_029
clip_06478,CREMA-D,CREMA-D_006
clip_06479,CREMA-D,CREMA-D_010
clip_06480,CREMA-D,CREMA-D_019
clip_06481,TESS,TESS_001
clip_06482,TESS,TESS_000
clip_06483,CREMA-D,CREMA-D_044
clip_06484,CREMA-D,CREMA-D_014
clip_06485,RAVDESS,RAVDESS_016
clip_06487,CREMA-D,CREMA-D_003
clip_06488,TESS,TESS_001
clip_06490,CREMA-D,CREMA-D_005
clip_06491,TESS,TESS_000
clip_06492,CREMA-D,CREMA-D_001
clip_06493,CREMA-D,CREMA-D_055
clip_06494,RAVDESS,RAVDESS_000
clip_06495,CREMA-D,CREMA-D_059
clip_06496,TESS,TESS_000
clip_06497,CREMA-D,CREMA-D_032
clip_06498,CREMA-D,CREMA-D_034
clip_06499,CREMA-D,CREMA-D_049
clip_06500,CREMA-D,CREMA-D_060
clip_06502,CREMA-D,CREMA-D_022
clip_06503,CREMA-D,CREMA-D_019
clip_06504,CREMA-D,CREMA-D_034
clip_06505,UNKNOWN,UNKNOWN_pool
clip_06506,CREMA-D,CREMA-D_056
clip_06507,CREMA-D,CREMA-D_008
clip_06508,CREMA-D,CREMA-D_055
clip_06509,CREMA-D,CREMA-D_041
clip_06510,CREMA-D,CREMA-D_052
clip_06511,CREMA-D,CREMA-D_063
clip_06513,CREMA-D,CREMA-D_025
clip_06514,CREMA-D,CREMA-D_063
clip_06515,CREMA-D,CREMA-D_055
clip_06518,CREMA-D,CREMA-D_020
clip_06519,UNKNOWN,UNKNOWN_pool
clip_06520,CREMA-D,CREMA-D_065
clip_06521,CREMA-D,CREMA-D_054
clip_06524,CREMA-D,CREMA-D_054
clip_06525,TESS,TESS_000
clip_06526,CREMA-D,CREMA-D_034
clip_06527,CREMA-D,CREMA-D_067
clip_06528,CREMA-D,CREMA-D_047
clip_06529,TESS,TESS_001
clip_06530,RAVDESS,RAVDESS_010
clip_06531,CREMA-D,CREMA-D_028
clip_06532,RAVDESS,RAVDESS_014
clip_06533,CREMA-D,CREMA-D_060
clip_06534,CREMA-D,CREMA-D_065
clip_06535,TESS,TESS_000
clip_06536,TESS,TESS_001
clip_06537,CREMA-D,CREMA-D_033
clip_06539,CREMA-D,CREMA-D_012
clip_06540,CREMA-D,CREMA-D_022
clip_06541,CREMA-D,CREMA-D_036
clip_06543,CREMA-D,CREMA-D_000
clip_06544,RAVDESS,RAVDESS_014
clip_06546,TESS,TESS_000
clip_06547,CREMA-D,CREMA-D_033
clip_06548,CREMA-D,CREMA-D_046
clip_06549,CREMA-D,CREMA-D_062
clip_06550,CREMA-D,CREMA-D_048
clip_06552,RAVDESS,RAVDESS_005
clip_06553,CREMA-D,CREMA-D_009
clip_06554,TESS,TESS_000
clip_06555,CREMA-D,CREMA-D_064
clip_06557,CREMA-D,CREMA-D_044
clip_06558,CREMA-D,CREMA-D_045
clip_06559,RAVDESS,RAVDESS_005
clip_06561,CREMA-D,CREMA-D_004
clip_06562,CREMA-D,CREMA-D_026
clip_06563,CREMA-D,CREMA-D_057
clip_06564,TESS,TESS_001
clip_06565,TESS,TESS_000
clip_06566,CREMA-D,CREMA-D_044
clip_06567,CREMA-D,CREMA-D_054
clip_06568,CREMA-D,CREMA-D_066
clip_06570,TESS,TESS_000
clip_06571,TESS,TESS_000
clip_06572,TESS,TESS_001
clip_06573,CREMA-D,CREMA-D_062
clip_06574,CREMA-D,CREMA-D_002
clip_06575,CREMA-D,CREMA-D_047
clip_06576,TESS,TESS_000
clip_06577,CREMA-D,CREMA-D_043
clip_06579,RAVDESS,RAVDESS_007
clip_06580,CREMA-D,CREMA-D_055
clip_06581,TESS,TESS_000
clip_06582,CREMA-D,CREMA-D_058
clip_06585,CREMA-D,CREMA-D_039
clip_06586,TESS,TESS_001
clip_06587,TESS,TESS_000
clip_06588,CREMA-D,CREMA-D_028
clip_06590,CREMA-D,CREMA-D_042
clip_06591,TESS,TESS_000
clip_06592,CREMA-D,CREMA-D_063
clip_06593,CREMA-D,CREMA-D_045
clip_06594,CREMA-D,CREMA-D_063
clip_06595,CREMA-D,CREMA-D_006
clip_06596,TESS,TESS_000
clip_06597,CREMA-D,CREMA-D_071
clip_06598,TESS,TESS_000
clip_06599,CREMA-D,CREMA-D_019
clip_06600,TESS,TESS_001
clip_06601,TESS,TESS_000
clip_06603,CREMA-D,CREMA-D_001
clip_06604,CREMA-D,CREMA-D_036
clip_06605,TESS,TESS_001
clip_06607,TESS,TESS_000
clip_06608,CREMA-D,CREMA-D_024
clip_06609,TESS,TESS_000
clip_06610,CREMA-D,CREMA-D_024
clip_06611,TESS,TESS_000
clip_06613,TESS,TESS_000
clip_06614,CREMA-D,CREMA-D_029
clip_06615,CREMA-D,CREMA-D_053
clip_06616,CREMA-D,CREMA-D_033
clip_06617,TESS,TESS_001
clip_06618,CREMA-D,CREMA-D_046
clip_06619,UNKNOWN,UNKNOWN_pool
clip_06620,CREMA-D,CREMA-D_005
clip_06621,TESS,TESS_000
clip_06623,UNKNOWN,UNKNOWN_pool
clip_06624,CREMA-D,CREMA-D_002
clip_06626,TESS,TESS_000
clip_06628,TESS,TESS_001
clip_06629,TESS,TESS_000
clip_06631,CREMA-D,CREMA-D_001
clip_06633,CREMA-D,CREMA-D_012
clip_06634,CREMA-D,CREMA-D_000
clip_06635,CREMA-D,CREMA-D_045
clip_06637,TESS,TESS_000
clip_06638,CREMA-D,CREMA-D_065
clip_06639,TESS,TESS_001
clip_06640,TESS,TESS_000
clip_06641,CREMA-D,CREMA-D_018
clip_06642,RAVDESS,RAVDESS_008
clip_06643,CREMA-D,CREMA-D_042
clip_06644,TESS,TESS_001
clip_06645,TESS,TESS_000
clip_06646,CREMA-D,CREMA-D_007
clip_06649,CREMA-D,CREMA-D_019
clip_06650,CREMA-D,CREMA-D_064
clip_06651,CREMA-D,CREMA-D_015
clip_06652,CREMA-D,CREMA-D_053
clip_06653,TESS,TESS_001
clip_06654,CREMA-D,CREMA-D_006
clip_06656,CREMA-D,CREMA-D_035
clip_06657,CREMA-D,CREMA-D_005
clip_06658,TESS,TESS_000
clip_06661,RAVDESS,RAVDESS_008
clip_06662,CREMA-D,CREMA-D_020
clip_06663,TESS,TESS_000
clip_06664,CREMA-D,CREMA-D_017
clip_06665,CREMA-D,CREMA-D_071
clip_06666,CREMA-D,CREMA-D_021
clip_06667,TESS,TESS_001
clip_06668,TESS,TESS_001
clip_06669,CREMA-D,CREMA-D_027
clip_06670,RAVDESS,RAVDESS_014
clip_06671,CREMA-D,CREMA-D_008
clip_06673,CREMA-D,CREMA-D_033
clip_06674,CREMA-D,CREMA-D_069
clip_06675,TESS,TESS_000
clip_06676,CREMA-D,CREMA-D_070
clip_06677,RAVDESS,RAVDESS_016
clip_06678,CREMA-D,CREMA-D_000
clip_06679,CREMA-D,CREMA-D_013
clip_06680,CREMA-D,CREMA-D_053
clip_06682,CREMA-D,CREMA-D_005
clip_06683,CREMA-D,CREMA-D_051
clip_06684,TESS,TESS_001
clip_06685,RAVDESS,RAVDESS_006
clip_06686,TESS,TESS_001
clip_06688,CREMA-D,CREMA-D_005
clip_06689,RAVDESS,RAVDESS_001
clip_06690,CREMA-D,CREMA-D_027
clip_06691,TESS,TESS_001
clip_06693,CREMA-D,CREMA-D_002
clip_06695,TESS,TESS_001
clip_06696,TESS,TESS_001
clip_06697,CREMA-D,CREMA-D_023
clip_06698,CREMA-D,CREMA-D_022
clip_06699,CREMA-D,CREMA-D_024
clip_06700,TESS,TESS_001
clip_06701,CREMA-D,CREMA-D_037
clip_06703,CREMA-D,CREMA-D_071
clip_06704,CREMA-D,CREMA-D_031
clip_06706,CREMA-D,CREMA-D_016
clip_06707,CREMA-D,CREMA-D_069
clip_06710,CREMA-D,CREMA-D_040
clip_06712,RAVDESS,RAVDESS_000
clip_06713,CREMA-D,CREMA-D_068
clip_06714,CREMA-D,CREMA-D_024
clip_06715,TESS,TESS_001
clip_06716,CREMA-D,CREMA-D_060
clip_06717,TESS,TESS_000
clip_06718,TESS,TESS_001
clip_06720,CREMA-D,CREMA-D_051
clip_06721,CREMA-D,CREMA-D_013
clip_06723,TESS,TESS_001
clip_06724,CREMA-D,CREMA-D_061
clip_06725,TESS,TESS_001
clip_06726,CREMA-D,CREMA-D_039
clip_06727,TESS,TESS_000
clip_06728,RAVDESS,RAVDESS_000
clip_06729,CREMA-D,CREMA-D_068
clip_06730,TESS,TESS_000
clip_06731,CREMA-D,CREMA-D_006
clip_06733,TESS,TESS_001
clip_06734,CREMA-D,CREMA-D_048
clip_06736,CREMA-D,CREMA-D_034
clip_06737,RAVDESS,RAVDESS_014
clip_06738,CREMA-D,CREMA-D_010
clip_06739,CREMA-D,CREMA-D_046
clip_06740,CREMA-D,CREMA-D_000
clip_06741,RAVDESS,RAVDESS_018
clip_06742,CREMA-D,CREMA-D_015
clip_06743,CREMA-D,CREMA-D_006
clip_06744,CREMA-D,CREMA-D_025
clip_06746,TESS,TESS_001
clip_06747,CREMA-D,CREMA-D_039
clip_06749,TESS,TESS_001
clip_06750,TESS,TESS_000
clip_06751,CREMA-D,CREMA-D_051
clip_06752,CREMA-D,CREMA-D_054
clip_06753,CREMA-D,CREMA-D_032
clip_06754,CREMA-D,CREMA-D_017
clip_06755,RAVDESS,RAVDESS_002
clip_06756,RAVDESS,RAVDESS_003
clip_06757,CREMA-D,CREMA-D_045
clip_06758,CREMA-D,CREMA-D_045
clip_06759,CREMA-D,CREMA-D_051
clip_06760,TESS,TESS_001
clip_06761,CREMA-D,CREMA-D_048
clip_06762,CREMA-D,CREMA-D_015
clip_06763,CREMA-D,CREMA-D_006
clip_06764,UNKNOWN,UNKNOWN_pool
clip_06765,TESS,TESS_001
clip_06766,CREMA-D,CREMA-D_061
clip_06769,CREMA-D,CREMA-D_024
clip_06770,RAVDESS,RAVDESS_005
clip_06771,CREMA-D,CREMA-D_045
clip_06772,TESS,TESS_001
clip_06773,CREMA-D,CREMA-D_061
clip_06774,CREMA-D,CREMA-D_004
clip_06775,CREMA-D,CREMA-D_026
clip_06777,CREMA-D,CREMA-D_041
clip_06778,CREMA-D,CREMA-D_060
clip_06779,CREMA-D,CREMA-D_027
clip_06780,TESS,TESS_001
clip_06781,CREMA-D,CREMA-D_044
clip_06782,TESS,TESS_000
clip_06783,TESS,TESS_001
clip_06784,CREMA-D,CREMA-D_034
clip_06785,CREMA-D,CREMA-D_041
clip_06786,CREMA-D,CREMA-D_049
clip_06787,CREMA-D,CREMA-D_022
clip_06788,CREMA-D,CREMA-D_056
clip_06789,CREMA-D,CREMA-D_061
clip_06790,CREMA-D,CREMA-D_071
clip_06792,TESS,TESS_000
clip_06795,CREMA-D,CREMA-D_001
clip_06796,CREMA-D,CREMA-D_036
clip_06797,RAVDESS,RAVDESS_012
clip_06798,CREMA-D,CREMA-D_007
clip_06799,CREMA-D,CREMA-D_021
clip_06800,CREMA-D,CREMA-D_059
clip_06801,CREMA-D,CREMA-D_019
clip_06802,CREMA-D,CREMA-D_006
clip_06803,CREMA-D,CREMA-D_030
clip_06804,CREMA-D,CREMA-D_051
clip_06805,CREMA-D,CREMA-D_071
clip_06806,RAVDESS,RAVDESS_006
clip_06807,CREMA-D,CREMA-D_069
clip_06808,CREMA-D,CREMA-D_020
clip_06809,CREMA-D,CREMA-D_019
clip_06811,CREMA-D,CREMA-D_017
clip_06812,CREMA-D,CREMA-D_021
clip_06813,TESS,TESS_000
clip_06814,TESS,TESS_001
clip_06816,CREMA-D,CREMA-D_065
clip_06817,CREMA-D,CREMA-D_015
clip_06818,TESS,TESS_001
clip_06819,CREMA-D,CREMA-D_009
clip_06820,CREMA-D,CREMA-D_044
clip_06821,CREMA-D,CREMA-D_058
clip_06822,TESS,TESS_001
clip_06823,CREMA-D,CREMA-D_014
clip_06824,CREMA-D,CREMA-D_005
clip_06825,CREMA-D,CREMA-D_018
clip_06826,CREMA-D,CREMA-D_045
clip_06827,RAVDESS,RAVDESS_003
clip_06828,TESS,TESS_001
clip_06829,CREMA-D,CREMA-D_022
clip_06830,CREMA-D,CREMA-D_055
clip_06831,CREMA-D,CREMA-D_055
clip_06832,RAVDESS,RAVDESS_006
clip_06833,RAVDESS,RAVDESS_014
clip_06834,CREMA-D,CREMA-D_036
clip_06835,CREMA-D,CREMA-D_009
clip_06836,CREMA-D,CREMA-D_039
clip_06837,CREMA-D,CREMA-D_059
clip_06838,CREMA-D,CREMA-D_062
clip_06839,CREMA-D,CREMA-D_043
clip_06840,RAVDESS,RAVDESS_016
clip_06841,RAVDESS,RAVDESS_008
clip_06842,CREMA-D,CREMA-D_051
clip_06844,TESS,TESS_001
clip_06845,CREMA-D,CREMA-D_007
clip_06846,TESS,TESS_000
clip_06847,CREMA-D,CREMA-D_053
clip_06848,TESS,TESS_000
clip_06849,CREMA-D,CREMA-D_051
clip_06851,TESS,TESS_000
clip_06852,TESS,TESS_001
clip_06853,TESS,TESS_000
clip_06855,CREMA-D,CREMA-D_004
clip_06856,CREMA-D,CREMA-D_069
clip_06857,CREMA-D,CREMA-D_016
clip_06858,CREMA-D,CREMA-D_044
clip_06859,CREMA-D,CREMA-D_054
clip_06860,CREMA-D,CREMA-D_016
clip_06861,CREMA-D,CREMA-D_016
clip_06863,TESS,TESS_000
clip_06864,CREMA-D,CREMA-D_004
clip_06865,CREMA-D,CREMA-D_036
clip_06866,TESS,TESS_001
clip_06867,TESS,TESS_000
clip_06868,RAVDESS,RAVDESS_013
clip_06869,CREMA-D,CREMA-D_013
clip_06870,CREMA-D,CREMA-D_036
clip_06871,RAVDESS,RAVDESS_001
clip_06872,CREMA-D,CREMA-D_002
clip_06873,CREMA-D,CREMA-D_007
clip_06874,TESS,TESS_001
clip_06875,RAVDESS,RAVDESS_015
clip_06876,CREMA-D,CREMA-D_001
clip_06877,CREMA-D,CREMA-D_058
clip_06878,CREMA-D,CREMA-D_038
clip_06879,TESS,TESS_000
clip_06880,CREMA-D,CREMA-D_059
clip_06881,CREMA-D,CREMA-D_038
clip_06882,TESS,TESS_001
clip_06883,CREMA-D,CREMA-D_014
clip_06884,TESS,TESS_000
clip_06886,CREMA-D,CREMA-D_031
clip_06887,CREMA-D,CREMA-D_046
clip_06888,CREMA-D,CREMA-D_046
clip_06889,CREMA-D,CREMA-D_022
clip_06890,CREMA-D,CREMA-D_033
clip_06891,TESS,TESS_001
clip_06892,RAVDESS,RAVDESS_014
clip_06893,CREMA-D,CREMA-D_063
clip_06894,RAVDESS,RAVDESS_018
clip_06895,TESS,TESS_000
clip_06896,CREMA-D,CREMA-D_046
clip_06897,CREMA-D,CREMA-D_063
clip_06898,CREMA-D,CREMA-D_065
clip_06899,CREMA-D,CREMA-D_011
clip_06900,CREMA-D,CREMA-D_071
clip_06901,CREMA-D,CREMA-D_048
clip_06903,CREMA-D,CREMA-D_017
clip_06904,TESS,TESS_001
clip_06905,CREMA-D,CREMA-D_004
clip_06906,CREMA-D,CREMA-D_013
clip_06907,TESS,TESS_000
clip_06908,TESS,TESS_001
clip_06909,TESS,TESS_000
clip_06911,TESS,TESS_000
clip_06912,CREMA-D,CREMA-D_054
clip_06913,CREMA-D,CREMA-D_061
clip_06915,CREMA-D,CREMA-D_042
clip_06916,CREMA-D,CREMA-D_035
clip_06917,CREMA-D,CREMA-D_042
clip_06918,CREMA-D,CREMA-D_070
clip_06919,CREMA-D,CREMA-D_042
clip_06920,CREMA-D,CREMA-D_040
clip_06921,CREMA-D,CREMA-D_058
clip_06922,TESS,TESS_000
clip_06923,TESS,TESS_000
clip_06924,TESS,TESS_001
clip_06925,CREMA-D,CREMA-D_027
clip_06926,RAVDESS,RAVDESS_008
clip_06928,TESS,TESS_000
clip_06929,CREMA-D,CREMA-D_017
clip_06930,CREMA-D,CREMA-D_061
clip_06931,TESS,TESS_000
clip_06932,CREMA-D,CREMA-D_060
clip_06933,TESS,TESS_001
clip_06934,RAVDESS,RAVDESS_010
clip_06936,TESS,TESS_000
clip_06937,CREMA-D,CREMA-D_061
clip_06938,RAVDESS,RAVDESS_007
clip_06939,CREMA-D,CREMA-D_021
clip_06940,RAVDESS,RAVDESS_017
clip_06941,CREMA-D,CREMA-D_003
clip_06942,TESS,TESS_000
clip_06943,RAVDESS,RAVDESS_006
clip_06945,CREMA-D,CREMA-D_012
clip_06946,TESS,TESS_001
clip_06948,TESS,TESS_001
clip_06950,CREMA-D,CREMA-D_046
clip_06951,TESS,TESS_000
clip_06952,TESS,TESS_000
clip_06953,CREMA-D,CREMA-D_001
clip_06954,CREMA-D,CREMA-D_054
clip_06956,TESS,TESS_000
clip_06957,CREMA-D,CREMA-D_063
clip_06958,TESS,TESS_000
clip_06960,CREMA-D,CREMA-D_001
clip_06963,CREMA-D,CREMA-D_046
clip_06964,CREMA-D,CREMA-D_067
clip_06965,CREMA-D,CREMA-D_006
clip_06966,TESS,TESS_001
clip_06967,RAVDESS,RAVDESS_019
clip_06968,TESS,TESS_000
clip_06969,CREMA-D,CREMA-D_000
clip_06970,CREMA-D,CREMA-D_055
clip_06971,CREMA-D,CREMA-D_070
clip_06972,CREMA-D,CREMA-D_036
clip_06973,CREMA-D,CREMA-D_064
clip_06974,CREMA-D,CREMA-D_071
clip_06976,TESS,TESS_001
clip_06977,CREMA-D,CREMA-D_054
clip_06980,CREMA-D,CREMA-D_061
clip_06981,CREMA-D,CREMA-D_038
clip_06982,CREMA-D,CREMA-D_031
clip_06983,CREMA-D,CREMA-D_070
clip_06984,CREMA-D,CREMA-D_002
clip_06985,CREMA-D,CREMA-D_026
clip_06986,RAVDESS,RAVDESS_007
clip_06987,CREMA-D,CREMA-D_057
clip_06988,CREMA-D,CREMA-D_034
clip_06989,CREMA-D,CREMA-D_001
clip_06990,CREMA-D,CREMA-D_002
clip_06991,CREMA-D,CREMA-D_058
clip_06992,CREMA-D,CREMA-D_037
clip_06993,CREMA-D,CREMA-D_037
clip_06994,CREMA-D,CREMA-D_017
clip_06995,CREMA-D,CREMA-D_036
clip_06996,CREMA-D,CREMA-D_004
clip_06997,TESS,TESS_001
clip_06998,TESS,TESS_001
clip_06999,CREMA-D,CREMA-D_009
clip_07000,CREMA-D,CREMA-D_010
clip_07001,TESS,TESS_000
clip_07002,TESS,TESS_001
clip_07003,CREMA-D,CREMA-D_062
clip_07004,CREMA-D,CREMA-D_044
clip_07005,CREMA-D,CREMA-D_065
clip_07006,RAVDESS,RAVDESS_015
clip_07007,CREMA-D,CREMA-D_046
clip_07009,CREMA-D,CREMA-D_015
clip_07010,CREMA-D,CREMA-D_001
clip_07011,CREMA-D,CREMA-D_034
clip_07012,CREMA-D,CREMA-D_057
clip_07013,TESS,TESS_000
clip_07014,CREMA-D,CREMA-D_040
clip_07015,CREMA-D,CREMA-D_009
clip_07016,CREMA-D,CREMA-D_066
clip_07017,TESS,TESS_000
clip_07018,CREMA-D,CREMA-D_071
clip_07020,TESS,TESS_001
clip_07021,TESS,TESS_001
clip_07022,CREMA-D,CREMA-D_011
clip_07023,CREMA-D,CREMA-D_040
clip_07024,CREMA-D,CREMA-D_063
clip_07025,CREMA-D,CREMA-D_038
clip_07026,TESS,TESS_001
clip_07027,CREMA-D,CREMA-D_018
clip_07028,TESS,TESS_001
clip_07029,CREMA-D,CREMA-D_010
clip_07030,CREMA-D,CREMA-D_063
clip_07031,CREMA-D,CREMA-D_054
clip_07033,RAVDESS,RAVDESS_004
clip_07034,CREMA-D,CREMA-D_011
clip_07035,CREMA-D,CREMA-D_054
clip_07036,RAVDESS,RAVDESS_018
clip_07037,CREMA-D,CREMA-D_017
clip_07038,CREMA-D,CREMA-D_062
clip_07040,CREMA-D,CREMA-D_035
clip_07041,TESS,TESS_000
clip_07042,TESS,TESS_000
clip_07043,CREMA-D,CREMA-D_039
clip_07044,CREMA-D,CREMA-D_057
clip_07045,TESS,TESS_001
clip_07046,CREMA-D,CREMA-D_001
clip_07047,UNKNOWN,UNKNOWN_pool
clip_07048,TESS,TESS_001
clip_07050,TESS,TESS_000
clip_07051,RAVDESS,RAVDESS_019
clip_07052,CREMA-D,CREMA-D_051
clip_07053,CREMA-D,CREMA-D_055
clip_07054,CREMA-D,CREMA-D_062
clip_07055,RAVDESS,RAVDESS_012
clip_07056,CREMA-D,CREMA-D_048
clip_07057,RAVDESS,RAVDESS_001
clip_07058,TESS,TESS_000
clip_07059,TESS,TESS_001
clip_07061,CREMA-D,CREMA-D_069
clip_07062,RAVDESS,RAVDESS_017
clip_07064,CREMA-D,CREMA-D_003
clip_07065,CREMA-D,CREMA-D_039
clip_07066,TESS,TESS_000
clip_07069,CREMA-D,CREMA-D_052
clip_07070,CREMA-D,CREMA-D_045
clip_07071,CREMA-D,CREMA-D_034
clip_07072,CREMA-D,CREMA-D_016
clip_07073,CREMA-D,CREMA-D_057
clip_07074,RAVDESS,RAVDESS_014
clip_07075,CREMA-D,CREMA-D_035
clip_07076,CREMA-D,CREMA-D_038
clip_07077,RAVDESS,RAVDESS_007
clip_07078,CREMA-D,CREMA-D_036
clip_07079,CREMA-D,CREMA-D_029
clip_07080,TESS,TESS_001
clip_07081,CREMA-D,CREMA-D_014
clip_07082,RAVDESS,RAVDESS_011
clip_07083,CREMA-D,CREMA-D_045
clip_07084,TESS,TESS_001
clip_07085,TESS,TESS_001
clip_07087,TESS,TESS_001
clip_07088,TESS,TESS_001
clip_07089,CREMA-D,CREMA-D_057
clip_07090,TESS,TESS_001
clip_07091,TESS,TESS_000
clip_07092,TESS,TESS_000
clip_07093,CREMA-D,CREMA-D_009
clip_07094,CREMA-D,CREMA-D_063
clip_07095,CREMA-D,CREMA-D_006
clip_07096,TESS,TESS_001
clip_07097,CREMA-D,CREMA-D_044
clip_07098,TESS,TESS_000
clip_07100,CREMA-D,CREMA-D_005
clip_07101,TESS,TESS_001
clip_07102,CREMA-D,CREMA-D_054
clip_07103,CREMA-D,CREMA-D_043
clip_07104,CREMA-D,CREMA-D_003
clip_07105,CREMA-D,CREMA-D_027
clip_07106,CREMA-D,CREMA-D_062
clip_07107,CREMA-D,CREMA-D_016
clip_07108,CREMA-D,CREMA-D_055
clip_07109,TESS,TESS_001
clip_07110,TESS,TESS_001
clip_07112,TESS,TESS_000
clip_07113,CREMA-D,CREMA-D_062
clip_07114,CREMA-D,CREMA-D_005
clip_07116,TESS,TESS_001
clip_07117,CREMA-D,CREMA-D_045
clip_07118,CREMA-D,CREMA-D_033
clip_07119,CREMA-D,CREMA-D_009
clip_07120,CREMA-D,CREMA-D_013
clip_07121,CREMA-D,CREMA-D_016
clip_07122,RAVDESS,RAVDESS_018
clip_07123,CREMA-D,CREMA-D_059
clip_07124,CREMA-D,CREMA-D_030
clip_07126,TESS,TESS_000
clip_07127,TESS,TESS_001
clip_07128,CREMA-D,CREMA-D_063
clip_07129,CREMA-D,CREMA-D_056
clip_07130,RAVDESS,RAVDESS_019
clip_07132,CREMA-D,CREMA-D_016
clip_07133,CREMA-D,CREMA-D_040
clip_07134,CREMA-D,CREMA-D_015
clip_07135,CREMA-D,CREMA-D_058
clip_07136,CREMA-D,CREMA-D_044
clip_07137,TESS,TESS_000
clip_07139,CREMA-D,CREMA-D_043
clip_07141,CREMA-D,CREMA-D_011
clip_07142,CREMA-D,CREMA-D_036
clip_07143,CREMA-D,CREMA-D_036
clip_07144,CREMA-D,CREMA-D_019
clip_07145,CREMA-D,CREMA-D_010
clip_07146,CREMA-D,CREMA-D_005
clip_07147,CREMA-D,CREMA-D_001
clip_07148,CREMA-D,CREMA-D_071
clip_07149,CREMA-D,CREMA-D_054
clip_07150,CREMA-D,CREMA-D_064
clip_07151,CREMA-D,CREMA-D_007
clip_07152,TESS,TESS_001
clip_07153,TESS,TESS_001
clip_07155,CREMA-D,CREMA-D_066
clip_07156,CREMA-D,CREMA-D_009
clip_07158,CREMA-D,CREMA-D_044
clip_07161,CREMA-D,CREMA-D_063
clip_07162,CREMA-D,CREMA-D_056
clip_07163,RAVDESS,RAVDESS_003
clip_07164,CREMA-D,CREMA-D_037
clip_07165,CREMA-D,CREMA-D_011
clip_07166,CREMA-D,CREMA-D_048
clip_07167,CREMA-D,CREMA-D_016
clip_07168,CREMA-D,CREMA-D_026
clip_07169,TESS,TESS_000
clip_07171,CREMA-D,CREMA-D_009
clip_07172,CREMA-D,CREMA-D_001
clip_07173,TESS,TESS_000
clip_07174,TESS,TESS_000
clip_07175,RAVDESS,RAVDESS_007
clip_07176,TESS,TESS_000
clip_07177,RAVDESS,RAVDESS_005
clip_07178,CREMA-D,CREMA-D_036
clip_07179,TESS,TESS_001
clip_07180,CREMA-D,CREMA-D_051
clip_07181,CREMA-D,CREMA-D_009
clip_07182,CREMA-D,CREMA-D_059
clip_07183,TESS,TESS_000
clip_07185,CREMA-D,CREMA-D_063
clip_07186,CREMA-D,CREMA-D_011
clip_07187,CREMA-D,CREMA-D_068
clip_07188,CREMA-D,CREMA-D_047
clip_07190,CREMA-D,CREMA-D_007
clip_07192,TESS,TESS_000
clip_07193,CREMA-D,CREMA-D_041
clip_07194,TESS,TESS_001
clip_07195,CREMA-D,CREMA-D_051
clip_07196,TESS,TESS_000
clip_07197,CREMA-D,CREMA-D_064
clip_07198,TESS,TESS_001
clip_07199,CREMA-D,CREMA-D_058
clip_07200,CREMA-D,CREMA-D_017
clip_07201,CREMA-D,CREMA-D_037
clip_07203,CREMA-D,CREMA-D_001
clip_07205,CREMA-D,CREMA-D_015
clip_07207,CREMA-D,CREMA-D_007
clip_07208,TESS,TESS_001
clip_07209,CREMA-D,CREMA-D_000
clip_07211,TESS,TESS_001
clip_07212,TESS,TESS_000
clip_07213,CREMA-D,CREMA-D_065
clip_07214,CREMA-D,CREMA-D_062
clip_07215,TESS,TESS_001
clip_07216,CREMA-D,CREMA-D_009
clip_07217,TESS,TESS_000
clip_07218,TESS,TESS_001
clip_07219,TESS,TESS_000
clip_07220,CREMA-D,CREMA-D_040
clip_07221,CREMA-D,CREMA-D_038
clip_07222,CREMA-D,CREMA-D_052
clip_07225,CREMA-D,CREMA-D_071
clip_07226,CREMA-D,CREMA-D_051
clip_07227,CREMA-D,CREMA-D_003
clip_07228,TESS,TESS_000
clip_07229,RAVDESS,RAVDESS_007
clip_07230,CREMA-D,CREMA-D_012
clip_07231,CREMA-D,CREMA-D_031
clip_07232,CREMA-D,CREMA-D_058
clip_07233,RAVDESS,RAVDESS_007
clip_07234,CREMA-D,CREMA-D_001
clip_07235,CREMA-D,CREMA-D_039
clip_07236,CREMA-D,CREMA-D_020
clip_07237,TESS,TESS_001
clip_07238,CREMA-D,CREMA-D_005
clip_07239,CREMA-D,CREMA-D_009
clip_07241,CREMA-D,CREMA-D_032
clip_07242,CREMA-D,CREMA-D_002
clip_07243,CREMA-D,CREMA-D_052
clip_07244,CREMA-D,CREMA-D_066
clip_07245,TESS,TESS_000
clip_07247,TESS,TESS_001
clip_07248,RAVDESS,RAVDESS_019
clip_07249,CREMA-D,CREMA-D_033
clip_07250,TESS,TESS_001
clip_07251,TESS,TESS_000
clip_07252,CREMA-D,CREMA-D_052
clip_07253,TESS,TESS_000
clip_07254,TESS,TESS_001
clip_07255,RAVDESS,RAVDESS_016
clip_07256,CREMA-D,CREMA-D_070
clip_07257,TESS,TESS_001
clip_07258,CREMA-D,CREMA-D_053
clip_07260,CREMA-D,CREMA-D_001
clip_07261,RAVDESS,RAVDESS_015
clip_07263,CREMA-D,CREMA-D_031
clip_07264,TESS,TESS_000
clip_07265,CREMA-D,CREMA-D_071
clip_07266,TESS,TESS_001
clip_07268,TESS,TESS_000
clip_07269,CREMA-D,CREMA-D_020
clip_07270,CREMA-D,CREMA-D_004
clip_07271,CREMA-D,CREMA-D_001
clip_07272,CREMA-D,CREMA-D_051
clip_07273,CREMA-D,CREMA-D_029
clip_07274,CREMA-D,CREMA-D_044
clip_07275,CREMA-D,CREMA-D_008
clip_07276,RAVDESS,RAVDESS_004
clip_07277,CREMA-D,CREMA-D_018
clip_07278,CREMA-D,CREMA-D_022
clip_07281,CREMA-D,CREMA-D_045
clip_07282,RAVDESS,RAVDESS_017
clip_07283,CREMA-D,CREMA-D_022
clip_07284,CREMA-D,CREMA-D_050
clip_07285,RAVDESS,RAVDESS_016
clip_07287,CREMA-D,CREMA-D_018
clip_07288,CREMA-D,CREMA-D_038
clip_07289,TESS,TESS_001
clip_07291,RAVDESS,RAVDESS_005
clip_07292,TESS,TESS_000
clip_07293,CREMA-D,CREMA-D_048
clip_07294,CREMA-D,CREMA-D_050
clip_07295,RAVDESS,RAVDESS_017
clip_07297,RAVDESS,RAVDESS_000
clip_07299,CREMA-D,CREMA-D_044
clip_07300,CREMA-D,CREMA-D_068
clip_07301,CREMA-D,CREMA-D_057
clip_07302,CREMA-D,CREMA-D_024
clip_07303,TESS,TESS_001
clip_07304,TESS,TESS_000
clip_07306,TESS,TESS_001
clip_07307,CREMA-D,CREMA-D_022
clip_07308,CREMA-D,CREMA-D_030
clip_07309,CREMA-D,CREMA-D_063
clip_07310,TESS,TESS_000
clip_07311,CREMA-D,CREMA-D_067
clip_07312,CREMA-D,CREMA-D_001
clip_07313,TESS,TESS_001
clip_07315,CREMA-D,CREMA-D_028
clip_07316,TESS,TESS_000
clip_07318,CREMA-D,CREMA-D_062
clip_07319,CREMA-D,CREMA-D_033
clip_07320,CREMA-D,CREMA-D_040
clip_07321,CREMA-D,CREMA-D_028
clip_07322,CREMA-D,CREMA-D_042
clip_07323,TESS,TESS_001
clip_07324,CREMA-D,CREMA-D_000
clip_07325,TESS,TESS_001
clip_07326,RAVDESS,RAVDESS_006
clip_07332,CREMA-D,CREMA-D_034
clip_07334,TESS,TESS_001
clip_07336,CREMA-D,CREMA-D_024
clip_07337,CREMA-D,CREMA-D_026
clip_07338,CREMA-D,CREMA-D_009
clip_07339,CREMA-D,CREMA-D_010
clip_07340,CREMA-D,CREMA-D_001
clip_07341,CREMA-D,CREMA-D_003
clip_07342,CREMA-D,CREMA-D_051
clip_07343,TESS,TESS_000
clip_07344,TESS,TESS_001
clip_07345,TESS,TESS_001
clip_07346,TESS,TESS_001
clip_07347,CREMA-D,CREMA-D_008
clip_07348,CREMA-D,CREMA-D_009
clip_07350,CREMA-D,CREMA-D_069
clip_07351,TESS,TESS_001
clip_07352,TESS,TESS_000
clip_07353,CREMA-D,CREMA-D_048
clip_07354,CREMA-D,CREMA-D_054
clip_07355,CREMA-D,CREMA-D_053
clip_07356,TESS,TESS_001
clip_07357,CREMA-D,CREMA-D_049
clip_07358,CREMA-D,CREMA-D_032
clip_07359,RAVDESS,RAVDESS_015
clip_07360,CREMA-D,CREMA-D_038
clip_07361,RAVDESS,RAVDESS_001
clip_07362,CREMA-D,CREMA-D_066
clip_07363,CREMA-D,CREMA-D_046
clip_07364,CREMA-D,CREMA-D_036
clip_07365,TESS,TESS_000
clip_07366,TESS,TESS_001
clip_07367,CREMA-D,CREMA-D_022
clip_07368,CREMA-D,CREMA-D_060
clip_07369,CREMA-D,CREMA-D_050
clip_07371,CREMA-D,CREMA-D_008
clip_07372,CREMA-D,CREMA-D_049
clip_07373,CREMA-D,CREMA-D_007
clip_07374,TESS,TESS_001
clip_07375,RAVDESS,RAVDESS_019
clip_07377,TESS,TESS_000
clip_07378,RAVDESS,RAVDESS_009
clip_07379,CREMA-D,CREMA-D_045
clip_07380,CREMA-D,CREMA-D_071
clip_07381,CREMA-D,CREMA-D_010
clip_07382,CREMA-D,CREMA-D_020
clip_07383,CREMA-D,CREMA-D_068
clip_07384,CREMA-D,CREMA-D_037
clip_07385,CREMA-D,CREMA-D_040
clip_07386,TESS,TESS_000
clip_07387,TESS,TESS_001
clip_07388,TESS,TESS_000
clip_07389,CREMA-D,CREMA-D_016
clip_07390,CREMA-D,CREMA-D_003
clip_07391,CREMA-D,CREMA-D_069
clip_07392,TESS,TESS_001
clip_07394,TESS,TESS_001
clip_07396,CREMA-D,CREMA-D_020
clip_07397,CREMA-D,CREMA-D_005
clip_07398,CREMA-D,CREMA-D_019
clip_07399,TESS,TESS_001
clip_07400,RAVDESS,RAVDESS_009
clip_07401,TESS,TESS_001
clip_07402,CREMA-D,CREMA-D_001
clip_07403,TESS,TESS_000
clip_07405,CREMA-D,CREMA-D_000
clip_07406,TESS,TESS_001
clip_07408,CREMA-D,CREMA-D_028
clip_07409,CREMA-D,CREMA-D_050
clip_07410,TESS,TESS_000
clip_07411,CREMA-D,CREMA-D_057
clip_07412,TESS,TESS_000
clip_07413,TESS,TESS_001
clip_07414,TESS,TESS_001
clip_07415,CREMA-D,CREMA-D_043
clip_07416,TESS,TESS_000
clip_07417,CREMA-D,CREMA-D_060
clip_07419,CREMA-D,CREMA-D_004
clip_07420,CREMA-D,CREMA-D_022
clip_07421,CREMA-D,CREMA-D_057
clip_07422,CREMA-D,CREMA-D_010
clip_07423,RAVDESS,RAVDESS_001
clip_07424,TESS,TESS_001
clip_07425,TESS,TESS_001
clip_07426,TESS,TESS_000
clip_07427,CREMA-D,CREMA-D_055
clip_07428,TESS,TESS_000
clip_07429,CREMA-D,CREMA-D_065
clip_07430,CREMA-D,CREMA-D_030
clip_07431,CREMA-D,CREMA-D_047
clip_07432,CREMA-D,CREMA-D_054
clip_07433,CREMA-D,CREMA-D_003
clip_07435,CREMA-D,CREMA-D_024
clip_07436,CREMA-D,CREMA-D_044
clip_07438,TESS,TESS_001
clip_07440,CREMA-D,CREMA-D_011
clip_07441,TESS,TESS_000
clip_07442,CREMA-D,CREMA-D_027
clip_07443,RAVDESS,RAVDESS_013
clip_07444,RAVDESS,RAVDESS_001
clip_07445,TESS,TESS_001
clip_07446,CREMA-D,CREMA-D_007
clip_07448,RAVDESS,RAVDESS_002
clip_07449,RAVDESS,RAVDESS_009
clip_07450,RAVDESS,RAVDESS_003
clip_07451,CREMA-D,CREMA-D_029
clip_07452,CREMA-D,CREMA-D_036
clip_07453,CREMA-D,CREMA-D_021
clip_07454,CREMA-D,CREMA-D_012
clip_07455,TESS,TESS_001
clip_07456,TESS,TESS_000
clip_07458,TESS,TESS_001
clip_07459,CREMA-D,CREMA-D_020
clip_07460,CREMA-D,CREMA-D_046
clip_07465,CREMA-D,CREMA-D_044
clip_07466,CREMA-D,CREMA-D_000
clip_07469,CREMA-D,CREMA-D_043
clip_07470,CREMA-D,CREMA-D_035
clip_07471,CREMA-D,CREMA-D_016
clip_07472,CREMA-D,CREMA-D_001
clip_07473,TESS,TESS_001
clip_07474,CREMA-D,CREMA-D_052
clip_07476,TESS,TESS_000
clip_07477,CREMA-D,CREMA-D_030
clip_07478,TESS,TESS_001
clip_07480,CREMA-D,CREMA-D_012
clip_07482,CREMA-D,CREMA-D_017
clip_07483,CREMA-D,CREMA-D_070
clip_07484,CREMA-D,CREMA-D_065
clip_07485,TESS,TESS_001
clip_07486,TESS,TESS_001
clip_07488,CREMA-D,CREMA-D_016
clip_07489,CREMA-D,CREMA-D_039
clip_07490,CREMA-D,CREMA-D_040
clip_07492,TESS,TESS_001
clip_07493,CREMA-D,CREMA-D_055
clip_07494,CREMA-D,CREMA-D_001
clip_07495,CREMA-D,CREMA-D_012
clip_07496,CREMA-D,CREMA-D_011
clip_07497,TESS,TESS_001
clip_07498,CREMA-D,CREMA-D_039
clip_07501,CREMA-D,CREMA-D_053
clip_07502,CREMA-D,CREMA-D_051
clip_07503,CREMA-D,CREMA-D_029
clip_07505,CREMA-D,CREMA-D_043
clip_07506,CREMA-D,CREMA-D_059
clip_07509,RAVDESS,RAVDESS_012
clip_07510,RAVDESS,RAVDESS_008
clip_07511,RAVDESS,RAVDESS_000
clip_07512,TESS,TESS_001
clip_07513,CREMA-D,CREMA-D_048
clip_07514,TESS,TESS_000
clip_07515,CREMA-D,CREMA-D_057
clip_07516,RAVDESS,RAVDESS_010
clip_07517,CREMA-D,CREMA-D_015
clip_07518,CREMA-D,CREMA-D_059
clip_07519,TESS,TESS_000
clip_07520,CREMA-D,CREMA-D_004
clip_07522,TESS,TESS_000
clip_07524,RAVDESS,RAVDESS_009
clip_07525,CREMA-D,CREMA-D_012
clip_07526,CREMA-D,CREMA-D_062
clip_07527,CREMA-D,CREMA-D_044
clip_07528,CREMA-D,CREMA-D_051
clip_07529,CREMA-D,CREMA-D_021
clip_07530,CREMA-D,CREMA-D_031
clip_07531,CREMA-D,CREMA-D_063
clip_07532,CREMA-D,CREMA-D_010
clip_07534,CREMA-D,CREMA-D_037
clip_07535,CREMA-D,CREMA-D_006
clip_07536,TESS,TESS_001
clip_07537,TESS,TESS_001
clip_07538,TESS,TESS_001
clip_07539,CREMA-D,CREMA-D_015
clip_07541,CREMA-D,CREMA-D_037
clip_07542,CREMA-D,CREMA-D_070
clip_07544,CREMA-D,CREMA-D_041
clip_07545,CREMA-D,CREMA-D_050
clip_07546,TESS,TESS_000
clip_07547,TESS,TESS_001
clip_07548,CREMA-D,CREMA-D_055
clip_07549,CREMA-D,CREMA-D_008
clip_07550,CREMA-D,CREMA-D_052
clip_07551,CREMA-D,CREMA-D_046
clip_07555,CREMA-D,CREMA-D_001
clip_07557,CREMA-D,CREMA-D_031
clip_07558,CREMA-D,CREMA-D_046
clip_07559,CREMA-D,CREMA-D_033
clip_07560,CREMA-D,CREMA-D_063
clip_07562,RAVDESS,RAVDESS_005
clip_07563,CREMA-D,CREMA-D_062
clip_07564,CREMA-D,CREMA-D_034
clip_07566,CREMA-D,CREMA-D_017
clip_07567,TESS,TESS_000
clip_07569,TESS,TESS_001
clip_07570,CREMA-D,CREMA-D_069
clip_07571,TESS,TESS_001
clip_07572,CREMA-D,CREMA-D_046
clip_07574,CREMA-D,CREMA-D_071
clip_07575,RAVDESS,RAVDESS_005
clip_07576,CREMA-D,CREMA-D_035
clip_07577,CREMA-D,CREMA-D_036
clip_07579,CREMA-D,CREMA-D_069
clip_07580,CREMA-D,CREMA-D_041
clip_07581,TESS,TESS_000
clip_07582,CREMA-D,CREMA-D_024
clip_07583,CREMA-D,CREMA-D_043
clip_07585,RAVDESS,RAVDESS_015
clip_07586,CREMA-D,CREMA-D_003
clip_07587,CREMA-D,CREMA-D_006
clip_07588,CREMA-D,CREMA-D_067
clip_07589,CREMA-D,CREMA-D_037
clip_07590,CREMA-D,CREMA-D_063
clip_07591,TESS,TESS_001
clip_07592,TESS,TESS_000
clip_07593,RAVDESS,RAVDESS_012
clip_07594,CREMA-D,CREMA-D_019
clip_07595,RAVDESS,RAVDESS_005
clip_07596,TESS,TESS_001
clip_07597,CREMA-D,CREMA-D_011
clip_07598,CREMA-D,CREMA-D_057
clip_07599,CREMA-D,CREMA-D_037
clip_07600,CREMA-D,CREMA-D_071
clip_07601,TESS,TESS_000
clip_07602,CREMA-D,CREMA-D_058
clip_07603,TESS,TESS_000
clip_07604,CREMA-D,CREMA-D_011
clip_07605,CREMA-D,CREMA-D_046
clip_07606,CREMA-D,CREMA-D_048
clip_07608,TESS,TESS_000
clip_07609,TESS,TESS_000
clip_07610,TESS,TESS_000
clip_07611,TESS,TESS_000
clip_07612,RAVDESS,RAVDESS_000
clip_07614,CREMA-D,CREMA-D_005
clip_07615,CREMA-D,CREMA-D_043
clip_07616,CREMA-D,CREMA-D_031
clip_07617,RAVDESS,RAVDESS_017
clip_07618,TESS,TESS_000
clip_07619,CREMA-D,CREMA-D_044
clip_07620,CREMA-D,CREMA-D_055
clip_07621,CREMA-D,CREMA-D_058
clip_07622,CREMA-D,CREMA-D_063
clip_07623,CREMA-D,CREMA-D_045
clip_07624,RAVDESS,RAVDESS_017
clip_07625,CREMA-D,CREMA-D_044
clip_07626,CREMA-D,CREMA-D_013
clip_07627,CREMA-D,CREMA-D_030
clip_07629,CREMA-D,CREMA-D_030
clip_07630,CREMA-D,CREMA-D_022
clip_07631,RAVDESS,RAVDESS_012
clip_07632,TESS,TESS_000
clip_07633,CREMA-D,CREMA-D_069
clip_07635,CREMA-D,CREMA-D_012
clip_07636,CREMA-D,CREMA-D_007
clip_07637,CREMA-D,CREMA-D_021
clip_07638,CREMA-D,CREMA-D_006
clip_07639,CREMA-D,CREMA-D_053
clip_07640,RAVDESS,RAVDESS_006
clip_07642,TESS,TESS_000
clip_07643,TESS,TESS_000
clip_07644,CREMA-D,CREMA-D_003
clip_07645,RAVDESS,RAVDESS_004
clip_07647,CREMA-D,CREMA-D_071
clip_07651,CREMA-D,CREMA-D_035
clip_07652,TESS,TESS_000
clip_07653,CREMA-D,CREMA-D_005
clip_07654,CREMA-D,CREMA-D_002
clip_07656,CREMA-D,CREMA-D_056
clip_07657,RAVDESS,RAVDESS_001
clip_07658,TESS,TESS_001
clip_07659,CREMA-D,CREMA-D_039
clip_07662,RAVDESS,RAVDESS_013
clip_07663,CREMA-D,CREMA-D_049
clip_07664,TESS,TESS_000
clip_07665,TESS,TESS_001
clip_07667,TESS,TESS_001
clip_07668,TESS,TESS_001
clip_07669,CREMA-D,CREMA-D_015
clip_07670,CREMA-D,CREMA-D_029
clip_07671,TESS,TESS_001
clip_07672,CREMA-D,CREMA-D_044
clip_07673,CREMA-D,CREMA-D_036
clip_07674,CREMA-D,CREMA-D_024
clip_07675,CREMA-D,CREMA-D_053
clip_07676,CREMA-D,CREMA-D_001
clip_07677,TESS,TESS_001
clip_07680,CREMA-D,CREMA-D_035
clip_07681,CREMA-D,CREMA-D_023
clip_07683,TESS,TESS_001
clip_07684,CREMA-D,CREMA-D_071
clip_07685,RAVDESS,RAVDESS_010
clip_07686,CREMA-D,CREMA-D_060
clip_07687,TESS,TESS_001
clip_07688,CREMA-D,CREMA-D_069
clip_07690,RAVDESS,RAVDESS_001
clip_07691,CREMA-D,CREMA-D_026
clip_07693,CREMA-D,CREMA-D_069
clip_07694,RAVDESS,RAVDESS_015
clip_07695,CREMA-D,CREMA-D_061
clip_07697,CREMA-D,CREMA-D_016
clip_07698,CREMA-D,CREMA-D_069
clip_07699,CREMA-D,CREMA-D_003
clip_07701,CREMA-D,CREMA-D_010
clip_07702,TESS,TESS_001
clip_07703,RAVDESS,RAVDESS_016
clip_07704,CREMA-D,CREMA-D_016
clip_07705,CREMA-D,CREMA-D_010
clip_07706,TESS,TESS_001
clip_07707,CREMA-D,CREMA-D_000
clip_07708,CREMA-D,CREMA-D_068
clip_07709,CREMA-D,CREMA-D_043
clip_07710,CREMA-D,CREMA-D_013
clip_07711,CREMA-D,CREMA-D_029
clip_07712,CREMA-D,CREMA-D_033
clip_07713,CREMA-D,CREMA-D_052
clip_07714,TESS,TESS_001
clip_07715,TESS,TESS_000
clip_07716,CREMA-D,CREMA-D_033
clip_07717,CREMA-D,CREMA-D_010
clip_07718,CREMA-D,CREMA-D_051
clip_07719,CREMA-D,CREMA-D_043
clip_07720,CREMA-D,CREMA-D_055
clip_07721,RAVDESS,RAVDESS_017
clip_07722,CREMA-D,CREMA-D_026
clip_07723,CREMA-D,CREMA-D_054
clip_07724,CREMA-D,CREMA-D_021
clip_07725,RAVDESS,RAVDESS_019
clip_07726,CREMA-D,CREMA-D_031
clip_07727,CREMA-D,CREMA-D_027
clip_07728,CREMA-D,CREMA-D_028
clip_07729,CREMA-D,CREMA-D_040
clip_07731,TESS,TESS_001
clip_07732,CREMA-D,CREMA-D_037
clip_07733,CREMA-D,CREMA-D_058
clip_07735,TESS,TESS_000
clip_07736,CREMA-D,CREMA-D_060
clip_07737,TESS,TESS_000
clip_07738,CREMA-D,CREMA-D_002
clip_07739,CREMA-D,CREMA-D_007
clip_07741,RAVDESS,RAVDESS_002
clip_07742,CREMA-D,CREMA-D_002
clip_07743,TESS,TESS_000
clip_07745,CREMA-D,CREMA-D_031
clip_07746,CREMA-D,CREMA-D_062
clip_07747,CREMA-D,CREMA-D_027
clip_07748,CREMA-D,CREMA-D_034
clip_07749,CREMA-D,CREMA-D_022
clip_07750,RAVDESS,RAVDESS_016
clip_07751,TESS,TESS_000
clip_07752,TESS,TESS_001
clip_07753,TESS,TESS_001
clip_07754,CREMA-D,CREMA-D_069
clip_07755,TESS,TESS_000
clip_07756,CREMA-D,CREMA-D_070
clip_07757,CREMA-D,CREMA-D_032
clip_07758,TESS,TESS_000
clip_07759,TESS,TESS_001
clip_07760,RAVDESS,RAVDESS_014
clip_07761,CREMA-D,CREMA-D_034
clip_07762,CREMA-D,CREMA-D_033
clip_07763,CREMA-D,CREMA-D_029
clip_07764,CREMA-D,CREMA-D_023
clip_07765,CREMA-D,CREMA-D_055
clip_07766,CREMA-D,CREMA-D_006
clip_07767,CREMA-D,CREMA-D_045
clip_07768,TESS,TESS_000
clip_07769,CREMA-D,CREMA-D_000
clip_07770,CREMA-D,CREMA-D_002
clip_07771,TESS,TESS_000
clip_07772,TESS,TESS_000
clip_07773,RAVDESS,RAVDESS_000
clip_07775,CREMA-D,CREMA-D_017
clip_07776,CREMA-D,CREMA-D_035
clip_07779,TESS,TESS_000
clip_07780,CREMA-D,CREMA-D_025
clip_07781,TESS,TESS_001
clip_07782,CREMA-D,CREMA-D_069
clip_07783,TESS,TESS_001
clip_07785,TESS,TESS_001
clip_07786,RAVDESS,RAVDESS_004
clip_07787,TESS,TESS_001
clip_07788,CREMA-D,CREMA-D_067
clip_07790,CREMA-D,CREMA-D_019
clip_07792,RAVDESS,RAVDESS_002
clip_07793,CREMA-D,CREMA-D_007
clip_07794,CREMA-D,CREMA-D_018
clip_07795,RAVDESS,RAVDESS_001
clip_07796,CREMA-D,CREMA-D_071
clip_07797,CREMA-D,CREMA-D_046
clip_07798,TESS,TESS_000
clip_07799,CREMA-D,CREMA-D_039
clip_07800,CREMA-D,CREMA-D_049
clip_07801,CREMA-D,CREMA-D_065
clip_07802,RAVDESS,RAVDESS_013
clip_07803,TESS,TESS_001
clip_07804,CREMA-D,CREMA-D_036
clip_07805,CREMA-D,CREMA-D_052
clip_07806,TESS,TESS_000
clip_07807,CREMA-D,CREMA-D_017
clip_07808,CREMA-D,CREMA-D_054
clip_07810,CREMA-D,CREMA-D_035
clip_07811,RAVDESS,RAVDESS_004
clip_07812,CREMA-D,CREMA-D_040
clip_07813,CREMA-D,CREMA-D_030
clip_07815,CREMA-D,CREMA-D_054
clip_07816,CREMA-D,CREMA-D_001
clip_07817,CREMA-D,CREMA-D_047
clip_07818,CREMA-D,CREMA-D_027
clip_07819,CREMA-D,CREMA-D_009
clip_07820,CREMA-D,CREMA-D_067
clip_07821,TESS,TESS_000
clip_07822,CREMA-D,CREMA-D_049
clip_07823,RAVDESS,RAVDESS_000
clip_07824,CREMA-D,CREMA-D_066
clip_07825,CREMA-D,CREMA-D_065
clip_07826,TESS,TESS_001
clip_07827,TESS,TESS_000
clip_07828,CREMA-D,CREMA-D_012
clip_07830,RAVDESS,RAVDESS_013
clip_07831,RAVDESS,RAVDESS_013
clip_07833,TESS,TESS_000
clip_07834,CREMA-D,CREMA-D_021
clip_07835,CREMA-D,CREMA-D_033
clip_07836,CREMA-D,CREMA-D_012
clip_07837,CREMA-D,CREMA-D_065
clip_07838,TESS,TESS_001
clip_07839,RAVDESS,RAVDESS_005
clip_07840,CREMA-D,CREMA-D_057
clip_07841,TESS,TESS_000
clip_07842,CREMA-D,CREMA-D_044
clip_07843,CREMA-D,CREMA-D_029
clip_07844,CREMA-D,CREMA-D_002
clip_07845,CREMA-D,CREMA-D_001
clip_07846,CREMA-D,CREMA-D_034
clip_07847,TESS,TESS_001
clip_07848,CREMA-D,CREMA-D_049
clip_07849,CREMA-D,CREMA-D_001
clip_07850,CREMA-D,CREMA-D_063
clip_07851,CREMA-D,CREMA-D_027
clip_07852,CREMA-D,CREMA-D_011
clip_07853,TESS,TESS_000
clip_07854,CREMA-D,CREMA-D_058
clip_07855,RAVDESS,RAVDESS_006
clip_07856,CREMA-D,CREMA-D_020
clip_07858,CREMA-D,CREMA-D_026
clip_07859,CREMA-D,CREMA-D_001
clip_07860,CREMA-D,CREMA-D_052
clip_07861,RAVDESS,RAVDESS_017
clip_07862,RAVDESS,RAVDESS_006
clip_07863,CREMA-D,CREMA-D_021
clip_07864,RAVDESS,RAVDESS_017
clip_07865,CREMA-D,CREMA-D_019
clip_07866,CREMA-D,CREMA-D_044
clip_07867,CREMA-D,CREMA-D_002
clip_07868,CREMA-D,CREMA-D_065
clip_07869,CREMA-D,CREMA-D_015
clip_07870,CREMA-D,CREMA-D_022
clip_07871,TESS,TESS_000
clip_07872,CREMA-D,CREMA-D_055
clip_07873,CREMA-D,CREMA-D_027
clip_07874,CREMA-D,CREMA-D_019
clip_07875,CREMA-D,CREMA-D_007
clip_07876,CREMA-D,CREMA-D_039
clip_07878,CREMA-D,CREMA-D_061
clip_07879,CREMA-D,CREMA-D_024
clip_07880,CREMA-D,CREMA-D_010
clip_07881,CREMA-D,CREMA-D_070
clip_07882,RAVDESS,RAVDESS_000
clip_07883,CREMA-D,CREMA-D_071
clip_07884,CREMA-D,CREMA-D_060
clip_07885,CREMA-D,CREMA-D_031
clip_07887,CREMA-D,CREMA-D_067
clip_07888,CREMA-D,CREMA-D_070
clip_07889,CREMA-D,CREMA-D_008
clip_07890,CREMA-D,CREMA-D_005
clip_07891,CREMA-D,CREMA-D_011
clip_07893,CREMA-D,CREMA-D_002
clip_07894,CREMA-D,CREMA-D_043
clip_07895,CREMA-D,CREMA-D_041
clip_07896,CREMA-D,CREMA-D_004
clip_07898,CREMA-D,CREMA-D_012
clip_07899,CREMA-D,CREMA-D_040
clip_07900,CREMA-D,CREMA-D_015
clip_07901,CREMA-D,CREMA-D_018
clip_07902,CREMA-D,CREMA-D_057
clip_07903,TESS,TESS_000
clip_07904,TESS,TESS_001
clip_07905,CREMA-D,CREMA-D_007
clip_07906,RAVDESS,RAVDESS_007
clip_07907,CREMA-D,CREMA-D_069
clip_07908,TESS,TESS_001
clip_07909,CREMA-D,CREMA-D_024
clip_07912,CREMA-D,CREMA-D_037
clip_07913,TESS,TESS_001
clip_07916,CREMA-D,CREMA-D_018
clip_07917,CREMA-D,CREMA-D_032
clip_07918,RAVDESS,RAVDESS_012
clip_07919,RAVDESS,RAVDESS_016
clip_07920,TESS,TESS_001
clip_07921,CREMA-D,CREMA-D_052
clip_07922,CREMA-D,CREMA-D_065
clip_07923,CREMA-D,CREMA-D_060
clip_07924,CREMA-D,CREMA-D_009
clip_07925,TESS,TESS_000
clip_07926,CREMA-D,CREMA-D_045
clip_07927,UNKNOWN,UNKNOWN_pool
clip_07928,RAVDESS,RAVDESS_014
clip_07929,CREMA-D,CREMA-D_054
clip_07931,CREMA-D,CREMA-D_036
clip_07933,CREMA-D,CREMA-D_056
clip_07934,CREMA-D,CREMA-D_052
clip_07935,CREMA-D,CREMA-D_026
clip_07937,CREMA-D,CREMA-D_071
clip_07938,TESS,TESS_000
clip_07939,TESS,TESS_001
clip_07940,CREMA-D,CREMA-D_059
clip_07941,TESS,TESS_001
clip_07942,CREMA-D,CREMA-D_059
clip_07943,TESS,TESS_000
clip_07944,TESS,TESS_001
clip_07945,CREMA-D,CREMA-D_016
clip_07946,CREMA-D,CREMA-D_032
clip_07947,CREMA-D,CREMA-D_057
clip_07948,CREMA-D,CREMA-D_058
clip_07949,CREMA-D,CREMA-D_038
clip_07950,CREMA-D,CREMA-D_033
clip_07952,CREMA-D,CREMA-D_051
clip_07953,CREMA-D,CREMA-D_038
clip_07954,CREMA-D,CREMA-D_051
clip_07955,CREMA-D,CREMA-D_043
clip_07956,CREMA-D,CREMA-D_054
clip_07957,CREMA-D,CREMA-D_041
clip_07958,RAVDESS,RAVDESS_013
clip_07959,CREMA-D,CREMA-D_059
clip_07960,CREMA-D,CREMA-D_060
clip_07961,CREMA-D,CREMA-D_006
clip_07963,CREMA-D,CREMA-D_036
clip_07964,CREMA-D,CREMA-D_001
clip_07965,CREMA-D,CREMA-D_051
clip_07967,CREMA-D,CREMA-D_022
clip_07968,CREMA-D,CREMA-D_026
clip_07969,CREMA-D,CREMA-D_014
clip_07970,CREMA-D,CREMA-D_063
clip_07971,CREMA-D,CREMA-D_014
clip_07973,CREMA-D,CREMA-D_011
clip_07974,TESS,TESS_000
clip_07975,CREMA-D,CREMA-D_068
clip_07976,CREMA-D,CREMA-D_047
clip_07978,CREMA-D,CREMA-D_055
clip_07979,TESS,TESS_000
clip_07980,RAVDESS,RAVDESS_019
clip_07981,CREMA-D,CREMA-D_018
clip_07982,RAVDESS,RAVDESS_013
clip_07983,TESS,TESS_001
clip_07984,TESS,TESS_000
clip_07985,TESS,TESS_001
clip_07986,TESS,TESS_000
clip_07987,TESS,TESS_000
clip_07988,RAVDESS,RAVDESS_001
clip_07989,CREMA-D,CREMA-D_047
clip_07990,CREMA-D,CREMA-D_071
clip_07991,CREMA-D,CREMA-D_070
clip_07992,CREMA-D,CREMA-D_003
clip_07993,TESS,TESS_000
clip_07994,CREMA-D,CREMA-D_068
clip_07995,CREMA-D,CREMA-D_000
clip_07996,RAVDESS,RAVDESS_002
clip_07997,CREMA-D,CREMA-D_040
clip_07998,CREMA-D,CREMA-D_031
clip_07999,CREMA-D,CREMA-D_061
clip_08000,TESS,TESS_001
clip_08001,TESS,TESS_000
clip_08002,RAVDESS,RAVDESS_014
clip_08003,CREMA-D,CREMA-D_008
clip_08005,CREMA-D,CREMA-D_029
clip_08006,TESS,TESS_000
clip_08008,CREMA-D,CREMA-D_027
clip_08009,CREMA-D,CREMA-D_000
clip_08010,TESS,TESS_001
clip_08012,CREMA-D,CREMA-D_052
clip_08013,CREMA-D,CREMA-D_049
clip_08014,CREMA-D,CREMA-D_055
clip_08015,TESS,TESS_001
clip_08016,CREMA-D,CREMA-D_015
clip_08017,TESS,TESS_001
clip_08018,CREMA-D,CREMA-D_061
clip_08019,CREMA-D,CREMA-D_032
clip_08020,CREMA-D,CREMA-D_034
clip_08021,CREMA-D,CREMA-D_026
clip_08022,CREMA-D,CREMA-D_019
clip_08024,CREMA-D,CREMA-D_045
clip_08025,CREMA-D,CREMA-D_011
clip_08026,CREMA-D,CREMA-D_025
clip_08027,TESS,TESS_001
clip_08028,CREMA-D,CREMA-D_037
clip_08029,CREMA-D,CREMA-D_028
clip_08030,CREMA-D,CREMA-D_024
clip_08031,CREMA-D,CREMA-D_066
clip_08032,RAVDESS,RAVDESS_019
clip_08033,CREMA-D,CREMA-D_007
clip_08035,TESS,TESS_001
clip_08036,CREMA-D,CREMA-D_028
clip_08037,CREMA-D,CREMA-D_008
clip_08038,CREMA-D,CREMA-D_059
clip_08039,RAVDESS,RAVDESS_016
clip_08040,CREMA-D,CREMA-D_064
clip_08041,TESS,TESS_001
clip_08042,CREMA-D,CREMA-D_062
clip_08043,CREMA-D,CREMA-D_059
clip_08044,CREMA-D,CREMA-D_024
clip_08045,CREMA-D,CREMA-D_010
clip_08046,CREMA-D,CREMA-D_006
clip_08047,TESS,TESS_001
clip_08050,TESS,TESS_001
clip_08051,CREMA-D,CREMA-D_051
clip_08052,CREMA-D,CREMA-D_037
clip_08054,CREMA-D,CREMA-D_063
clip_08055,RAVDESS,RAVDESS_007
clip_08056,CREMA-D,CREMA-D_034
clip_08058,TESS,TESS_000
clip_08059,TESS,TESS_001
clip_08060,RAVDESS,RAVDESS_016
clip_08061,CREMA-D,CREMA-D_024
clip_08062,TESS,TESS_001
clip_08064,CREMA-D,CREMA-D_008
clip_08065,RAVDESS,RAVDESS_014
clip_08066,CREMA-D,CREMA-D_065
clip_08068,CREMA-D,CREMA-D_027
clip_08069,CREMA-D,CREMA-D_050
clip_08070,CREMA-D,CREMA-D_041
clip_08071,TESS,TESS_000
clip_08073,RAVDESS,RAVDESS_000
clip_08075,CREMA-D,CREMA-D_066
clip_08076,CREMA-D,CREMA-D_058
clip_08077,CREMA-D,CREMA-D_014
clip_08079,CREMA-D,CREMA-D_010
clip_08080,CREMA-D,CREMA-D_059
clip_08081,CREMA-D,CREMA-D_002
clip_08082,TESS,TESS_000
clip_08083,CREMA-D,CREMA-D_026
clip_08084,TESS,TESS_001
clip_08085,CREMA-D,CREMA-D_004
clip_08086,TESS,TESS_001
clip_08087,TESS,TESS_001
clip_08088,CREMA-D,CREMA-D_064
clip_08089,CREMA-D,CREMA-D_025
clip_08090,CREMA-D,CREMA-D_023
clip_08091,CREMA-D,CREMA-D_049
clip_08092,CREMA-D,CREMA-D_030
clip_08095,CREMA-D,CREMA-D_008
clip_08096,RAVDESS,RAVDESS_000
clip_08097,CREMA-D,CREMA-D_059
clip_08098,CREMA-D,CREMA-D_069
clip_08099,CREMA-D,CREMA-D_054
clip_08100,TESS,TESS_000
clip_08101,CREMA-D,CREMA-D_032
clip_08102,CREMA-D,CREMA-D_015
clip_08104,CREMA-D,CREMA-D_001
clip_08105,TESS,TESS_001
clip_08106,TESS,TESS_001
clip_08107,TESS,TESS_000
clip_08108,CREMA-D,CREMA-D_064
clip_08109,CREMA-D,CREMA-D_011
clip_08110,TESS,TESS_000
clip_08111,TESS,TESS_001
clip_08112,TESS,TESS_001
clip_08113,CREMA-D,CREMA-D_010
clip_08114,TESS,TESS_001
clip_08115,CREMA-D,CREMA-D_016
clip_08116,CREMA-D,CREMA-D_040
clip_08117,TESS,TESS_001
clip_08118,TESS,TESS_000
clip_08119,TESS,TESS_001
clip_08120,TESS,TESS_000
clip_08122,CREMA-D,CREMA-D_010
clip_08123,CREMA-D,CREMA-D_020
clip_08124,CREMA-D,CREMA-D_016
clip_08126,CREMA-D,CREMA-D_051
clip_08127,RAVDESS,RAVDESS_000
clip_08128,RAVDESS,RAVDESS_005
clip_08130,CREMA-D,CREMA-D_001
clip_08131,CREMA-D,CREMA-D_005
clip_08132,TESS,TESS_000
clip_08133,TESS,TESS_000
clip_08135,CREMA-D,CREMA-D_014
clip_08136,CREMA-D,CREMA-D_008
clip_08137,TESS,TESS_000
clip_08138,CREMA-D,CREMA-D_060
clip_08139,TESS,TESS_000
clip_08140,CREMA-D,CREMA-D_012
clip_08141,TESS,TESS_000
clip_08142,CREMA-D,CREMA-D_016
clip_08143,CREMA-D,CREMA-D_028
clip_08144,CREMA-D,CREMA-D_016
clip_08145,RAVDESS,RAVDESS_013
clip_08146,TESS,TESS_001
clip_08147,CREMA-D,CREMA-D_060
clip_08148,CREMA-D,CREMA-D_016
clip_08149,CREMA-D,CREMA-D_039
clip_08150,CREMA-D,CREMA-D_021
clip_08151,CREMA-D,CREMA-D_034
clip_08152,CREMA-D,CREMA-D_048
clip_08153,TESS,TESS_000
clip_08154,TESS,TESS_000
clip_08155,CREMA-D,CREMA-D_016
clip_08156,CREMA-D,CREMA-D_016
clip_08157,TESS,TESS_000
clip_08158,TESS,TESS_001
clip_08159,CREMA-D,CREMA-D_009
clip_08160,CREMA-D,CREMA-D_007
clip_08161,TESS,TESS_001
clip_08163,CREMA-D,CREMA-D_036
clip_08164,CREMA-D,CREMA-D_010
clip_08165,RAVDESS,RAVDESS_009
clip_08166,CREMA-D,CREMA-D_049
clip_08167,RAVDESS,RAVDESS_013
clip_08168,CREMA-D,CREMA-D_044
clip_08169,TESS,TESS_001
clip_08171,TESS,TESS_001
clip_08172,TESS,TESS_001
clip_08174,CREMA-D,CREMA-D_011
clip_08175,CREMA-D,CREMA-D_009
clip_08176,TESS,TESS_000
clip_08177,RAVDESS,RAVDESS_014
clip_08178,TESS,TESS_001
clip_08180,CREMA-D,CREMA-D_002
clip_08181,TESS,TESS_001
clip_08183,CREMA-D,CREMA-D_014
clip_08184,CREMA-D,CREMA-D_069
clip_08186,CREMA-D,CREMA-D_022
clip_08189,RAVDESS,RAVDESS_014
clip_08190,TESS,TESS_001
clip_08191,UNKNOWN,UNKNOWN_pool
clip_08193,CREMA-D,CREMA-D_038
clip_08194,CREMA-D,CREMA-D_050
clip_08195,CREMA-D,CREMA-D_039
clip_08196,CREMA-D,CREMA-D_054
clip_08197,CREMA-D,CREMA-D_026
clip_08198,RAVDESS,RAVDESS_014
clip_08199,CREMA-D,CREMA-D_060
clip_08201,CREMA-D,CREMA-D_054
clip_08203,CREMA-D,CREMA-D_049
clip_08204,CREMA-D,CREMA-D_022
clip_08205,TESS,TESS_001
clip_08206,TESS,TESS_001
clip_08207,TESS,TESS_001
clip_08208,CREMA-D,CREMA-D_001
clip_08209,CREMA-D,CREMA-D_065
clip_08210,CREMA-D,CREMA-D_000
clip_08211,TESS,TESS_000
clip_08212,TESS,TESS_001
clip_08213,CREMA-D,CREMA-D_040
clip_08214,TESS,TESS_000
clip_08216,CREMA-D,CREMA-D_037
clip_08217,CREMA-D,CREMA-D_008
clip_08218,TESS,TESS_000
clip_08219,TESS,TESS_000
clip_08220,TESS,TESS_001
clip_08221,CREMA-D,CREMA-D_065
clip_08222,CREMA-D,CREMA-D_046
clip_08223,CREMA-D,CREMA-D_066
clip_08225,CREMA-D,CREMA-D_062
clip_08226,CREMA-D,CREMA-D_028
clip_08227,CREMA-D,CREMA-D_033
clip_08228,CREMA-D,CREMA-D_037
clip_08229,RAVDESS,RAVDESS_014
clip_08230,CREMA-D,CREMA-D_065
clip_08231,CREMA-D,CREMA-D_069
clip_08232,CREMA-D,CREMA-D_012
clip_08233,TESS,TESS_000
clip_08234,CREMA-D,CREMA-D_047
clip_08235,CREMA-D,CREMA-D_003
clip_08237,CREMA-D,CREMA-D_008
clip_08238,CREMA-D,CREMA-D_065
clip_08239,CREMA-D,CREMA-D_064
clip_08240,TESS,TESS_001
clip_08242,CREMA-D,CREMA-D_000
clip_08243,TESS,TESS_001
clip_08244,TESS,TESS_001
clip_08246,CREMA-D,CREMA-D_002
clip_08247,RAVDESS,RAVDESS_006
clip_08248,CREMA-D,CREMA-D_069
clip_08251,RAVDESS,RAVDESS_001
clip_08252,CREMA-D,CREMA-D_055
clip_08253,CREMA-D,CREMA-D_028
clip_08254,CREMA-D,CREMA-D_024
clip_08255,CREMA-D,CREMA-D_016
clip_08256,CREMA-D,CREMA-D_016
clip_08257,CREMA-D,CREMA-D_070
clip_08258,TESS,TESS_000
clip_08259,CREMA-D,CREMA-D_049
clip_08260,TESS,TESS_001
clip_08261,CREMA-D,CREMA-D_037
clip_08262,RAVDESS,RAVDESS_006
clip_08263,TESS,TESS_001
clip_08264,TESS,TESS_000
clip_08265,RAVDESS,RAVDESS_006
clip_08266,CREMA-D,CREMA-D_000
clip_08267,CREMA-D,CREMA-D_019
clip_08268,CREMA-D,CREMA-D_047
clip_08270,CREMA-D,CREMA-D_042
clip_08271,CREMA-D,CREMA-D_017
clip_08272,CREMA-D,CREMA-D_062
clip_08273,CREMA-D,CREMA-D_049
clip_08274,RAVDESS,RAVDESS_000
clip_08275,CREMA-D,CREMA-D_054
clip_08276,CREMA-D,CREMA-D_039
clip_08277,CREMA-D,CREMA-D_055
clip_08278,TESS,TESS_001
clip_08279,TESS,TESS_000
clip_08280,CREMA-D,CREMA-D_007
clip_08281,TESS,TESS_000
clip_08282,TESS,TESS_000
clip_08283,CREMA-D,CREMA-D_001
clip_08284,RAVDESS,RAVDESS_013
clip_08285,CREMA-D,CREMA-D_038
clip_08286,TESS,TESS_001
clip_08287,CREMA-D,CREMA-D_001
clip_08288,CREMA-D,CREMA-D_023
clip_08289,RAVDESS,RAVDESS_018
clip_08290,RAVDESS,RAVDESS_018
clip_08291,TESS,TESS_000
clip_08293,RAVDESS,RAVDESS_009
clip_08294,CREMA-D,CREMA-D_022
clip_08295,CREMA-D,CREMA-D_042
clip_08296,TESS,TESS_000
clip_08298,CREMA-D,CREMA-D_042
clip_08299,CREMA-D,CREMA-D_009
clip_08300,TESS,TESS_001
clip_08301,CREMA-D,CREMA-D_019
clip_08302,CREMA-D,CREMA-D_020
clip_08304,TESS,TESS_000
clip_08305,CREMA-D,CREMA-D_018
clip_08306,TESS,TESS_001
clip_08309,RAVDESS,RAVDESS_013
clip_08310,CREMA-D,CREMA-D_002
clip_08311,CREMA-D,CREMA-D_036
clip_08312,TESS,TESS_000
clip_08313,CREMA-D,CREMA-D_004
clip_08315,CREMA-D,CREMA-D_068
clip_08316,CREMA-D,CREMA-D_032
clip_08317,CREMA-D,CREMA-D_050
clip_08318,CREMA-D,CREMA-D_070
clip_08319,CREMA-D,CREMA-D_026
clip_08320,CREMA-D,CREMA-D_014
clip_08322,CREMA-D,CREMA-D_048
clip_08323,CREMA-D,CREMA-D_047
clip_08324,RAVDESS,RAVDESS_013
clip_08325,CREMA-D,CREMA-D_018
clip_08326,CREMA-D,CREMA-D_043
clip_08327,CREMA-D,CREMA-D_021
clip_08328,TESS,TESS_001
clip_08329,CREMA-D,CREMA-D_022
clip_08330,CREMA-D,CREMA-D_061
clip_08331,CREMA-D,CREMA-D_065
clip_08332,RAVDESS,RAVDESS_005
clip_08334,CREMA-D,CREMA-D_043
clip_08335,CREMA-D,CREMA-D_068
clip_08336,CREMA-D,CREMA-D_055
clip_08337,RAVDESS,RAVDESS_014
clip_08338,CREMA-D,CREMA-D_038
clip_08339,CREMA-D,CREMA-D_002
clip_08340,CREMA-D,CREMA-D_004
clip_08341,TESS,TESS_001
clip_08342,CREMA-D,CREMA-D_017
clip_08343,TESS,TESS_000
clip_08344,TESS,TESS_001
clip_08345,TESS,TESS_001
clip_08346,CREMA-D,CREMA-D_015
clip_08347,CREMA-D,CREMA-D_046
clip_08348,CREMA-D,CREMA-D_060
clip_08349,TESS,TESS_001
clip_08351,TESS,TESS_001
clip_08352,TESS,TESS_001
clip_08353,CREMA-D,CREMA-D_056
clip_08354,TESS,TESS_001
clip_08355,CREMA-D,CREMA-D_066
clip_08356,TESS,TESS_000
clip_08357,TESS,TESS_000
clip_08358,CREMA-D,CREMA-D_021
clip_08359,RAVDESS,RAVDESS_016
clip_08360,CREMA-D,CREMA-D_034
clip_08361,TESS,TESS_001
clip_08362,CREMA-D,CREMA-D_007
clip_08363,CREMA-D,CREMA-D_001
clip_08365,CREMA-D,CREMA-D_008
clip_08366,RAVDESS,RAVDESS_015
clip_08368,CREMA-D,CREMA-D_009
clip_08369,TESS,TESS_001
clip_08370,CREMA-D,CREMA-D_054
clip_08371,CREMA-D,CREMA-D_031
clip_08372,TESS,TESS_000
clip_08373,CREMA-D,CREMA-D_013
clip_08374,CREMA-D,CREMA-D_069
clip_08375,CREMA-D,CREMA-D_069
clip_08376,TESS,TESS_000
clip_08378,CREMA-D,CREMA-D_048
clip_08379,CREMA-D,CREMA-D_065
clip_08381,CREMA-D,CREMA-D_045
clip_08382,CREMA-D,CREMA-D_068
clip_08383,CREMA-D,CREMA-D_010
clip_08385,RAVDESS,RAVDESS_015
clip_08386,CREMA-D,CREMA-D_054
clip_08387,CREMA-D,CREMA-D_002
clip_08388,RAVDESS,RAVDESS_015
clip_08390,CREMA-D,CREMA-D_009
clip_08391,RAVDESS,RAVDESS_010
clip_08392,CREMA-D,CREMA-D_001
clip_08393,TESS,TESS_000
clip_08394,CREMA-D,CREMA-D_020
clip_08395,CREMA-D,CREMA-D_024
clip_08396,CREMA-D,CREMA-D_058
clip_08397,CREMA-D,CREMA-D_062
clip_08398,CREMA-D,CREMA-D_062
clip_08399,TESS,TESS_001
clip_08400,CREMA-D,CREMA-D_062
clip_08401,CREMA-D,CREMA-D_002
clip_08404,TESS,TESS_000
clip_08405,TESS,TESS_001
clip_08407,CREMA-D,CREMA-D_004
clip_08408,CREMA-D,CREMA-D_055
clip_08409,TESS,TESS_001
clip_08410,CREMA-D,CREMA-D_065
clip_08411,CREMA-D,CREMA-D_070
clip_08412,TESS,TESS_001
clip_08413,CREMA-D,CREMA-D_008
clip_08414,CREMA-D,CREMA-D_044
clip_08415,CREMA-D,CREMA-D_032
clip_08416,CREMA-D,CREMA-D_048
clip_08418,CREMA-D,CREMA-D_043
clip_08419,CREMA-D,CREMA-D_001
clip_08420,CREMA-D,CREMA-D_062
clip_08421,CREMA-D,CREMA-D_036
clip_08423,TESS,TESS_001
clip_08425,CREMA-D,CREMA-D_071
clip_08426,CREMA-D,CREMA-D_037
clip_08427,CREMA-D,CREMA-D_001
clip_08428,TESS,TESS_001
clip_08429,TESS,TESS_000
clip_08430,CREMA-D,CREMA-D_003
clip_08431,TESS,TESS_000
clip_08432,CREMA-D,CREMA-D_060
clip_08433,CREMA-D,CREMA-D_004
clip_08434,CREMA-D,CREMA-D_000
clip_08435,CREMA-D,CREMA-D_034
clip_08436,CREMA-D,CREMA-D_060
clip_08437,CREMA-D,CREMA-D_050
clip_08438,RAVDESS,RAVDESS_009
clip_08439,CREMA-D,CREMA-D_036
clip_08441,TESS,TESS_000
clip_08442,CREMA-D,CREMA-D_021
clip_08443,RAVDESS,RAVDESS_014
clip_08444,CREMA-D,CREMA-D_069
clip_08445,CREMA-D,CREMA-D_016
clip_08447,CREMA-D,CREMA-D_033
clip_08448,TESS,TESS_000
clip_08449,TESS,TESS_001
clip_08450,TESS,TESS_000
clip_08451,RAVDESS,RAVDESS_006
clip_08452,CREMA-D,CREMA-D_029
clip_08453,CREMA-D,CREMA-D_001
clip_08455,CREMA-D,CREMA-D_014
clip_08457,RAVDESS,RAVDESS_002
clip_08458,CREMA-D,CREMA-D_015
clip_08460,CREMA-D,CREMA-D_069
clip_08461,TESS,TESS_001
clip_08462,TESS,TESS_000
clip_08463,RAVDESS,RAVDESS_001
clip_08464,CREMA-D,CREMA-D_053
clip_08466,CREMA-D,CREMA-D_040
clip_08467,CREMA-D,CREMA-D_046
clip_08468,CREMA-D,CREMA-D_025
clip_08469,TESS,TESS_000
clip_08470,CREMA-D,CREMA-D_052
clip_08471,CREMA-D,CREMA-D_046
clip_08472,TESS,TESS_000
clip_08473,TESS,TESS_001
clip_08474,CREMA-D,CREMA-D_067
clip_08475,CREMA-D,CREMA-D_054
clip_08476,CREMA-D,CREMA-D_064
clip_08478,CREMA-D,CREMA-D_010
clip_08479,CREMA-D,CREMA-D_031
clip_08480,CREMA-D,CREMA-D_034
clip_08482,CREMA-D,CREMA-D_061
clip_08483,TESS,TESS_001
clip_08484,TESS,TESS_001
clip_08485,CREMA-D,CREMA-D_008
clip_08486,TESS,TESS_001
clip_08487,CREMA-D,CREMA-D_036
clip_08488,TESS,TESS_001
clip_08489,TESS,TESS_001
clip_08490,TESS,TESS_001
clip_08491,CREMA-D,CREMA-D_034
clip_08493,TESS,TESS_001
clip_08494,CREMA-D,CREMA-D_051
clip_08495,TESS,TESS_001
clip_08496,CREMA-D,CREMA-D_008
clip_08497,TESS,TESS_000
clip_08498,TESS,TESS_001
clip_08499,CREMA-D,CREMA-D_051
clip_08500,TESS,TESS_001
clip_08503,CREMA-D,CREMA-D_066
clip_08504,CREMA-D,CREMA-D_048
clip_08505,TESS,TESS_001
clip_08506,CREMA-D,CREMA-D_028
clip_08507,CREMA-D,CREMA-D_017
clip_08508,TESS,TESS_001
clip_08509,RAVDESS,RAVDESS_018
clip_08510,RAVDESS,RAVDESS_002
clip_08512,CREMA-D,CREMA-D_036
clip_08513,TESS,TESS_000
clip_08514,CREMA-D,CREMA-D_031
clip_08515,CREMA-D,CREMA-D_044
clip_08516,CREMA-D,CREMA-D_020
clip_08517,TESS,TESS_001
clip_08518,TESS,TESS_000
clip_08519,RAVDESS,RAVDESS_007
clip_08520,CREMA-D,CREMA-D_025
clip_08521,TESS,TESS_000
clip_08522,CREMA-D,CREMA-D_011
clip_08523,CREMA-D,CREMA-D_069
clip_08524,CREMA-D,CREMA-D_059
clip_08525,TESS,TESS_001
clip_08526,TESS,TESS_001
clip_08527,CREMA-D,CREMA-D_017
clip_08528,CREMA-D,CREMA-D_052
clip_08529,CREMA-D,CREMA-D_062
clip_08530,TESS,TESS_001
clip_08531,CREMA-D,CREMA-D_008
clip_08532,CREMA-D,CREMA-D_065
clip_08533,CREMA-D,CREMA-D_062
clip_08534,CREMA-D,CREMA-D_026
clip_08535,TESS,TESS_001
clip_08536,CREMA-D,CREMA-D_019
clip_08537,CREMA-D,CREMA-D_065
clip_08538,CREMA-D,CREMA-D_016
clip_08539,CREMA-D,CREMA-D_019
clip_08540,CREMA-D,CREMA-D_031
clip_08541,TESS,TESS_001
clip_08542,CREMA-D,CREMA-D_011
clip_08543,CREMA-D,CREMA-D_016
clip_08544,TESS,TESS_000
clip_08545,CREMA-D,CREMA-D_043
clip_08546,TESS,TESS_001
clip_08548,CREMA-D,CREMA-D_041
clip_08549,CREMA-D,CREMA-D_036
clip_08550,CREMA-D,CREMA-D_024
clip_08553,CREMA-D,CREMA-D_065
clip_08554,CREMA-D,CREMA-D_011
clip_08555,CREMA-D,CREMA-D_034
clip_08556,CREMA-D,CREMA-D_004
clip_08557,CREMA-D,CREMA-D_043
clip_08559,TESS,TESS_001
clip_08560,RAVDESS,RAVDESS_016
clip_08561,TESS,TESS_000
clip_08562,CREMA-D,CREMA-D_064
clip_08563,TESS,TESS_001
clip_08565,CREMA-D,CREMA-D_049
clip_08567,TESS,TESS_000
clip_08568,CREMA-D,CREMA-D_033
clip_08570,CREMA-D,CREMA-D_006
clip_08571,CREMA-D,CREMA-D_039
clip_08573,CREMA-D,CREMA-D_059
clip_08574,CREMA-D,CREMA-D_035
clip_08575,CREMA-D,CREMA-D_022
clip_08579,TESS,TESS_001
clip_08580,RAVDESS,RAVDESS_000
clip_08581,CREMA-D,CREMA-D_002
clip_08583,RAVDESS,RAVDESS_018
clip_08584,TESS,TESS_001
clip_08585,CREMA-D,CREMA-D_049
clip_08586,RAVDESS,RAVDESS_006
clip_08588,CREMA-D,CREMA-D_041
clip_08589,CREMA-D,CREMA-D_059
clip_08590,CREMA-D,CREMA-D_055
clip_08591,CREMA-D,CREMA-D_068
clip_08592,TESS,TESS_001
clip_08593,CREMA-D,CREMA-D_054
clip_08594,TESS,TESS_001
clip_08596,CREMA-D,CREMA-D_064
clip_08597,TESS,TESS_000
clip_08600,TESS,TESS_001
clip_08601,TESS,TESS_001
clip_08602,TESS,TESS_000
clip_08603,CREMA-D,CREMA-D_010
clip_08605,CREMA-D,CREMA-D_031
clip_08607,TESS,TESS_001
clip_08608,RAVDESS,RAVDESS_016
clip_08609,CREMA-D,CREMA-D_036
clip_08610,TESS,TESS_000
clip_08611,TESS,TESS_001
clip_08612,CREMA-D,CREMA-D_069
clip_08613,CREMA-D,CREMA-D_065
clip_08614,CREMA-D,CREMA-D_061
clip_08615,CREMA-D,CREMA-D_009
clip_08616,CREMA-D,CREMA-D_033
clip_08617,CREMA-D,CREMA-D_011
clip_08618,CREMA-D,CREMA-D_045
clip_08619,TESS,TESS_000
clip_08620,TESS,TESS_000
clip_08621,CREMA-D,CREMA-D_018
clip_08622,CREMA-D,CREMA-D_065
clip_08623,CREMA-D,CREMA-D_062
clip_08624,CREMA-D,CREMA-D_033
clip_08625,TESS,TESS_000
clip_08626,TESS,TESS_000
clip_08627,CREMA-D,CREMA-D_052
clip_08628,CREMA-D,CREMA-D_022
clip_08629,CREMA-D,CREMA-D_060
clip_08630,CREMA-D,CREMA-D_019
clip_08634,CREMA-D,CREMA-D_061
clip_08635,CREMA-D,CREMA-D_011
clip_08636,CREMA-D,CREMA-D_022
clip_08637,RAVDESS,RAVDESS_018
clip_08638,TESS,TESS_000
clip_08639,CREMA-D,CREMA-D_009
clip_08640,RAVDESS,RAVDESS_001
clip_08641,CREMA-D,CREMA-D_056
clip_08642,CREMA-D,CREMA-D_062
clip_08643,CREMA-D,CREMA-D_053
clip_08644,TESS,TESS_001
clip_08645,TESS,TESS_000
clip_08646,RAVDESS,RAVDESS_000
clip_08647,CREMA-D,CREMA-D_028
clip_08648,CREMA-D,CREMA-D_050
clip_08649,TESS,TESS_001
clip_08651,CREMA-D,CREMA-D_030
clip_08652,TESS,TESS_000
clip_08653,TESS,TESS_001
clip_08654,CREMA-D,CREMA-D_016
clip_08655,CREMA-D,CREMA-D_071
clip_08656,TESS,TESS_001
clip_08657,CREMA-D,CREMA-D_002
clip_08658,CREMA-D,CREMA-D_029
clip_08659,CREMA-D,CREMA-D_037
clip_08660,CREMA-D,CREMA-D_036
clip_08661,TESS,TESS_001
clip_08662,CREMA-D,CREMA-D_024
clip_08663,CREMA-D,CREMA-D_036
clip_08665,TESS,TESS_001
clip_08666,CREMA-D,CREMA-D_043
clip_08667,CREMA-D,CREMA-D_011
clip_08668,CREMA-D,CREMA-D_029
clip_08670,CREMA-D,CREMA-D_008
clip_08671,CREMA-D,CREMA-D_052
clip_08672,CREMA-D,CREMA-D_021
clip_08673,CREMA-D,CREMA-D_003
clip_08674,CREMA-D,CREMA-D_041
clip_08676,CREMA-D,CREMA-D_063
clip_08677,CREMA-D,CREMA-D_052
clip_08678,TESS,TESS_001
clip_08680,CREMA-D,CREMA-D_038
clip_08681,CREMA-D,CREMA-D_041
clip_08682,RAVDESS,RAVDESS_015
clip_08683,RAVDESS,RAVDESS_004
clip_08684,CREMA-D,CREMA-D_035
clip_08685,CREMA-D,CREMA-D_030
clip_08686,CREMA-D,CREMA-D_004
clip_08687,CREMA-D,CREMA-D_012
clip_08688,CREMA-D,CREMA-D_033
clip_08690,CREMA-D,CREMA-D_027
clip_08691,TESS,TESS_000
clip_08692,CREMA-D,CREMA-D_049
clip_08693,UNKNOWN,UNKNOWN_pool
clip_08694,CREMA-D,CREMA-D_027
clip_08695,CREMA-D,CREMA-D_026
clip_08696,TESS,TESS_000
clip_08697,CREMA-D,CREMA-D_027
clip_08698,CREMA-D,CREMA-D_045
clip_08699,CREMA-D,CREMA-D_039
clip_08701,CREMA-D,CREMA-D_029
clip_08702,TESS,TESS_001
clip_08703,CREMA-D,CREMA-D_071
clip_08705,CREMA-D,CREMA-D_002
clip_08706,TESS,TESS_000
clip_08708,TESS,TESS_001
clip_08709,TESS,TESS_000
clip_08710,CREMA-D,CREMA-D_032
clip_08711,TESS,TESS_000
clip_08712,CREMA-D,CREMA-D_013
clip_08713,CREMA-D,CREMA-D_006
clip_08714,CREMA-D,CREMA-D_022
clip_08716,CREMA-D,CREMA-D_047
clip_08717,CREMA-D,CREMA-D_039
clip_08719,CREMA-D,CREMA-D_061
clip_08723,CREMA-D,CREMA-D_059
clip_08724,CREMA-D,CREMA-D_043
clip_08725,TESS,TESS_000
clip_08726,CREMA-D,CREMA-D_060
clip_08727,TESS,TESS_000
clip_08729,TESS,TESS_001
clip_08730,TESS,TESS_000
clip_08732,CREMA-D,CREMA-D_068
clip_08733,CREMA-D,CREMA-D_057
clip_08734,CREMA-D,CREMA-D_001
clip_08735,CREMA-D,CREMA-D_049
clip_08736,CREMA-D,CREMA-D_041
clip_08737,CREMA-D,CREMA-D_031
clip_08739,TESS,TESS_000
clip_08740,RAVDESS,RAVDESS_002
clip_08742,CREMA-D,CREMA-D_022
clip_08743,RAVDESS,RAVDESS_009
clip_08744,TESS,TESS_001
clip_08745,CREMA-D,CREMA-D_063
clip_08746,CREMA-D,CREMA-D_067
clip_08747,CREMA-D,CREMA-D_068
clip_08750,CREMA-D,CREMA-D_040
clip_08752,CREMA-D,CREMA-D_010
clip_08753,CREMA-D,CREMA-D_042
clip_08754,TESS,TESS_000
clip_08755,CREMA-D,CREMA-D_065
clip_08756,RAVDESS,RAVDESS_009
clip_08757,TESS,TESS_001
clip_08759,TESS,TESS_001
clip_08760,CREMA-D,CREMA-D_059
clip_08761,CREMA-D,CREMA-D_012
clip_08763,CREMA-D,CREMA-D_065
clip_08764,TESS,TESS_001
clip_08765,CREMA-D,CREMA-D_003
clip_08769,CREMA-D,CREMA-D_062
clip_08770,TESS,TESS_001
clip_08771,CREMA-D,CREMA-D_056
clip_08772,RAVDESS,RAVDESS_003
clip_08773,TESS,TESS_000
clip_08774,CREMA-D,CREMA-D_045
clip_08775,CREMA-D,CREMA-D_069
clip_08776,CREMA-D,CREMA-D_021
clip_08777,CREMA-D,CREMA-D_035
clip_08778,CREMA-D,CREMA-D_020
clip_08779,TESS,TESS_001
clip_08781,TESS,TESS_000
clip_08783,RAVDESS,RAVDESS_014
clip_08784,TESS,TESS_001
clip_08785,CREMA-D,CREMA-D_062
clip_08786,CREMA-D,CREMA-D_031
clip_08787,CREMA-D,CREMA-D_007
clip_08788,TESS,TESS_000
clip_08789,RAVDESS,RAVDESS_000
clip_08790,CREMA-D,CREMA-D_054
clip_08791,CREMA-D,CREMA-D_053
clip_08792,CREMA-D,CREMA-D_052
clip_08793,CREMA-D,CREMA-D_032
clip_08794,CREMA-D,CREMA-D_037
clip_08796,CREMA-D,CREMA-D_039
clip_08797,CREMA-D,CREMA-D_053
clip_08798,CREMA-D,CREMA-D_019
clip_08799,CREMA-D,CREMA-D_001
clip_08800,CREMA-D,CREMA-D_034
clip_08802,TESS,TESS_000
clip_08803,CREMA-D,CREMA-D_032
clip_08804,CREMA-D,CREMA-D_012
clip_08805,RAVDESS,RAVDESS_000
clip_08806,TESS,TESS_001
clip_08807,CREMA-D,CREMA-D_057
clip_08808,TESS,TESS_000
clip_08809,CREMA-D,CREMA-D_006
clip_08810,CREMA-D,CREMA-D_016
clip_08812,TESS,TESS_000
clip_08813,TESS,TESS_000
clip_08814,CREMA-D,CREMA-D_025
clip_08816,CREMA-D,CREMA-D_011
clip_08817,TESS,TESS_000
clip_08818,CREMA-D,CREMA-D_038
clip_08819,CREMA-D,CREMA-D_054
clip_08820,CREMA-D,CREMA-D_040
clip_08821,CREMA-D,CREMA-D_067
clip_08822,CREMA-D,CREMA-D_050
clip_08823,CREMA-D,CREMA-D_007
clip_08824,CREMA-D,CREMA-D_007
clip_08825,CREMA-D,CREMA-D_001
clip_08827,CREMA-D,CREMA-D_051
clip_08828,CREMA-D,CREMA-D_059
clip_08829,CREMA-D,CREMA-D_025
clip_08831,CREMA-D,CREMA-D_002
clip_08833,CREMA-D,CREMA-D_050
clip_08836,TESS,TESS_000
clip_08839,CREMA-D,CREMA-D_003
clip_08840,RAVDESS,RAVDESS_006
clip_08843,CREMA-D,CREMA-D_070
clip_08844,CREMA-D,CREMA-D_031
clip_08846,TESS,TESS_000
clip_08847,CREMA-D,CREMA-D_014
clip_08848,TESS,TESS_000
clip_08849,TESS,TESS_000
clip_08850,CREMA-D,CREMA-D_033
clip_08851,RAVDESS,RAVDESS_006
clip_08852,CREMA-D,CREMA-D_026
clip_08853,CREMA-D,CREMA-D_022
clip_08854,RAVDESS,RAVDESS_019
clip_08855,CREMA-D,CREMA-D_000
clip_08857,TESS,TESS_000
clip_08858,CREMA-D,CREMA-D_014
clip_08859,CREMA-D,CREMA-D_042
clip_08860,CREMA-D,CREMA-D_019
clip_08861,CREMA-D,CREMA-D_014
clip_08862,TESS,TESS_001
clip_08863,CREMA-D,CREMA-D_059
clip_08864,CREMA-D,CREMA-D_020
clip_08865,RAVDESS,RAVDESS_014
clip_08866,TESS,TESS_001
clip_08867,RAVDESS,RAVDESS_012
clip_08868,CREMA-D,CREMA-D_017
clip_08869,CREMA-D,CREMA-D_009
clip_08870,CREMA-D,CREMA-D_017
clip_08871,CREMA-D,CREMA-D_015
clip_08872,CREMA-D,CREMA-D_041
clip_08873,UNKNOWN,UNKNOWN_pool
clip_08875,CREMA-D,CREMA-D_026
clip_08876,CREMA-D,CREMA-D_051
clip_08877,CREMA-D,CREMA-D_060
clip_08878,CREMA-D,CREMA-D_030
clip_08879,TESS,TESS_001
clip_08880,CREMA-D,CREMA-D_027
clip_08881,UNKNOWN,UNKNOWN_pool
clip_08882,CREMA-D,CREMA-D_052
clip_08883,CREMA-D,CREMA-D_036
clip_08885,TESS,TESS_000
clip_08886,TESS,TESS_000
clip_08887,TESS,TESS_000
clip_08888,CREMA-D,CREMA-D_032
clip_08889,TESS,TESS_001
clip_08891,TESS,TESS_000
clip_08892,TESS,TESS_001
clip_08893,CREMA-D,CREMA-D_001
clip_08894,UNKNOWN,UNKNOWN_pool
clip_08895,UNKNOWN,UNKNOWN_pool
clip_08896,CREMA-D,CREMA-D_058
clip_08900,CREMA-D,CREMA-D_071
clip_08901,TESS,TESS_000
clip_08902,CREMA-D,CREMA-D_018
clip_08903,CREMA-D,CREMA-D_005
clip_08904,RAVDESS,RAVDESS_015
clip_08905,CREMA-D,CREMA-D_063
clip_08906,CREMA-D,CREMA-D_016
clip_08908,TESS,TESS_001
clip_08909,TESS,TESS_001
clip_08910,TESS,TESS_001
clip_08911,CREMA-D,CREMA-D_000
clip_08912,TESS,TESS_001
clip_08913,CREMA-D,CREMA-D_019
clip_08914,TESS,TESS_000
clip_08915,RAVDESS,RAVDESS_014
clip_08916,CREMA-D,CREMA-D_030
clip_08917,CREMA-D,CREMA-D_040
clip_08918,CREMA-D,CREMA-D_006
clip_08919,CREMA-D,CREMA-D_036
clip_08920,TESS,TESS_001
clip_08921,CREMA-D,CREMA-D_021
clip_08922,RAVDESS,RAVDESS_015
clip_08923,RAVDESS,RAVDESS_019
clip_08924,CREMA-D,CREMA-D_012
clip_08925,CREMA-D,CREMA-D_053
clip_08926,RAVDESS,RAVDESS_012
clip_08927,CREMA-D,CREMA-D_041
clip_08931,CREMA-D,CREMA-D_058
clip_08932,TESS,TESS_001
clip_08933,CREMA-D,CREMA-D_051
clip_08934,CREMA-D,CREMA-D_036
clip_08935,CREMA-D,CREMA-D_021
clip_08936,TESS,TESS_000
clip_08938,CREMA-D,CREMA-D_007
clip_08939,CREMA-D,CREMA-D_023
clip_08940,CREMA-D,CREMA-D_020
clip_08941,CREMA-D,CREMA-D_016
clip_08942,TESS,TESS_000
clip_08943,TESS,TESS_001
clip_08945,TESS,TESS_000
clip_08946,CREMA-D,CREMA-D_036
clip_08947,CREMA-D,CREMA-D_022
clip_08948,TESS,TESS_001
clip_08949,CREMA-D,CREMA-D_050
clip_08951,RAVDESS,RAVDESS_007
clip_08952,CREMA-D,CREMA-D_048
clip_08953,CREMA-D,CREMA-D_062
clip_08954,CREMA-D,CREMA-D_010
clip_08955,CREMA-D,CREMA-D_054
clip_08957,CREMA-D,CREMA-D_065
clip_08958,TESS,TESS_000
clip_08959,CREMA-D,CREMA-D_017
clip_08960,CREMA-D,CREMA-D_043
clip_08961,RAVDESS,RAVDESS_005
clip_08962,CREMA-D,CREMA-D_044
clip_08963,TESS,TESS_000
clip_08964,CREMA-D,CREMA-D_041
clip_08965,TESS,TESS_000
clip_08967,CREMA-D,CREMA-D_037
clip_08968,CREMA-D,CREMA-D_066
clip_08969,CREMA-D,CREMA-D_061
clip_08970,TESS,TESS_000
clip_08971,CREMA-D,CREMA-D_024
clip_08972,CREMA-D,CREMA-D_043
clip_08973,CREMA-D,CREMA-D_055
clip_08974,CREMA-D,CREMA-D_068
clip_08976,CREMA-D,CREMA-D_056
clip_08977,CREMA-D,CREMA-D_032
clip_08978,TESS,TESS_000
clip_08979,CREMA-D,CREMA-D_069
clip_08980,TESS,TESS_001
clip_08981,CREMA-D,CREMA-D_049
clip_08982,CREMA-D,CREMA-D_027
clip_08983,CREMA-D,CREMA-D_049
clip_08984,CREMA-D,CREMA-D_058
clip_08985,TESS,TESS_001
clip_08986,CREMA-D,CREMA-D_030
clip_08987,TESS,TESS_000
clip_08988,TESS,TESS_000
clip_08990,CREMA-D,CREMA-D_032
clip_08991,CREMA-D,CREMA-D_041
clip_08992,CREMA-D,CREMA-D_020
clip_08993,TESS,TESS_000
clip_08994,CREMA-D,CREMA-D_027
clip_08995,CREMA-D,CREMA-D_033
clip_08996,CREMA-D,CREMA-D_045
clip_08997,TESS,TESS_000
clip_08999,CREMA-D,CREMA-D_041
clip_09000,TESS,TESS_001
clip_09001,RAVDESS,RAVDESS_011
clip_09002,TESS,TESS_000
clip_09004,CREMA-D,CREMA-D_048
clip_09005,TESS,TESS_000
clip_09006,TESS,TESS_000
clip_09007,CREMA-D,CREMA-D_055
clip_09008,CREMA-D,CREMA-D_059
clip_09009,CREMA-D,CREMA-D_020
clip_09010,RAVDESS,RAVDESS_007
clip_09011,TESS,TESS_000
clip_09012,CREMA-D,CREMA-D_011
clip_09013,CREMA-D,CREMA-D_014
clip_09015,TESS,TESS_000
clip_09016,CREMA-D,CREMA-D_011
clip_09017,CREMA-D,CREMA-D_033
clip_09018,CREMA-D,CREMA-D_008
clip_09019,CREMA-D,CREMA-D_069
clip_09020,TESS,TESS_001
clip_09022,TESS,TESS_000
clip_09023,CREMA-D,CREMA-D_031
clip_09024,CREMA-D,CREMA-D_017
clip_09025,CREMA-D,CREMA-D_011
clip_09026,CREMA-D,CREMA-D_055
clip_09027,TESS,TESS_000
clip_09028,CREMA-D,CREMA-D_038
clip_09030,CREMA-D,CREMA-D_000
clip_09031,TESS,TESS_000
clip_09032,TESS,TESS_000
clip_09033,TESS,TESS_000
clip_09034,TESS,TESS_001
clip_09035,RAVDESS,RAVDESS_016
clip_09036,TESS,TESS_001
clip_09037,CREMA-D,CREMA-D_031
clip_09040,RAVDESS,RAVDESS_006
clip_09041,CREMA-D,CREMA-D_069
clip_09042,TESS,TESS_000
clip_09043,TESS,TESS_001
clip_09044,CREMA-D,CREMA-D_068
clip_09045,RAVDESS,RAVDESS_012
clip_09046,CREMA-D,CREMA-D_071
clip_09047,CREMA-D,CREMA-D_057
clip_09048,RAVDESS,RAVDESS_005
clip_09049,CREMA-D,CREMA-D_046
clip_09050,CREMA-D,CREMA-D_041
clip_09051,TESS,TESS_000
clip_09052,CREMA-D,CREMA-D_031
clip_09053,CREMA-D,CREMA-D_001
clip_09054,CREMA-D,CREMA-D_018
clip_09055,TESS,TESS_001
clip_09056,CREMA-D,CREMA-D_009
clip_09057,RAVDESS,RAVDESS_003
clip_09059,TESS,TESS_000
clip_09060,CREMA-D,CREMA-D_019
clip_09061,CREMA-D,CREMA-D_055
clip_09063,CREMA-D,CREMA-D_016
clip_09064,TESS,TESS_001
clip_09065,CREMA-D,CREMA-D_012
clip_09066,TESS,TESS_000
clip_09067,CREMA-D,CREMA-D_041
clip_09068,CREMA-D,CREMA-D_037
clip_09069,UNKNOWN,UNKNOWN_pool
clip_09070,CREMA-D,CREMA-D_070
clip_09071,CREMA-D,CREMA-D_044
clip_09072,CREMA-D,CREMA-D_064
clip_09073,CREMA-D,CREMA-D_005
clip_09074,CREMA-D,CREMA-D_062
clip_09075,CREMA-D,CREMA-D_068
clip_09076,CREMA-D,CREMA-D_041
clip_09077,RAVDESS,RAVDESS_007
clip_09078,CREMA-D,CREMA-D_008
clip_09079,TESS,TESS_001
clip_09080,CREMA-D,CREMA-D_008
clip_09081,TESS,TESS_001
clip_09082,TESS,TESS_000
clip_09083,CREMA-D,CREMA-D_001
clip_09084,CREMA-D,CREMA-D_038
clip_09085,TESS,TESS_000
clip_09086,CREMA-D,CREMA-D_071
clip_09087,CREMA-D,CREMA-D_057
clip_09089,CREMA-D,CREMA-D_050
clip_09090,CREMA-D,CREMA-D_008
clip_09091,CREMA-D,CREMA-D_018
clip_09092,CREMA-D,CREMA-D_017
clip_09094,CREMA-D,CREMA-D_062
clip_09095,RAVDESS,RAVDESS_001
clip_09096,CREMA-D,CREMA-D_026
clip_09097,TESS,TESS_000
clip_09098,CREMA-D,CREMA-D_043
clip_09099,UNKNOWN,UNKNOWN_pool
clip_09100,CREMA-D,CREMA-D_039
clip_09101,CREMA-D,CREMA-D_044
clip_09102,CREMA-D,CREMA-D_044
clip_09103,CREMA-D,CREMA-D_025
clip_09105,CREMA-D,CREMA-D_022
clip_09106,CREMA-D,CREMA-D_004
clip_09109,CREMA-D,CREMA-D_056
clip_09110,TESS,TESS_000
clip_09111,CREMA-D,CREMA-D_043
clip_09112,UNKNOWN,UNKNOWN_pool
clip_09113,TESS,TESS_001
clip_09114,CREMA-D,CREMA-D_013
clip_09115,CREMA-D,CREMA-D_003
clip_09116,CREMA-D,CREMA-D_039
clip_09117,TESS,TESS_001
clip_09118,TESS,TESS_001
clip_09119,TESS,TESS_000
clip_09121,CREMA-D,CREMA-D_025
clip_09122,RAVDESS,RAVDESS_019
clip_09123,CREMA-D,CREMA-D_025
clip_09126,CREMA-D,CREMA-D_048
clip_09127,RAVDESS,RAVDESS_015
clip_09128,CREMA-D,CREMA-D_034
clip_09129,CREMA-D,CREMA-D_065
clip_09130,CREMA-D,CREMA-D_024
clip_09134,CREMA-D,CREMA-D_062
clip_09135,TESS,TESS_000
clip_09136,CREMA-D,CREMA-D_006
clip_09137,CREMA-D,CREMA-D_048
clip_09138,CREMA-D,CREMA-D_029
clip_09139,TESS,TESS_000
clip_09140,CREMA-D,CREMA-D_010
clip_09143,TESS,TESS_000
clip_09144,CREMA-D,CREMA-D_044
clip_09145,CREMA-D,CREMA-D_011
clip_09147,CREMA-D,CREMA-D_033
clip_09148,CREMA-D,CREMA-D_032
clip_09149,CREMA-D,CREMA-D_048
clip_09150,CREMA-D,CREMA-D_033
clip_09152,CREMA-D,CREMA-D_043
clip_09153,CREMA-D,CREMA-D_012
clip_09154,TESS,TESS_001
clip_09157,TESS,TESS_001
clip_09158,RAVDESS,RAVDESS_018
clip_09159,CREMA-D,CREMA-D_048
clip_09160,CREMA-D,CREMA-D_001
clip_09161,CREMA-D,CREMA-D_017
clip_09163,CREMA-D,CREMA-D_032
clip_09164,TESS,TESS_000
clip_09165,CREMA-D,CREMA-D_067
clip_09166,CREMA-D,CREMA-D_047
clip_09167,CREMA-D,CREMA-D_042
clip_09168,CREMA-D,CREMA-D_058
clip_09169,CREMA-D,CREMA-D_020
clip_09171,CREMA-D,CREMA-D_062
clip_09173,TESS,TESS_000
clip_09175,CREMA-D,CREMA-D_000
clip_09176,CREMA-D,CREMA-D_066
clip_09177,TESS,TESS_001
clip_09178,TESS,TESS_000
clip_09179,CREMA-D,CREMA-D_058
clip_09180,CREMA-D,CREMA-D_059
clip_09181,CREMA-D,CREMA-D_045
clip_09182,TESS,TESS_000
clip_09183,CREMA-D,CREMA-D_003
clip_09184,CREMA-D,CREMA-D_040
clip_09185,CREMA-D,CREMA-D_010
clip_09186,CREMA-D,CREMA-D_041
clip_09187,TESS,TESS_001
clip_09188,RAVDESS,RAVDESS_006
clip_09189,RAVDESS,RAVDESS_016
clip_09190,CREMA-D,CREMA-D_012
clip_09192,CREMA-D,CREMA-D_025
clip_09193,CREMA-D,CREMA-D_036
clip_09194,CREMA-D,CREMA-D_065
clip_09196,CREMA-D,CREMA-D_020
clip_09198,TESS,TESS_000
clip_09199,CREMA-D,CREMA-D_053
clip_09200,CREMA-D,CREMA-D_065
clip_09201,TESS,TESS_001
clip_09202,RAVDESS,RAVDESS_017
clip_09203,CREMA-D,CREMA-D_002
clip_09206,RAVDESS,RAVDESS_006
clip_09207,CREMA-D,CREMA-D_009
clip_09208,TESS,TESS_000
clip_09209,TESS,TESS_000
clip_09210,CREMA-D,CREMA-D_009
clip_09212,RAVDESS,RAVDESS_011
clip_09213,CREMA-D,CREMA-D_053
clip_09214,RAVDESS,RAVDESS_012
clip_09215,CREMA-D,CREMA-D_016
clip_09216,CREMA-D,CREMA-D_054
clip_09218,CREMA-D,CREMA-D_030
clip_09219,CREMA-D,CREMA-D_018
clip_09220,CREMA-D,CREMA-D_009
clip_09222,CREMA-D,CREMA-D_058
clip_09223,RAVDESS,RAVDESS_013
clip_09224,CREMA-D,CREMA-D_003
clip_09227,CREMA-D,CREMA-D_044
clip_09229,CREMA-D,CREMA-D_048
clip_09230,CREMA-D,CREMA-D_040
clip_09232,TESS,TESS_000
clip_09233,RAVDESS,RAVDESS_017
clip_09234,CREMA-D,CREMA-D_060
clip_09235,TESS,TESS_000
clip_09236,TESS,TESS_000
clip_09237,TESS,TESS_000
clip_09239,TESS,TESS_000
clip_09240,CREMA-D,CREMA-D_069
clip_09241,CREMA-D,CREMA-D_054
clip_09242,RAVDESS,RAVDESS_003
clip_09244,CREMA-D,CREMA-D_056
clip_09245,CREMA-D,CREMA-D_065
clip_09246,CREMA-D,CREMA-D_054
clip_09247,TESS,TESS_000
clip_09248,CREMA-D,CREMA-D_014
clip_09249,CREMA-D,CREMA-D_062
clip_09250,TESS,TESS_000
clip_09251,CREMA-D,CREMA-D_067
clip_09252,CREMA-D,CREMA-D_002
clip_09255,CREMA-D,CREMA-D_046
clip_09259,CREMA-D,CREMA-D_070
clip_09260,CREMA-D,CREMA-D_060
clip_09263,CREMA-D,CREMA-D_030
clip_09264,TESS,TESS_000
clip_09265,CREMA-D,CREMA-D_056
clip_09266,TESS,TESS_001
clip_09267,TESS,TESS_000
clip_09268,CREMA-D,CREMA-D_028
clip_09269,CREMA-D,CREMA-D_011
clip_09270,TESS,TESS_001
clip_09271,TESS,TESS_001
clip_09272,RAVDESS,RAVDESS_006
clip_09274,CREMA-D,CREMA-D_012
clip_09275,CREMA-D,CREMA-D_058
clip_09276,CREMA-D,CREMA-D_056
clip_09277,CREMA-D,CREMA-D_001
clip_09278,TESS,TESS_000
clip_09279,CREMA-D,CREMA-D_031
clip_09280,CREMA-D,CREMA-D_054
clip_09281,CREMA-D,CREMA-D_055
clip_09282,CREMA-D,CREMA-D_057
clip_09283,CREMA-D,CREMA-D_038
clip_09284,CREMA-D,CREMA-D_031
clip_09285,TESS,TESS_000
clip_09286,RAVDESS,RAVDESS_013
clip_09287,CREMA-D,CREMA-D_050
clip_09288,TESS,TESS_001
clip_09289,CREMA-D,CREMA-D_035
clip_09290,CREMA-D,CREMA-D_055
clip_09293,CREMA-D,CREMA-D_060
clip_09295,CREMA-D,CREMA-D_006
clip_09296,CREMA-D,CREMA-D_045
clip_09297,CREMA-D,CREMA-D_017
clip_09298,CREMA-D,CREMA-D_066
clip_09299,CREMA-D,CREMA-D_043
clip_09300,CREMA-D,CREMA-D_033
clip_09301,RAVDESS,RAVDESS_012
clip_09302,CREMA-D,CREMA-D_010
clip_09303,TESS,TESS_001
clip_09304,CREMA-D,CREMA-D_016
clip_09305,TESS,TESS_000
clip_09306,CREMA-D,CREMA-D_018
clip_09307,CREMA-D,CREMA-D_037
clip_09309,CREMA-D,CREMA-D_008
clip_09312,TESS,TESS_001
clip_09313,TESS,TESS_000
clip_09314,TESS,TESS_000
clip_09315,RAVDESS,RAVDESS_003
clip_09316,CREMA-D,CREMA-D_034
clip_09317,CREMA-D,CREMA-D_046
clip_09318,CREMA-D,CREMA-D_070
clip_09319,CREMA-D,CREMA-D_009
clip_09320,CREMA-D,CREMA-D_062
clip_09321,CREMA-D,CREMA-D_036
clip_09322,CREMA-D,CREMA-D_029
clip_09323,TESS,TESS_001
clip_09324,CREMA-D,CREMA-D_054
clip_09325,CREMA-D,CREMA-D_067
clip_09326,TESS,TESS_001
clip_09327,CREMA-D,CREMA-D_067
clip_09328,RAVDESS,RAVDESS_011
clip_09329,TESS,TESS_001
clip_09330,RAVDESS,RAVDESS_019
clip_09331,CREMA-D,CREMA-D_003
clip_09332,CREMA-D,CREMA-D_061
clip_09333,CREMA-D,CREMA-D_033
clip_09334,CREMA-D,CREMA-D_017
clip_09335,TESS,TESS_001
clip_09336,CREMA-D,CREMA-D_033
clip_09337,CREMA-D,CREMA-D_062
clip_09338,TESS,TESS_000
clip_09340,CREMA-D,CREMA-D_047
clip_09342,CREMA-D,CREMA-D_031
clip_09343,TESS,TESS_000
clip_09345,CREMA-D,CREMA-D_020
clip_09346,TESS,TESS_001
clip_09347,CREMA-D,CREMA-D_065
clip_09348,TESS,TESS_000
clip_09350,RAVDESS,RAVDESS_006
clip_09351,CREMA-D,CREMA-D_005
clip_09353,TESS,TESS_000
clip_09354,CREMA-D,CREMA-D_028
clip_09355,CREMA-D,CREMA-D_034
clip_09356,CREMA-D,CREMA-D_037
clip_09357,CREMA-D,CREMA-D_028
clip_09358,CREMA-D,CREMA-D_055
clip_09359,RAVDESS,RAVDESS_010
clip_09360,UNKNOWN,UNKNOWN_pool
clip_09361,CREMA-D,CREMA-D_047
clip_09364,CREMA-D,CREMA-D_041
clip_09365,CREMA-D,CREMA-D_006
clip_09366,CREMA-D,CREMA-D_060
clip_09367,TESS,TESS_001
clip_09368,CREMA-D,CREMA-D_045
clip_09369,CREMA-D,CREMA-D_052
clip_09370,CREMA-D,CREMA-D_003
clip_09371,CREMA-D,CREMA-D_009
clip_09372,CREMA-D,CREMA-D_068
clip_09373,CREMA-D,CREMA-D_044
clip_09375,CREMA-D,CREMA-D_005
clip_09376,RAVDESS,RAVDESS_006
clip_09377,CREMA-D,CREMA-D_055
clip_09378,TESS,TESS_000
clip_09379,TESS,TESS_000
clip_09380,CREMA-D,CREMA-D_001
clip_09381,RAVDESS,RAVDESS_006
clip_09383,CREMA-D,CREMA-D_003
clip_09384,CREMA-D,CREMA-D_057
clip_09385,TESS,TESS_000
clip_09386,TESS,TESS_000
clip_09387,TESS,TESS_000
clip_09388,TESS,TESS_000
clip_09389,CREMA-D,CREMA-D_024
clip_09390,CREMA-D,CREMA-D_056
clip_09391,CREMA-D,CREMA-D_041
clip_09392,CREMA-D,CREMA-D_042
clip_09393,TESS,TESS_000
clip_09394,TESS,TESS_000
clip_09395,CREMA-D,CREMA-D_020
clip_09397,CREMA-D,CREMA-D_009
clip_09398,CREMA-D,CREMA-D_051
clip_09399,CREMA-D,CREMA-D_018
clip_09400,CREMA-D,CREMA-D_031
clip_09401,CREMA-D,CREMA-D_037
clip_09402,CREMA-D,CREMA-D_019
clip_09403,TESS,TESS_001
clip_09404,TESS,TESS_000
clip_09405,RAVDESS,RAVDESS_000
clip_09406,CREMA-D,CREMA-D_005
clip_09407,CREMA-D,CREMA-D_062
clip_09408,CREMA-D,CREMA-D_006
clip_09409,TESS,TESS_001
clip_09411,CREMA-D,CREMA-D_045
clip_09412,CREMA-D,CREMA-D_036
clip_09415,TESS,TESS_000
clip_09416,CREMA-D,CREMA-D_015
clip_09417,CREMA-D,CREMA-D_066
clip_09418,CREMA-D,CREMA-D_027
clip_09419,CREMA-D,CREMA-D_003
clip_09420,RAVDESS,RAVDESS_012
clip_09423,CREMA-D,CREMA-D_008
clip_09424,RAVDESS,RAVDESS_009
clip_09426,CREMA-D,CREMA-D_009
clip_09427,CREMA-D,CREMA-D_019
clip_09428,CREMA-D,CREMA-D_020
clip_09429,TESS,TESS_001
clip_09430,CREMA-D,CREMA-D_047
clip_09432,CREMA-D,CREMA-D_039
clip_09434,CREMA-D,CREMA-D_034
clip_09435,TESS,TESS_000
clip_09436,CREMA-D,CREMA-D_013
clip_09437,CREMA-D,CREMA-D_027
clip_09438,UNKNOWN,UNKNOWN_pool
clip_09439,TESS,TESS_000
clip_09440,CREMA-D,CREMA-D_004
clip_09441,CREMA-D,CREMA-D_044
clip_09442,CREMA-D,CREMA-D_004
clip_09443,CREMA-D,CREMA-D_016
clip_09444,CREMA-D,CREMA-D_022
clip_09445,CREMA-D,CREMA-D_003
clip_09446,CREMA-D,CREMA-D_025
clip_09447,TESS,TESS_001
clip_09448,CREMA-D,CREMA-D_026
clip_09449,CREMA-D,CREMA-D_002
clip_09451,CREMA-D,CREMA-D_038
clip_09453,TESS,TESS_001
clip_09454,CREMA-D,CREMA-D_048
clip_09456,TESS,TESS_000
clip_09457,TESS,TESS_001
clip_09458,TESS,TESS_000
clip_09459,RAVDESS,RAVDESS_000
clip_09460,TESS,TESS_000
clip_09461,RAVDESS,RAVDESS_007
clip_09462,CREMA-D,CREMA-D_051
clip_09463,TESS,TESS_001
clip_09464,TESS,TESS_001
clip_09466,CREMA-D,CREMA-D_067
clip_09467,RAVDESS,RAVDESS_013
clip_09469,CREMA-D,CREMA-D_036
clip_09470,RAVDESS,RAVDESS_013
clip_09471,TESS,TESS_001
clip_09473,TESS,TESS_000
clip_09474,CREMA-D,CREMA-D_015
clip_09475,CREMA-D,CREMA-D_013
clip_09476,CREMA-D,CREMA-D_042
clip_09478,CREMA-D,CREMA-D_021
clip_09479,TESS,TESS_001
clip_09480,RAVDESS,RAVDESS_011
clip_09481,CREMA-D,CREMA-D_020
clip_09482,CREMA-D,CREMA-D_009
clip_09483,CREMA-D,CREMA-D_037
clip_09485,CREMA-D,CREMA-D_019
clip_09486,CREMA-D,CREMA-D_003
clip_09487,TESS,TESS_000
clip_09488,CREMA-D,CREMA-D_035
clip_09489,CREMA-D,CREMA-D_005
clip_09490,CREMA-D,CREMA-D_070
clip_09491,CREMA-D,CREMA-D_018
clip_09492,CREMA-D,CREMA-D_056
clip_09493,CREMA-D,CREMA-D_044
clip_09495,CREMA-D,CREMA-D_051
clip_09496,RAVDESS,RAVDESS_010
clip_09498,RAVDESS,RAVDESS_006
clip_09499,CREMA-D,CREMA-D_019
clip_09500,CREMA-D,CREMA-D_048
clip_09501,TESS,TESS_000
clip_09502,CREMA-D,CREMA-D_055
clip_09503,CREMA-D,CREMA-D_026
clip_09504,TESS,TESS_001
clip_09505,CREMA-D,CREMA-D_005
clip_09506,CREMA-D,CREMA-D_003
clip_09507,CREMA-D,CREMA-D_011
clip_09508,CREMA-D,CREMA-D_057
clip_09509,RAVDESS,RAVDESS_012
clip_09510,TESS,TESS_001
clip_09511,CREMA-D,CREMA-D_036
clip_09512,TESS,TESS_001
clip_09514,TESS,TESS_001
clip_09515,TESS,TESS_000
clip_09516,CREMA-D,CREMA-D_018
clip_09517,CREMA-D,CREMA-D_069
clip_09518,TESS,TESS_000
clip_09519,CREMA-D,CREMA-D_031
clip_09520,CREMA-D,CREMA-D_033
clip_09521,CREMA-D,CREMA-D_044
clip_09522,CREMA-D,CREMA-D_071
clip_09523,CREMA-D,CREMA-D_041
clip_09524,TESS,TESS_001
clip_09527,CREMA-D,CREMA-D_070
clip_09528,RAVDESS,RAVDESS_012
clip_09529,CREMA-D,CREMA-D_060
clip_09532,TESS,TESS_000
clip_09533,CREMA-D,CREMA-D_024
clip_09534,CREMA-D,CREMA-D_063
clip_09535,CREMA-D,CREMA-D_060
clip_09536,CREMA-D,CREMA-D_024
clip_09537,CREMA-D,CREMA-D_071
clip_09538,TESS,TESS_000
clip_09539,RAVDESS,RAVDESS_004
clip_09540,CREMA-D,CREMA-D_008
clip_09541,RAVDESS,RAVDESS_007
clip_09542,CREMA-D,CREMA-D_035
clip_09543,TESS,TESS_000
clip_09544,CREMA-D,CREMA-D_069
clip_09545,RAVDESS,RAVDESS_012
clip_09546,CREMA-D,CREMA-D_007
clip_09547,CREMA-D,CREMA-D_041
clip_09549,CREMA-D,CREMA-D_021
clip_09550,TESS,TESS_001
clip_09551,TESS,TESS_001
clip_09552,TESS,TESS_001
clip_09553,TESS,TESS_000
clip_09556,TESS,TESS_001
clip_09558,TESS,TESS_001
clip_09559,CREMA-D,CREMA-D_062
clip_09560,CREMA-D,CREMA-D_043
clip_09562,CREMA-D,CREMA-D_036
clip_09563,TESS,TESS_001
clip_09564,TESS,TESS_001
clip_09566,CREMA-D,CREMA-D_055
clip_09567,CREMA-D,CREMA-D_032
clip_09568,CREMA-D,CREMA-D_019
clip_09569,CREMA-D,CREMA-D_061
clip_09570,CREMA-D,CREMA-D_062
clip_09571,CREMA-D,CREMA-D_036
clip_09572,CREMA-D,CREMA-D_037
clip_09573,CREMA-D,CREMA-D_027
clip_09574,TESS,TESS_001
clip_09575,TESS,TESS_001
clip_09576,CREMA-D,CREMA-D_050
clip_09578,CREMA-D,CREMA-D_011
clip_09579,TESS,TESS_000
clip_09581,CREMA-D,CREMA-D_011
clip_09583,CREMA-D,CREMA-D_070
clip_09584,TESS,TESS_001
clip_09585,RAVDESS,RAVDESS_000
clip_09586,CREMA-D,CREMA-D_062
clip_09587,TESS,TESS_000
clip_09588,CREMA-D,CREMA-D_067
clip_09589,CREMA-D,CREMA-D_046
clip_09590,CREMA-D,CREMA-D_045
clip_09591,CREMA-D,CREMA-D_031
clip_09592,CREMA-D,CREMA-D_062
clip_09593,CREMA-D,CREMA-D_050
clip_09594,CREMA-D,CREMA-D_009
clip_09595,CREMA-D,CREMA-D_007
clip_09596,TESS,TESS_001
clip_09597,CREMA-D,CREMA-D_051
clip_09599,CREMA-D,CREMA-D_046
clip_09600,TESS,TESS_000
clip_09601,TESS,TESS_001
clip_09602,RAVDESS,RAVDESS_005
clip_09603,CREMA-D,CREMA-D_011
clip_09604,CREMA-D,CREMA-D_001
clip_09605,CREMA-D,CREMA-D_054
clip_09606,CREMA-D,CREMA-D_055
clip_09607,RAVDESS,RAVDESS_003
clip_09608,RAVDESS,RAVDESS_006
clip_09609,TESS,TESS_001
clip_09610,CREMA-D,CREMA-D_062
clip_09611,CREMA-D,CREMA-D_008
clip_09612,RAVDESS,RAVDESS_008
clip_09613,CREMA-D,CREMA-D_024
clip_09615,CREMA-D,CREMA-D_051
clip_09616,CREMA-D,CREMA-D_054
clip_09617,CREMA-D,CREMA-D_027
clip_09618,CREMA-D,CREMA-D_035
clip_09619,TESS,TESS_001
clip_09620,TESS,TESS_000
clip_09621,CREMA-D,CREMA-D_022
clip_09622,CREMA-D,CREMA-D_028
clip_09623,TESS,TESS_000
clip_09625,CREMA-D,CREMA-D_011
clip_09626,CREMA-D,CREMA-D_010
clip_09627,CREMA-D,CREMA-D_065
clip_09628,CREMA-D,CREMA-D_060
clip_09629,TESS,TESS_000
clip_09631,CREMA-D,CREMA-D_067
clip_09632,TESS,TESS_000
clip_09633,RAVDESS,RAVDESS_003
clip_09634,CREMA-D,CREMA-D_014
clip_09635,CREMA-D,CREMA-D_020
clip_09636,TESS,TESS_001
clip_09637,CREMA-D,CREMA-D_030
clip_09638,TESS,TESS_000
clip_09639,CREMA-D,CREMA-D_042
clip_09641,CREMA-D,CREMA-D_036
clip_09642,CREMA-D,CREMA-D_034
clip_09644,TESS,TESS_001
clip_09645,CREMA-D,CREMA-D_007
clip_09647,CREMA-D,CREMA-D_002
clip_09648,RAVDESS,RAVDESS_009
clip_09650,RAVDESS,RAVDESS_001
clip_09651,CREMA-D,CREMA-D_028
clip_09652,TESS,TESS_000
clip_09653,TESS,TESS_001
clip_09654,RAVDESS,RAVDESS_006
clip_09655,CREMA-D,CREMA-D_069
clip_09658,CREMA-D,CREMA-D_069
clip_09660,CREMA-D,CREMA-D_056
clip_09661,TESS,TESS_001
clip_09664,CREMA-D,CREMA-D_063
clip_09665,CREMA-D,CREMA-D_034
clip_09666,CREMA-D,CREMA-D_058
clip_09667,CREMA-D,CREMA-D_019
clip_09669,CREMA-D,CREMA-D_041
clip_09670,CREMA-D,CREMA-D_050
clip_09671,RAVDESS,RAVDESS_014
clip_09673,TESS,TESS_000
clip_09674,TESS,TESS_001
clip_09675,CREMA-D,CREMA-D_008
clip_09676,TESS,TESS_000
clip_09677,TESS,TESS_001
clip_09678,TESS,TESS_001
clip_09679,CREMA-D,CREMA-D_058
clip_09680,CREMA-D,CREMA-D_017
clip_09681,CREMA-D,CREMA-D_009
clip_09682,TESS,TESS_001
clip_09685,TESS,TESS_001
clip_09686,CREMA-D,CREMA-D_060
clip_09688,CREMA-D,CREMA-D_050
clip_09689,CREMA-D,CREMA-D_006
clip_09690,CREMA-D,CREMA-D_071
clip_09691,CREMA-D,CREMA-D_008
clip_09692,CREMA-D,CREMA-D_030
clip_09694,TESS,TESS_000
clip_09696,CREMA-D,CREMA-D_032
clip_09697,CREMA-D,CREMA-D_059
clip_09699,CREMA-D,CREMA-D_047
clip_09700,CREMA-D,CREMA-D_012
clip_09701,RAVDESS,RAVDESS_017
clip_09702,CREMA-D,CREMA-D_017
clip_09703,TESS,TESS_000
clip_09705,CREMA-D,CREMA-D_062
clip_09706,CREMA-D,CREMA-D_000
clip_09707,CREMA-D,CREMA-D_022
clip_09708,TESS,TESS_001
clip_09709,CREMA-D,CREMA-D_054
clip_09711,TESS,TESS_001
clip_09712,TESS,TESS_000
clip_09713,CREMA-D,CREMA-D_041
clip_09714,CREMA-D,CREMA-D_016
clip_09715,TESS,TESS_000
clip_09716,CREMA-D,CREMA-D_062
clip_09717,CREMA-D,CREMA-D_019
clip_09718,CREMA-D,CREMA-D_028
clip_09719,CREMA-D,CREMA-D_030
clip_09720,TESS,TESS_000
clip_09721,CREMA-D,CREMA-D_002
clip_09722,CREMA-D,CREMA-D_004
clip_09723,TESS,TESS_000
clip_09724,CREMA-D,CREMA-D_000
clip_09725,TESS,TESS_001
clip_09726,RAVDESS,RAVDESS_006
clip_09727,CREMA-D,CREMA-D_059
clip_09728,TESS,TESS_001
clip_09729,CREMA-D,CREMA-D_055
clip_09731,RAVDESS,RAVDESS_014
clip_09732,CREMA-D,CREMA-D_023
clip_09733,TESS,TESS_001
clip_09734,CREMA-D,CREMA-D_066
clip_09735,CREMA-D,CREMA-D_021
clip_09737,CREMA-D,CREMA-D_033
clip_09738,CREMA-D,CREMA-D_050
clip_09739,TESS,TESS_000
clip_09740,CREMA-D,CREMA-D_005
clip_09741,CREMA-D,CREMA-D_067
clip_09742,CREMA-D,CREMA-D_071
clip_09743,CREMA-D,CREMA-D_019
clip_09744,RAVDESS,RAVDESS_017
clip_09745,TESS,TESS_001
clip_09746,TESS,TESS_001
clip_09747,RAVDESS,RAVDESS_019
clip_09748,CREMA-D,CREMA-D_008
clip_09749,TESS,TESS_000
clip_09750,CREMA-D,CREMA-D_032
clip_09751,TESS,TESS_001
clip_09752,TESS,TESS_000
clip_09753,TESS,TESS_000
clip_09754,CREMA-D,CREMA-D_044
clip_09755,RAVDESS,RAVDESS_001
clip_09756,TESS,TESS_001
clip_09758,CREMA-D,CREMA-D_040
clip_09760,TESS,TESS_001
clip_09761,CREMA-D,CREMA-D_071
clip_09762,RAVDESS,RAVDESS_003
clip_09764,CREMA-D,CREMA-D_055
clip_09765,TESS,TESS_000
clip_09766,CREMA-D,CREMA-D_032
clip_09767,RAVDESS,RAVDESS_003
clip_09768,UNKNOWN,UNKNOWN_pool
clip_09769,CREMA-D,CREMA-D_068
clip_09770,CREMA-D,CREMA-D_050
clip_09771,TESS,TESS_000
clip_09772,CREMA-D,CREMA-D_069
clip_09773,TESS,TESS_000
clip_09774,CREMA-D,CREMA-D_060
clip_09775,TESS,TESS_001
clip_09776,CREMA-D,CREMA-D_038
clip_09777,CREMA-D,CREMA-D_011
clip_09778,TESS,TESS_001
clip_09779,TESS,TESS_001
clip_09780,TESS,TESS_001
clip_09782,CREMA-D,CREMA-D_067
clip_09783,CREMA-D,CREMA-D_057
clip_09784,CREMA-D,CREMA-D_012
clip_09785,CREMA-D,CREMA-D_059
clip_09786,CREMA-D,CREMA-D_058
clip_09787,TESS,TESS_000
clip_09788,CREMA-D,CREMA-D_058
clip_09790,CREMA-D,CREMA-D_007
clip_09791,CREMA-D,CREMA-D_007
clip_09792,TESS,TESS_001
clip_09793,CREMA-D,CREMA-D_060
clip_09794,CREMA-D,CREMA-D_055
clip_09795,TESS,TESS_000
clip_09796,CREMA-D,CREMA-D_024
clip_09797,CREMA-D,CREMA-D_064
clip_09798,TESS,TESS_000
clip_09799,CREMA-D,CREMA-D_010
clip_09801,CREMA-D,CREMA-D_024
clip_09803,CREMA-D,CREMA-D_050
clip_09805,CREMA-D,CREMA-D_029
clip_09806,CREMA-D,CREMA-D_027
clip_09808,CREMA-D,CREMA-D_060
clip_09809,TESS,TESS_001
clip_09810,CREMA-D,CREMA-D_008
clip_09811,CREMA-D,CREMA-D_057
clip_09812,RAVDESS,RAVDESS_006
clip_09813,TESS,TESS_001
clip_09814,CREMA-D,CREMA-D_023
clip_09815,TESS,TESS_000
clip_09816,CREMA-D,CREMA-D_045
clip_09817,TESS,TESS_001
clip_09818,CREMA-D,CREMA-D_060
clip_09819,RAVDESS,RAVDESS_009
clip_09820,CREMA-D,CREMA-D_022
clip_09821,CREMA-D,CREMA-D_014
clip_09822,TESS,TESS_000
clip_09823,CREMA-D,CREMA-D_014
clip_09824,RAVDESS,RAVDESS_000
clip_09825,TESS,TESS_000
clip_09826,RAVDESS,RAVDESS_015
clip_09827,CREMA-D,CREMA-D_050
clip_09828,RAVDESS,RAVDESS_017
clip_09829,CREMA-D,CREMA-D_004
clip_09830,CREMA-D,CREMA-D_035
clip_09831,CREMA-D,CREMA-D_061
clip_09832,CREMA-D,CREMA-D_042
clip_09833,CREMA-D,CREMA-D_029
clip_09834,CREMA-D,CREMA-D_039
clip_09835,TESS,TESS_001
clip_09837,CREMA-D,CREMA-D_020
clip_09838,CREMA-D,CREMA-D_010
clip_09839,TESS,TESS_000
clip_09840,TESS,TESS_001
clip_09841,CREMA-D,CREMA-D_051
clip_09842,CREMA-D,CREMA-D_024
clip_09844,CREMA-D,CREMA-D_032
clip_09845,RAVDESS,RAVDESS_018
clip_09847,CREMA-D,CREMA-D_062
clip_09848,RAVDESS,RAVDESS_013
clip_09849,CREMA-D,CREMA-D_037
clip_09851,UNKNOWN,UNKNOWN_pool
clip_09852,CREMA-D,CREMA-D_038
clip_09853,CREMA-D,CREMA-D_037
clip_09854,CREMA-D,CREMA-D_015
clip_09856,RAVDESS,RAVDESS_016
clip_09857,RAVDESS,RAVDESS_016
clip_09859,RAVDESS,RAVDESS_016
clip_09860,TESS,TESS_001
clip_09861,TESS,TESS_000
clip_09862,UNKNOWN,UNKNOWN_pool
clip_09863,TESS,TESS_001
clip_09864,CREMA-D,CREMA-D_029
clip_09865,CREMA-D,CREMA-D_014
clip_09867,RAVDESS,RAVDESS_013
clip_09868,CREMA-D,CREMA-D_034
clip_09869,TESS,TESS_000
clip_09870,CREMA-D,CREMA-D_040
clip_09871,UNKNOWN,UNKNOWN_pool
clip_09872,TESS,TESS_000
clip_09873,TESS,TESS_001
clip_09874,CREMA-D,CREMA-D_005
clip_09875,CREMA-D,CREMA-D_014
clip_09876,CREMA-D,CREMA-D_037
clip_09877,RAVDESS,RAVDESS_007
clip_09878,CREMA-D,CREMA-D_016
clip_09879,TESS,TESS_000
clip_09880,CREMA-D,CREMA-D_022
clip_09881,CREMA-D,CREMA-D_071
clip_09882,TESS,TESS_000
clip_09884,CREMA-D,CREMA-D_014
clip_09885,CREMA-D,CREMA-D_053
clip_09886,CREMA-D,CREMA-D_065
clip_09887,RAVDESS,RAVDESS_004
clip_09888,CREMA-D,CREMA-D_036
clip_09889,TESS,TESS_000
clip_09891,CREMA-D,CREMA-D_068
clip_09892,TESS,TESS_000
clip_09894,CREMA-D,CREMA-D_061
clip_09895,RAVDESS,RAVDESS_011
clip_09896,RAVDESS,RAVDESS_011
clip_09897,CREMA-D,CREMA-D_048
clip_09899,TESS,TESS_000
clip_09901,CREMA-D,CREMA-D_026
clip_09902,CREMA-D,CREMA-D_001
clip_09903,CREMA-D,CREMA-D_017
clip_09904,CREMA-D,CREMA-D_004
clip_09905,CREMA-D,CREMA-D_007
clip_09908,TESS,TESS_001
clip_09909,CREMA-D,CREMA-D_048
clip_09911,TESS,TESS_000
clip_09912,RAVDESS,RAVDESS_012
clip_09913,CREMA-D,CREMA-D_052
clip_09914,CREMA-D,CREMA-D_054
clip_09915,CREMA-D,CREMA-D_048
clip_09916,CREMA-D,CREMA-D_050
clip_09918,CREMA-D,CREMA-D_069
clip_09919,CREMA-D,CREMA-D_068
clip_09920,TESS,TESS_001
clip_09921,CREMA-D,CREMA-D_020
clip_09922,CREMA-D,CREMA-D_001
clip_09923,CREMA-D,CREMA-D_006
clip_09924,TESS,TESS_000
clip_09925,TESS,TESS_001
clip_09926,CREMA-D,CREMA-D_027
clip_09927,TESS,TESS_001
clip_09928,TESS,TESS_000
clip_09929,CREMA-D,CREMA-D_032
clip_09930,CREMA-D,CREMA-D_033
clip_09931,CREMA-D,CREMA-D_028
clip_09932,CREMA-D,CREMA-D_045
clip_09934,TESS,TESS_001
clip_09935,CREMA-D,CREMA-D_063
clip_09936,CREMA-D,CREMA-D_063
clip_09937,CREMA-D,CREMA-D_056
clip_09939,CREMA-D,CREMA-D_049
clip_09940,TESS,TESS_001
clip_09942,TESS,TESS_000
clip_09943,TESS,TESS_001
clip_09944,TESS,TESS_000
clip_09945,CREMA-D,CREMA-D_067
clip_09946,CREMA-D,CREMA-D_051
clip_09948,CREMA-D,CREMA-D_071
clip_09950,TESS,TESS_001
clip_09951,TESS,TESS_000
clip_09952,TESS,TESS_000
clip_09953,CREMA-D,CREMA-D_060
clip_09954,CREMA-D,CREMA-D_017
clip_09955,TESS,TESS_001
clip_09956,CREMA-D,CREMA-D_027
clip_09957,CREMA-D,CREMA-D_024
clip_09958,CREMA-D,CREMA-D_013
clip_09959,CREMA-D,CREMA-D_063
clip_09960,CREMA-D,CREMA-D_002
clip_09961,CREMA-D,CREMA-D_041
clip_09962,TESS,TESS_001
clip_09963,TESS,TESS_001
clip_09964,CREMA-D,CREMA-D_054
clip_09966,TESS,TESS_001
clip_09968,CREMA-D,CREMA-D_065
clip_09969,CREMA-D,CREMA-D_002
clip_09970,TESS,TESS_000
clip_09971,TESS,TESS_001
clip_09972,CREMA-D,CREMA-D_010
clip_09973,CREMA-D,CREMA-D_029
clip_09974,CREMA-D,CREMA-D_061
clip_09975,RAVDESS,RAVDESS_009
clip_09977,CREMA-D,CREMA-D_016
clip_09978,TESS,TESS_001
clip_09980,CREMA-D,CREMA-D_043
clip_09981,TESS,TESS_000
clip_09982,TESS,TESS_001
clip_09983,CREMA-D,CREMA-D_031
clip_09984,CREMA-D,CREMA-D_042
clip_09985,TESS,TESS_000
clip_09987,CREMA-D,CREMA-D_060
clip_09988,CREMA-D,CREMA-D_060
clip_09991,CREMA-D,CREMA-D_047
clip_09992,RAVDESS,RAVDESS_002
clip_09994,TESS,TESS_000
clip_09995,TESS,TESS_000
clip_09996,CREMA-D,CREMA-D_051
clip_09997,CREMA-D,CREMA-D_026
clip_09998,CREMA-D,CREMA-D_020
clip_09999,CREMA-D,CREMA-D_069
clip_10000,RAVDESS,RAVDESS_011
clip_10002,CREMA-D,CREMA-D_067
clip_10003,CREMA-D,CREMA-D_033
clip_10004,TESS,TESS_001
clip_10005,CREMA-D,CREMA-D_066
clip_10006,RAVDESS,RAVDESS_005
clip_10007,TESS,TESS_001
clip_10008,CREMA-D,CREMA-D_034
clip_10009,CREMA-D,CREMA-D_018
clip_10010,TESS,TESS_000
clip_10011,CREMA-D,CREMA-D_060
clip_10014,CREMA-D,CREMA-D_065
clip_10015,RAVDESS,RAVDESS_007
clip_10016,CREMA-D,CREMA-D_042
clip_10017,CREMA-D,CREMA-D_028
clip_10018,CREMA-D,CREMA-D_049
clip_10019,CREMA-D,CREMA-D_059
clip_10020,TESS,TESS_000
clip_10021,CREMA-D,CREMA-D_034
clip_10023,TESS,TESS_001
clip_10024,TESS,TESS_001
clip_10025,TESS,TESS_000
clip_10026,CREMA-D,CREMA-D_030
clip_10029,CREMA-D,CREMA-D_017
clip_10030,CREMA-D,CREMA-D_027
clip_10031,TESS,TESS_000
clip_10033,CREMA-D,CREMA-D_022
clip_10034,CREMA-D,CREMA-D_059
clip_10037,CREMA-D,CREMA-D_007
clip_10038,CREMA-D,CREMA-D_021
clip_10040,CREMA-D,CREMA-D_019
clip_10041,CREMA-D,CREMA-D_067
clip_10042,RAVDESS,RAVDESS_008
clip_10043,TESS,TESS_000
clip_10044,CREMA-D,CREMA-D_052
clip_10045,TESS,TESS_001
clip_10046,RAVDESS,RAVDESS_011
clip_10047,TESS,TESS_001
clip_10048,RAVDESS,RAVDESS_006
clip_10049,TESS,TESS_000
clip_10050,TESS,TESS_001
clip_10051,CREMA-D,CREMA-D_036
clip_10052,TESS,TESS_000
clip_10053,CREMA-D,CREMA-D_034
clip_10054,TESS,TESS_000
clip_10055,CREMA-D,CREMA-D_004
clip_10056,RAVDESS,RAVDESS_017
clip_10057,CREMA-D,CREMA-D_042
clip_10058,CREMA-D,CREMA-D_004
clip_10059,CREMA-D,CREMA-D_067
clip_10061,CREMA-D,CREMA-D_018
clip_10062,TESS,TESS_001
clip_10063,CREMA-D,CREMA-D_014
clip_10064,UNKNOWN,UNKNOWN_pool
clip_10065,RAVDESS,RAVDESS_007
clip_10066,TESS,TESS_001
clip_10067,CREMA-D,CREMA-D_002
clip_10068,CREMA-D,CREMA-D_066
clip_10069,CREMA-D,CREMA-D_019
clip_10071,CREMA-D,CREMA-D_003
clip_10072,CREMA-D,CREMA-D_023
clip_10073,CREMA-D,CREMA-D_029
clip_10074,TESS,TESS_001
clip_10075,CREMA-D,CREMA-D_065
clip_10076,CREMA-D,CREMA-D_034
clip_10077,CREMA-D,CREMA-D_008
clip_10079,RAVDESS,RAVDESS_011
clip_10080,CREMA-D,CREMA-D_001
clip_10081,TESS,TESS_001
clip_10082,RAVDESS,RAVDESS_004
clip_10083,TESS,TESS_000
clip_10084,CREMA-D,CREMA-D_013
clip_10085,TESS,TESS_000
clip_10086,RAVDESS,RAVDESS_015
clip_10088,CREMA-D,CREMA-D_001
clip_10089,TESS,TESS_000
clip_10090,TESS,TESS_000
clip_10091,TESS,TESS_001
clip_10092,TESS,TESS_001
clip_10094,CREMA-D,CREMA-D_049
clip_10095,CREMA-D,CREMA-D_033
clip_10096,TESS,TESS_001
clip_10097,CREMA-D,CREMA-D_002
clip_10098,CREMA-D,CREMA-D_004
clip_10099,CREMA-D,CREMA-D_006
clip_10100,CREMA-D,CREMA-D_016
clip_10103,RAVDESS,RAVDESS_009
clip_10105,CREMA-D,CREMA-D_033
clip_10106,CREMA-D,CREMA-D_053
clip_10107,CREMA-D,CREMA-D_070
clip_10109,CREMA-D,CREMA-D_050
clip_10111,TESS,TESS_000
clip_10112,CREMA-D,CREMA-D_028
clip_10113,CREMA-D,CREMA-D_042
clip_10114,TESS,TESS_001
clip_10115,CREMA-D,CREMA-D_048
clip_10116,TESS,TESS_001
clip_10117,CREMA-D,CREMA-D_040
clip_10118,CREMA-D,CREMA-D_045
clip_10119,CREMA-D,CREMA-D_056
clip_10120,TESS,TESS_001
clip_10121,CREMA-D,CREMA-D_038
clip_10122,TESS,TESS_001
clip_10123,TESS,TESS_000
clip_10126,CREMA-D,CREMA-D_014
clip_10127,CREMA-D,CREMA-D_053
clip_10129,CREMA-D,CREMA-D_006
clip_10130,CREMA-D,CREMA-D_002
clip_10131,TESS,TESS_000
clip_10132,CREMA-D,CREMA-D_058
clip_10134,CREMA-D,CREMA-D_016
clip_10135,CREMA-D,CREMA-D_064
clip_10136,TESS,TESS_000
clip_10138,CREMA-D,CREMA-D_036
clip_10139,TESS,TESS_001
clip_10140,CREMA-D,CREMA-D_044
clip_10141,RAVDESS,RAVDESS_012
clip_10142,TESS,TESS_000
clip_10143,TESS,TESS_000
clip_10145,TESS,TESS_000
clip_10147,TESS,TESS_000
clip_10148,CREMA-D,CREMA-D_054
clip_10149,TESS,TESS_001
clip_10150,CREMA-D,CREMA-D_064
clip_10151,RAVDESS,RAVDESS_018
clip_10154,CREMA-D,CREMA-D_048
clip_10155,TESS,TESS_000
clip_10156,CREMA-D,CREMA-D_059
clip_10157,CREMA-D,CREMA-D_033
clip_10159,CREMA-D,CREMA-D_014
clip_10160,CREMA-D,CREMA-D_015
clip_10161,CREMA-D,CREMA-D_024
clip_10162,CREMA-D,CREMA-D_010
clip_10163,CREMA-D,CREMA-D_010
clip_10164,CREMA-D,CREMA-D_060
clip_10165,CREMA-D,CREMA-D_068
clip_10166,CREMA-D,CREMA-D_007
clip_10167,TESS,TESS_000
clip_10168,CREMA-D,CREMA-D_045
clip_10169,RAVDESS,RAVDESS_019
clip_10170,TESS,TESS_000
clip_10171,CREMA-D,CREMA-D_009
clip_10172,CREMA-D,CREMA-D_063
clip_10173,CREMA-D,CREMA-D_026
clip_10174,CREMA-D,CREMA-D_015
clip_10175,CREMA-D,CREMA-D_071
clip_10176,CREMA-D,CREMA-D_009
clip_10178,CREMA-D,CREMA-D_018
clip_10179,CREMA-D,CREMA-D_038
clip_10180,CREMA-D,CREMA-D_020
clip_10181,CREMA-D,CREMA-D_059
clip_10182,RAVDESS,RAVDESS_002
clip_10183,CREMA-D,CREMA-D_025
clip_10185,CREMA-D,CREMA-D_062
clip_10187,CREMA-D,CREMA-D_022
clip_10190,TESS,TESS_000
clip_10191,CREMA-D,CREMA-D_006
clip_10192,CREMA-D,CREMA-D_059
clip_10194,TESS,TESS_000
clip_10195,CREMA-D,CREMA-D_036
clip_10196,CREMA-D,CREMA-D_010
clip_10197,TESS,TESS_000
clip_10198,CREMA-D,CREMA-D_033
clip_10200,CREMA-D,CREMA-D_033
clip_10201,CREMA-D,CREMA-D_021
clip_10202,TESS,TESS_000
clip_10203,CREMA-D,CREMA-D_058
clip_10206,CREMA-D,CREMA-D_022
clip_10207,CREMA-D,CREMA-D_053
clip_10208,CREMA-D,CREMA-D_051
clip_10209,TESS,TESS_000
clip_10210,RAVDESS,RAVDESS_006
clip_10211,CREMA-D,CREMA-D_030
clip_10212,TESS,TESS_000
clip_10213,CREMA-D,CREMA-D_020
clip_10214,UNKNOWN,UNKNOWN_pool
clip_10215,CREMA-D,CREMA-D_010
clip_10216,TESS,TESS_000
clip_10217,CREMA-D,CREMA-D_056
clip_10218,CREMA-D,CREMA-D_016
clip_10219,TESS,TESS_000
clip_10220,CREMA-D,CREMA-D_023
clip_10221,CREMA-D,CREMA-D_045
clip_10223,CREMA-D,CREMA-D_031
clip_10224,TESS,TESS_000
clip_10225,CREMA-D,CREMA-D_037
clip_10226,TESS,TESS_001
clip_10227,TESS,TESS_001
clip_10228,RAVDESS,RAVDESS_001
clip_10229,RAVDESS,RAVDESS_000
clip_10230,CREMA-D,CREMA-D_065
clip_10231,CREMA-D,CREMA-D_045
clip_10232,CREMA-D,CREMA-D_027
clip_10233,CREMA-D,CREMA-D_039
clip_10235,CREMA-D,CREMA-D_015
clip_10236,TESS,TESS_001
clip_10237,CREMA-D,CREMA-D_012
clip_10239,TESS,TESS_001
clip_10240,CREMA-D,CREMA-D_043
clip_10241,CREMA-D,CREMA-D_021
clip_10242,CREMA-D,CREMA-D_016
clip_10244,CREMA-D,CREMA-D_006
clip_10245,TESS,TESS_001
clip_10246,TESS,TESS_001
clip_10248,RAVDESS,RAVDESS_018
clip_10249,CREMA-D,CREMA-D_018
clip_10250,CREMA-D,CREMA-D_051
clip_10251,CREMA-D,CREMA-D_000
clip_10253,CREMA-D,CREMA-D_037
clip_10256,TESS,TESS_000
clip_10257,TESS,TESS_001
clip_10258,TESS,TESS_001
clip_10259,CREMA-D,CREMA-D_071
clip_10260,TESS,TESS_000
clip_10262,CREMA-D,CREMA-D_037
clip_10263,CREMA-D,CREMA-D_069
clip_10264,CREMA-D,CREMA-D_070
clip_10265,CREMA-D,CREMA-D_016
clip_10266,TESS,TESS_000
clip_10267,CREMA-D,CREMA-D_002
clip_10268,TESS,TESS_001
clip_10269,UNKNOWN,UNKNOWN_pool
clip_10270,CREMA-D,CREMA-D_031
clip_10271,CREMA-D,CREMA-D_018
clip_10272,CREMA-D,CREMA-D_015
clip_10273,CREMA-D,CREMA-D_033
clip_10274,CREMA-D,CREMA-D_002
clip_10275,CREMA-D,CREMA-D_037
clip_10277,TESS,TESS_000
clip_10279,CREMA-D,CREMA-D_042
clip_10280,CREMA-D,CREMA-D_043
clip_10281,RAVDESS,RAVDESS_007
clip_10282,CREMA-D,CREMA-D_045
clip_10284,TESS,TESS_000
clip_10285,TESS,TESS_000
clip_10286,TESS,TESS_000
clip_10287,CREMA-D,CREMA-D_051
clip_10288,TESS,TESS_000
clip_10289,CREMA-D,CREMA-D_032
clip_10290,CREMA-D,CREMA-D_006
clip_10292,RAVDESS,RAVDESS_016
clip_10293,CREMA-D,CREMA-D_002
clip_10294,CREMA-D,CREMA-D_007
clip_10295,TESS,TESS_000
clip_10296,TESS,TESS_000
clip_10297,RAVDESS,RAVDESS_016
clip_10298,CREMA-D,CREMA-D_049
clip_10299,CREMA-D,CREMA-D_033
clip_10300,TESS,TESS_000
clip_10301,CREMA-D,CREMA-D_054
clip_10303,CREMA-D,CREMA-D_028
clip_10304,CREMA-D,CREMA-D_034
clip_10305,CREMA-D,CREMA-D_065
clip_10306,UNKNOWN,UNKNOWN_pool
clip_10307,CREMA-D,CREMA-D_064
clip_10308,TESS,TESS_000
clip_10309,RAVDESS,RAVDESS_015
clip_10311,CREMA-D,CREMA-D_023
clip_10312,CREMA-D,CREMA-D_006
clip_10313,CREMA-D,CREMA-D_015
clip_10314,CREMA-D,CREMA-D_010
clip_10315,CREMA-D,CREMA-D_068
clip_10316,RAVDESS,RAVDESS_000
clip_10317,CREMA-D,CREMA-D_004
clip_10318,TESS,TESS_000
clip_10319,CREMA-D,CREMA-D_052
clip_10320,CREMA-D,CREMA-D_048
clip_10321,TESS,TESS_000
clip_10323,CREMA-D,CREMA-D_030
clip_10324,CREMA-D,CREMA-D_059
clip_10325,CREMA-D,CREMA-D_053
clip_10326,CREMA-D,CREMA-D_001
clip_10327,CREMA-D,CREMA-D_064
clip_10328,CREMA-D,CREMA-D_026
clip_10329,CREMA-D,CREMA-D_066
clip_10330,CREMA-D,CREMA-D_060
clip_10331,CREMA-D,CREMA-D_047
clip_10332,TESS,TESS_001
clip_10333,CREMA-D,CREMA-D_069
clip_10334,CREMA-D,CREMA-D_005
clip_10335,CREMA-D,CREMA-D_005
clip_10336,TESS,TESS_001
clip_10337,TESS,TESS_000
clip_10338,CREMA-D,CREMA-D_017
clip_10340,RAVDESS,RAVDESS_007
clip_10341,CREMA-D,CREMA-D_060
clip_10342,RAVDESS,RAVDESS_017
clip_10343,CREMA-D,CREMA-D_040
clip_10344,CREMA-D,CREMA-D_071
clip_10346,CREMA-D,CREMA-D_001
clip_10347,RAVDESS,RAVDESS_014
clip_10348,CREMA-D,CREMA-D_045
clip_10350,CREMA-D,CREMA-D_060
clip_10351,CREMA-D,CREMA-D_002
clip_10352,RAVDESS,RAVDESS_002
clip_10353,CREMA-D,CREMA-D_063
clip_10354,CREMA-D,CREMA-D_067
clip_10355,RAVDESS,RAVDESS_018
clip_10356,CREMA-D,CREMA-D_032
clip_10357,CREMA-D,CREMA-D_054
clip_10358,TESS,TESS_001
clip_10359,CREMA-D,CREMA-D_020
clip_10360,CREMA-D,CREMA-D_011
clip_10361,CREMA-D,CREMA-D_043
clip_10362,TESS,TESS_001
clip_10363,CREMA-D,CREMA-D_067
clip_10364,TESS,TESS_001
clip_10365,CREMA-D,CREMA-D_065
clip_10366,TESS,TESS_001
clip_10367,CREMA-D,CREMA-D_010
clip_10368,TESS,TESS_001
clip_10369,TESS,TESS_001
clip_10370,CREMA-D,CREMA-D_029
clip_10371,TESS,TESS_000
clip_10373,CREMA-D,CREMA-D_007
clip_10374,CREMA-D,CREMA-D_064
clip_10375,CREMA-D,CREMA-D_063
clip_10376,CREMA-D,CREMA-D_003
clip_10378,CREMA-D,CREMA-D_065
clip_10379,RAVDESS,RAVDESS_019
clip_10380,TESS,TESS_000
clip_10381,CREMA-D,CREMA-D_003
clip_10382,CREMA-D,CREMA-D_064
clip_10383,RAVDESS,RAVDESS_015
clip_10384,CREMA-D,CREMA-D_017
clip_10385,RAVDESS,RAVDESS_013
clip_10387,CREMA-D,CREMA-D_032
clip_10388,TESS,TESS_001
clip_10389,RAVDESS,RAVDESS_017
clip_10391,TESS,TESS_001
clip_10392,CREMA-D,CREMA-D_015
clip_10393,CREMA-D,CREMA-D_020
clip_10394,CREMA-D,CREMA-D_002
clip_10395,CREMA-D,CREMA-D_050
clip_10397,CREMA-D,CREMA-D_065
clip_10398,TESS,TESS_001
clip_10399,CREMA-D,CREMA-D_014
clip_10400,CREMA-D,CREMA-D_021
clip_10401,CREMA-D,CREMA-D_071
clip_10402,CREMA-D,CREMA-D_038
clip_10403,CREMA-D,CREMA-D_028
clip_10404,RAVDESS,RAVDESS_019
clip_10405,CREMA-D,CREMA-D_031
clip_10406,RAVDESS,RAVDESS_006
clip_10407,TESS,TESS_001
clip_10408,CREMA-D,CREMA-D_016
clip_10409,CREMA-D,CREMA-D_065
clip_10411,CREMA-D,CREMA-D_001
clip_10412,CREMA-D,CREMA-D_049
clip_10414,CREMA-D,CREMA-D_037
clip_10415,CREMA-D,CREMA-D_014
clip_10416,CREMA-D,CREMA-D_020
clip_10418,CREMA-D,CREMA-D_010
clip_10420,CREMA-D,CREMA-D_060
clip_10421,CREMA-D,CREMA-D_017
clip_10422,CREMA-D,CREMA-D_044
clip_10423,TESS,TESS_000
clip_10424,CREMA-D,CREMA-D_066
clip_10425,CREMA-D,CREMA-D_065
clip_10426,UNKNOWN,UNKNOWN_pool
clip_10427,CREMA-D,CREMA-D_006
clip_10428,CREMA-D,CREMA-D_063
clip_10429,TESS,TESS_001
clip_10430,CREMA-D,CREMA-D_053
clip_10433,CREMA-D,CREMA-D_058
clip_10434,CREMA-D,CREMA-D_006
clip_10437,TESS,TESS_001
clip_10438,CREMA-D,CREMA-D_016
clip_10439,CREMA-D,CREMA-D_065
clip_10440,CREMA-D,CREMA-D_000
clip_10441,CREMA-D,CREMA-D_066
clip_10442,CREMA-D,CREMA-D_027
clip_10443,CREMA-D,CREMA-D_065
clip_10444,CREMA-D,CREMA-D_049
clip_10445,TESS,TESS_000
clip_10446,CREMA-D,CREMA-D_036
clip_10447,RAVDESS,RAVDESS_003
clip_10448,TESS,TESS_001
clip_10449,CREMA-D,CREMA-D_020
clip_10450,CREMA-D,CREMA-D_010
clip_10451,TESS,TESS_000
clip_10452,RAVDESS,RAVDESS_002
clip_10453,CREMA-D,CREMA-D_000
clip_10454,TESS,TESS_000
clip_10456,CREMA-D,CREMA-D_027
clip_10457,CREMA-D,CREMA-D_051
clip_10458,TESS,TESS_000
clip_10459,TESS,TESS_001
clip_10460,CREMA-D,CREMA-D_069
clip_10462,CREMA-D,CREMA-D_003
clip_10463,TESS,TESS_000
clip_10464,TESS,TESS_001
clip_10466,CREMA-D,CREMA-D_033
clip_10467,TESS,TESS_001
clip_10468,RAVDESS,RAVDESS_011
clip_10469,TESS,TESS_001
clip_10470,CREMA-D,CREMA-D_048
clip_10471,CREMA-D,CREMA-D_034
clip_10472,RAVDESS,RAVDESS_019
clip_10474,TESS,TESS_000
clip_10475,CREMA-D,CREMA-D_021
clip_10476,TESS,TESS_001
clip_10477,RAVDESS,RAVDESS_000
clip_10478,CREMA-D,CREMA-D_062
clip_10479,CREMA-D,CREMA-D_069
clip_10480,RAVDESS,RAVDESS_000
clip_10481,RAVDESS,RAVDESS_015
clip_10483,CREMA-D,CREMA-D_042
clip_10484,TESS,TESS_000
clip_10485,CREMA-D,CREMA-D_004
clip_10486,CREMA-D,CREMA-D_005
clip_10487,TESS,TESS_001
clip_10488,CREMA-D,CREMA-D_037
clip_10490,CREMA-D,CREMA-D_014
clip_10491,CREMA-D,CREMA-D_011
clip_10493,CREMA-D,CREMA-D_046
clip_10494,CREMA-D,CREMA-D_061
clip_10495,TESS,TESS_000
clip_10496,CREMA-D,CREMA-D_016
clip_10497,CREMA-D,CREMA-D_069
clip_10498,CREMA-D,CREMA-D_023
clip_10500,TESS,TESS_001
clip_10502,TESS,TESS_000
clip_10503,RAVDESS,RAVDESS_014
clip_10504,CREMA-D,CREMA-D_014
clip_10505,CREMA-D,CREMA-D_003
clip_10506,RAVDESS,RAVDESS_015
clip_10507,CREMA-D,CREMA-D_033
clip_10508,CREMA-D,CREMA-D_016
clip_10509,CREMA-D,CREMA-D_001
clip_10510,CREMA-D,CREMA-D_062
clip_10511,TESS,TESS_000
clip_10512,CREMA-D,CREMA-D_024
clip_10513,CREMA-D,CREMA-D_025
clip_10515,CREMA-D,CREMA-D_067
clip_10516,CREMA-D,CREMA-D_047
clip_10519,CREMA-D,CREMA-D_009
clip_10520,TESS,TESS_001
clip_10521,TESS,TESS_000
clip_10522,CREMA-D,CREMA-D_025
clip_10523,CREMA-D,CREMA-D_010
clip_10524,CREMA-D,CREMA-D_041
clip_10525,TESS,TESS_000
clip_10526,CREMA-D,CREMA-D_062
clip_10527,TESS,TESS_001
clip_10528,TESS,TESS_000
clip_10529,TESS,TESS_000
clip_10530,RAVDESS,RAVDESS_004
clip_10531,CREMA-D,CREMA-D_044
clip_10532,CREMA-D,CREMA-D_060
clip_10533,RAVDESS,RAVDESS_012
clip_10534,CREMA-D,CREMA-D_044
clip_10535,CREMA-D,CREMA-D_046
clip_10536,CREMA-D,CREMA-D_028
clip_10537,RAVDESS,RAVDESS_004
clip_10538,TESS,TESS_001
clip_10539,TESS,TESS_001
clip_10540,CREMA-D,CREMA-D_016
clip_10542,TESS,TESS_001
clip_10544,CREMA-D,CREMA-D_038
clip_10545,CREMA-D,CREMA-D_061
clip_10546,TESS,TESS_001
clip_10547,TESS,TESS_000
clip_10548,TESS,TESS_001
clip_10549,CREMA-D,CREMA-D_041
clip_10550,CREMA-D,CREMA-D_021
clip_10551,TESS,TESS_001
clip_10553,TESS,TESS_000
clip_10554,CREMA-D,CREMA-D_071
clip_10555,TESS,TESS_000
clip_10556,CREMA-D,CREMA-D_034
clip_10557,CREMA-D,CREMA-D_040
clip_10559,CREMA-D,CREMA-D_071
clip_10560,TESS,TESS_000
clip_10561,CREMA-D,CREMA-D_034
clip_10562,TESS,TESS_000
clip_10563,CREMA-D,CREMA-D_042
clip_10566,CREMA-D,CREMA-D_069
clip_10567,RAVDESS,RAVDESS_008
clip_10568,CREMA-D,CREMA-D_039
clip_10569,CREMA-D,CREMA-D_015
clip_10570,CREMA-D,CREMA-D_016
clip_10571,CREMA-D,CREMA-D_044
clip_10572,TESS,TESS_000
clip_10574,CREMA-D,CREMA-D_071
clip_10575,CREMA-D,CREMA-D_040
clip_10576,CREMA-D,CREMA-D_021
clip_10577,CREMA-D,CREMA-D_025
clip_10579,CREMA-D,CREMA-D_031
clip_10580,CREMA-D,CREMA-D_044
clip_10582,CREMA-D,CREMA-D_003
clip_10583,TESS,TESS_001
clip_10584,CREMA-D,CREMA-D_045
clip_10585,CREMA-D,CREMA-D_065
clip_10586,TESS,TESS_001
clip_10587,TESS,TESS_000
clip_10589,CREMA-D,CREMA-D_000
clip_10591,CREMA-D,CREMA-D_055
clip_10592,CREMA-D,CREMA-D_044
clip_10595,CREMA-D,CREMA-D_024
clip_10596,RAVDESS,RAVDESS_018
clip_10597,CREMA-D,CREMA-D_002
clip_10599,TESS,TESS_000
clip_10602,CREMA-D,CREMA-D_010
clip_10603,TESS,TESS_001
clip_10604,TESS,TESS_000
clip_10605,TESS,TESS_000
clip_10606,TESS,TESS_001
clip_10607,CREMA-D,CREMA-D_014
clip_10608,RAVDESS,RAVDESS_012
clip_10610,CREMA-D,CREMA-D_021
clip_10611,CREMA-D,CREMA-D_044
clip_10612,CREMA-D,CREMA-D_051
clip_10613,CREMA-D,CREMA-D_066
clip_10614,CREMA-D,CREMA-D_064
clip_10615,TESS,TESS_001
clip_10616,CREMA-D,CREMA-D_031
clip_10617,CREMA-D,CREMA-D_060
clip_10618,CREMA-D,CREMA-D_046
clip_10619,TESS,TESS_000
clip_10620,RAVDESS,RAVDESS_008
clip_10621,CREMA-D,CREMA-D_059
clip_10623,TESS,TESS_000
clip_10625,TESS,TESS_000
clip_10626,CREMA-D,CREMA-D_040
clip_10627,CREMA-D,CREMA-D_009
clip_10628,CREMA-D,CREMA-D_055
clip_10629,CREMA-D,CREMA-D_019
clip_10630,CREMA-D,CREMA-D_033
clip_10631,TESS,TESS_001
clip_10632,CREMA-D,CREMA-D_028
clip_10633,RAVDESS,RAVDESS_009
clip_10634,CREMA-D,CREMA-D_066
clip_10635,TESS,TESS_000
clip_10637,CREMA-D,CREMA-D_013
clip_10639,CREMA-D,CREMA-D_047
clip_10641,TESS,TESS_000
clip_10643,TESS,TESS_000
clip_10644,CREMA-D,CREMA-D_011
clip_10645,CREMA-D,CREMA-D_026
clip_10646,CREMA-D,CREMA-D_013
clip_10647,CREMA-D,CREMA-D_016
clip_10648,RAVDESS,RAVDESS_004
clip_10650,TESS,TESS_000
clip_10651,TESS,TESS_001
clip_10652,TESS,TESS_001
clip_10653,CREMA-D,CREMA-D_031
clip_10654,TESS,TESS_001
clip_10655,CREMA-D,CREMA-D_039
clip_10657,CREMA-D,CREMA-D_066
clip_10658,CREMA-D,CREMA-D_040
clip_10660,CREMA-D,CREMA-D_051
clip_10661,CREMA-D,CREMA-D_037
clip_10662,CREMA-D,CREMA-D_049
clip_10663,RAVDESS,RAVDESS_019
clip_10664,CREMA-D,CREMA-D_026
clip_10666,CREMA-D,CREMA-D_069
clip_10667,CREMA-D,CREMA-D_062
clip_10668,CREMA-D,CREMA-D_054
clip_10669,CREMA-D,CREMA-D_035
clip_10670,CREMA-D,CREMA-D_063
clip_10671,CREMA-D,CREMA-D_057
clip_10674,TESS,TESS_001
clip_10675,CREMA-D,CREMA-D_051
clip_10676,CREMA-D,CREMA-D_032
clip_10677,CREMA-D,CREMA-D_007
clip_10678,CREMA-D,CREMA-D_002
clip_10680,CREMA-D,CREMA-D_037
clip_10681,CREMA-D,CREMA-D_027
clip_10682,TESS,TESS_001
clip_10683,CREMA-D,CREMA-D_003
clip_10684,CREMA-D,CREMA-D_063
clip_10685,RAVDESS,RAVDESS_009
clip_10686,CREMA-D,CREMA-D_020
clip_10687,TESS,TESS_001
clip_10688,RAVDESS,RAVDESS_004
clip_10689,CREMA-D,CREMA-D_038
clip_10691,RAVDESS,RAVDESS_017
clip_10692,TESS,TESS_000
clip_10693,RAVDESS,RAVDESS_019
clip_10694,RAVDESS,RAVDESS_019
clip_10695,CREMA-D,CREMA-D_065
clip_10696,CREMA-D,CREMA-D_052
clip_10697,TESS,TESS_000
clip_10698,RAVDESS,RAVDESS_001
clip_10699,CREMA-D,CREMA-D_016
clip_10700,RAVDESS,RAVDESS_012
clip_10701,CREMA-D,CREMA-D_066
clip_10702,CREMA-D,CREMA-D_068
clip_10703,CREMA-D,CREMA-D_023
clip_10704,CREMA-D,CREMA-D_069
clip_10706,TESS,TESS_001
clip_10707,CREMA-D,CREMA-D_054
clip_10709,TESS,TESS_001
clip_10710,CREMA-D,CREMA-D_024
clip_10711,CREMA-D,CREMA-D_053
clip_10712,CREMA-D,CREMA-D_036
clip_10713,TESS,TESS_001
clip_10714,CREMA-D,CREMA-D_062
clip_10715,CREMA-D,CREMA-D_031
clip_10716,TESS,TESS_001
clip_10717,CREMA-D,CREMA-D_043
clip_10718,CREMA-D,CREMA-D_057
clip_10719,CREMA-D,CREMA-D_064
clip_10720,CREMA-D,CREMA-D_023
clip_10721,TESS,TESS_000
clip_10722,CREMA-D,CREMA-D_062
clip_10723,RAVDESS,RAVDESS_009
clip_10724,CREMA-D,CREMA-D_020
clip_10725,TESS,TESS_001
clip_10726,CREMA-D,CREMA-D_004
clip_10727,CREMA-D,CREMA-D_003
clip_10728,UNKNOWN,UNKNOWN_pool
clip_10729,CREMA-D,CREMA-D_064
clip_10731,CREMA-D,CREMA-D_032
clip_10732,CREMA-D,CREMA-D_052
clip_10733,TESS,TESS_001
clip_10734,CREMA-D,CREMA-D_056
clip_10735,CREMA-D,CREMA-D_064
clip_10738,CREMA-D,CREMA-D_042
clip_10740,CREMA-D,CREMA-D_015
clip_10741,CREMA-D,CREMA-D_064
clip_10742,CREMA-D,CREMA-D_052
clip_10746,CREMA-D,CREMA-D_062
clip_10747,TESS,TESS_000
clip_10750,CREMA-D,CREMA-D_034
clip_10752,TESS,TESS_001
clip_10754,CREMA-D,CREMA-D_030
clip_10755,TESS,TESS_001
clip_10756,RAVDESS,RAVDESS_006
clip_10757,CREMA-D,CREMA-D_034
clip_10758,CREMA-D,CREMA-D_016
clip_10759,CREMA-D,CREMA-D_056
clip_10760,CREMA-D,CREMA-D_055
clip_10761,CREMA-D,CREMA-D_054
clip_10762,RAVDESS,RAVDESS_002
clip_10763,CREMA-D,CREMA-D_002
clip_10764,TESS,TESS_001
clip_10765,CREMA-D,CREMA-D_062
clip_10766,TESS,TESS_000
clip_10767,TESS,TESS_000
clip_10768,TESS,TESS_000
clip_10770,TESS,TESS_000
clip_10771,CREMA-D,CREMA-D_052
clip_10772,RAVDESS,RAVDESS_015
clip_10774,TESS,TESS_000
clip_10775,TESS,TESS_000
clip_10776,CREMA-D,CREMA-D_060
clip_10777,CREMA-D,CREMA-D_003
clip_10778,CREMA-D,CREMA-D_068
clip_10779,TESS,TESS_001
clip_10780,RAVDESS,RAVDESS_009
clip_10781,TESS,TESS_000
clip_10782,RAVDESS,RAVDESS_006
clip_10783,CREMA-D,CREMA-D_020
clip_10784,CREMA-D,CREMA-D_065
clip_10785,TESS,TESS_000
clip_10786,TESS,TESS_000
clip_10787,CREMA-D,CREMA-D_066
clip_10793,TESS,TESS_000
clip_10794,TESS,TESS_000
clip_10796,CREMA-D,CREMA-D_065
clip_10797,CREMA-D,CREMA-D_064
clip_10799,CREMA-D,CREMA-D_036
clip_10801,CREMA-D,CREMA-D_028
clip_10802,CREMA-D,CREMA-D_065
clip_10803,CREMA-D,CREMA-D_044
clip_10804,CREMA-D,CREMA-D_027
clip_10805,TESS,TESS_001
clip_10806,RAVDESS,RAVDESS_011
clip_10807,RAVDESS,RAVDESS_012
clip_10808,RAVDESS,RAVDESS_014
clip_10809,RAVDESS,RAVDESS_000
clip_10810,TESS,TESS_000
clip_10813,CREMA-D,CREMA-D_027
clip_10814,CREMA-D,CREMA-D_053
clip_10815,CREMA-D,CREMA-D_033
clip_10816,RAVDESS,RAVDESS_013
clip_10817,CREMA-D,CREMA-D_001
clip_10819,CREMA-D,CREMA-D_055
clip_10820,CREMA-D,CREMA-D_000
clip_10821,CREMA-D,CREMA-D_000
clip_10822,CREMA-D,CREMA-D_044
clip_10823,CREMA-D,CREMA-D_069
clip_10824,CREMA-D,CREMA-D_037
clip_10825,TESS,TESS_000
clip_10826,CREMA-D,CREMA-D_067
clip_10827,CREMA-D,CREMA-D_029
clip_10828,RAVDESS,RAVDESS_013
clip_10829,TESS,TESS_001
clip_10831,CREMA-D,CREMA-D_043
clip_10832,CREMA-D,CREMA-D_055
clip_10833,CREMA-D,CREMA-D_071
clip_10834,CREMA-D,CREMA-D_064
clip_10835,CREMA-D,CREMA-D_069
clip_10836,TESS,TESS_000
clip_10837,CREMA-D,CREMA-D_070
clip_10838,CREMA-D,CREMA-D_004
clip_10839,CREMA-D,CREMA-D_036
clip_10841,TESS,TESS_000
clip_10842,CREMA-D,CREMA-D_019
clip_10843,CREMA-D,CREMA-D_036
clip_10844,CREMA-D,CREMA-D_024
clip_10847,CREMA-D,CREMA-D_008
clip_10848,CREMA-D,CREMA-D_066
clip_10849,CREMA-D,CREMA-D_059
clip_10850,CREMA-D,CREMA-D_040
clip_10851,CREMA-D,CREMA-D_061
clip_10852,CREMA-D,CREMA-D_061
clip_10853,CREMA-D,CREMA-D_037
clip_10854,TESS,TESS_000
clip_10855,CREMA-D,CREMA-D_058
clip_10857,CREMA-D,CREMA-D_031
clip_10858,CREMA-D,CREMA-D_063
clip_10859,CREMA-D,CREMA-D_048
clip_10860,CREMA-D,CREMA-D_057
clip_10861,TESS,TESS_000
clip_10862,CREMA-D,CREMA-D_021
clip_10863,CREMA-D,CREMA-D_065
clip_10864,CREMA-D,CREMA-D_045
clip_10866,TESS,TESS_000
clip_10867,TESS,TESS_000
clip_10868,TESS,TESS_000
clip_10869,TESS,TESS_000
clip_10870,CREMA-D,CREMA-D_045
clip_10871,CREMA-D,CREMA-D_008
clip_10872,TESS,TESS_000
clip_10873,CREMA-D,CREMA-D_040
clip_10874,RAVDESS,RAVDESS_008
clip_10875,TESS,TESS_001
clip_10876,CREMA-D,CREMA-D_050
clip_10877,CREMA-D,CREMA-D_001
clip_10878,TESS,TESS_001
clip_10879,TESS,TESS_000
clip_10880,CREMA-D,CREMA-D_001
clip_10881,TESS,TESS_000
clip_10882,CREMA-D,CREMA-D_017
clip_10883,TESS,TESS_001
clip_10884,CREMA-D,CREMA-D_028
clip_10885,CREMA-D,CREMA-D_050
clip_10888,CREMA-D,CREMA-D_054
clip_10889,RAVDESS,RAVDESS_015
clip_10890,CREMA-D,CREMA-D_069
clip_10891,CREMA-D,CREMA-D_032
clip_10892,CREMA-D,CREMA-D_033
clip_10893,CREMA-D,CREMA-D_008
clip_10895,CREMA-D,CREMA-D_026
clip_10896,CREMA-D,CREMA-D_017
