idx,split,label,dur,sr,ch,subtype
0,train,1,3.5035,16000,1,PCM_16
1,test,-1,2.43575,16000,1,PCM_16
2,train,4,1.968625,16000,1,PCM_16
3,train,3,1.3964375,16000,1,PCM_16
4,train,1,2.035375,16000,1,PCM_16
5,train,4,3.403375,16000,1,PCM_16
6,test,-1,3.103125,16000,1,PCM_16
7,train,2,2.7026875,16000,1,PCM_16
8,train,1,1.8018125,16000,1,PCM_16
9,train,4,2.6693125,16000,1,PCM_16
10,train,0,2.1476875,16000,1,PCM_16
11,train,0,2.0079375,16000,1,PCM_16
12,test,-1,2.902875,16000,1,PCM_16
13,train,4,2.163125,16000,1,PCM_16
14,train,2,2.1354375,16000,1,PCM_16
15,train,0,2.369,16000,1,PCM_16
16,train,3,1.781625,16000,1,PCM_16
17,train,5,1.8356875,16000,1,PCM_16
18,train,0,2.902875,16000,1,PCM_16
19,train,3,1.318875,16000,1,PCM_16
20,train,1,2.43575,16000,1,PCM_16
21,train,4,2.7026875,16000,1,PCM_16
22,train,0,2.2689375,16000,1,PCM_16
23,train,2,2.06875,16000,1,PCM_16
24,train,2,2.535875,16000,1,PCM_16
25,test,-1,2.2689375,16000,1,PCM_16
26,test,-1,2.535875,16000,1,PCM_16
27,train,1,1.8351875,16000,1,PCM_16
28,train,4,2.8028125,16000,1,PCM_16
29,train,4,2.49975,16000,1,PCM_16
30,train,4,2.3356875,16000,1,PCM_16
31,train,1,2.08575,16000,1,PCM_16
32,train,4,2.469125,16000,1,PCM_16
33,train,2,2.6359375,16000,1,PCM_16
34,train,0,2.002,16000,1,PCM_16
35,train,2,1.8018125,16000,1,PCM_16
36,train,0,2.2755625,16000,1,PCM_16
37,test,-1,2.2689375,16000,1,PCM_16
38,train,1,2.602625,16000,1,PCM_16
39,train,0,1.5683125,16000,1,PCM_16
40,test,-1,4.1375,16000,1,PCM_16
41,train,0,2.2689375,16000,1,PCM_16
42,train,3,1.917375,16000,1,PCM_16
43,train,2,2.002,16000,1,PCM_16
44,train,1,2.1688125,16000,1,PCM_16
45,train,5,1.8018125,16000,1,PCM_16
46,train,2,2.3023125,16000,1,PCM_16
47,train,3,2.902875,16000,1,PCM_16
48,train,0,3.57025,16000,1,PCM_16
49,train,1,2.2755625,16000,1,PCM_16
50,train,5,2.2021875,16000,1,PCM_16
51,train,0,2.102125,16000,1,PCM_16
52,train,1,1.5015,16000,1,PCM_16
53,train,0,2.1354375,16000,1,PCM_16
54,test,-1,3.1364375,16000,1,PCM_16
55,train,5,3.5035,16000,1,PCM_16
56,train,3,1.7788125,16000,1,PCM_16
57,train,5,2.06875,16000,1,PCM_16
58,train,4,2.3655,16000,1,PCM_16
59,train,1,2.014,16000,1,PCM_16
60,train,2,2.902875,16000,1,PCM_16
61,train,1,1.8800625,16000,1,PCM_16
62,train,3,2.93625,16000,1,PCM_16
63,train,0,2.469125,16000,1,PCM_16
64,train,1,1.9370625,16000,1,PCM_16
65,test,-1,2.7360625,16000,1,PCM_16
66,test,-1,2.6359375,16000,1,PCM_16
67,train,2,2.2689375,16000,1,PCM_16
68,train,3,3.103125,16000,1,PCM_16
69,train,3,2.56925,16000,1,PCM_16
70,train,3,2.3356875,16000,1,PCM_16
71,train,4,2.6693125,16000,1,PCM_16
72,train,2,3.8038125,16000,1,PCM_16
73,train,1,1.93525,16000,1,PCM_16
74,train,1,1.6683125,16000,1,PCM_16
75,train,0,1.54975,16000,1,PCM_16
76,test,-1,2.969625,16000,1,PCM_16
77,train,5,2.3023125,16000,1,PCM_16
78,train,0,3.003,16000,1,PCM_16
79,train,4,2.56925,16000,1,PCM_16
80,train,5,2.06875,16000,1,PCM_16
81,train,3,2.3356875,16000,1,PCM_16
82,train,4,3.6369375,16000,1,PCM_16
83,test,-1,3.2365625,16000,1,PCM_16
84,train,0,2.7026875,16000,1,PCM_16
85,test,-1,2.43575,16000,1,PCM_16
86,train,1,2.2689375,16000,1,PCM_16
87,train,0,2.602625,16000,1,PCM_16
88,train,5,2.1578125,16000,1,PCM_16
89,train,4,3.2365625,16000,1,PCM_16
90,train,4,3.6703125,16000,1,PCM_16
91,train,1,1.6349375,16000,1,PCM_16
92,train,1,2.2689375,16000,1,PCM_16
93,test,-1,2.402375,16000,1,PCM_16
94,train,0,2.7026875,16000,1,PCM_16
95,train,2,3.6035625,16000,1,PCM_16
96,train,4,2.8361875,16000,1,PCM_16
97,train,1,1.8685,16000,1,PCM_16
98,train,3,1.534875,16000,1,PCM_16
99,train,0,4.8048125,16000,1,PCM_16
100,train,4,2.5025,16000,1,PCM_16
101,train,0,1.5396875,16000,1,PCM_16
102,train,1,2.902875,16000,1,PCM_16
103,test,-1,3.2699375,16000,1,PCM_16
104,train,3,1.8351875,16000,1,PCM_16
105,train,1,1.7696875,16000,1,PCM_16
106,train,1,2.0094375,16000,1,PCM_16
107,train,1,1.94,16000,1,PCM_16
108,train,2,2.6311875,16000,1,PCM_16
109,train,3,1.4420625,16000,1,PCM_16
110,train,5,2.1688125,16000,1,PCM_16
111,train,1,2.5025,16000,1,PCM_16
112,test,-1,2.402375,16000,1,PCM_16
113,train,2,3.57025,16000,1,PCM_16
114,train,4,3.036375,16000,1,PCM_16
115,train,5,2.43575,16000,1,PCM_16
116,train,0,4.2041875,16000,1,PCM_16
117,train,5,2.102125,16000,1,PCM_16
118,train,1,2.602625,16000,1,PCM_16
119,train,3,3.6369375,16000,1,PCM_16
120,train,3,2.43575,16000,1,PCM_16
121,train,1,2.0221875,16000,1,PCM_16
122,train,5,2.1449375,16000,1,PCM_16
123,train,3,1.606875,16000,1,PCM_16
124,train,0,1.93525,16000,1,PCM_16
125,test,-1,2.6359375,16000,1,PCM_16
126,train,4,2.969625,16000,1,PCM_16
127,train,4,3.036375,16000,1,PCM_16
128,train,0,3.036375,16000,1,PCM_16
129,train,1,1.8018125,16000,1,PCM_16
130,train,3,2.93625,16000,1,PCM_16
131,train,3,2.469125,16000,1,PCM_16
132,train,1,2.1688125,16000,1,PCM_16
133,train,3,1.5630625,16000,1,PCM_16
134,test,-1,2.2689375,16000,1,PCM_16
135,train,2,2.4598125,16000,1,PCM_16
136,train,1,1.7684375,16000,1,PCM_16
137,train,0,2.2689375,16000,1,PCM_16
138,train,0,2.56925,16000,1,PCM_16
139,train,2,2.2021875,16000,1,PCM_16
140,test,-1,3.536875,16000,1,PCM_16
141,train,4,2.705125,16000,1,PCM_16
142,train,1,3.470125,16000,1,PCM_16
143,train,4,2.5210625,16000,1,PCM_16
144,train,3,1.8978125,16000,1,PCM_16
145,train,0,2.0710625,16000,1,PCM_16
146,train,2,2.7026875,16000,1,PCM_16
147,train,3,2.3356875,16000,1,PCM_16
148,train,2,2.7694375,16000,1,PCM_16
149,train,5,1.88575,16000,1,PCM_16
150,train,2,2.2355625,16000,1,PCM_16
151,train,1,2.204625,16000,1,PCM_16
152,train,5,2.5025,16000,1,PCM_16
153,train,2,3.903875,16000,1,PCM_16
154,train,4,3.5035,16000,1,PCM_16
155,train,2,2.2755625,16000,1,PCM_16
156,test,-1,2.602625,16000,1,PCM_16
157,train,1,2.3023125,16000,1,PCM_16
158,train,2,3.4034375,16000,1,PCM_16
159,train,4,2.4091875,16000,1,PCM_16
160,train,2,2.4405625,16000,1,PCM_16
161,train,4,2.93625,16000,1,PCM_16
162,train,3,2.3023125,16000,1,PCM_16
163,train,2,2.7360625,16000,1,PCM_16
164,train,1,2.7360625,16000,1,PCM_16
165,train,2,2.7026875,16000,1,PCM_16
166,train,4,3.1698125,16000,1,PCM_16
167,train,2,3.57025,16000,1,PCM_16
168,train,1,1.6349375,16000,1,PCM_16
169,train,4,2.347375,16000,1,PCM_16
170,train,2,2.1918125,16000,1,PCM_16
171,train,1,3.57025,16000,1,PCM_16
172,train,4,2.7360625,16000,1,PCM_16
173,train,1,3.2031875,16000,1,PCM_16
174,train,1,2.7694375,16000,1,PCM_16
175,test,-1,3.2365625,16000,1,PCM_16
176,train,1,2.7360625,16000,1,PCM_16
177,train,2,3.603625,16000,1,PCM_16
178,train,2,3.2365625,16000,1,PCM_16
179,train,5,4.7714375,16000,1,PCM_16
180,train,3,2.7026875,16000,1,PCM_16
181,test,-1,2.535875,16000,1,PCM_16
182,train,4,1.901875,16000,1,PCM_16
183,test,-1,2.3023125,16000,1,PCM_16
184,test,-1,2.535875,16000,1,PCM_16
185,train,1,2.5025,16000,1,PCM_16
186,train,3,1.6720625,16000,1,PCM_16
187,train,0,2.56925,16000,1,PCM_16
188,train,5,2.5025,16000,1,PCM_16
189,train,1,3.903875,16000,1,PCM_16
190,test,-1,2.43575,16000,1,PCM_16
191,train,0,1.4904375,16000,1,PCM_16
192,train,2,2.2755625,16000,1,PCM_16
193,train,5,2.366375,16000,1,PCM_16
194,train,1,2.2755625,16000,1,PCM_16
195,train,3,3.6035625,16000,1,PCM_16
196,train,4,2.1354375,16000,1,PCM_16
197,train,0,2.602625,16000,1,PCM_16
198,test,-1,2.002,16000,1,PCM_16
199,test,-1,3.2031875,16000,1,PCM_16
200,train,3,2.2689375,16000,1,PCM_16
201,train,3,2.6359375,16000,1,PCM_16
202,test,-1,3.2699375,16000,1,PCM_16
203,train,0,4.5045,16000,1,PCM_16
204,test,-1,2.56925,16000,1,PCM_16
205,train,5,2.0540625,16000,1,PCM_16
206,train,1,1.966875,16000,1,PCM_16
207,train,0,3.003,16000,1,PCM_16
208,train,3,3.57025,16000,1,PCM_16
209,train,3,2.3023125,16000,1,PCM_16
210,train,3,2.56925,16000,1,PCM_16
211,train,3,2.3023125,16000,1,PCM_16
212,train,1,3.2699375,16000,1,PCM_16
213,train,3,2.8028125,16000,1,PCM_16
214,test,-1,2.56925,16000,1,PCM_16
215,train,2,3.470125,16000,1,PCM_16
216,train,5,3.403375,16000,1,PCM_16
217,train,2,2.69025,16000,1,PCM_16
218,train,2,4.2709375,16000,1,PCM_16
219,train,4,3.8038125,16000,1,PCM_16
220,train,1,2.6359375,16000,1,PCM_16
221,train,4,2.3116875,16000,1,PCM_16
222,train,5,2.06875,16000,1,PCM_16
223,train,0,1.6733125,16000,1,PCM_16
224,train,0,3.3700625,16000,1,PCM_16
225,train,5,1.9689375,16000,1,PCM_16
226,train,2,2.2476875,16000,1,PCM_16
227,train,3,1.496375,16000,1,PCM_16
228,train,1,2.7026875,16000,1,PCM_16
229,train,0,2.43575,16000,1,PCM_16
230,train,4,2.32175,16000,1,PCM_16
231,train,2,1.6349375,16000,1,PCM_16
232,train,0,3.2699375,16000,1,PCM_16
233,train,2,2.6359375,16000,1,PCM_16
234,train,2,2.6359375,16000,1,PCM_16
235,train,5,1.910375,16000,1,PCM_16
236,train,2,1.7350625,16000,1,PCM_16
237,train,3,1.6716875,16000,1,PCM_16
238,train,2,2.6693125,16000,1,PCM_16
239,test,-1,2.535875,16000,1,PCM_16
240,train,3,2.1688125,16000,1,PCM_16
241,train,4,4.2709375,16000,1,PCM_16
242,train,5,2.1354375,16000,1,PCM_16
243,test,-1,3.2365625,16000,1,PCM_16
244,train,1,1.7016875,16000,1,PCM_16
245,train,0,1.4251875,16000,1,PCM_16
246,train,2,2.8361875,16000,1,PCM_16
247,train,4,2.93625,16000,1,PCM_16
248,train,5,1.7016875,16000,1,PCM_16
249,train,0,2.5025,16000,1,PCM_16
250,train,1,1.8940625,16000,1,PCM_16
251,train,1,2.2755625,16000,1,PCM_16
252,train,3,2.535875,16000,1,PCM_16
253,train,1,2.2021875,16000,1,PCM_16
254,train,4,2.2021875,16000,1,PCM_16
255,train,3,1.6349375,16000,1,PCM_16
256,train,0,1.506875,16000,1,PCM_16
257,train,3,1.968625,16000,1,PCM_16
258,train,1,1.982625,16000,1,PCM_16
259,train,2,3.43675,16000,1,PCM_16
260,test,-1,3.7370625,16000,1,PCM_16
261,test,-1,2.002,16000,1,PCM_16
262,train,1,2.102125,16000,1,PCM_16
263,test,-1,2.2689375,16000,1,PCM_16
264,train,5,3.103125,16000,1,PCM_16
265,train,0,2.2689375,16000,1,PCM_16
266,train,1,2.002,16000,1,PCM_16
267,train,5,3.7704375,16000,1,PCM_16
268,train,5,2.0384375,16000,1,PCM_16
269,train,2,3.103125,16000,1,PCM_16
270,train,2,3.5035,16000,1,PCM_16
271,train,3,3.403375,16000,1,PCM_16
272,train,0,2.1688125,16000,1,PCM_16
273,test,-1,2.06875,16000,1,PCM_16
274,train,4,2.704,16000,1,PCM_16
275,train,4,3.3033125,16000,1,PCM_16
276,train,2,2.45525,16000,1,PCM_16
277,train,0,4.1708125,16000,1,PCM_16
278,train,5,2.102125,16000,1,PCM_16
279,train,5,1.8945625,16000,1,PCM_16
280,train,2,2.206625,16000,1,PCM_16
281,train,0,2.56925,16000,1,PCM_16
282,train,2,3.637,16000,1,PCM_16
283,train,3,2.1354375,16000,1,PCM_16
284,test,-1,3.5035,16000,1,PCM_16
285,train,3,1.93525,16000,1,PCM_16
286,train,1,3.036375,16000,1,PCM_16
287,train,4,2.7360625,16000,1,PCM_16
288,train,4,2.902875,16000,1,PCM_16
289,train,4,3.7370625,16000,1,PCM_16
290,train,5,1.7498125,16000,1,PCM_16
291,train,4,2.8265625,16000,1,PCM_16
292,train,5,2.035375,16000,1,PCM_16
293,train,0,2.535875,16000,1,PCM_16
294,train,4,2.06875,16000,1,PCM_16
295,train,2,3.7036875,16000,1,PCM_16
296,train,0,2.7360625,16000,1,PCM_16
297,train,2,2.0878125,16000,1,PCM_16
298,train,3,3.57025,16000,1,PCM_16
299,train,5,2.2826875,16000,1,PCM_16
300,train,1,3.403375,16000,1,PCM_16
301,train,0,2.035375,16000,1,PCM_16
302,train,5,2.3023125,16000,1,PCM_16
303,train,0,1.6038125,16000,1,PCM_16
304,train,5,2.7694375,16000,1,PCM_16
305,train,5,2.2021875,16000,1,PCM_16
306,test,-1,2.7026875,16000,1,PCM_16
307,train,5,2.3023125,16000,1,PCM_16
308,test,-1,2.2755625,16000,1,PCM_16
309,test,-1,1.7684375,16000,1,PCM_16
310,test,-1,4.1375,16000,1,PCM_16
311,train,4,3.57025,16000,1,PCM_16
312,train,3,3.003,16000,1,PCM_16
313,train,2,2.2235625,16000,1,PCM_16
314,train,3,1.773625,16000,1,PCM_16
315,train,4,4.6713125,16000,1,PCM_16
316,train,1,1.3680625,16000,1,PCM_16
317,train,2,1.8351875,16000,1,PCM_16
318,train,4,2.4100625,16000,1,PCM_16
319,train,4,4.2041875,16000,1,PCM_16
320,train,2,3.103125,16000,1,PCM_16
321,train,1,1.8018125,16000,1,PCM_16
322,train,0,3.5035,16000,1,PCM_16
323,train,3,3.5035,16000,1,PCM_16
324,train,0,2.10275,16000,1,PCM_16
325,train,5,2.3690625,16000,1,PCM_16
326,train,3,4.07075,16000,1,PCM_16
327,test,-1,2.8695,16000,1,PCM_16
328,train,4,3.7036875,16000,1,PCM_16
329,train,3,2.2689375,16000,1,PCM_16
330,train,4,2.3356875,16000,1,PCM_16
331,train,0,1.696125,16000,1,PCM_16
332,train,2,2.8361875,16000,1,PCM_16
333,train,5,1.867625,16000,1,PCM_16
334,train,3,3.37,16000,1,PCM_16
335,train,5,2.8361875,16000,1,PCM_16
336,train,2,2.369,16000,1,PCM_16
337,train,5,2.3023125,16000,1,PCM_16
338,test,-1,2.902875,16000,1,PCM_16
339,train,4,3.903875,16000,1,PCM_16
340,train,3,1.7304375,16000,1,PCM_16
341,train,2,2.7360625,16000,1,PCM_16
342,test,-1,2.56925,16000,1,PCM_16
343,train,3,2.969625,16000,1,PCM_16
344,train,4,2.56925,16000,1,PCM_16
345,train,3,1.557375,16000,1,PCM_16
346,train,0,1.7016875,16000,1,PCM_16
347,test,-1,3.57025,16000,1,PCM_16
348,train,2,2.1688125,16000,1,PCM_16
349,train,3,2.8361875,16000,1,PCM_16
350,train,0,3.3033125,16000,1,PCM_16
351,train,2,2.2755625,16000,1,PCM_16
352,train,0,2.56925,16000,1,PCM_16
353,train,5,2.252,16000,1,PCM_16
354,train,2,3.93725,16000,1,PCM_16
355,train,5,2.063125,16000,1,PCM_16
356,train,1,2.43575,16000,1,PCM_16
357,train,2,2.70475,16000,1,PCM_16
358,train,3,1.8429375,16000,1,PCM_16
359,test,-1,2.369,16000,1,PCM_16
360,test,-1,3.7370625,16000,1,PCM_16
361,train,0,2.369,16000,1,PCM_16
362,train,0,2.56925,16000,1,PCM_16
363,train,3,2.6359375,16000,1,PCM_16
364,train,1,2.0251875,16000,1,PCM_16
365,train,3,2.602625,16000,1,PCM_16
366,train,1,2.8695,16000,1,PCM_16
367,train,1,2.402375,16000,1,PCM_16
368,train,0,2.5025,16000,1,PCM_16
369,test,-1,2.369,16000,1,PCM_16
370,train,5,2.469125,16000,1,PCM_16
371,train,0,2.3023125,16000,1,PCM_16
372,train,0,3.06975,16000,1,PCM_16
373,train,5,2.43575,16000,1,PCM_16
374,train,0,2.402375,16000,1,PCM_16
375,train,2,3.1364375,16000,1,PCM_16
376,train,4,3.003,16000,1,PCM_16
377,train,0,3.8705625,16000,1,PCM_16
378,train,0,2.7026875,16000,1,PCM_16
379,test,-1,2.7360625,16000,1,PCM_16
380,train,5,2.1481875,16000,1,PCM_16
381,train,0,3.470125,16000,1,PCM_16
382,train,5,2.102125,16000,1,PCM_16
383,train,0,2.43575,16000,1,PCM_16
384,test,-1,3.1698125,16000,1,PCM_16
385,test,-1,1.901875,16000,1,PCM_16
386,train,3,2.969625,16000,1,PCM_16
387,test,-1,2.06875,16000,1,PCM_16
388,train,2,2.5369375,16000,1,PCM_16
389,train,5,2.3023125,16000,1,PCM_16
390,train,2,2.1688125,16000,1,PCM_16
391,train,1,3.2031875,16000,1,PCM_16
392,train,3,2.002,16000,1,PCM_16
393,train,5,2.43575,16000,1,PCM_16
394,train,1,2.06875,16000,1,PCM_16
395,train,1,2.0175625,16000,1,PCM_16
396,train,4,3.003,16000,1,PCM_16
397,test,-1,2.469125,16000,1,PCM_16
398,train,1,2.43575,16000,1,PCM_16
399,test,-1,3.3033125,16000,1,PCM_16
400,test,-1,2.6359375,16000,1,PCM_16
401,train,5,2.0623125,16000,1,PCM_16
402,train,3,2.7694375,16000,1,PCM_16
403,train,3,2.602625,16000,1,PCM_16
404,test,-1,2.56925,16000,1,PCM_16
405,train,3,1.7430625,16000,1,PCM_16
406,train,3,2.3690625,16000,1,PCM_16
407,train,2,2.508125,16000,1,PCM_16
408,train,4,2.7694375,16000,1,PCM_16
409,test,-1,3.6369375,16000,1,PCM_16
410,train,5,1.968625,16000,1,PCM_16
411,train,0,3.536875,16000,1,PCM_16
412,train,5,2.081125,16000,1,PCM_16
413,train,5,2.3023125,16000,1,PCM_16
414,train,1,2.1688125,16000,1,PCM_16
415,test,-1,1.8685,16000,1,PCM_16
416,train,3,1.901875,16000,1,PCM_16
417,train,2,2.236375,16000,1,PCM_16
418,train,1,2.002,16000,1,PCM_16
419,train,0,3.1364375,16000,1,PCM_16
420,train,3,1.5433125,16000,1,PCM_16
421,train,3,5.005,16000,1,PCM_16
422,train,3,1.7224375,16000,1,PCM_16
423,train,4,2.2778125,16000,1,PCM_16
424,train,2,2.1931875,16000,1,PCM_16
425,train,5,2.3356875,16000,1,PCM_16
426,train,2,2.365375,16000,1,PCM_16
427,train,1,1.968625,16000,1,PCM_16
428,train,1,1.9738125,16000,1,PCM_16
429,train,3,2.43575,16000,1,PCM_16
430,train,5,1.8351875,16000,1,PCM_16
431,test,-1,2.7026875,16000,1,PCM_16
432,train,0,2.7026875,16000,1,PCM_16
433,train,4,2.369,16000,1,PCM_16
434,train,5,2.1429375,16000,1,PCM_16
435,train,5,2.2689375,16000,1,PCM_16
436,train,0,2.469125,16000,1,PCM_16
437,train,2,1.6683125,16000,1,PCM_16
438,train,2,4.2041875,16000,1,PCM_16
439,train,3,2.2355625,16000,1,PCM_16
440,train,3,2.3690625,16000,1,PCM_16
441,train,1,2.06875,16000,1,PCM_16
442,test,-1,2.2021875,16000,1,PCM_16
443,train,3,1.72875,16000,1,PCM_16
444,train,1,1.8685,16000,1,PCM_16
445,train,5,2.3023125,16000,1,PCM_16
446,train,4,2.402375,16000,1,PCM_16
447,test,-1,2.2021875,16000,1,PCM_16
448,train,4,2.43575,16000,1,PCM_16
449,train,1,1.8744375,16000,1,PCM_16
450,train,3,3.06975,16000,1,PCM_16
451,train,3,2.469125,16000,1,PCM_16
452,train,0,3.903875,16000,1,PCM_16
453,train,4,4.1374375,16000,1,PCM_16
454,train,5,2.43575,16000,1,PCM_16
455,train,5,1.93525,16000,1,PCM_16
456,train,0,4.1375,16000,1,PCM_16
457,train,0,1.585625,16000,1,PCM_16
458,train,2,2.5025,16000,1,PCM_16
459,train,4,1.7016875,16000,1,PCM_16
460,train,5,2.1688125,16000,1,PCM_16
461,train,1,3.43675,16000,1,PCM_16
462,train,4,2.6693125,16000,1,PCM_16
463,test,-1,2.535875,16000,1,PCM_16
464,train,1,2.469125,16000,1,PCM_16
465,train,2,2.2535625,16000,1,PCM_16
466,train,3,2.43575,16000,1,PCM_16
467,train,0,2.06875,16000,1,PCM_16
468,train,5,2.0174375,16000,1,PCM_16
469,train,2,2.8695625,16000,1,PCM_16
470,train,3,2.035375,16000,1,PCM_16
471,train,0,2.1844375,16000,1,PCM_16
472,train,0,3.003,16000,1,PCM_16
473,train,0,2.2021875,16000,1,PCM_16
474,test,-1,2.8028125,16000,1,PCM_16
475,test,-1,3.43675,16000,1,PCM_16
476,train,4,2.2755625,16000,1,PCM_16
477,train,2,2.769375,16000,1,PCM_16
478,train,4,2.535875,16000,1,PCM_16
479,train,0,2.8028125,16000,1,PCM_16
480,train,1,2.035375,16000,1,PCM_16
481,train,5,2.3356875,16000,1,PCM_16
482,train,0,2.8028125,16000,1,PCM_16
483,train,1,2.011625,16000,1,PCM_16
484,train,4,2.035375,16000,1,PCM_16
485,train,1,2.3356875,16000,1,PCM_16
486,train,2,2.3023125,16000,1,PCM_16
487,train,0,1.92425,16000,1,PCM_16
488,train,1,3.536875,16000,1,PCM_16
489,train,5,2.602625,16000,1,PCM_16
490,train,0,2.7360625,16000,1,PCM_16
491,test,-1,1.8351875,16000,1,PCM_16
492,train,4,2.2689375,16000,1,PCM_16
493,train,1,2.6359375,16000,1,PCM_16
494,train,4,2.93625,16000,1,PCM_16
495,train,2,2.602625,16000,1,PCM_16
496,train,4,2.402375,16000,1,PCM_16
497,train,2,2.43575,16000,1,PCM_16
498,train,4,2.7635625,16000,1,PCM_16
499,train,1,2.19375,16000,1,PCM_16
500,train,0,2.7360625,16000,1,PCM_16
501,train,5,2.602625,16000,1,PCM_16
502,train,3,1.6683125,16000,1,PCM_16
503,train,0,3.6703125,16000,1,PCM_16
504,train,3,2.93625,16000,1,PCM_16
505,train,1,1.901875,16000,1,PCM_16
506,train,2,2.6693125,16000,1,PCM_16
507,train,5,2.053375,16000,1,PCM_16
508,train,4,3.603625,16000,1,PCM_16
509,train,4,2.6693125,16000,1,PCM_16
510,train,5,1.969625,16000,1,PCM_16
511,train,2,2.5915,16000,1,PCM_16
512,train,4,3.3033125,16000,1,PCM_16
513,train,2,1.968625,16000,1,PCM_16
514,train,4,2.7026875,16000,1,PCM_16
515,train,3,2.035375,16000,1,PCM_16
516,train,4,2.93625,16000,1,PCM_16
517,test,-1,2.1354375,16000,1,PCM_16
518,train,4,2.2290625,16000,1,PCM_16
519,train,4,2.035375,16000,1,PCM_16
520,test,-1,2.6693125,16000,1,PCM_16
521,train,5,4.3710625,16000,1,PCM_16
522,test,-1,3.536875,16000,1,PCM_16
523,train,3,2.3023125,16000,1,PCM_16
524,train,1,2.1688125,16000,1,PCM_16
525,train,4,1.7350625,16000,1,PCM_16
526,train,4,2.93625,16000,1,PCM_16
527,train,0,2.1525,16000,1,PCM_16
528,train,2,1.8351875,16000,1,PCM_16
529,train,3,1.8685,16000,1,PCM_16
530,train,1,2.2689375,16000,1,PCM_16
531,train,3,1.6813125,16000,1,PCM_16
532,train,3,3.403375,16000,1,PCM_16
533,test,-1,2.2355625,16000,1,PCM_16
534,train,4,2.3023125,16000,1,PCM_16
535,train,0,1.8046875,16000,1,PCM_16
536,train,3,1.6945,16000,1,PCM_16
537,train,0,2.8361875,16000,1,PCM_16
538,train,4,2.3633125,16000,1,PCM_16
539,train,1,1.75225,16000,1,PCM_16
540,train,0,3.43675,16000,1,PCM_16
541,train,5,2.088375,16000,1,PCM_16
542,train,5,2.602625,16000,1,PCM_16
543,train,1,1.935375,16000,1,PCM_16
544,train,4,2.514125,16000,1,PCM_16
545,train,4,2.4210625,16000,1,PCM_16
546,train,1,1.8573125,16000,1,PCM_16
547,train,1,2.102125,16000,1,PCM_16
548,train,0,1.901875,16000,1,PCM_16
549,test,-1,2.602625,16000,1,PCM_16
550,train,4,2.4826875,16000,1,PCM_16
551,train,2,2.5050625,16000,1,PCM_16
552,train,0,2.2179375,16000,1,PCM_16
553,train,0,2.0381875,16000,1,PCM_16
554,train,2,3.7704375,16000,1,PCM_16
555,train,3,2.535875,16000,1,PCM_16
556,train,2,2.439125,16000,1,PCM_16
557,test,-1,3.603625,16000,1,PCM_16
558,train,1,3.036375,16000,1,PCM_16
559,train,3,2.8695,16000,1,PCM_16
560,train,0,1.8671875,16000,1,PCM_16
561,train,0,3.6369375,16000,1,PCM_16
562,train,1,1.7920625,16000,1,PCM_16
563,train,2,3.2365625,16000,1,PCM_16
564,test,-1,2.6693125,16000,1,PCM_16
565,test,-1,2.5025,16000,1,PCM_16
566,train,2,2.7694375,16000,1,PCM_16
567,train,1,2.469125,16000,1,PCM_16
568,train,3,2.8361875,16000,1,PCM_16
569,test,-1,3.6035625,16000,1,PCM_16
570,train,5,1.94425,16000,1,PCM_16
571,train,5,2.7026875,16000,1,PCM_16
572,train,4,3.970625,16000,1,PCM_16
573,train,0,1.6295,16000,1,PCM_16
574,train,5,2.0514375,16000,1,PCM_16
575,train,3,2.8028125,16000,1,PCM_16
576,train,5,2.7694375,16000,1,PCM_16
577,test,-1,3.1698125,16000,1,PCM_16
578,train,2,2.469125,16000,1,PCM_16
579,train,2,3.6703125,16000,1,PCM_16
580,train,1,1.7684375,16000,1,PCM_16
581,train,2,2.2355625,16000,1,PCM_16
582,train,1,1.7350625,16000,1,PCM_16
583,train,1,2.2355,16000,1,PCM_16
584,train,3,3.5035,16000,1,PCM_16
585,test,-1,3.1364375,16000,1,PCM_16
586,train,3,2.035375,16000,1,PCM_16
587,train,1,1.7684375,16000,1,PCM_16
588,train,4,3.103125,16000,1,PCM_16
589,train,5,2.097875,16000,1,PCM_16
590,train,1,3.470125,16000,1,PCM_16
591,test,-1,1.8685,16000,1,PCM_16
592,train,0,3.7036875,16000,1,PCM_16
593,train,3,3.8371875,16000,1,PCM_16
594,train,3,2.7694375,16000,1,PCM_16
595,test,-1,2.8695625,16000,1,PCM_16
596,train,1,2.1688125,16000,1,PCM_16
597,train,2,2.3059375,16000,1,PCM_16
598,train,4,3.003,16000,1,PCM_16
599,train,4,3.43675,16000,1,PCM_16
600,train,4,2.4065625,16000,1,PCM_16
601,test,-1,2.43575,16000,1,PCM_16
602,test,-1,2.369,16000,1,PCM_16
603,train,3,2.3356875,16000,1,PCM_16
604,train,2,2.535875,16000,1,PCM_16
605,train,2,2.4645625,16000,1,PCM_16
606,train,2,3.003,16000,1,PCM_16
607,train,2,2.1776875,16000,1,PCM_16
608,train,5,1.9820625,16000,1,PCM_16
609,train,4,2.035375,16000,1,PCM_16
610,train,3,2.7026875,16000,1,PCM_16
611,train,2,2.369,16000,1,PCM_16
612,train,5,3.1365,16000,1,PCM_16
613,train,1,1.7684375,16000,1,PCM_16
614,train,5,1.8018125,16000,1,PCM_16
615,train,4,2.2755625,16000,1,PCM_16
616,train,2,2.4686875,16000,1,PCM_16
617,train,4,2.56925,16000,1,PCM_16
618,train,1,2.03475,16000,1,PCM_16
619,train,5,1.968625,16000,1,PCM_16
620,train,0,2.7026875,16000,1,PCM_16
621,test,-1,3.103125,16000,1,PCM_16
622,train,2,2.523625,16000,1,PCM_16
623,train,4,3.2699375,16000,1,PCM_16
624,train,0,2.1354375,16000,1,PCM_16
625,train,4,2.969625,16000,1,PCM_16
626,train,5,2.3023125,16000,1,PCM_16
627,train,0,2.7026875,16000,1,PCM_16
628,train,2,2.1843125,16000,1,PCM_16
629,train,3,2.002,16000,1,PCM_16
630,train,5,2.369,16000,1,PCM_16
631,test,-1,2.469125,16000,1,PCM_16
632,train,5,2.56925,16000,1,PCM_16
633,train,2,2.902875,16000,1,PCM_16
634,train,1,1.89475,16000,1,PCM_16
635,test,-1,2.8028125,16000,1,PCM_16
636,train,2,2.1688125,16000,1,PCM_16
637,train,4,2.5025,16000,1,PCM_16
638,train,3,2.1354375,16000,1,PCM_16
639,train,2,3.2031875,16000,1,PCM_16
640,train,0,2.602625,16000,1,PCM_16
641,train,3,3.2365625,16000,1,PCM_16
642,train,4,2.7360625,16000,1,PCM_16
643,train,2,3.6369375,16000,1,PCM_16
644,test,-1,2.7026875,16000,1,PCM_16
645,train,4,2.7534375,16000,1,PCM_16
646,test,-1,1.7350625,16000,1,PCM_16
647,test,-1,3.2031875,16000,1,PCM_16
648,train,1,3.8705625,16000,1,PCM_16
649,train,1,3.93725,16000,1,PCM_16
650,train,0,3.103125,16000,1,PCM_16
651,test,-1,2.2021875,16000,1,PCM_16
652,train,4,2.1688125,16000,1,PCM_16
653,train,2,2.002,16000,1,PCM_16
654,train,1,2.112375,16000,1,PCM_16
655,train,5,3.3366875,16000,1,PCM_16
656,train,2,2.3845,16000,1,PCM_16
657,train,0,2.402375,16000,1,PCM_16
658,train,5,2.6693125,16000,1,PCM_16
659,train,2,1.8685625,16000,1,PCM_16
660,test,-1,3.103125,16000,1,PCM_16
661,train,0,1.6628125,16000,1,PCM_16
662,train,2,2.6359375,16000,1,PCM_16
663,train,5,2.7360625,16000,1,PCM_16
664,train,5,3.8038125,16000,1,PCM_16
665,train,3,3.603625,16000,1,PCM_16
666,train,5,1.9786875,16000,1,PCM_16
667,train,1,1.8603125,16000,1,PCM_16
668,train,0,2.7360625,16000,1,PCM_16
669,test,-1,3.06975,16000,1,PCM_16
670,train,3,2.6693125,16000,1,PCM_16
671,train,3,1.5015,16000,1,PCM_16
672,train,5,2.3023125,16000,1,PCM_16
673,train,1,2.000375,16000,1,PCM_16
674,train,3,2.1688125,16000,1,PCM_16
675,train,2,3.57025,16000,1,PCM_16
676,test,-1,2.1688125,16000,1,PCM_16
677,train,2,2.469125,16000,1,PCM_16
678,train,3,2.602625,16000,1,PCM_16
679,train,2,2.28325,16000,1,PCM_16
680,train,5,2.469125,16000,1,PCM_16
681,train,4,4.07075,16000,1,PCM_16
682,train,3,2.3023125,16000,1,PCM_16
683,train,2,2.432125,16000,1,PCM_16
684,train,2,2.56925,16000,1,PCM_16
685,train,0,1.652625,16000,1,PCM_16
686,test,-1,1.7684375,16000,1,PCM_16
687,train,1,2.006,16000,1,PCM_16
688,train,0,1.56825,16000,1,PCM_16
689,train,3,3.37,16000,1,PCM_16
690,train,3,1.6769375,16000,1,PCM_16
691,train,0,2.06875,16000,1,PCM_16
692,test,-1,3.003,16000,1,PCM_16
693,train,1,2.535875,16000,1,PCM_16
694,train,2,2.902875,16000,1,PCM_16
695,test,-1,2.1688125,16000,1,PCM_16
696,train,3,3.3033125,16000,1,PCM_16
697,test,-1,2.1688125,16000,1,PCM_16
698,train,1,1.8018125,16000,1,PCM_16
699,train,2,2.1511875,16000,1,PCM_16
700,train,1,2.3356875,16000,1,PCM_16
701,train,5,2.535875,16000,1,PCM_16
702,train,1,2.1688125,16000,1,PCM_16
703,train,3,1.883,16000,1,PCM_16
704,train,2,3.57025,16000,1,PCM_16
705,train,1,3.43675,16000,1,PCM_16
706,train,0,2.56925,16000,1,PCM_16
707,train,0,2.102125,16000,1,PCM_16
708,test,-1,2.06875,16000,1,PCM_16
709,train,1,2.2755625,16000,1,PCM_16
710,train,3,2.5025,16000,1,PCM_16
711,train,2,3.637,16000,1,PCM_16
712,train,4,2.3023125,16000,1,PCM_16
713,train,5,1.967,16000,1,PCM_16
714,train,2,2.3023125,16000,1,PCM_16
715,train,2,2.969625,16000,1,PCM_16
716,train,2,2.3245625,16000,1,PCM_16
717,train,5,2.3023125,16000,1,PCM_16
718,test,-1,2.969625,16000,1,PCM_16
719,train,1,1.8259375,16000,1,PCM_16
720,test,-1,1.8685,16000,1,PCM_16
721,train,2,2.6693125,16000,1,PCM_16
722,train,1,3.970625,16000,1,PCM_16
723,test,-1,2.5025,16000,1,PCM_16
724,test,-1,2.369,16000,1,PCM_16
725,train,1,2.035375,16000,1,PCM_16
726,train,1,3.2365625,16000,1,PCM_16
727,train,1,1.8018125,16000,1,PCM_16
728,train,2,2.469125,16000,1,PCM_16
729,train,0,2.1310625,16000,1,PCM_16
730,train,0,1.7656875,16000,1,PCM_16
731,train,2,3.1364375,16000,1,PCM_16
732,train,1,2.1688125,16000,1,PCM_16
733,train,3,3.1364375,16000,1,PCM_16
734,test,-1,2.6693125,16000,1,PCM_16
735,train,2,2.7026875,16000,1,PCM_16
736,test,-1,3.93725,16000,1,PCM_16
737,train,2,2.369,16000,1,PCM_16
738,train,3,1.4215,16000,1,PCM_16
739,train,5,2.1615625,16000,1,PCM_16
740,train,2,2.4883125,16000,1,PCM_16
741,train,4,1.968625,16000,1,PCM_16
742,train,3,2.7694375,16000,1,PCM_16
743,train,0,2.3356875,16000,1,PCM_16
744,train,3,2.7694375,16000,1,PCM_16
745,test,-1,2.1354375,16000,1,PCM_16
746,train,3,2.902875,16000,1,PCM_16
747,train,4,2.2674375,16000,1,PCM_16
748,train,2,3.470125,16000,1,PCM_16
749,train,0,2.535875,16000,1,PCM_16
750,train,2,2.5121875,16000,1,PCM_16
751,train,4,1.901875,16000,1,PCM_16
752,train,1,2.969625,16000,1,PCM_16
753,test,-1,2.7694375,16000,1,PCM_16
754,train,3,1.545375,16000,1,PCM_16
755,train,0,2.56925,16000,1,PCM_16
756,train,4,2.5080625,16000,1,PCM_16
757,train,5,1.8690625,16000,1,PCM_16
758,train,0,2.43575,16000,1,PCM_16
759,train,1,2.8695,16000,1,PCM_16
760,train,1,2.6359375,16000,1,PCM_16
761,train,0,2.7026875,16000,1,PCM_16
762,train,5,2.3023125,16000,1,PCM_16
763,test,-1,4.3043125,16000,1,PCM_16
764,train,3,2.1354375,16000,1,PCM_16
765,train,1,2.06875,16000,1,PCM_16
766,train,4,3.33275,16000,1,PCM_16
767,train,0,1.5933125,16000,1,PCM_16
768,test,-1,2.3356875,16000,1,PCM_16
769,train,3,1.901875,16000,1,PCM_16
770,train,5,2.2755625,16000,1,PCM_16
771,train,1,2.7360625,16000,1,PCM_16
772,test,-1,2.6693125,16000,1,PCM_16
773,train,4,2.1739375,16000,1,PCM_16
774,train,2,3.2699375,16000,1,PCM_16
775,train,1,1.9680625,16000,1,PCM_16
776,train,1,1.968625,16000,1,PCM_16
777,train,1,2.5025,16000,1,PCM_16
778,test,-1,3.536875,16000,1,PCM_16
779,test,-1,2.535875,16000,1,PCM_16
780,test,-1,2.56925,16000,1,PCM_16
781,train,2,2.93625,16000,1,PCM_16
782,train,1,2.107875,16000,1,PCM_16
783,train,5,2.1688125,16000,1,PCM_16
784,train,4,2.56925,16000,1,PCM_16
785,train,3,1.699125,16000,1,PCM_16
786,train,4,2.402375,16000,1,PCM_16
787,train,5,2.2826875,16000,1,PCM_16
788,train,0,2.535875,16000,1,PCM_16
789,train,3,2.2021875,16000,1,PCM_16
790,train,1,1.813375,16000,1,PCM_16
791,train,5,2.3023125,16000,1,PCM_16
792,train,1,1.6349375,16000,1,PCM_16
793,train,4,4.2709375,16000,1,PCM_16
794,train,3,3.37,16000,1,PCM_16
795,train,5,2.2969375,16000,1,PCM_16
796,train,1,1.7350625,16000,1,PCM_16
797,train,1,1.8351875,16000,1,PCM_16
798,train,1,2.7026875,16000,1,PCM_16
799,train,1,2.2826875,16000,1,PCM_16
800,train,3,3.2031875,16000,1,PCM_16
801,train,1,2.1445,16000,1,PCM_16
802,test,-1,2.369,16000,1,PCM_16
803,train,1,1.8685625,16000,1,PCM_16
804,train,1,2.2689375,16000,1,PCM_16
805,train,5,2.602625,16000,1,PCM_16
806,train,4,2.276875,16000,1,PCM_16
807,train,3,3.3033125,16000,1,PCM_16
808,train,1,3.403375,16000,1,PCM_16
809,train,5,1.8935625,16000,1,PCM_16
810,train,4,2.969625,16000,1,PCM_16
811,train,2,2.1354375,16000,1,PCM_16
812,train,0,3.3033125,16000,1,PCM_16
813,train,2,2.8695,16000,1,PCM_16
814,train,1,2.2689375,16000,1,PCM_16
815,train,3,3.603625,16000,1,PCM_16
816,train,5,2.109375,16000,1,PCM_16
817,train,2,2.2826875,16000,1,PCM_16
818,train,1,2.969625,16000,1,PCM_16
819,train,0,3.403375,16000,1,PCM_16
820,train,3,2.93625,16000,1,PCM_16
821,test,-1,2.602625,16000,1,PCM_16
822,train,5,2.1354375,16000,1,PCM_16
823,train,4,2.7360625,16000,1,PCM_16
824,train,4,2.8028125,16000,1,PCM_16
825,train,3,4.2375625,16000,1,PCM_16
826,train,5,2.3023125,16000,1,PCM_16
827,train,3,2.469125,16000,1,PCM_16
828,train,0,2.7026875,16000,1,PCM_16
829,train,2,2.8361875,16000,1,PCM_16
830,train,4,3.603625,16000,1,PCM_16
831,test,-1,2.3356875,16000,1,PCM_16
832,train,4,2.3110625,16000,1,PCM_16
833,train,2,2.969625,16000,1,PCM_16
834,test,-1,2.1354375,16000,1,PCM_16
835,train,4,1.8685,16000,1,PCM_16
836,train,1,2.2755625,16000,1,PCM_16
837,train,3,2.8695625,16000,1,PCM_16
838,train,4,3.7036875,16000,1,PCM_16
839,train,3,2.035375,16000,1,PCM_16
840,test,-1,2.535875,16000,1,PCM_16
841,train,3,1.460625,16000,1,PCM_16
842,train,0,3.7704375,16000,1,PCM_16
843,train,3,1.7751875,16000,1,PCM_16
844,test,-1,2.8361875,16000,1,PCM_16
845,train,3,1.93525,16000,1,PCM_16
846,train,3,3.57025,16000,1,PCM_16
847,train,0,2.2021875,16000,1,PCM_16
848,test,-1,2.8695,16000,1,PCM_16
849,train,1,2.56925,16000,1,PCM_16
850,train,4,2.5025,16000,1,PCM_16
851,train,3,3.7704375,16000,1,PCM_16
852,train,5,2.06875,16000,1,PCM_16
853,train,2,1.7016875,16000,1,PCM_16
854,train,2,2.06875,16000,1,PCM_16
855,train,0,3.06975,16000,1,PCM_16
856,test,-1,2.469125,16000,1,PCM_16
857,test,-1,2.2755625,16000,1,PCM_16
858,train,0,2.902875,16000,1,PCM_16
859,train,0,2.092375,16000,1,PCM_16
860,train,4,4.104125,16000,1,PCM_16
861,train,1,2.1185625,16000,1,PCM_16
862,train,3,2.1688125,16000,1,PCM_16
863,train,5,2.43575,16000,1,PCM_16
864,train,1,2.6693125,16000,1,PCM_16
865,test,-1,1.6683125,16000,1,PCM_16
866,train,1,1.852,16000,1,PCM_16
867,train,2,2.402375,16000,1,PCM_16
868,train,3,3.603625,16000,1,PCM_16
869,train,1,2.0573125,16000,1,PCM_16
870,train,1,1.8685625,16000,1,PCM_16
871,train,4,2.2689375,16000,1,PCM_16
872,train,2,2.402375,16000,1,PCM_16
873,train,0,2.402375,16000,1,PCM_16
874,train,1,2.037,16000,1,PCM_16
875,train,5,2.8361875,16000,1,PCM_16
876,train,1,3.5035,16000,1,PCM_16
877,train,1,2.5025,16000,1,PCM_16
878,train,1,2.035375,16000,1,PCM_16
879,train,2,2.902875,16000,1,PCM_16
880,train,4,2.8028125,16000,1,PCM_16
881,train,5,2.5025,16000,1,PCM_16
882,train,2,2.3268125,16000,1,PCM_16
883,train,1,2.93625,16000,1,PCM_16
884,train,4,2.5608125,16000,1,PCM_16
885,train,2,1.93525,16000,1,PCM_16
886,train,3,2.902875,16000,1,PCM_16
887,train,2,2.5779375,16000,1,PCM_16
888,train,4,2.6693125,16000,1,PCM_16
889,train,2,2.588625,16000,1,PCM_16
890,train,0,1.7206875,16000,1,PCM_16
891,train,0,1.6683125,16000,1,PCM_16
892,train,5,2.1169375,16000,1,PCM_16
893,train,5,2.1625,16000,1,PCM_16
894,test,-1,2.1688125,16000,1,PCM_16
895,train,1,1.6683125,16000,1,PCM_16
896,train,2,2.726375,16000,1,PCM_16
897,train,2,1.8018125,16000,1,PCM_16
898,train,2,2.8695,16000,1,PCM_16
899,train,2,2.515875,16000,1,PCM_16
900,train,2,2.8028125,16000,1,PCM_16
901,train,5,2.1458125,16000,1,PCM_16
902,test,-1,2.06875,16000,1,PCM_16
903,train,3,1.716875,16000,1,PCM_16
904,train,0,3.036375,16000,1,PCM_16
905,train,2,2.9848125,16000,1,PCM_16
906,train,0,2.93625,16000,1,PCM_16
907,train,2,1.8018125,16000,1,PCM_16
908,train,3,2.602625,16000,1,PCM_16
909,train,2,3.8371875,16000,1,PCM_16
910,train,3,3.37,16000,1,PCM_16
911,train,5,3.603625,16000,1,PCM_16
912,train,3,3.6703125,16000,1,PCM_16
913,train,4,2.43575,16000,1,PCM_16
914,train,5,2.2021875,16000,1,PCM_16
915,train,3,2.602625,16000,1,PCM_16
916,train,4,2.06875,16000,1,PCM_16
917,train,3,2.2021875,16000,1,PCM_16
918,train,0,2.369,16000,1,PCM_16
919,train,5,3.036375,16000,1,PCM_16
920,train,0,3.7036875,16000,1,PCM_16
921,train,4,2.6693125,16000,1,PCM_16
922,train,3,2.535875,16000,1,PCM_16
923,train,5,2.1354375,16000,1,PCM_16
924,train,2,2.4241875,16000,1,PCM_16
925,train,1,3.970625,16000,1,PCM_16
926,train,4,3.536875,16000,1,PCM_16
927,train,4,2.3023125,16000,1,PCM_16
928,train,2,1.93525,16000,1,PCM_16
929,train,3,2.43575,16000,1,PCM_16
930,train,0,2.369,16000,1,PCM_16
931,train,2,2.6124375,16000,1,PCM_16
932,train,1,2.002,16000,1,PCM_16
933,train,2,2.38375,16000,1,PCM_16
934,train,0,3.43675,16000,1,PCM_16
935,test,-1,2.2755625,16000,1,PCM_16
936,train,2,3.5035,16000,1,PCM_16
937,train,1,2.3690625,16000,1,PCM_16
938,test,-1,1.901875,16000,1,PCM_16
939,train,4,2.6359375,16000,1,PCM_16
940,train,0,1.9968125,16000,1,PCM_16
941,train,0,1.52875,16000,1,PCM_16
942,test,-1,2.2826875,16000,1,PCM_16
943,test,-1,2.5025,16000,1,PCM_16
944,train,1,3.470125,16000,1,PCM_16
945,train,3,3.3700625,16000,1,PCM_16
946,train,3,1.4535625,16000,1,PCM_16
947,train,5,2.2021875,16000,1,PCM_16
948,train,4,2.43575,16000,1,PCM_16
949,train,1,2.3023125,16000,1,PCM_16
950,train,3,2.2755625,16000,1,PCM_16
951,train,5,2.3690625,16000,1,PCM_16
952,train,0,2.0266875,16000,1,PCM_16
953,train,0,2.7026875,16000,1,PCM_16
954,train,0,2.6359375,16000,1,PCM_16
955,test,-1,3.1364375,16000,1,PCM_16
956,test,-1,2.56925,16000,1,PCM_16
957,train,1,1.9075625,16000,1,PCM_16
958,train,5,2.1688125,16000,1,PCM_16
959,train,2,2.215125,16000,1,PCM_16
960,train,2,2.2355625,16000,1,PCM_16
961,train,0,2.1688125,16000,1,PCM_16
962,train,0,2.7694375,16000,1,PCM_16
963,test,-1,3.6703125,16000,1,PCM_16
964,train,0,2.1354375,16000,1,PCM_16
965,train,2,3.93725,16000,1,PCM_16
966,train,5,3.43675,16000,1,PCM_16
967,train,4,2.402375,16000,1,PCM_16
968,train,1,3.470125,16000,1,PCM_16
969,train,0,2.1354375,16000,1,PCM_16
970,train,4,3.06975,16000,1,PCM_16
971,train,5,1.84975,16000,1,PCM_16
972,train,5,2.56925,16000,1,PCM_16
973,train,3,3.036375,16000,1,PCM_16
974,train,3,1.673,16000,1,PCM_16
975,train,1,2.469125,16000,1,PCM_16
976,train,3,2.902875,16000,1,PCM_16
977,train,1,2.535875,16000,1,PCM_16
978,train,1,2.06875,16000,1,PCM_16
979,train,1,2.469125,16000,1,PCM_16
980,train,0,2.93625,16000,1,PCM_16
981,train,5,2.06875,16000,1,PCM_16
982,train,0,1.93525,16000,1,PCM_16
983,train,2,2.3893125,16000,1,PCM_16
984,train,2,2.1688125,16000,1,PCM_16
985,train,4,2.274125,16000,1,PCM_16
986,train,0,2.402375,16000,1,PCM_16
987,train,0,2.0323125,16000,1,PCM_16
988,train,1,2.7694375,16000,1,PCM_16
989,train,4,3.3033125,16000,1,PCM_16
990,test,-1,2.7694375,16000,1,PCM_16
991,train,1,1.9785625,16000,1,PCM_16
992,train,3,1.7298125,16000,1,PCM_16
993,train,5,2.3690625,16000,1,PCM_16
994,test,-1,3.6703125,16000,1,PCM_16
995,train,1,3.7370625,16000,1,PCM_16
996,train,4,2.8361875,16000,1,PCM_16
997,test,-1,2.3690625,16000,1,PCM_16
998,train,5,2.902875,16000,1,PCM_16
999,train,3,2.402375,16000,1,PCM_16
1000,train,5,2.2755625,16000,1,PCM_16
1001,train,5,2.7360625,16000,1,PCM_16
1002,train,4,2.6359375,16000,1,PCM_16
1003,train,5,2.535875,16000,1,PCM_16
1004,train,2,2.5659375,16000,1,PCM_16
1005,train,0,3.403375,16000,1,PCM_16
1006,train,3,1.737875,16000,1,PCM_16
1007,train,4,2.1354375,16000,1,PCM_16
1008,train,2,2.4178125,16000,1,PCM_16
1009,test,-1,2.6693125,16000,1,PCM_16
1010,train,3,1.9468125,16000,1,PCM_16
1011,train,1,1.9654375,16000,1,PCM_16
1012,train,3,2.969625,16000,1,PCM_16
1013,train,4,3.103125,16000,1,PCM_16
1014,test,-1,3.1698125,16000,1,PCM_16
1015,train,2,2.535875,16000,1,PCM_16
1016,train,4,4.037375,16000,1,PCM_16
1017,train,0,1.5581875,16000,1,PCM_16
1018,train,0,1.6683125,16000,1,PCM_16
1019,test,-1,3.5035,16000,1,PCM_16
1020,train,1,2.6693125,16000,1,PCM_16
1021,train,2,2.6693125,16000,1,PCM_16
1022,train,3,2.102125,16000,1,PCM_16
1023,train,5,2.535875,16000,1,PCM_16
1024,train,0,1.586,16000,1,PCM_16
1025,test,-1,3.2031875,16000,1,PCM_16
1026,train,4,2.2755625,16000,1,PCM_16
1027,train,4,2.3356875,16000,1,PCM_16
1028,test,-1,2.93625,16000,1,PCM_16
1029,train,4,2.2636875,16000,1,PCM_16
1030,train,0,2.8028125,16000,1,PCM_16
1031,train,4,3.036375,16000,1,PCM_16
1032,train,1,1.9825625,16000,1,PCM_16
1033,train,2,3.1698125,16000,1,PCM_16
1034,train,1,2.2689375,16000,1,PCM_16
1035,train,3,2.602625,16000,1,PCM_16
1036,train,2,3.1364375,16000,1,PCM_16
1037,train,4,3.7036875,16000,1,PCM_16
1038,train,4,2.535875,16000,1,PCM_16
1039,train,3,2.1354375,16000,1,PCM_16
1040,train,3,2.902875,16000,1,PCM_16
1041,train,1,3.7036875,16000,1,PCM_16
1042,train,1,2.2826875,16000,1,PCM_16
1043,train,1,2.8361875,16000,1,PCM_16
1044,train,0,3.536875,16000,1,PCM_16
1045,train,4,2.102125,16000,1,PCM_16
1046,train,4,2.5025,16000,1,PCM_16
1047,train,5,2.1688125,16000,1,PCM_16
1048,train,5,2.3356875,16000,1,PCM_16
1049,test,-1,2.56925,16000,1,PCM_16
1050,train,0,1.8685,16000,1,PCM_16
1051,train,0,1.39525,16000,1,PCM_16
1052,train,1,1.901875,16000,1,PCM_16
1053,train,0,2.469125,16000,1,PCM_16
1054,train,5,2.56925,16000,1,PCM_16
1055,train,0,1.5461875,16000,1,PCM_16
1056,train,2,3.7704375,16000,1,PCM_16
1057,train,4,4.3376875,16000,1,PCM_16
1058,train,4,2.7360625,16000,1,PCM_16
1059,train,2,1.7350625,16000,1,PCM_16
1060,train,5,1.9758125,16000,1,PCM_16
1061,test,-1,4.604625,16000,1,PCM_16
1062,train,5,2.0448125,16000,1,PCM_16
1063,train,4,4.004,16000,1,PCM_16
1064,train,3,2.602625,16000,1,PCM_16
1065,test,-1,3.103125,16000,1,PCM_16
1066,train,4,2.8695625,16000,1,PCM_16
1067,train,0,1.5399375,16000,1,PCM_16
1068,train,0,2.56925,16000,1,PCM_16
1069,train,1,2.535875,16000,1,PCM_16
1070,train,2,1.93525,16000,1,PCM_16
1071,train,4,2.06875,16000,1,PCM_16
1072,test,-1,2.56925,16000,1,PCM_16
1073,train,5,2.535875,16000,1,PCM_16
1074,test,-1,4.2375625,16000,1,PCM_16
1075,test,-1,3.2699375,16000,1,PCM_16
1076,test,-1,2.5025,16000,1,PCM_16
1077,test,-1,2.1354375,16000,1,PCM_16
1078,train,4,2.5025,16000,1,PCM_16
1079,test,-1,3.8038125,16000,1,PCM_16
1080,train,1,3.2365625,16000,1,PCM_16
1081,train,4,2.3023125,16000,1,PCM_16
1082,train,2,2.2021875,16000,1,PCM_16
1083,train,3,2.7694375,16000,1,PCM_16
1084,test,-1,2.5025,16000,1,PCM_16
1085,train,1,2.0388125,16000,1,PCM_16
1086,test,-1,2.43575,16000,1,PCM_16
1087,train,5,1.9283125,16000,1,PCM_16
1088,test,-1,4.104125,16000,1,PCM_16
1089,train,4,2.294875,16000,1,PCM_16
1090,train,4,2.2689375,16000,1,PCM_16
1091,train,3,3.003,16000,1,PCM_16
1092,train,4,3.036375,16000,1,PCM_16
1093,train,1,1.954625,16000,1,PCM_16
1094,train,0,3.1698125,16000,1,PCM_16
1095,test,-1,2.56925,16000,1,PCM_16
1096,train,5,2.402375,16000,1,PCM_16
1097,train,5,2.122625,16000,1,PCM_16
1098,train,2,2.469125,16000,1,PCM_16
1099,test,-1,2.8361875,16000,1,PCM_16
1100,train,0,3.403375,16000,1,PCM_16
1101,train,4,2.6940625,16000,1,PCM_16
1102,test,-1,2.002,16000,1,PCM_16
1103,train,4,3.57025,16000,1,PCM_16
1104,train,3,2.2755625,16000,1,PCM_16
1105,train,2,2.5025,16000,1,PCM_16
1106,train,3,2.469125,16000,1,PCM_16
1107,train,0,4.1708125,16000,1,PCM_16
1108,test,-1,2.8695625,16000,1,PCM_16
1109,train,4,3.1364375,16000,1,PCM_16
1110,train,2,2.6693125,16000,1,PCM_16
1111,train,0,2.902875,16000,1,PCM_16
1112,train,2,2.1688125,16000,1,PCM_16
1113,train,2,2.2495625,16000,1,PCM_16
1114,train,0,4.004,16000,1,PCM_16
1115,train,1,2.469125,16000,1,PCM_16
1116,train,0,4.104125,16000,1,PCM_16
1117,train,5,2.032375,16000,1,PCM_16
1118,train,0,2.06875,16000,1,PCM_16
1119,train,0,3.603625,16000,1,PCM_16
1120,train,4,2.2755625,16000,1,PCM_16
1121,train,2,1.8018125,16000,1,PCM_16
1122,train,5,2.43575,16000,1,PCM_16
1123,test,-1,3.7036875,16000,1,PCM_16
1124,train,0,2.2755625,16000,1,PCM_16
1125,train,3,2.7694375,16000,1,PCM_16
1126,train,5,2.43575,16000,1,PCM_16
1127,train,4,2.6693125,16000,1,PCM_16
1128,train,3,1.6211875,16000,1,PCM_16
1129,train,3,1.901875,16000,1,PCM_16
1130,test,-1,3.6703125,16000,1,PCM_16
1131,train,4,3.7036875,16000,1,PCM_16
1132,train,1,2.0236875,16000,1,PCM_16
1133,train,3,3.970625,16000,1,PCM_16
1134,train,1,2.06675,16000,1,PCM_16
1135,train,2,2.06875,16000,1,PCM_16
1136,train,2,3.1698125,16000,1,PCM_16
1137,train,4,2.8361875,16000,1,PCM_16
1138,train,3,3.7036875,16000,1,PCM_16
1139,train,5,2.035375,16000,1,PCM_16
1140,train,4,3.1698125,16000,1,PCM_16
1141,train,4,2.7360625,16000,1,PCM_16
1142,train,3,2.7026875,16000,1,PCM_16
1143,test,-1,2.06875,16000,1,PCM_16
1144,train,1,2.092625,16000,1,PCM_16
1145,train,5,2.5025,16000,1,PCM_16
1146,train,0,3.003,16000,1,PCM_16
1147,train,3,1.839125,16000,1,PCM_16
1148,train,1,1.901875,16000,1,PCM_16
1149,train,5,2.0946875,16000,1,PCM_16
1150,train,5,2.369,16000,1,PCM_16
1151,train,0,1.625,16000,1,PCM_16
1152,train,0,2.101,16000,1,PCM_16
1153,train,0,2.469125,16000,1,PCM_16
1154,test,-1,3.1364375,16000,1,PCM_16
1155,train,0,2.402375,16000,1,PCM_16
1156,train,0,3.7704375,16000,1,PCM_16
1157,train,4,4.004,16000,1,PCM_16
1158,train,0,2.902875,16000,1,PCM_16
1159,train,5,1.863,16000,1,PCM_16
1160,train,1,1.7350625,16000,1,PCM_16
1161,train,4,3.536875,16000,1,PCM_16
1162,train,1,2.06875,16000,1,PCM_16
1163,train,0,1.93525,16000,1,PCM_16
1164,test,-1,2.2689375,16000,1,PCM_16
1165,train,4,3.036375,16000,1,PCM_16
1166,train,1,3.003,16000,1,PCM_16
1167,train,5,2.3356875,16000,1,PCM_16
1168,train,4,2.43575,16000,1,PCM_16
1169,train,4,2.5903125,16000,1,PCM_16
1170,train,1,3.470125,16000,1,PCM_16
1171,test,-1,2.969625,16000,1,PCM_16
1172,train,4,2.8695,16000,1,PCM_16
1173,train,2,2.8695625,16000,1,PCM_16
1174,train,2,3.7370625,16000,1,PCM_16
1175,train,2,2.423875,16000,1,PCM_16
1176,train,5,1.9369375,16000,1,PCM_16
1177,train,5,2.402375,16000,1,PCM_16
1178,train,0,3.7704375,16000,1,PCM_16
1179,test,-1,3.7036875,16000,1,PCM_16
1180,train,3,2.535875,16000,1,PCM_16
1181,train,3,1.393125,16000,1,PCM_16
1182,train,4,2.8361875,16000,1,PCM_16
1183,train,4,2.902875,16000,1,PCM_16
1184,train,2,2.2826875,16000,1,PCM_16
1185,train,1,2.3356875,16000,1,PCM_16
1186,train,3,3.43675,16000,1,PCM_16
1187,test,-1,2.1688125,16000,1,PCM_16
1188,test,-1,2.2755625,16000,1,PCM_16
1189,train,5,1.8018125,16000,1,PCM_16
1190,train,0,2.5025,16000,1,PCM_16
1191,train,0,2.141875,16000,1,PCM_16
1192,train,1,2.535875,16000,1,PCM_16
1193,train,2,2.535875,16000,1,PCM_16
1194,train,4,2.369,16000,1,PCM_16
1195,train,0,2.535875,16000,1,PCM_16
1196,train,4,1.8351875,16000,1,PCM_16
1197,train,2,2.3336875,16000,1,PCM_16
1198,test,-1,2.902875,16000,1,PCM_16
1199,train,2,2.102375,16000,1,PCM_16
1200,train,4,4.537875,16000,1,PCM_16
1201,train,1,4.104125,16000,1,PCM_16
1202,train,1,2.013125,16000,1,PCM_16
1203,test,-1,2.8695,16000,1,PCM_16
1204,train,5,2.1648125,16000,1,PCM_16
1205,train,0,2.469125,16000,1,PCM_16
1206,train,1,2.035375,16000,1,PCM_16
1207,train,1,1.8685,16000,1,PCM_16
1208,train,0,1.7796875,16000,1,PCM_16
1209,train,0,2.3023125,16000,1,PCM_16
1210,train,3,3.1698125,16000,1,PCM_16
1211,train,3,1.5683125,16000,1,PCM_16
1212,train,3,3.470125,16000,1,PCM_16
1213,train,1,2.902875,16000,1,PCM_16
1214,train,5,2.105875,16000,1,PCM_16
1215,train,4,2.8361875,16000,1,PCM_16
1216,train,0,2.035375,16000,1,PCM_16
1217,train,0,2.1314375,16000,1,PCM_16
1218,train,0,2.102125,16000,1,PCM_16
1219,train,4,3.103125,16000,1,PCM_16
1220,train,5,2.0951875,16000,1,PCM_16
1221,train,1,2.069125,16000,1,PCM_16
1222,train,4,4.004,16000,1,PCM_16
1223,train,3,1.8018125,16000,1,PCM_16
1224,train,4,2.7694375,16000,1,PCM_16
1225,train,2,2.3023125,16000,1,PCM_16
1226,train,1,3.1364375,16000,1,PCM_16
1227,train,2,3.2031875,16000,1,PCM_16
1228,train,2,2.5025,16000,1,PCM_16
1229,train,3,1.7106875,16000,1,PCM_16
1230,train,5,2.469125,16000,1,PCM_16
1231,train,4,2.2021875,16000,1,PCM_16
1232,train,4,2.6359375,16000,1,PCM_16
1233,train,3,1.48775,16000,1,PCM_16
1234,train,2,2.40225,16000,1,PCM_16
1235,train,0,2.10175,16000,1,PCM_16
1236,train,0,3.7036875,16000,1,PCM_16
1237,train,0,3.06975,16000,1,PCM_16
1238,train,4,2.47675,16000,1,PCM_16
1239,train,3,1.93525,16000,1,PCM_16
1240,train,0,2.8361875,16000,1,PCM_16
1241,test,-1,2.602625,16000,1,PCM_16
1242,train,1,1.9324375,16000,1,PCM_16
1243,train,3,3.2365625,16000,1,PCM_16
1244,train,0,2.3023125,16000,1,PCM_16
1245,train,5,3.8371875,16000,1,PCM_16
1246,train,2,3.2031875,16000,1,PCM_16
1247,train,4,2.7803125,16000,1,PCM_16
1248,train,3,3.37,16000,1,PCM_16
1249,train,0,2.6359375,16000,1,PCM_16
1250,train,0,3.6369375,16000,1,PCM_16
1251,train,0,2.2689375,16000,1,PCM_16
1252,train,5,2.969625,16000,1,PCM_16
1253,train,3,2.8361875,16000,1,PCM_16
1254,test,-1,3.1364375,16000,1,PCM_16
1255,train,0,4.3710625,16000,1,PCM_16
1256,train,0,2.2826875,16000,1,PCM_16
1257,train,0,3.1364375,16000,1,PCM_16
1258,test,-1,2.402375,16000,1,PCM_16
1259,train,4,2.2204375,16000,1,PCM_16
1260,test,-1,2.06875,16000,1,PCM_16
1261,train,2,2.6359375,16000,1,PCM_16
1262,train,2,1.968625,16000,1,PCM_16
1263,train,3,2.8028125,16000,1,PCM_16
1264,train,2,3.2699375,16000,1,PCM_16
1265,train,0,4.004,16000,1,PCM_16
1266,train,0,3.37,16000,1,PCM_16
1267,train,5,2.8361875,16000,1,PCM_16
1268,test,-1,2.2755625,16000,1,PCM_16
1269,train,2,2.1161875,16000,1,PCM_16
1270,train,5,2.7360625,16000,1,PCM_16
1271,test,-1,2.969625,16000,1,PCM_16
1272,train,4,3.3033125,16000,1,PCM_16
1273,test,-1,2.602625,16000,1,PCM_16
1274,train,5,1.8018125,16000,1,PCM_16
1275,train,3,2.7026875,16000,1,PCM_16
1276,train,0,2.902875,16000,1,PCM_16
1277,train,4,2.06875,16000,1,PCM_16
1278,test,-1,2.93625,16000,1,PCM_16
1279,train,5,1.56825,16000,1,PCM_16
1280,test,-1,2.2021875,16000,1,PCM_16
1281,train,4,2.40375,16000,1,PCM_16
1282,train,4,2.3356875,16000,1,PCM_16
1283,train,4,3.2031875,16000,1,PCM_16
1284,test,-1,3.7704375,16000,1,PCM_16
1285,test,-1,2.469125,16000,1,PCM_16
1286,train,3,2.06875,16000,1,PCM_16
1287,train,5,2.06875,16000,1,PCM_16
1288,train,5,2.5025,16000,1,PCM_16
1289,train,4,3.3033125,16000,1,PCM_16
1290,train,3,2.535875,16000,1,PCM_16
1291,train,4,2.4616875,16000,1,PCM_16
1292,train,0,1.677375,16000,1,PCM_16
1293,train,2,3.3366875,16000,1,PCM_16
1294,train,1,2.602625,16000,1,PCM_16
1295,train,0,2.3690625,16000,1,PCM_16
1296,train,3,1.616125,16000,1,PCM_16
1297,train,3,1.6641875,16000,1,PCM_16
1298,train,1,1.7904375,16000,1,PCM_16
1299,train,2,2.035375,16000,1,PCM_16
1300,train,4,2.666125,16000,1,PCM_16
1301,train,4,4.3710625,16000,1,PCM_16
1302,train,1,1.6683125,16000,1,PCM_16
1303,train,3,2.1688125,16000,1,PCM_16
1304,train,3,3.536875,16000,1,PCM_16
1305,train,0,2.535875,16000,1,PCM_16
1306,train,4,2.8695,16000,1,PCM_16
1307,train,5,2.290375,16000,1,PCM_16
1308,test,-1,1.8351875,16000,1,PCM_16
1309,train,4,2.7694375,16000,1,PCM_16
1310,train,1,2.8695,16000,1,PCM_16
1311,train,1,1.968625,16000,1,PCM_16
1312,train,4,2.2045,16000,1,PCM_16
1313,train,2,2.93625,16000,1,PCM_16
1314,train,2,2.6693125,16000,1,PCM_16
1315,train,1,3.8371875,16000,1,PCM_16
1316,train,4,1.8685625,16000,1,PCM_16
1317,test,-1,2.43575,16000,1,PCM_16
1318,train,5,1.7684375,16000,1,PCM_16
1319,train,2,2.5454375,16000,1,PCM_16
1320,train,3,2.1688125,16000,1,PCM_16
1321,train,1,2.402375,16000,1,PCM_16
1322,train,4,2.844125,16000,1,PCM_16
1323,train,4,2.3138125,16000,1,PCM_16
1324,train,0,1.9218125,16000,1,PCM_16
1325,train,4,2.4964375,16000,1,PCM_16
1326,train,0,2.009125,16000,1,PCM_16
1327,train,4,2.44175,16000,1,PCM_16
1328,train,3,3.6703125,16000,1,PCM_16
1329,train,0,4.2041875,16000,1,PCM_16
1330,train,4,2.2021875,16000,1,PCM_16
1331,train,4,2.1298125,16000,1,PCM_16
1332,train,2,4.037375,16000,1,PCM_16
1333,train,2,3.8038125,16000,1,PCM_16
1334,train,1,2.7360625,16000,1,PCM_16
1335,train,1,2.5025,16000,1,PCM_16
1336,train,3,2.902875,16000,1,PCM_16
1337,train,1,2.002,16000,1,PCM_16
1338,train,5,3.43675,16000,1,PCM_16
1339,train,0,1.968625,16000,1,PCM_16
1340,train,5,2.535875,16000,1,PCM_16
1341,train,1,2.102125,16000,1,PCM_16
1342,test,-1,2.06875,16000,1,PCM_16
1343,train,5,2.01875,16000,1,PCM_16
1344,train,4,2.535875,16000,1,PCM_16
1345,train,5,2.035375,16000,1,PCM_16
1346,train,2,2.535875,16000,1,PCM_16
1347,test,-1,3.536875,16000,1,PCM_16
1348,train,2,2.8695625,16000,1,PCM_16
1349,test,-1,2.8028125,16000,1,PCM_16
1350,train,3,3.7370625,16000,1,PCM_16
1351,test,-1,2.8361875,16000,1,PCM_16
1352,train,2,2.3023125,16000,1,PCM_16
1353,train,0,2.035375,16000,1,PCM_16
1354,train,1,2.035375,16000,1,PCM_16
1355,test,-1,2.43575,16000,1,PCM_16
1356,train,4,3.8705625,16000,1,PCM_16
1357,test,-1,2.969625,16000,1,PCM_16
1358,train,4,2.7110625,16000,1,PCM_16
1359,train,3,1.8033125,16000,1,PCM_16
1360,train,3,1.68025,16000,1,PCM_16
1361,test,-1,2.7694375,16000,1,PCM_16
1362,train,3,1.901875,16000,1,PCM_16
1363,train,4,2.4544375,16000,1,PCM_16
1364,train,3,2.5025,16000,1,PCM_16
1365,train,2,2.6693125,16000,1,PCM_16
1366,train,2,2.1354375,16000,1,PCM_16
1367,train,4,3.403375,16000,1,PCM_16
1368,train,3,3.1698125,16000,1,PCM_16
1369,train,2,2.535875,16000,1,PCM_16
1370,train,4,2.4490625,16000,1,PCM_16
1371,train,3,1.6683125,16000,1,PCM_16
1372,test,-1,2.3690625,16000,1,PCM_16
1373,train,2,2.6359375,16000,1,PCM_16
1374,train,4,2.346375,16000,1,PCM_16
1375,train,4,2.134,16000,1,PCM_16
1376,train,5,3.7036875,16000,1,PCM_16
1377,train,1,2.06875,16000,1,PCM_16
1378,train,1,2.3023125,16000,1,PCM_16
1379,train,4,2.902875,16000,1,PCM_16
1380,train,1,2.6693125,16000,1,PCM_16
1381,train,2,1.93525,16000,1,PCM_16
1382,train,4,2.44975,16000,1,PCM_16
1383,train,3,2.43575,16000,1,PCM_16
1384,train,4,3.06975,16000,1,PCM_16
1385,train,2,3.7370625,16000,1,PCM_16
1386,train,0,2.1643125,16000,1,PCM_16
1387,train,1,2.1354375,16000,1,PCM_16
1388,test,-1,2.6693125,16000,1,PCM_16
1389,train,0,4.1708125,16000,1,PCM_16
1390,train,0,2.243625,16000,1,PCM_16
1391,test,-1,2.8028125,16000,1,PCM_16
1392,train,5,2.125375,16000,1,PCM_16
1393,test,-1,2.2355625,16000,1,PCM_16
1394,train,2,2.43575,16000,1,PCM_16
1395,train,1,2.0029375,16000,1,PCM_16
1396,train,1,1.6683125,16000,1,PCM_16
1397,train,0,1.8351875,16000,1,PCM_16
1398,test,-1,1.7350625,16000,1,PCM_16
1399,train,2,2.3356875,16000,1,PCM_16
1400,train,5,1.85975,16000,1,PCM_16
1401,train,4,2.535875,16000,1,PCM_16
1402,train,4,2.535875,16000,1,PCM_16
1403,train,4,4.3043125,16000,1,PCM_16
1404,train,1,2.1354375,16000,1,PCM_16
1405,train,5,2.1708125,16000,1,PCM_16
1406,train,3,2.2021875,16000,1,PCM_16
1407,test,-1,2.1688125,16000,1,PCM_16
1408,train,0,2.102125,16000,1,PCM_16
1409,train,5,2.402375,16000,1,PCM_16
1410,test,-1,2.1688125,16000,1,PCM_16
1411,train,4,2.4486875,16000,1,PCM_16
1412,train,2,2.48975,16000,1,PCM_16
1413,train,1,3.603625,16000,1,PCM_16
1414,train,0,3.8371875,16000,1,PCM_16
1415,train,4,1.968625,16000,1,PCM_16
1416,train,0,2.1688125,16000,1,PCM_16
1417,test,-1,2.535875,16000,1,PCM_16
1418,train,2,2.3023125,16000,1,PCM_16
1419,train,0,2.2215,16000,1,PCM_16
1420,train,1,2.5025,16000,1,PCM_16
1421,train,1,2.002,16000,1,PCM_16
1422,train,1,1.8183125,16000,1,PCM_16
1423,train,2,2.1354375,16000,1,PCM_16
1424,train,1,2.2355625,16000,1,PCM_16
1425,train,1,2.2021875,16000,1,PCM_16
1426,test,-1,2.3356875,16000,1,PCM_16
1427,train,2,2.56925,16000,1,PCM_16
1428,train,3,3.1364375,16000,1,PCM_16
1429,train,5,3.2365625,16000,1,PCM_16
1430,train,1,2.002,16000,1,PCM_16
1431,train,0,2.7026875,16000,1,PCM_16
1432,train,1,2.2826875,16000,1,PCM_16
1433,train,4,2.469125,16000,1,PCM_16
1434,train,3,2.2755625,16000,1,PCM_16
1435,train,5,2.0558125,16000,1,PCM_16
1436,train,5,1.8018125,16000,1,PCM_16
1437,train,0,2.256875,16000,1,PCM_16
1438,test,-1,2.06875,16000,1,PCM_16
1439,train,3,2.2755625,16000,1,PCM_16
1440,train,0,2.43575,16000,1,PCM_16
1441,test,-1,2.2021875,16000,1,PCM_16
1442,train,0,2.5025,16000,1,PCM_16
1443,train,0,1.530625,16000,1,PCM_16
1444,train,1,2.7360625,16000,1,PCM_16
1445,train,1,1.84525,16000,1,PCM_16
1446,train,4,2.8695,16000,1,PCM_16
1447,train,1,2.3023125,16000,1,PCM_16
1448,test,-1,3.2699375,16000,1,PCM_16
1449,train,3,2.002,16000,1,PCM_16
1450,train,1,3.6703125,16000,1,PCM_16
1451,train,3,2.969625,16000,1,PCM_16
1452,train,3,1.7085,16000,1,PCM_16
1453,test,-1,2.8695,16000,1,PCM_16
1454,train,1,2.3356875,16000,1,PCM_16
1455,train,3,2.8695,16000,1,PCM_16
1456,train,3,2.2826875,16000,1,PCM_16
1457,train,0,2.2021875,16000,1,PCM_16
1458,test,-1,3.2699375,16000,1,PCM_16
1459,train,0,2.2021875,16000,1,PCM_16
1460,train,1,3.7370625,16000,1,PCM_16
1461,train,0,1.4669375,16000,1,PCM_16
1462,train,2,3.3700625,16000,1,PCM_16
1463,train,2,3.2031875,16000,1,PCM_16
1464,test,-1,2.06875,16000,1,PCM_16
1465,test,-1,2.8695,16000,1,PCM_16
1466,train,2,2.5631875,16000,1,PCM_16
1467,train,5,1.6349375,16000,1,PCM_16
1468,test,-1,3.6703125,16000,1,PCM_16
1469,test,-1,2.5025,16000,1,PCM_16
1470,train,3,1.743625,16000,1,PCM_16
1471,train,1,2.369,16000,1,PCM_16
1472,train,3,1.571,16000,1,PCM_16
1473,test,-1,3.3033125,16000,1,PCM_16
1474,train,2,2.6359375,16000,1,PCM_16
1475,train,2,2.2826875,16000,1,PCM_16
1476,train,5,2.369,16000,1,PCM_16
1477,train,4,2.714625,16000,1,PCM_16
1478,train,1,2.1034375,16000,1,PCM_16
1479,train,2,3.6369375,16000,1,PCM_16
1480,train,1,2.3356875,16000,1,PCM_16
1481,train,1,1.8685,16000,1,PCM_16
1482,train,2,2.43575,16000,1,PCM_16
1483,train,0,2.5025,16000,1,PCM_16
1484,train,1,2.3356875,16000,1,PCM_16
1485,train,1,3.57025,16000,1,PCM_16
1486,train,3,2.1688125,16000,1,PCM_16
1487,train,5,4.07075,16000,1,PCM_16
1488,test,-1,2.3023125,16000,1,PCM_16
1489,train,1,2.0771875,16000,1,PCM_16
1490,train,2,2.2148125,16000,1,PCM_16
1491,train,2,2.1354375,16000,1,PCM_16
1492,test,-1,2.902875,16000,1,PCM_16
1493,train,0,2.2021875,16000,1,PCM_16
1494,test,-1,4.3710625,16000,1,PCM_16
1495,test,-1,3.2365625,16000,1,PCM_16
1496,train,0,2.8028125,16000,1,PCM_16
1497,train,2,2.4258125,16000,1,PCM_16
1498,test,-1,3.7370625,16000,1,PCM_16
1499,train,4,3.536875,16000,1,PCM_16
1500,test,-1,2.1688125,16000,1,PCM_16
1501,train,5,2.469125,16000,1,PCM_16
1502,train,3,2.602625,16000,1,PCM_16
1503,train,0,1.6125,16000,1,PCM_16
1504,train,3,1.6505,16000,1,PCM_16
1505,train,2,2.3356875,16000,1,PCM_16
1506,train,0,2.8028125,16000,1,PCM_16
1507,train,4,3.903875,16000,1,PCM_16
1508,train,3,2.93625,16000,1,PCM_16
1509,train,2,3.603625,16000,1,PCM_16
1510,test,-1,2.7026875,16000,1,PCM_16
1511,train,4,2.43575,16000,1,PCM_16
1512,train,4,3.103125,16000,1,PCM_16
1513,train,1,3.57025,16000,1,PCM_16
1514,train,3,1.5251875,16000,1,PCM_16
1515,train,1,1.90525,16000,1,PCM_16
1516,train,5,3.5035,16000,1,PCM_16
1517,test,-1,2.902875,16000,1,PCM_16
1518,train,5,2.402375,16000,1,PCM_16
1519,train,0,2.1794375,16000,1,PCM_16
1520,train,4,2.6083125,16000,1,PCM_16
1521,train,1,3.5035,16000,1,PCM_16
1522,train,0,4.4044375,16000,1,PCM_16
1523,train,5,2.8361875,16000,1,PCM_16
1524,train,0,2.334375,16000,1,PCM_16
1525,train,4,2.7026875,16000,1,PCM_16
1526,train,3,1.901875,16000,1,PCM_16
1527,train,0,3.003,16000,1,PCM_16
1528,train,4,2.7694375,16000,1,PCM_16
1529,train,4,3.7036875,16000,1,PCM_16
1530,train,4,3.8038125,16000,1,PCM_16
1531,train,1,1.7833125,16000,1,PCM_16
1532,train,3,2.6693125,16000,1,PCM_16
1533,train,4,3.2699375,16000,1,PCM_16
1534,train,2,3.5035,16000,1,PCM_16
1535,train,1,3.536875,16000,1,PCM_16
1536,train,2,2.369,16000,1,PCM_16
1537,train,3,2.2755625,16000,1,PCM_16
1538,train,3,2.2021875,16000,1,PCM_16
1539,train,0,3.7036875,16000,1,PCM_16
1540,train,4,3.43675,16000,1,PCM_16
1541,train,2,1.901875,16000,1,PCM_16
1542,train,0,4.43775,16000,1,PCM_16
1543,train,0,2.3356875,16000,1,PCM_16
1544,test,-1,4.7046875,16000,1,PCM_16
1545,train,5,2.2689375,16000,1,PCM_16
1546,train,2,2.602625,16000,1,PCM_16
1547,train,2,2.356375,16000,1,PCM_16
1548,test,-1,2.102125,16000,1,PCM_16
1549,train,2,2.5025,16000,1,PCM_16
1550,test,-1,2.6359375,16000,1,PCM_16
1551,train,0,2.8361875,16000,1,PCM_16
1552,train,4,3.2031875,16000,1,PCM_16
1553,train,5,2.068,16000,1,PCM_16
1554,test,-1,3.57025,16000,1,PCM_16
1555,train,3,2.402375,16000,1,PCM_16
1556,train,1,2.08325,16000,1,PCM_16
1557,test,-1,2.6359375,16000,1,PCM_16
1558,train,2,3.7370625,16000,1,PCM_16
1559,train,1,2.8361875,16000,1,PCM_16
1560,train,4,3.93725,16000,1,PCM_16
1561,test,-1,2.43575,16000,1,PCM_16
1562,train,2,3.43675,16000,1,PCM_16
1563,train,1,2.035375,16000,1,PCM_16
1564,train,5,2.43575,16000,1,PCM_16
1565,train,4,2.535875,16000,1,PCM_16
1566,train,3,3.6369375,16000,1,PCM_16
1567,train,4,2.469125,16000,1,PCM_16
1568,train,2,2.469125,16000,1,PCM_16
1569,train,4,2.102125,16000,1,PCM_16
1570,train,4,2.8695,16000,1,PCM_16
1571,train,2,2.2689375,16000,1,PCM_16
1572,train,4,2.535875,16000,1,PCM_16
1573,train,0,2.7026875,16000,1,PCM_16
1574,train,2,3.970625,16000,1,PCM_16
1575,train,4,2.7694375,16000,1,PCM_16
1576,train,4,2.469125,16000,1,PCM_16
1577,train,1,3.7704375,16000,1,PCM_16
1578,train,2,2.3356875,16000,1,PCM_16
1579,train,1,2.402375,16000,1,PCM_16
1580,train,2,2.6070625,16000,1,PCM_16
1581,train,3,1.6148125,16000,1,PCM_16
1582,train,1,2.0571875,16000,1,PCM_16
1583,train,0,1.46025,16000,1,PCM_16
1584,train,3,1.8289375,16000,1,PCM_16
1585,test,-1,2.469125,16000,1,PCM_16
1586,train,5,1.7350625,16000,1,PCM_16
1587,train,5,2.325875,16000,1,PCM_16
1588,train,2,3.403375,16000,1,PCM_16
1589,train,5,2.102125,16000,1,PCM_16
1590,test,-1,2.06875,16000,1,PCM_16
1591,train,2,2.2726875,16000,1,PCM_16
1592,train,0,4.1708125,16000,1,PCM_16
1593,train,2,2.274375,16000,1,PCM_16
1594,train,0,3.57025,16000,1,PCM_16
1595,train,2,2.7360625,16000,1,PCM_16
1596,train,1,2.1354375,16000,1,PCM_16
1597,train,2,2.3023125,16000,1,PCM_16
1598,train,4,3.003,16000,1,PCM_16
1599,train,5,1.970125,16000,1,PCM_16
1600,train,2,3.2699375,16000,1,PCM_16
1601,test,-1,2.7360625,16000,1,PCM_16
1602,train,5,2.1354375,16000,1,PCM_16
1603,test,-1,3.003,16000,1,PCM_16
1604,train,3,1.93525,16000,1,PCM_16
1605,train,4,3.93725,16000,1,PCM_16
1606,test,-1,2.402375,16000,1,PCM_16
1607,train,1,1.9216875,16000,1,PCM_16
1608,train,3,1.7684375,16000,1,PCM_16
1609,train,0,2.341625,16000,1,PCM_16
1610,train,0,1.7350625,16000,1,PCM_16
1611,test,-1,3.06975,16000,1,PCM_16
1612,test,-1,2.8361875,16000,1,PCM_16
1613,train,2,3.2031875,16000,1,PCM_16
1614,train,4,2.8361875,16000,1,PCM_16
1615,train,1,2.2755625,16000,1,PCM_16
1616,train,3,2.5025,16000,1,PCM_16
1617,train,2,2.3539375,16000,1,PCM_16
1618,train,1,3.37,16000,1,PCM_16
1619,train,1,3.8371875,16000,1,PCM_16
1620,train,1,3.5035,16000,1,PCM_16
1621,train,1,1.8936875,16000,1,PCM_16
1622,train,0,3.1698125,16000,1,PCM_16
1623,train,3,1.513875,16000,1,PCM_16
1624,train,3,3.3033125,16000,1,PCM_16
1625,train,1,2.0294375,16000,1,PCM_16
1626,train,2,2.378375,16000,1,PCM_16
1627,train,3,3.57025,16000,1,PCM_16
1628,train,0,1.637875,16000,1,PCM_16
1629,train,4,4.104125,16000,1,PCM_16
1630,train,2,3.470125,16000,1,PCM_16
1631,train,4,3.1698125,16000,1,PCM_16
1632,train,0,2.1688125,16000,1,PCM_16
1633,train,5,2.93625,16000,1,PCM_16
1634,test,-1,2.369,16000,1,PCM_16
1635,train,5,2.3356875,16000,1,PCM_16
1636,train,3,3.1364375,16000,1,PCM_16
1637,train,3,2.969625,16000,1,PCM_16
1638,train,5,2.1354375,16000,1,PCM_16
1639,train,2,2.969625,16000,1,PCM_16
1640,train,1,1.901875,16000,1,PCM_16
1641,train,1,2.1688125,16000,1,PCM_16
1642,train,0,2.06875,16000,1,PCM_16
1643,train,2,2.4398125,16000,1,PCM_16
1644,train,1,1.825625,16000,1,PCM_16
1645,train,3,2.535875,16000,1,PCM_16
1646,train,0,2.6359375,16000,1,PCM_16
1647,train,2,2.7469375,16000,1,PCM_16
1648,train,0,1.335125,16000,1,PCM_16
1649,train,4,2.5026875,16000,1,PCM_16
1650,test,-1,2.602625,16000,1,PCM_16
1651,test,-1,1.8685,16000,1,PCM_16
1652,train,2,2.469125,16000,1,PCM_16
1653,train,0,3.37,16000,1,PCM_16
1654,test,-1,1.968625,16000,1,PCM_16
1655,train,3,2.7360625,16000,1,PCM_16
1656,train,0,2.8361875,16000,1,PCM_16
1657,train,0,2.469125,16000,1,PCM_16
1658,test,-1,1.56825,16000,1,PCM_16
1659,train,4,3.2365625,16000,1,PCM_16
1660,train,1,1.8370625,16000,1,PCM_16
1661,train,0,2.102125,16000,1,PCM_16
1662,test,-1,3.3033125,16000,1,PCM_16
1663,train,1,2.56925,16000,1,PCM_16
1664,train,5,3.2365625,16000,1,PCM_16
1665,train,5,2.06875,16000,1,PCM_16
1666,train,2,3.1364375,16000,1,PCM_16
1667,train,2,2.002,16000,1,PCM_16
1668,train,4,2.93625,16000,1,PCM_16
1669,train,3,1.901875,16000,1,PCM_16
1670,train,1,2.2021875,16000,1,PCM_16
1671,train,4,2.3184375,16000,1,PCM_16
1672,train,0,2.064875,16000,1,PCM_16
1673,train,5,2.43575,16000,1,PCM_16
1674,test,-1,2.2755625,16000,1,PCM_16
1675,test,-1,2.3356875,16000,1,PCM_16
1676,train,4,2.5825625,16000,1,PCM_16
1677,train,2,3.470125,16000,1,PCM_16
1678,test,-1,2.06875,16000,1,PCM_16
1679,train,2,2.7026875,16000,1,PCM_16
1680,train,4,2.035375,16000,1,PCM_16
1681,train,5,3.57025,16000,1,PCM_16
1682,train,5,2.035375,16000,1,PCM_16
1683,train,4,1.7684375,16000,1,PCM_16
1684,train,4,3.7370625,16000,1,PCM_16
1685,train,3,1.7058125,16000,1,PCM_16
1686,train,2,1.901875,16000,1,PCM_16
1687,test,-1,2.7360625,16000,1,PCM_16
1688,train,3,2.6359375,16000,1,PCM_16
1689,train,1,2.0848125,16000,1,PCM_16
1690,train,0,2.8361875,16000,1,PCM_16
1691,train,5,1.468125,16000,1,PCM_16
1692,train,4,2.002,16000,1,PCM_16
1693,test,-1,2.402375,16000,1,PCM_16
1694,train,4,2.002,16000,1,PCM_16
1695,train,2,2.969625,16000,1,PCM_16
1696,train,4,2.4505,16000,1,PCM_16
1697,train,4,3.5035,16000,1,PCM_16
1698,train,0,3.1364375,16000,1,PCM_16
1699,train,4,2.56925,16000,1,PCM_16
1700,train,5,2.003,16000,1,PCM_16
1701,train,4,1.93525,16000,1,PCM_16
1702,test,-1,2.469125,16000,1,PCM_16
1703,train,5,1.889125,16000,1,PCM_16
1704,train,4,2.1936875,16000,1,PCM_16
1705,train,5,2.10075,16000,1,PCM_16
1706,train,4,3.8705,16000,1,PCM_16
1707,train,4,3.970625,16000,1,PCM_16
1708,train,2,2.3023125,16000,1,PCM_16
1709,train,5,2.1023125,16000,1,PCM_16
1710,train,2,2.3601875,16000,1,PCM_16
1711,train,0,1.5603125,16000,1,PCM_16
1712,train,5,1.902625,16000,1,PCM_16
1713,train,4,4.104125,16000,1,PCM_16
1714,train,3,2.93625,16000,1,PCM_16
1715,train,3,2.06875,16000,1,PCM_16
1716,test,-1,1.6683125,16000,1,PCM_16
1717,train,1,3.536875,16000,1,PCM_16
1718,train,3,2.2021875,16000,1,PCM_16
1719,train,0,2.035375,16000,1,PCM_16
1720,train,1,1.6349375,16000,1,PCM_16
1721,train,4,2.5048125,16000,1,PCM_16
1722,train,5,2.402375,16000,1,PCM_16
1723,train,5,2.5025,16000,1,PCM_16
1724,train,2,1.93525,16000,1,PCM_16
1725,train,2,2.402375,16000,1,PCM_16
1726,train,3,1.297875,16000,1,PCM_16
1727,test,-1,2.469125,16000,1,PCM_16
1728,test,-1,3.470125,16000,1,PCM_16
1729,train,5,3.603625,16000,1,PCM_16
1730,test,-1,2.93625,16000,1,PCM_16
1731,train,5,3.103125,16000,1,PCM_16
1732,train,1,1.8018125,16000,1,PCM_16
1733,train,2,3.903875,16000,1,PCM_16
1734,test,-1,3.3033125,16000,1,PCM_16
1735,train,2,1.8351875,16000,1,PCM_16
1736,train,5,2.1045625,16000,1,PCM_16
1737,test,-1,2.7026875,16000,1,PCM_16
1738,test,-1,3.036375,16000,1,PCM_16
1739,train,4,3.2699375,16000,1,PCM_16
1740,train,3,3.003,16000,1,PCM_16
1741,train,5,1.921375,16000,1,PCM_16
1742,train,2,2.7039375,16000,1,PCM_16
1743,train,0,2.2021875,16000,1,PCM_16
1744,train,1,1.96475,16000,1,PCM_16
1745,train,3,2.002,16000,1,PCM_16
1746,train,4,3.8705,16000,1,PCM_16
1747,train,1,3.003,16000,1,PCM_16
1748,test,-1,2.8361875,16000,1,PCM_16
1749,train,1,2.602625,16000,1,PCM_16
1750,train,0,2.93625,16000,1,PCM_16
1751,train,5,2.2355625,16000,1,PCM_16
1752,train,3,2.6693125,16000,1,PCM_16
1753,train,1,3.57025,16000,1,PCM_16
1754,train,4,2.6359375,16000,1,PCM_16
1755,train,4,3.6369375,16000,1,PCM_16
1756,train,0,3.57025,16000,1,PCM_16
1757,train,4,3.036375,16000,1,PCM_16
1758,train,2,2.50175,16000,1,PCM_16
1759,test,-1,2.469125,16000,1,PCM_16
1760,train,4,2.70175,16000,1,PCM_16
1761,train,4,2.8361875,16000,1,PCM_16
1762,train,1,2.0755625,16000,1,PCM_16
1763,train,1,1.93525,16000,1,PCM_16
1764,train,1,2.035375,16000,1,PCM_16
1765,train,0,1.6449375,16000,1,PCM_16
1766,test,-1,2.402375,16000,1,PCM_16
1767,test,-1,3.2699375,16000,1,PCM_16
1768,train,2,2.8361875,16000,1,PCM_16
1769,train,3,1.528375,16000,1,PCM_16
1770,train,3,1.89975,16000,1,PCM_16
1771,test,-1,2.2755625,16000,1,PCM_16
1772,train,5,2.06875,16000,1,PCM_16
1773,test,-1,2.8695,16000,1,PCM_16
1774,train,5,1.8351875,16000,1,PCM_16
1775,train,4,2.3356875,16000,1,PCM_16
1776,train,3,2.369,16000,1,PCM_16
1777,train,3,3.5035,16000,1,PCM_16
1778,train,0,1.8734375,16000,1,PCM_16
1779,train,2,1.968625,16000,1,PCM_16
1780,train,3,3.7370625,16000,1,PCM_16
1781,test,-1,2.969625,16000,1,PCM_16
1782,train,5,2.8028125,16000,1,PCM_16
1783,train,1,1.601625,16000,1,PCM_16
1784,train,3,3.2031875,16000,1,PCM_16
1785,train,2,2.2244375,16000,1,PCM_16
1786,train,4,2.602625,16000,1,PCM_16
1787,train,3,3.8705625,16000,1,PCM_16
1788,train,0,1.3951875,16000,1,PCM_16
1789,train,3,1.895375,16000,1,PCM_16
1790,train,4,3.7704375,16000,1,PCM_16
1791,train,0,3.7370625,16000,1,PCM_16
1792,train,5,2.2566875,16000,1,PCM_16
1793,train,4,2.60875,16000,1,PCM_16
1794,train,1,2.0314375,16000,1,PCM_16
1795,test,-1,2.8695,16000,1,PCM_16
1796,test,-1,2.902875,16000,1,PCM_16
1797,train,5,1.947875,16000,1,PCM_16
1798,train,4,2.2826875,16000,1,PCM_16
1799,train,5,2.43575,16000,1,PCM_16
1800,test,-1,2.002,16000,1,PCM_16
1801,train,0,3.1364375,16000,1,PCM_16
1802,train,5,2.1688125,16000,1,PCM_16
1803,test,-1,2.602625,16000,1,PCM_16
1804,train,0,2.469125,16000,1,PCM_16
1805,train,3,1.7220625,16000,1,PCM_16
1806,train,5,3.3366875,16000,1,PCM_16
1807,train,4,3.1698125,16000,1,PCM_16
1808,test,-1,2.56925,16000,1,PCM_16
1809,train,1,2.6693125,16000,1,PCM_16
1810,train,3,3.06975,16000,1,PCM_16
1811,train,4,2.543125,16000,1,PCM_16
1812,train,4,2.002,16000,1,PCM_16
1813,train,0,3.1364375,16000,1,PCM_16
1814,train,5,2.197,16000,1,PCM_16
1815,train,1,2.2021875,16000,1,PCM_16
1816,train,3,1.7735625,16000,1,PCM_16
1817,test,-1,2.035375,16000,1,PCM_16
1818,train,0,2.93625,16000,1,PCM_16
1819,train,0,2.0883125,16000,1,PCM_16
1820,train,1,2.1736875,16000,1,PCM_16
1821,train,5,2.22875,16000,1,PCM_16
1822,train,1,2.3023125,16000,1,PCM_16
1823,train,1,1.8590625,16000,1,PCM_16
1824,test,-1,2.3023125,16000,1,PCM_16
1825,train,2,2.469125,16000,1,PCM_16
1826,test,-1,1.968625,16000,1,PCM_16
1827,train,5,2.1354375,16000,1,PCM_16
1828,train,4,3.8371875,16000,1,PCM_16
1829,train,0,2.7360625,16000,1,PCM_16
1830,train,1,2.06875,16000,1,PCM_16
1831,train,4,2.4758125,16000,1,PCM_16
1832,train,0,2.8361875,16000,1,PCM_16
1833,train,2,4.6045625,16000,1,PCM_16
1834,train,3,1.71325,16000,1,PCM_16
1835,test,-1,3.7036875,16000,1,PCM_16
1836,train,3,2.1688125,16000,1,PCM_16
1837,train,1,3.5035,16000,1,PCM_16
1838,train,2,2.102125,16000,1,PCM_16
1839,test,-1,3.2699375,16000,1,PCM_16
1840,train,2,2.7026875,16000,1,PCM_16
1841,train,3,2.969625,16000,1,PCM_16
1842,train,1,1.92,16000,1,PCM_16
1843,train,3,2.43575,16000,1,PCM_16
1844,train,3,1.93525,16000,1,PCM_16
1845,train,0,2.2008125,16000,1,PCM_16
1846,test,-1,3.2031875,16000,1,PCM_16
1847,train,1,1.6349375,16000,1,PCM_16
1848,train,1,2.2689375,16000,1,PCM_16
1849,train,2,2.6693125,16000,1,PCM_16
1850,test,-1,2.43575,16000,1,PCM_16
1851,train,0,2.1354375,16000,1,PCM_16
1852,train,0,2.402375,16000,1,PCM_16
1853,test,-1,2.8695625,16000,1,PCM_16
1854,train,1,2.8695,16000,1,PCM_16
1855,train,5,1.7350625,16000,1,PCM_16
1856,train,3,3.470125,16000,1,PCM_16
1857,train,0,2.2613125,16000,1,PCM_16
1858,train,4,2.8361875,16000,1,PCM_16
1859,train,0,1.9061875,16000,1,PCM_16
1860,train,5,2.0758125,16000,1,PCM_16
1861,train,0,1.8351875,16000,1,PCM_16
1862,train,0,1.6755,16000,1,PCM_16
1863,train,3,1.7016875,16000,1,PCM_16
1864,train,4,1.8351875,16000,1,PCM_16
1865,test,-1,2.369,16000,1,PCM_16
1866,test,-1,3.036375,16000,1,PCM_16
1867,train,3,1.8038125,16000,1,PCM_16
1868,train,4,2.2689375,16000,1,PCM_16
1869,train,0,2.7360625,16000,1,PCM_16
1870,train,2,1.968625,16000,1,PCM_16
1871,train,0,1.6683125,16000,1,PCM_16
1872,test,-1,2.3023125,16000,1,PCM_16
1873,test,-1,3.37,16000,1,PCM_16
1874,train,5,1.94275,16000,1,PCM_16
1875,train,3,1.85125,16000,1,PCM_16
1876,train,2,2.55775,16000,1,PCM_16
1877,test,-1,2.102125,16000,1,PCM_16
1878,train,2,2.56925,16000,1,PCM_16
1879,train,0,1.4448125,16000,1,PCM_16
1880,train,4,2.535875,16000,1,PCM_16
1881,train,3,2.969625,16000,1,PCM_16
1882,train,1,2.602625,16000,1,PCM_16
1883,test,-1,3.6369375,16000,1,PCM_16
1884,train,0,3.2031875,16000,1,PCM_16
1885,train,0,3.403375,16000,1,PCM_16
1886,train,5,2.2801875,16000,1,PCM_16
1887,train,1,2.3023125,16000,1,PCM_16
1888,train,3,2.535875,16000,1,PCM_16
1889,train,2,3.6369375,16000,1,PCM_16
1890,train,2,2.3023125,16000,1,PCM_16
1891,train,1,1.8351875,16000,1,PCM_16
1892,train,2,2.535875,16000,1,PCM_16
1893,train,3,1.600875,16000,1,PCM_16
1894,train,5,4.1374375,16000,1,PCM_16
1895,train,1,2.002,16000,1,PCM_16
1896,train,2,3.37,16000,1,PCM_16
1897,test,-1,2.5025,16000,1,PCM_16
1898,train,0,2.7026875,16000,1,PCM_16
1899,train,1,2.0741875,16000,1,PCM_16
1900,train,0,2.158625,16000,1,PCM_16
1901,train,2,1.8685,16000,1,PCM_16
1902,train,0,1.4278125,16000,1,PCM_16
1903,train,4,1.901875,16000,1,PCM_16
1904,train,0,2.5025,16000,1,PCM_16
1905,train,4,2.6693125,16000,1,PCM_16
1906,test,-1,2.56925,16000,1,PCM_16
1907,train,5,2.12675,16000,1,PCM_16
1908,test,-1,2.2021875,16000,1,PCM_16
1909,train,5,2.1510625,16000,1,PCM_16
1910,train,2,2.3023125,16000,1,PCM_16
1911,train,2,2.14475,16000,1,PCM_16
1912,train,3,2.6359375,16000,1,PCM_16
1913,train,2,2.035375,16000,1,PCM_16
1914,train,4,2.298125,16000,1,PCM_16
1915,train,0,2.035375,16000,1,PCM_16
1916,train,1,1.901875,16000,1,PCM_16
1917,train,0,1.901875,16000,1,PCM_16
1918,test,-1,2.1354375,16000,1,PCM_16
1919,train,3,2.6693125,16000,1,PCM_16
1920,train,0,1.968625,16000,1,PCM_16
1921,train,5,2.7694375,16000,1,PCM_16
1922,train,5,2.202,16000,1,PCM_16
1923,test,-1,2.56925,16000,1,PCM_16
1924,train,0,2.3690625,16000,1,PCM_16
1925,train,1,2.1521875,16000,1,PCM_16
1926,train,5,1.8351875,16000,1,PCM_16
1927,train,0,1.93525,16000,1,PCM_16
1928,test,-1,2.602625,16000,1,PCM_16
1929,test,-1,2.469125,16000,1,PCM_16
1930,train,4,1.901875,16000,1,PCM_16
1931,train,3,2.5025,16000,1,PCM_16
1932,train,4,2.3133125,16000,1,PCM_16
1933,test,-1,1.43475,16000,1,PCM_16
1934,train,0,2.2021875,16000,1,PCM_16
1935,train,1,1.8685,16000,1,PCM_16
1936,test,-1,3.403375,16000,1,PCM_16
1937,train,4,2.6693125,16000,1,PCM_16
1938,train,5,1.93525,16000,1,PCM_16
1939,train,1,2.08525,16000,1,PCM_16
1940,train,4,2.718375,16000,1,PCM_16
1941,train,5,2.402375,16000,1,PCM_16
1942,train,4,1.8685,16000,1,PCM_16
1943,train,1,1.93525,16000,1,PCM_16
1944,train,3,2.56925,16000,1,PCM_16
1945,train,3,1.8088125,16000,1,PCM_16
1946,train,4,2.56925,16000,1,PCM_16
1947,train,2,2.56925,16000,1,PCM_16
1948,train,2,2.1688125,16000,1,PCM_16
1949,train,1,2.16375,16000,1,PCM_16
1950,train,0,1.494875,16000,1,PCM_16
1951,train,1,2.56925,16000,1,PCM_16
1952,train,3,2.402375,16000,1,PCM_16
1953,test,-1,2.3356875,16000,1,PCM_16
1954,train,4,2.473,16000,1,PCM_16
1955,train,5,1.9521875,16000,1,PCM_16
1956,train,0,1.5624375,16000,1,PCM_16
1957,train,3,2.2755625,16000,1,PCM_16
1958,train,3,2.7026875,16000,1,PCM_16
1959,test,-1,2.3356875,16000,1,PCM_16
1960,test,-1,2.3356875,16000,1,PCM_16
1961,train,0,2.06875,16000,1,PCM_16
1962,train,2,2.6503125,16000,1,PCM_16
1963,train,3,2.2021875,16000,1,PCM_16
1964,train,0,2.43575,16000,1,PCM_16
1965,train,0,1.8685625,16000,1,PCM_16
1966,train,3,2.7360625,16000,1,PCM_16
1967,train,1,2.5025,16000,1,PCM_16
1968,train,5,2.0941875,16000,1,PCM_16
1969,train,3,1.650875,16000,1,PCM_16
1970,train,4,3.2031875,16000,1,PCM_16
1971,train,0,1.8018125,16000,1,PCM_16
1972,train,1,1.8018125,16000,1,PCM_16
1973,train,3,2.06875,16000,1,PCM_16
1974,train,2,2.3023125,16000,1,PCM_16
1975,train,1,1.8351875,16000,1,PCM_16
1976,train,2,2.7026875,16000,1,PCM_16
1977,train,0,4.471125,16000,1,PCM_16
1978,train,0,1.5828125,16000,1,PCM_16
1979,train,0,4.1708125,16000,1,PCM_16
1980,train,4,2.3386875,16000,1,PCM_16
1981,test,-1,2.602625,16000,1,PCM_16
1982,test,-1,3.103125,16000,1,PCM_16
1983,train,1,1.8685625,16000,1,PCM_16
1984,train,4,3.57025,16000,1,PCM_16
1985,train,1,1.601625,16000,1,PCM_16
1986,test,-1,3.43675,16000,1,PCM_16
1987,train,4,2.902875,16000,1,PCM_16
1988,train,5,2.402375,16000,1,PCM_16
1989,train,3,1.51225,16000,1,PCM_16
1990,train,5,1.853375,16000,1,PCM_16
1991,train,2,2.402375,16000,1,PCM_16
1992,train,3,2.43575,16000,1,PCM_16
1993,test,-1,1.901875,16000,1,PCM_16
1994,train,5,1.996875,16000,1,PCM_16
1995,train,0,2.43575,16000,1,PCM_16
1996,train,0,2.1688125,16000,1,PCM_16
1997,train,4,2.469125,16000,1,PCM_16
1998,train,0,3.003,16000,1,PCM_16
1999,train,0,2.1354375,16000,1,PCM_16
2000,train,3,1.296875,16000,1,PCM_16
2001,train,4,2.2826875,16000,1,PCM_16
2002,train,0,2.6693125,16000,1,PCM_16
2003,train,2,1.7684375,16000,1,PCM_16
2004,test,-1,3.1364375,16000,1,PCM_16
2005,train,3,1.494375,16000,1,PCM_16
2006,train,2,1.6349375,16000,1,PCM_16
2007,train,5,2.8695,16000,1,PCM_16
2008,test,-1,3.1698125,16000,1,PCM_16
2009,test,-1,2.402375,16000,1,PCM_16
2010,test,-1,2.7360625,16000,1,PCM_16
2011,train,0,2.369,16000,1,PCM_16
2012,train,4,2.1354375,16000,1,PCM_16
2013,train,2,3.3700625,16000,1,PCM_16
2014,test,-1,2.7694375,16000,1,PCM_16
2015,test,-1,4.104125,16000,1,PCM_16
2016,train,0,2.7026875,16000,1,PCM_16
2017,train,5,1.7350625,16000,1,PCM_16
2018,test,-1,2.6693125,16000,1,PCM_16
2019,train,0,1.8351875,16000,1,PCM_16
2020,train,3,2.369,16000,1,PCM_16
2021,train,5,2.535875,16000,1,PCM_16
2022,train,0,1.9773125,16000,1,PCM_16
2023,test,-1,2.7360625,16000,1,PCM_16
2024,train,5,2.7026875,16000,1,PCM_16
2025,train,2,2.2826875,16000,1,PCM_16
2026,train,2,2.8361875,16000,1,PCM_16
2027,train,5,2.56925,16000,1,PCM_16
2028,train,0,2.06875,16000,1,PCM_16
2029,train,5,2.0705625,16000,1,PCM_16
2030,train,0,2.7026875,16000,1,PCM_16
2031,train,2,3.7370625,16000,1,PCM_16
2032,train,4,2.4429375,16000,1,PCM_16
2033,train,1,2.602625,16000,1,PCM_16
2034,train,5,2.469125,16000,1,PCM_16
2035,train,3,2.6359375,16000,1,PCM_16
2036,train,0,2.43575,16000,1,PCM_16
2037,train,5,1.8351875,16000,1,PCM_16
2038,test,-1,4.004,16000,1,PCM_16
2039,train,2,3.5035,16000,1,PCM_16
2040,test,-1,2.7360625,16000,1,PCM_16
2041,train,5,2.03225,16000,1,PCM_16
2042,train,4,4.037375,16000,1,PCM_16
2043,train,0,1.6683125,16000,1,PCM_16
2044,train,4,2.38075,16000,1,PCM_16
2045,train,2,2.0963125,16000,1,PCM_16
2046,train,2,2.93625,16000,1,PCM_16
2047,train,5,1.7684375,16000,1,PCM_16
2048,train,3,1.48775,16000,1,PCM_16
2049,train,3,3.036375,16000,1,PCM_16
2050,train,3,1.694875,16000,1,PCM_16
2051,train,0,2.602625,16000,1,PCM_16
2052,train,1,3.7370625,16000,1,PCM_16
2053,test,-1,2.1688125,16000,1,PCM_16
2054,train,4,2.002,16000,1,PCM_16
2055,train,1,2.469125,16000,1,PCM_16
2056,train,3,2.969625,16000,1,PCM_16
2057,test,-1,2.602625,16000,1,PCM_16
2058,train,0,2.3356875,16000,1,PCM_16
2059,test,-1,1.968625,16000,1,PCM_16
2060,train,5,2.7694375,16000,1,PCM_16
2061,train,3,2.8028125,16000,1,PCM_16
2062,train,1,2.0279375,16000,1,PCM_16
2063,train,2,2.7665625,16000,1,PCM_16
2064,train,3,2.002,16000,1,PCM_16
2065,train,4,2.4828125,16000,1,PCM_16
2066,test,-1,2.7360625,16000,1,PCM_16
2067,train,0,2.2221875,16000,1,PCM_16
2068,train,0,2.43575,16000,1,PCM_16
2069,train,2,2.102125,16000,1,PCM_16
2070,train,5,2.0799375,16000,1,PCM_16
2071,train,2,2.902875,16000,1,PCM_16
2072,train,2,3.1364375,16000,1,PCM_16
2073,train,2,1.8351875,16000,1,PCM_16
2074,train,1,2.535875,16000,1,PCM_16
2075,train,0,2.0249375,16000,1,PCM_16
2076,train,4,3.003,16000,1,PCM_16
2077,test,-1,3.536875,16000,1,PCM_16
2078,test,-1,2.93625,16000,1,PCM_16
2079,train,0,3.003,16000,1,PCM_16
2080,train,1,2.3023125,16000,1,PCM_16
2081,train,5,1.901875,16000,1,PCM_16
2082,train,4,2.8361875,16000,1,PCM_16
2083,train,1,2.8361875,16000,1,PCM_16
2084,train,1,3.6035625,16000,1,PCM_16
2085,train,3,1.604375,16000,1,PCM_16
2086,test,-1,2.002,16000,1,PCM_16
2087,train,4,2.2149375,16000,1,PCM_16
2088,train,5,2.7694375,16000,1,PCM_16
2089,train,3,2.2689375,16000,1,PCM_16
2090,train,2,2.148375,16000,1,PCM_16
2091,train,5,2.1688125,16000,1,PCM_16
2092,test,-1,3.6703125,16000,1,PCM_16
2093,train,2,1.901875,16000,1,PCM_16
2094,train,4,2.6693125,16000,1,PCM_16
2095,train,4,2.6359375,16000,1,PCM_16
2096,train,4,2.8695625,16000,1,PCM_16
2097,train,3,2.035375,16000,1,PCM_16
2098,train,3,2.5025,16000,1,PCM_16
2099,train,1,3.003,16000,1,PCM_16
2100,train,2,2.5025,16000,1,PCM_16
2101,train,4,2.392125,16000,1,PCM_16
2102,train,1,2.6693125,16000,1,PCM_16
2103,train,5,1.9436875,16000,1,PCM_16
2104,train,4,2.6693125,16000,1,PCM_16
2105,train,0,2.56925,16000,1,PCM_16
2106,train,3,3.4034375,16000,1,PCM_16
2107,train,4,2.5406875,16000,1,PCM_16
2108,train,3,2.3023125,16000,1,PCM_16
2109,train,1,1.93525,16000,1,PCM_16
2110,train,2,2.06875,16000,1,PCM_16
2111,train,2,2.4880625,16000,1,PCM_16
2112,train,3,2.402375,16000,1,PCM_16
2113,test,-1,2.7360625,16000,1,PCM_16
2114,train,3,1.585625,16000,1,PCM_16
2115,train,0,2.102125,16000,1,PCM_16
2116,train,3,1.7488125,16000,1,PCM_16
2117,train,1,1.901875,16000,1,PCM_16
2118,train,0,2.5025,16000,1,PCM_16
2119,test,-1,3.403375,16000,1,PCM_16
2120,train,1,1.945625,16000,1,PCM_16
2121,train,1,3.036375,16000,1,PCM_16
2122,train,0,2.6693125,16000,1,PCM_16
2123,train,3,2.2755625,16000,1,PCM_16
2124,train,1,2.056375,16000,1,PCM_16
2125,test,-1,3.3033125,16000,1,PCM_16
2126,test,-1,3.403375,16000,1,PCM_16
2127,test,-1,2.5025,16000,1,PCM_16
2128,train,1,2.6359375,16000,1,PCM_16
2129,test,-1,2.369,16000,1,PCM_16
2130,train,0,2.43575,16000,1,PCM_16
2131,test,-1,2.969625,16000,1,PCM_16
2132,test,-1,2.8695,16000,1,PCM_16
2133,train,3,1.4995,16000,1,PCM_16
2134,train,1,1.9821875,16000,1,PCM_16
2135,train,2,2.035375,16000,1,PCM_16
2136,test,-1,2.5025,16000,1,PCM_16
2137,train,1,1.872875,16000,1,PCM_16
2138,train,0,4.004,16000,1,PCM_16
2139,train,4,2.7026875,16000,1,PCM_16
2140,train,0,3.7370625,16000,1,PCM_16
2141,train,4,2.7694375,16000,1,PCM_16
2142,train,5,1.9840625,16000,1,PCM_16
2143,train,0,3.7036875,16000,1,PCM_16
2144,train,4,2.542,16000,1,PCM_16
2145,train,4,2.56925,16000,1,PCM_16
2146,train,4,2.1688125,16000,1,PCM_16
2147,train,0,1.8018125,16000,1,PCM_16
2148,train,3,2.5025,16000,1,PCM_16
2149,train,0,2.93625,16000,1,PCM_16
2150,test,-1,2.402375,16000,1,PCM_16
2151,train,4,2.8695,16000,1,PCM_16
2152,train,5,2.43575,16000,1,PCM_16
2153,test,-1,3.2699375,16000,1,PCM_16
2154,train,0,2.56925,16000,1,PCM_16
2155,train,4,2.602625,16000,1,PCM_16
2156,train,3,2.2355625,16000,1,PCM_16
2157,train,4,3.8371875,16000,1,PCM_16
2158,train,1,3.7370625,16000,1,PCM_16
2159,train,1,1.901875,16000,1,PCM_16
2160,train,1,1.93525,16000,1,PCM_16
2161,train,2,2.3611875,16000,1,PCM_16
2162,train,5,2.0291875,16000,1,PCM_16
2163,test,-1,3.036375,16000,1,PCM_16
2164,train,5,2.602625,16000,1,PCM_16
2165,train,2,2.3356875,16000,1,PCM_16
2166,train,5,2.269375,16000,1,PCM_16
2167,train,3,2.002,16000,1,PCM_16
2168,train,2,2.5025,16000,1,PCM_16
2169,train,4,3.7370625,16000,1,PCM_16
2170,test,-1,2.369,16000,1,PCM_16
2171,train,2,2.2021875,16000,1,PCM_16
2172,train,3,2.1688125,16000,1,PCM_16
2173,train,4,2.369,16000,1,PCM_16
2174,train,4,4.6379375,16000,1,PCM_16
2175,train,1,1.901875,16000,1,PCM_16
2176,train,0,3.3033125,16000,1,PCM_16
2177,train,2,2.1715625,16000,1,PCM_16
2178,test,-1,3.036375,16000,1,PCM_16
2179,train,3,2.1354375,16000,1,PCM_16
2180,train,0,3.7370625,16000,1,PCM_16
2181,train,2,2.7360625,16000,1,PCM_16
2182,train,1,2.3356875,16000,1,PCM_16
2183,train,3,1.968625,16000,1,PCM_16
2184,train,1,2.3356875,16000,1,PCM_16
2185,train,0,2.06875,16000,1,PCM_16
2186,train,5,2.230875,16000,1,PCM_16
2187,train,4,2.2755625,16000,1,PCM_16
2188,train,2,2.035375,16000,1,PCM_16
2189,train,1,2.402375,16000,1,PCM_16
2190,train,5,2.1145625,16000,1,PCM_16
2191,train,0,2.902875,16000,1,PCM_16
2192,train,5,2.3690625,16000,1,PCM_16
2193,train,1,2.93625,16000,1,PCM_16
2194,train,2,2.3533125,16000,1,PCM_16
2195,train,4,1.6349375,16000,1,PCM_16
2196,test,-1,2.402375,16000,1,PCM_16
2197,train,3,2.7360625,16000,1,PCM_16
2198,train,3,2.2755625,16000,1,PCM_16
2199,test,-1,3.7036875,16000,1,PCM_16
2200,test,-1,3.403375,16000,1,PCM_16
2201,train,1,2.43575,16000,1,PCM_16
2202,train,0,2.6693125,16000,1,PCM_16
2203,train,1,3.7036875,16000,1,PCM_16
2204,train,4,3.37,16000,1,PCM_16
2205,train,3,2.43575,16000,1,PCM_16
2206,train,5,2.7360625,16000,1,PCM_16
2207,train,1,2.8361875,16000,1,PCM_16
2208,test,-1,3.37,16000,1,PCM_16
2209,test,-1,2.5025,16000,1,PCM_16
2210,train,3,1.80825,16000,1,PCM_16
2211,train,5,3.6369375,16000,1,PCM_16
2212,train,1,1.9259375,16000,1,PCM_16
2213,test,-1,2.535875,16000,1,PCM_16
2214,train,1,2.2826875,16000,1,PCM_16
2215,train,2,2.06875,16000,1,PCM_16
2216,train,3,1.6655625,16000,1,PCM_16
2217,test,-1,3.2365625,16000,1,PCM_16
2218,train,5,2.123,16000,1,PCM_16
2219,train,5,2.1354375,16000,1,PCM_16
2220,train,5,2.18775,16000,1,PCM_16
2221,train,0,2.1016875,16000,1,PCM_16
2222,train,1,2.0099375,16000,1,PCM_16
2223,test,-1,2.102125,16000,1,PCM_16
2224,train,5,3.43675,16000,1,PCM_16
2225,train,2,2.7779375,16000,1,PCM_16
2226,train,4,4.104125,16000,1,PCM_16
2227,train,1,2.2068125,16000,1,PCM_16
2228,train,4,2.387625,16000,1,PCM_16
2229,train,2,2.2933125,16000,1,PCM_16
2230,train,4,2.45275,16000,1,PCM_16
2231,train,0,2.469125,16000,1,PCM_16
2232,train,5,2.102625,16000,1,PCM_16
2233,train,5,1.8971875,16000,1,PCM_16
2234,train,0,2.602625,16000,1,PCM_16
2235,test,-1,3.8705625,16000,1,PCM_16
2236,train,2,2.33375,16000,1,PCM_16
2237,train,1,2.2689375,16000,1,PCM_16
2238,train,0,3.970625,16000,1,PCM_16
2239,train,1,1.9090625,16000,1,PCM_16
2240,train,2,2.8361875,16000,1,PCM_16
2241,train,3,2.06875,16000,1,PCM_16
2242,train,3,2.402375,16000,1,PCM_16
2243,train,3,2.2021875,16000,1,PCM_16
2244,train,4,2.1354375,16000,1,PCM_16
2245,train,3,3.8371875,16000,1,PCM_16
2246,train,0,2.3356875,16000,1,PCM_16
2247,train,3,2.469125,16000,1,PCM_16
2248,train,3,3.57025,16000,1,PCM_16
2249,train,5,2.43575,16000,1,PCM_16
2250,train,3,2.6359375,16000,1,PCM_16
2251,test,-1,2.93625,16000,1,PCM_16
2252,train,2,2.6359375,16000,1,PCM_16
2253,train,4,3.3033125,16000,1,PCM_16
2254,train,2,2.43575,16000,1,PCM_16
2255,train,3,1.5325,16000,1,PCM_16
2256,train,3,1.368,16000,1,PCM_16
2257,train,3,2.7026875,16000,1,PCM_16
2258,train,3,1.8824375,16000,1,PCM_16
2259,train,2,3.903875,16000,1,PCM_16
2260,train,4,2.6693125,16000,1,PCM_16
2261,train,5,2.3690625,16000,1,PCM_16
2262,test,-1,2.535875,16000,1,PCM_16
2263,train,5,2.199125,16000,1,PCM_16
2264,train,0,2.035375,16000,1,PCM_16
2265,train,1,2.8028125,16000,1,PCM_16
2266,train,0,2.1354375,16000,1,PCM_16
2267,train,1,3.403375,16000,1,PCM_16
2268,train,1,2.0949375,16000,1,PCM_16
2269,train,0,2.7026875,16000,1,PCM_16
2270,train,2,2.31325,16000,1,PCM_16
2271,train,2,3.7036875,16000,1,PCM_16
2272,train,5,3.470125,16000,1,PCM_16
2273,train,5,1.933,16000,1,PCM_16
2274,train,3,2.8028125,16000,1,PCM_16
2275,train,5,2.1141875,16000,1,PCM_16
2276,train,1,1.7016875,16000,1,PCM_16
2277,train,1,2.00675,16000,1,PCM_16
2278,test,-1,1.968625,16000,1,PCM_16
2279,train,1,2.035375,16000,1,PCM_16
2280,train,3,1.93525,16000,1,PCM_16
2281,train,2,2.5759375,16000,1,PCM_16
2282,train,5,2.1104375,16000,1,PCM_16
2283,test,-1,2.3690625,16000,1,PCM_16
2284,test,-1,3.970625,16000,1,PCM_16
2285,train,1,4.2041875,16000,1,PCM_16
2286,train,1,2.2025625,16000,1,PCM_16
2287,test,-1,2.8361875,16000,1,PCM_16
2288,train,0,1.5340625,16000,1,PCM_16
2289,train,5,2.535875,16000,1,PCM_16
2290,test,-1,3.8705625,16000,1,PCM_16
2291,train,5,2.402375,16000,1,PCM_16
2292,train,2,2.56925,16000,1,PCM_16
2293,train,0,1.93525,16000,1,PCM_16
2294,train,2,2.1688125,16000,1,PCM_16
2295,train,2,2.8361875,16000,1,PCM_16
2296,train,0,2.43575,16000,1,PCM_16
2297,train,2,2.2860625,16000,1,PCM_16
2298,train,5,2.7694375,16000,1,PCM_16
2299,train,0,3.7370625,16000,1,PCM_16
2300,train,5,3.2699375,16000,1,PCM_16
2301,train,1,2.535875,16000,1,PCM_16
2302,train,0,2.8361875,16000,1,PCM_16
2303,train,3,2.7360625,16000,1,PCM_16
2304,train,3,1.642125,16000,1,PCM_16
2305,train,0,1.968625,16000,1,PCM_16
2306,train,2,3.43675,16000,1,PCM_16
2307,train,1,2.06875,16000,1,PCM_16
2308,test,-1,2.1688125,16000,1,PCM_16
2309,train,4,3.7036875,16000,1,PCM_16
2310,train,1,2.535875,16000,1,PCM_16
2311,test,-1,2.2689375,16000,1,PCM_16
2312,train,4,4.2041875,16000,1,PCM_16
2313,train,1,2.0274375,16000,1,PCM_16
2314,train,2,2.2021875,16000,1,PCM_16
2315,test,-1,3.06975,16000,1,PCM_16
2316,test,-1,2.7360625,16000,1,PCM_16
2317,train,2,2.56925,16000,1,PCM_16
2318,train,0,2.1354375,16000,1,PCM_16
2319,train,1,1.775,16000,1,PCM_16
2320,train,2,2.602625,16000,1,PCM_16
2321,train,5,2.0796875,16000,1,PCM_16
2322,train,0,2.3690625,16000,1,PCM_16
2323,train,1,2.6359375,16000,1,PCM_16
2324,train,5,1.8018125,16000,1,PCM_16
2325,test,-1,3.6703125,16000,1,PCM_16
2326,train,5,2.2021875,16000,1,PCM_16
2327,train,4,2.43575,16000,1,PCM_16
2328,train,0,3.036375,16000,1,PCM_16
2329,train,1,2.3356875,16000,1,PCM_16
2330,train,1,2.1688125,16000,1,PCM_16
2331,train,3,3.2031875,16000,1,PCM_16
2332,train,2,2.7694375,16000,1,PCM_16
2333,train,2,2.402375,16000,1,PCM_16
2334,train,1,1.9668125,16000,1,PCM_16
2335,train,4,2.8695,16000,1,PCM_16
2336,train,1,4.004,16000,1,PCM_16
2337,train,5,1.8685625,16000,1,PCM_16
2338,train,3,2.2689375,16000,1,PCM_16
2339,test,-1,2.8028125,16000,1,PCM_16
2340,train,3,2.2689375,16000,1,PCM_16
2341,train,3,4.104125,16000,1,PCM_16
2342,train,4,2.7360625,16000,1,PCM_16
2343,test,-1,2.7360625,16000,1,PCM_16
2344,train,1,1.810375,16000,1,PCM_16
2345,train,3,2.56925,16000,1,PCM_16
2346,train,5,2.035375,16000,1,PCM_16
2347,train,0,4.07075,16000,1,PCM_16
2348,train,5,1.7350625,16000,1,PCM_16
2349,train,5,2.402375,16000,1,PCM_16
2350,train,2,2.3690625,16000,1,PCM_16
2351,train,3,2.602625,16000,1,PCM_16
2352,train,3,2.1688125,16000,1,PCM_16
2353,train,4,3.3700625,16000,1,PCM_16
2354,train,5,2.002,16000,1,PCM_16
2355,train,1,2.6693125,16000,1,PCM_16
2356,train,1,2.024,16000,1,PCM_16
2357,train,5,3.8038125,16000,1,PCM_16
2358,train,3,1.46825,16000,1,PCM_16
2359,train,2,2.3356875,16000,1,PCM_16
2360,train,0,2.3690625,16000,1,PCM_16
2361,train,4,3.5035,16000,1,PCM_16
2362,train,0,1.7350625,16000,1,PCM_16
2363,train,3,2.902875,16000,1,PCM_16
2364,train,4,2.5266875,16000,1,PCM_16
2365,train,2,2.1354375,16000,1,PCM_16
2366,train,2,1.6349375,16000,1,PCM_16
2367,train,0,3.6703125,16000,1,PCM_16
2368,train,0,2.7694375,16000,1,PCM_16
2369,test,-1,3.2365625,16000,1,PCM_16
2370,train,2,2.902875,16000,1,PCM_16
2371,train,1,1.986625,16000,1,PCM_16
2372,test,-1,3.403375,16000,1,PCM_16
2373,test,-1,2.43575,16000,1,PCM_16
2374,test,-1,3.93725,16000,1,PCM_16
2375,test,-1,2.469125,16000,1,PCM_16
2376,train,2,2.1206875,16000,1,PCM_16
2377,test,-1,1.7684375,16000,1,PCM_16
2378,train,4,2.402375,16000,1,PCM_16
2379,train,4,3.036375,16000,1,PCM_16
2380,train,0,2.6359375,16000,1,PCM_16
2381,train,4,3.5035,16000,1,PCM_16
2382,train,2,3.8705625,16000,1,PCM_16
2383,train,4,2.56925,16000,1,PCM_16
2384,test,-1,1.8018125,16000,1,PCM_16
2385,train,3,2.43575,16000,1,PCM_16
2386,train,1,2.6693125,16000,1,PCM_16
2387,test,-1,2.7026875,16000,1,PCM_16
2388,train,1,2.3023125,16000,1,PCM_16
2389,train,3,1.6791875,16000,1,PCM_16
2390,train,4,3.06975,16000,1,PCM_16
2391,test,-1,2.6359375,16000,1,PCM_16
2392,test,-1,1.93525,16000,1,PCM_16
2393,train,0,1.7079375,16000,1,PCM_16
2394,train,3,3.3033125,16000,1,PCM_16
2395,train,1,2.03725,16000,1,PCM_16
2396,test,-1,2.2689375,16000,1,PCM_16
2397,train,5,1.7684375,16000,1,PCM_16
2398,test,-1,2.7694375,16000,1,PCM_16
2399,train,4,2.535875,16000,1,PCM_16
2400,train,1,2.035375,16000,1,PCM_16
2401,train,0,2.3356875,16000,1,PCM_16
2402,train,0,2.7360625,16000,1,PCM_16
2403,train,0,2.047,16000,1,PCM_16
2404,train,0,2.602625,16000,1,PCM_16
2405,test,-1,4.404375,16000,1,PCM_16
2406,train,2,2.602625,16000,1,PCM_16
2407,test,-1,2.902875,16000,1,PCM_16
2408,train,0,2.2021875,16000,1,PCM_16
2409,train,2,2.8028125,16000,1,PCM_16
2410,train,4,1.93525,16000,1,PCM_16
2411,train,4,1.93525,16000,1,PCM_16
2412,train,1,1.8148125,16000,1,PCM_16
2413,test,-1,2.2689375,16000,1,PCM_16
2414,train,0,4.004,16000,1,PCM_16
2415,train,1,2.5025,16000,1,PCM_16
2416,train,1,2.13425,16000,1,PCM_16
2417,train,3,2.3356875,16000,1,PCM_16
2418,train,3,3.7704375,16000,1,PCM_16
2419,test,-1,3.1698125,16000,1,PCM_16
2420,train,2,2.4260625,16000,1,PCM_16
2421,train,4,2.969625,16000,1,PCM_16
2422,train,0,2.535875,16000,1,PCM_16
2423,test,-1,3.6369375,16000,1,PCM_16
2424,train,3,2.602625,16000,1,PCM_16
2425,train,4,2.3649375,16000,1,PCM_16
2426,train,1,1.9233125,16000,1,PCM_16
2427,train,3,2.7026875,16000,1,PCM_16
2428,train,4,4.3376875,16000,1,PCM_16
2429,train,1,3.7370625,16000,1,PCM_16
2430,train,0,2.969625,16000,1,PCM_16
2431,train,3,2.3023125,16000,1,PCM_16
2432,train,2,2.3325,16000,1,PCM_16
2433,train,1,2.3356875,16000,1,PCM_16
2434,train,4,2.8695,16000,1,PCM_16
2435,train,3,1.58375,16000,1,PCM_16
2436,train,5,1.8685625,16000,1,PCM_16
2437,train,3,2.7360625,16000,1,PCM_16
2438,train,0,1.994875,16000,1,PCM_16
2439,train,3,3.3033125,16000,1,PCM_16
2440,test,-1,3.403375,16000,1,PCM_16
2441,train,2,2.515875,16000,1,PCM_16
2442,train,3,3.003,16000,1,PCM_16
2443,train,4,2.37175,16000,1,PCM_16
2444,train,4,3.2699375,16000,1,PCM_16
2445,train,4,3.1364375,16000,1,PCM_16
2446,train,1,2.1354375,16000,1,PCM_16
2447,test,-1,2.035375,16000,1,PCM_16
2448,train,5,2.7026875,16000,1,PCM_16
2449,train,4,3.2699375,16000,1,PCM_16
2450,train,5,2.035375,16000,1,PCM_16
2451,train,3,3.536875,16000,1,PCM_16
2452,train,5,1.81075,16000,1,PCM_16
2453,train,3,1.7130625,16000,1,PCM_16
2454,train,3,1.93525,16000,1,PCM_16
2455,train,5,2.535875,16000,1,PCM_16
2456,train,3,3.2031875,16000,1,PCM_16
2457,train,5,2.118,16000,1,PCM_16
2458,train,3,2.1354375,16000,1,PCM_16
2459,test,-1,3.103125,16000,1,PCM_16
2460,train,2,2.7026875,16000,1,PCM_16
2461,train,4,2.06875,16000,1,PCM_16
2462,train,1,2.43575,16000,1,PCM_16
2463,train,0,3.903875,16000,1,PCM_16
2464,train,1,2.6693125,16000,1,PCM_16
2465,train,5,2.1688125,16000,1,PCM_16
2466,train,4,3.003,16000,1,PCM_16
2467,train,1,1.755,16000,1,PCM_16
2468,test,-1,1.601625,16000,1,PCM_16
2469,train,5,1.9371875,16000,1,PCM_16
2470,train,1,2.602625,16000,1,PCM_16
2471,train,5,3.37,16000,1,PCM_16
2472,train,2,2.93625,16000,1,PCM_16
2473,train,3,2.7694375,16000,1,PCM_16
2474,train,4,2.259875,16000,1,PCM_16
2475,train,4,2.4743125,16000,1,PCM_16
2476,train,3,2.3023125,16000,1,PCM_16
2477,train,3,3.6703125,16000,1,PCM_16
2478,test,-1,3.7370625,16000,1,PCM_16
2479,train,3,1.601625,16000,1,PCM_16
2480,train,4,2.8361875,16000,1,PCM_16
2481,train,2,2.035375,16000,1,PCM_16
2482,train,1,2.6693125,16000,1,PCM_16
2483,train,1,2.1188125,16000,1,PCM_16
2484,test,-1,2.6359375,16000,1,PCM_16
2485,train,3,2.5025,16000,1,PCM_16
2486,train,1,2.008,16000,1,PCM_16
2487,train,0,2.6693125,16000,1,PCM_16
2488,train,1,1.7896875,16000,1,PCM_16
2489,test,-1,4.8048125,16000,1,PCM_16
2490,test,-1,2.902875,16000,1,PCM_16
2491,train,4,2.416125,16000,1,PCM_16
2492,train,3,3.8371875,16000,1,PCM_16
2493,test,-1,2.2689375,16000,1,PCM_16
2494,test,-1,2.1688125,16000,1,PCM_16
2495,train,2,2.1263125,16000,1,PCM_16
2496,train,1,1.8685,16000,1,PCM_16
2497,train,1,2.3356875,16000,1,PCM_16
2498,test,-1,2.102125,16000,1,PCM_16
2499,test,-1,2.535875,16000,1,PCM_16
2500,train,3,2.8028125,16000,1,PCM_16
2501,test,-1,3.603625,16000,1,PCM_16
2502,train,1,1.8018125,16000,1,PCM_16
2503,test,-1,2.8361875,16000,1,PCM_16
2504,test,-1,1.93525,16000,1,PCM_16
2505,test,-1,2.469125,16000,1,PCM_16
2506,train,1,2.402375,16000,1,PCM_16
2507,train,5,2.56925,16000,1,PCM_16
2508,train,1,1.7684375,16000,1,PCM_16
2509,test,-1,2.6693125,16000,1,PCM_16
2510,train,4,2.2689375,16000,1,PCM_16
2511,test,-1,2.8361875,16000,1,PCM_16
2512,train,2,1.6683125,16000,1,PCM_16
2513,train,0,4.1374375,16000,1,PCM_16
2514,test,-1,3.970625,16000,1,PCM_16
2515,train,4,2.530375,16000,1,PCM_16
2516,train,5,2.8695,16000,1,PCM_16
2517,test,-1,3.33275,16000,1,PCM_16
2518,train,4,4.2375625,16000,1,PCM_16
2519,train,2,2.002,16000,1,PCM_16
2520,test,-1,2.7694375,16000,1,PCM_16
2521,train,0,2.535875,16000,1,PCM_16
2522,train,0,3.103125,16000,1,PCM_16
2523,train,0,1.606625,16000,1,PCM_16
2524,train,5,2.602625,16000,1,PCM_16
2525,train,0,3.3033125,16000,1,PCM_16
2526,train,2,3.3700625,16000,1,PCM_16
2527,test,-1,4.5045,16000,1,PCM_16
2528,test,-1,3.8705625,16000,1,PCM_16
2529,train,5,2.8361875,16000,1,PCM_16
2530,train,5,2.052625,16000,1,PCM_16
2531,train,0,2.3356875,16000,1,PCM_16
2532,train,1,1.6683125,16000,1,PCM_16
2533,train,2,2.8695625,16000,1,PCM_16
2534,train,3,2.102125,16000,1,PCM_16
2535,train,3,3.403375,16000,1,PCM_16
2536,train,1,2.3023125,16000,1,PCM_16
2537,train,4,2.601125,16000,1,PCM_16
2538,train,0,3.103125,16000,1,PCM_16
2539,train,3,1.4328125,16000,1,PCM_16
2540,train,2,3.06975,16000,1,PCM_16
2541,train,1,1.827,16000,1,PCM_16
2542,train,1,1.8351875,16000,1,PCM_16
2543,train,5,3.403375,16000,1,PCM_16
2544,train,1,2.8028125,16000,1,PCM_16
2545,train,4,2.752375,16000,1,PCM_16
2546,train,4,2.6693125,16000,1,PCM_16
2547,train,4,2.2689375,16000,1,PCM_16
2548,test,-1,2.7694375,16000,1,PCM_16
2549,train,3,2.3690625,16000,1,PCM_16
2550,train,0,2.7026875,16000,1,PCM_16
2551,train,5,2.5025,16000,1,PCM_16
2552,train,5,2.3023125,16000,1,PCM_16
2553,test,-1,2.6359375,16000,1,PCM_16
2554,train,2,2.2689375,16000,1,PCM_16
2555,test,-1,3.06975,16000,1,PCM_16
2556,train,2,1.968625,16000,1,PCM_16
2557,train,1,1.8796875,16000,1,PCM_16
2558,train,0,2.2826875,16000,1,PCM_16
2559,train,2,2.535875,16000,1,PCM_16
2560,train,0,1.93525,16000,1,PCM_16
2561,train,4,2.2723125,16000,1,PCM_16
2562,train,3,1.3869375,16000,1,PCM_16
2563,train,0,2.102125,16000,1,PCM_16
2564,train,1,2.7694375,16000,1,PCM_16
2565,train,4,2.4805625,16000,1,PCM_16
2566,train,1,2.369,16000,1,PCM_16
2567,test,-1,3.003,16000,1,PCM_16
2568,train,0,2.6359375,16000,1,PCM_16
2569,train,4,3.7036875,16000,1,PCM_16
2570,train,0,2.2021875,16000,1,PCM_16
2571,train,2,2.902875,16000,1,PCM_16
2572,train,3,1.900625,16000,1,PCM_16
2573,train,4,2.2419375,16000,1,PCM_16
2574,train,4,3.3033125,16000,1,PCM_16
2575,train,3,3.403375,16000,1,PCM_16
2576,train,4,4.1708125,16000,1,PCM_16
2577,train,3,2.2689375,16000,1,PCM_16
2578,test,-1,2.602625,16000,1,PCM_16
2579,train,0,2.6693125,16000,1,PCM_16
2580,train,0,3.93725,16000,1,PCM_16
2581,train,4,3.2031875,16000,1,PCM_16
2582,train,1,3.43675,16000,1,PCM_16
2583,train,0,2.5025,16000,1,PCM_16
2584,train,5,2.002,16000,1,PCM_16
2585,train,4,2.5025,16000,1,PCM_16
2586,train,3,2.7360625,16000,1,PCM_16
2587,train,5,2.2946875,16000,1,PCM_16
2588,train,1,2.002,16000,1,PCM_16
2589,test,-1,4.404375,16000,1,PCM_16
2590,train,4,2.2689375,16000,1,PCM_16
2591,test,-1,2.7026875,16000,1,PCM_16
2592,train,2,2.5724375,16000,1,PCM_16
2593,train,1,1.968625,16000,1,PCM_16
2594,train,3,1.968625,16000,1,PCM_16
2595,train,2,2.369,16000,1,PCM_16
2596,train,1,2.12,16000,1,PCM_16
2597,train,1,3.603625,16000,1,PCM_16
2598,train,4,2.1688125,16000,1,PCM_16
2599,train,1,2.22125,16000,1,PCM_16
2600,train,2,2.7694375,16000,1,PCM_16
2601,train,0,1.8351875,16000,1,PCM_16
2602,train,5,1.989125,16000,1,PCM_16
2603,train,0,1.564125,16000,1,PCM_16
2604,train,2,2.443125,16000,1,PCM_16
2605,train,3,2.402375,16000,1,PCM_16
2606,train,0,2.969625,16000,1,PCM_16
2607,train,3,2.2021875,16000,1,PCM_16
2608,train,0,1.497875,16000,1,PCM_16
2609,train,5,2.2755625,16000,1,PCM_16
2610,train,1,1.8351875,16000,1,PCM_16
2611,test,-1,2.8695,16000,1,PCM_16
2612,train,2,2.5949375,16000,1,PCM_16
2613,train,5,2.102125,16000,1,PCM_16
2614,test,-1,2.6693125,16000,1,PCM_16
2615,train,3,1.6601875,16000,1,PCM_16
2616,train,0,3.903875,16000,1,PCM_16
2617,test,-1,2.535875,16000,1,PCM_16
2618,train,3,2.8361875,16000,1,PCM_16
2619,train,2,2.93625,16000,1,PCM_16
2620,test,-1,2.3023125,16000,1,PCM_16
2621,train,4,2.535875,16000,1,PCM_16
2622,train,3,2.93625,16000,1,PCM_16
2623,train,1,3.2031875,16000,1,PCM_16
2624,train,0,3.470125,16000,1,PCM_16
2625,train,0,2.5025,16000,1,PCM_16
2626,train,5,2.2755625,16000,1,PCM_16
2627,train,2,2.7694375,16000,1,PCM_16
2628,train,1,3.1698125,16000,1,PCM_16
2629,train,2,2.06875,16000,1,PCM_16
2630,train,0,3.37,16000,1,PCM_16
2631,train,4,2.902875,16000,1,PCM_16
2632,train,4,2.2689375,16000,1,PCM_16
2633,train,5,1.8685625,16000,1,PCM_16
2634,train,0,2.5025,16000,1,PCM_16
2635,train,1,2.002,16000,1,PCM_16
2636,train,4,2.4839375,16000,1,PCM_16
2637,train,2,2.369,16000,1,PCM_16
2638,train,4,2.5025,16000,1,PCM_16
2639,train,3,3.9039375,16000,1,PCM_16
2640,train,0,2.535875,16000,1,PCM_16
2641,train,0,2.6693125,16000,1,PCM_16
2642,train,3,3.603625,16000,1,PCM_16
2643,train,0,3.036375,16000,1,PCM_16
2644,test,-1,3.1698125,16000,1,PCM_16
2645,test,-1,2.7694375,16000,1,PCM_16
2646,train,4,3.003,16000,1,PCM_16
2647,train,1,2.3023125,16000,1,PCM_16
2648,train,1,2.2755625,16000,1,PCM_16
2649,train,3,2.5025,16000,1,PCM_16
2650,train,2,2.6165625,16000,1,PCM_16
2651,train,0,2.7694375,16000,1,PCM_16
2652,test,-1,3.8705625,16000,1,PCM_16
2653,train,3,3.603625,16000,1,PCM_16
2654,train,0,2.12125,16000,1,PCM_16
2655,test,-1,2.6359375,16000,1,PCM_16
2656,test,-1,2.369,16000,1,PCM_16
2657,test,-1,3.2699375,16000,1,PCM_16
2658,train,0,3.2365625,16000,1,PCM_16
2659,train,5,2.3690625,16000,1,PCM_16
2660,train,1,1.9255625,16000,1,PCM_16
2661,train,0,1.901875,16000,1,PCM_16
2662,test,-1,1.7350625,16000,1,PCM_16
2663,train,5,2.56925,16000,1,PCM_16
2664,train,3,3.7370625,16000,1,PCM_16
2665,train,1,3.7370625,16000,1,PCM_16
2666,train,0,2.1295,16000,1,PCM_16
2667,train,3,1.5601875,16000,1,PCM_16
2668,train,4,2.6693125,16000,1,PCM_16
2669,train,0,2.43575,16000,1,PCM_16
2670,train,3,2.06875,16000,1,PCM_16
2671,train,1,2.028125,16000,1,PCM_16
2672,train,1,2.3690625,16000,1,PCM_16
2673,train,1,2.602625,16000,1,PCM_16
2674,train,3,1.710625,16000,1,PCM_16
2675,train,4,2.06875,16000,1,PCM_16
2676,test,-1,1.6683125,16000,1,PCM_16
2677,train,5,2.43575,16000,1,PCM_16
2678,train,3,2.93625,16000,1,PCM_16
2679,train,3,3.3033125,16000,1,PCM_16
2680,train,3,1.6395,16000,1,PCM_16
2681,train,0,1.5748125,16000,1,PCM_16
2682,train,0,1.6276875,16000,1,PCM_16
2683,test,-1,4.004,16000,1,PCM_16
2684,train,3,1.901875,16000,1,PCM_16
2685,train,4,2.6693125,16000,1,PCM_16
2686,train,2,2.902875,16000,1,PCM_16
2687,train,4,2.06875,16000,1,PCM_16
2688,train,0,2.56925,16000,1,PCM_16
2689,train,0,2.2021875,16000,1,PCM_16
2690,train,0,2.2391875,16000,1,PCM_16
2691,train,1,2.001,16000,1,PCM_16
2692,train,2,2.002,16000,1,PCM_16
2693,train,0,2.3356875,16000,1,PCM_16
2694,train,5,1.56825,16000,1,PCM_16
2695,test,-1,2.8361875,16000,1,PCM_16
2696,train,1,2.002,16000,1,PCM_16
2697,train,2,2.602625,16000,1,PCM_16
2698,test,-1,3.2699375,16000,1,PCM_16
2699,train,3,2.902875,16000,1,PCM_16
2700,test,-1,2.035375,16000,1,PCM_16
2701,test,-1,2.7026875,16000,1,PCM_16
2702,train,0,1.6911875,16000,1,PCM_16
2703,train,3,2.2021875,16000,1,PCM_16
2704,test,-1,2.002,16000,1,PCM_16
2705,train,2,2.5025,16000,1,PCM_16
2706,train,0,3.43675,16000,1,PCM_16
2707,train,4,3.2031875,16000,1,PCM_16
2708,train,4,2.535875,16000,1,PCM_16
2709,train,0,2.3023125,16000,1,PCM_16
2710,train,3,1.7016875,16000,1,PCM_16
2711,train,1,1.901875,16000,1,PCM_16
2712,train,1,3.3366875,16000,1,PCM_16
2713,train,1,2.2755625,16000,1,PCM_16
2714,train,4,2.5661875,16000,1,PCM_16
2715,train,1,2.08675,16000,1,PCM_16
2716,train,1,2.469125,16000,1,PCM_16
2717,train,4,2.661,16000,1,PCM_16
2718,test,-1,3.1364375,16000,1,PCM_16
2719,train,2,2.417,16000,1,PCM_16
2720,train,2,2.9139375,16000,1,PCM_16
2721,train,5,3.1364375,16000,1,PCM_16
2722,test,-1,2.7026875,16000,1,PCM_16
2723,train,3,1.7758125,16000,1,PCM_16
2724,test,-1,3.003,16000,1,PCM_16
2725,train,2,3.536875,16000,1,PCM_16
2726,train,5,3.06975,16000,1,PCM_16
2727,test,-1,4.1375,16000,1,PCM_16
2728,train,0,1.476875,16000,1,PCM_16
2729,train,4,1.7684375,16000,1,PCM_16
2730,train,0,2.602625,16000,1,PCM_16
2731,train,5,2.1688125,16000,1,PCM_16
2732,train,1,2.06875,16000,1,PCM_16
2733,train,3,2.3356875,16000,1,PCM_16
2734,train,4,2.8695,16000,1,PCM_16
2735,test,-1,3.57025,16000,1,PCM_16
2736,train,2,3.8705625,16000,1,PCM_16
2737,train,4,4.07075,16000,1,PCM_16
2738,train,5,2.3023125,16000,1,PCM_16
2739,train,1,1.7016875,16000,1,PCM_16
2740,train,2,2.3690625,16000,1,PCM_16
2741,test,-1,2.902875,16000,1,PCM_16
2742,train,3,3.2031875,16000,1,PCM_16
2743,test,-1,3.036375,16000,1,PCM_16
2744,train,2,2.3356875,16000,1,PCM_16
2745,train,1,2.535875,16000,1,PCM_16
2746,train,3,2.06875,16000,1,PCM_16
2747,test,-1,2.402375,16000,1,PCM_16
2748,test,-1,2.469125,16000,1,PCM_16
2749,train,1,3.7704375,16000,1,PCM_16
2750,test,-1,2.8028125,16000,1,PCM_16
2751,train,4,2.2826875,16000,1,PCM_16
2752,train,1,1.853875,16000,1,PCM_16
2753,train,0,2.6693125,16000,1,PCM_16
2754,train,5,2.318875,16000,1,PCM_16
2755,test,-1,2.6693125,16000,1,PCM_16
2756,test,-1,1.8685,16000,1,PCM_16
2757,train,2,2.28225,16000,1,PCM_16
2758,train,4,3.8371875,16000,1,PCM_16
2759,test,-1,2.8361875,16000,1,PCM_16
2760,test,-1,3.903875,16000,1,PCM_16
2761,test,-1,1.968625,16000,1,PCM_16
2762,train,4,3.57025,16000,1,PCM_16
2763,train,1,1.97225,16000,1,PCM_16
2764,train,0,3.06975,16000,1,PCM_16
2765,train,3,2.369,16000,1,PCM_16
2766,train,3,1.8351875,16000,1,PCM_16
2767,train,3,4.1708125,16000,1,PCM_16
2768,train,4,2.6359375,16000,1,PCM_16
2769,train,4,3.3366875,16000,1,PCM_16
2770,train,4,2.43575,16000,1,PCM_16
2771,train,5,2.035375,16000,1,PCM_16
2772,train,1,2.308375,16000,1,PCM_16
2773,test,-1,2.8695625,16000,1,PCM_16
2774,train,1,2.602625,16000,1,PCM_16
2775,train,4,4.1040625,16000,1,PCM_16
2776,train,5,2.602625,16000,1,PCM_16
2777,train,1,2.1688125,16000,1,PCM_16
2778,train,1,2.035375,16000,1,PCM_16
2779,train,2,1.968625,16000,1,PCM_16
2780,train,3,2.402375,16000,1,PCM_16
2781,train,0,2.93625,16000,1,PCM_16
2782,train,0,2.089125,16000,1,PCM_16
2783,test,-1,2.7360625,16000,1,PCM_16
2784,train,1,1.8351875,16000,1,PCM_16
2785,train,2,3.57025,16000,1,PCM_16
2786,test,-1,2.1688125,16000,1,PCM_16
2787,train,2,2.3023125,16000,1,PCM_16
2788,test,-1,2.8028125,16000,1,PCM_16
2789,test,-1,3.37,16000,1,PCM_16
2790,train,1,2.0465625,16000,1,PCM_16
2791,test,-1,2.7360625,16000,1,PCM_16
2792,test,-1,3.2699375,16000,1,PCM_16
2793,train,1,1.6349375,16000,1,PCM_16
2794,train,2,2.6359375,16000,1,PCM_16
2795,train,0,2.1688125,16000,1,PCM_16
2796,test,-1,3.003,16000,1,PCM_16
2797,train,4,3.8705,16000,1,PCM_16
2798,train,2,3.603625,16000,1,PCM_16
2799,train,0,2.2713125,16000,1,PCM_16
2800,train,0,2.2689375,16000,1,PCM_16
2801,train,2,2.5291875,16000,1,PCM_16
2802,train,0,1.95625,16000,1,PCM_16
2803,train,1,2.7026875,16000,1,PCM_16
2804,train,0,2.602625,16000,1,PCM_16
2805,train,0,2.105375,16000,1,PCM_16
2806,test,-1,2.102125,16000,1,PCM_16
2807,train,3,2.3356875,16000,1,PCM_16
2808,train,3,3.003,16000,1,PCM_16
2809,train,2,1.8351875,16000,1,PCM_16
2810,test,-1,2.7360625,16000,1,PCM_16
2811,test,-1,2.602625,16000,1,PCM_16
2812,train,2,2.06875,16000,1,PCM_16
2813,train,5,2.102125,16000,1,PCM_16
2814,train,2,2.0420625,16000,1,PCM_16
2815,train,1,2.5025,16000,1,PCM_16
2816,train,5,1.98425,16000,1,PCM_16
2817,train,4,2.1354375,16000,1,PCM_16
2818,train,1,1.93525,16000,1,PCM_16
2819,test,-1,4.004,16000,1,PCM_16
2820,train,0,2.1354375,16000,1,PCM_16
2821,train,4,2.469125,16000,1,PCM_16
2822,train,0,2.3356875,16000,1,PCM_16
2823,train,4,2.06875,16000,1,PCM_16
2824,train,1,2.0250625,16000,1,PCM_16
2825,train,3,1.48025,16000,1,PCM_16
2826,train,0,2.035375,16000,1,PCM_16
2827,train,5,1.93525,16000,1,PCM_16
2828,train,4,2.542625,16000,1,PCM_16
2829,train,3,1.84175,16000,1,PCM_16
2830,train,4,3.06975,16000,1,PCM_16
2831,train,1,2.1354375,16000,1,PCM_16
2832,test,-1,2.402375,16000,1,PCM_16
2833,test,-1,2.56925,16000,1,PCM_16
2834,train,3,3.1365,16000,1,PCM_16
2835,train,1,2.035375,16000,1,PCM_16
2836,train,4,2.8028125,16000,1,PCM_16
2837,train,1,2.7360625,16000,1,PCM_16
2838,test,-1,3.3033125,16000,1,PCM_16
2839,train,0,2.2689375,16000,1,PCM_16
2840,train,4,2.5458125,16000,1,PCM_16
2841,train,4,2.56925,16000,1,PCM_16
2842,test,-1,2.602625,16000,1,PCM_16
2843,train,3,1.8018125,16000,1,PCM_16
2844,train,2,2.3240625,16000,1,PCM_16
2845,train,2,3.06975,16000,1,PCM_16
2846,train,0,2.443625,16000,1,PCM_16
2847,train,2,3.470125,16000,1,PCM_16
2848,train,2,3.43675,16000,1,PCM_16
2849,train,5,3.43675,16000,1,PCM_16
2850,train,5,3.06975,16000,1,PCM_16
2851,train,3,1.671625,16000,1,PCM_16
2852,train,4,2.1354375,16000,1,PCM_16
2853,train,4,2.3744375,16000,1,PCM_16
2854,train,2,2.6693125,16000,1,PCM_16
2855,train,4,2.969625,16000,1,PCM_16
2856,test,-1,2.2755625,16000,1,PCM_16
2857,train,2,2.542,16000,1,PCM_16
2858,train,0,2.3170625,16000,1,PCM_16
2859,test,-1,3.43675,16000,1,PCM_16
2860,train,0,2.2218125,16000,1,PCM_16
2861,train,4,3.37,16000,1,PCM_16
2862,train,1,3.37,16000,1,PCM_16
2863,train,1,1.7684375,16000,1,PCM_16
2864,train,2,2.6359375,16000,1,PCM_16
2865,train,4,2.5125,16000,1,PCM_16
2866,train,1,2.3356875,16000,1,PCM_16
2867,train,2,2.539,16000,1,PCM_16
2868,test,-1,2.602625,16000,1,PCM_16
2869,train,3,2.2689375,16000,1,PCM_16
2870,train,4,1.468125,16000,1,PCM_16
2871,train,5,2.1688125,16000,1,PCM_16
2872,train,0,1.601625,16000,1,PCM_16
2873,train,2,2.694625,16000,1,PCM_16
2874,train,0,2.2485,16000,1,PCM_16
2875,train,3,1.80075,16000,1,PCM_16
2876,train,3,3.036375,16000,1,PCM_16
2877,train,4,2.3356875,16000,1,PCM_16
2878,train,5,3.43675,16000,1,PCM_16
2879,train,5,2.3356875,16000,1,PCM_16
2880,train,4,2.5589375,16000,1,PCM_16
2881,train,0,2.969625,16000,1,PCM_16
2882,train,0,2.1688125,16000,1,PCM_16
2883,train,3,3.06975,16000,1,PCM_16
2884,train,3,2.5025,16000,1,PCM_16
2885,train,0,2.902875,16000,1,PCM_16
2886,train,3,3.603625,16000,1,PCM_16
2887,train,2,2.902875,16000,1,PCM_16
2888,train,4,2.371,16000,1,PCM_16
2889,train,2,2.6961875,16000,1,PCM_16
2890,train,1,1.7684375,16000,1,PCM_16
2891,train,4,2.3690625,16000,1,PCM_16
2892,train,3,3.1698125,16000,1,PCM_16
2893,train,5,2.2021875,16000,1,PCM_16
2894,train,0,1.7016875,16000,1,PCM_16
2895,train,1,1.8018125,16000,1,PCM_16
2896,train,0,1.3749375,16000,1,PCM_16
2897,train,5,2.5025,16000,1,PCM_16
2898,train,3,2.402375,16000,1,PCM_16
2899,train,1,1.821875,16000,1,PCM_16
2900,train,1,2.43575,16000,1,PCM_16
2901,train,5,2.110125,16000,1,PCM_16
2902,train,2,2.617625,16000,1,PCM_16
2903,test,-1,2.2689375,16000,1,PCM_16
2904,train,2,3.003,16000,1,PCM_16
2905,train,3,1.6393125,16000,1,PCM_16
2906,train,5,2.2021875,16000,1,PCM_16
2907,train,0,1.632625,16000,1,PCM_16
2908,train,1,3.2699375,16000,1,PCM_16
2909,train,1,2.402375,16000,1,PCM_16
2910,train,1,2.2755625,16000,1,PCM_16
2911,train,1,2.06875,16000,1,PCM_16
2912,train,5,1.9780625,16000,1,PCM_16
2913,train,5,2.8028125,16000,1,PCM_16
2914,train,3,2.1688125,16000,1,PCM_16
2915,test,-1,2.7026875,16000,1,PCM_16
2916,train,5,1.9701875,16000,1,PCM_16
2917,train,4,2.440625,16000,1,PCM_16
2918,train,4,2.5025,16000,1,PCM_16
2919,test,-1,3.6369375,16000,1,PCM_16
2920,train,3,1.9465,16000,1,PCM_16
2921,train,0,2.2826875,16000,1,PCM_16
2922,train,1,2.535875,16000,1,PCM_16
2923,test,-1,2.6693125,16000,1,PCM_16
2924,train,1,2.535875,16000,1,PCM_16
2925,train,1,1.9478125,16000,1,PCM_16
2926,test,-1,2.7694375,16000,1,PCM_16
2927,train,0,2.2355625,16000,1,PCM_16
2928,train,2,2.235875,16000,1,PCM_16
2929,train,0,2.3356875,16000,1,PCM_16
2930,train,2,4.104125,16000,1,PCM_16
2931,test,-1,2.56925,16000,1,PCM_16
2932,test,-1,2.5025,16000,1,PCM_16
2933,train,3,2.035375,16000,1,PCM_16
2934,train,1,1.6349375,16000,1,PCM_16
2935,test,-1,3.3033125,16000,1,PCM_16
2936,train,2,2.402375,16000,1,PCM_16
2937,train,2,2.002,16000,1,PCM_16
2938,train,3,2.7694375,16000,1,PCM_16
2939,train,1,2.002,16000,1,PCM_16
2940,train,4,3.1364375,16000,1,PCM_16
2941,train,4,2.402375,16000,1,PCM_16
2942,train,3,2.0331875,16000,1,PCM_16
2943,train,3,2.43575,16000,1,PCM_16
2944,train,0,2.469125,16000,1,PCM_16
2945,test,-1,2.969625,16000,1,PCM_16
2946,train,4,2.5025,16000,1,PCM_16
2947,test,-1,3.1698125,16000,1,PCM_16
2948,train,3,3.470125,16000,1,PCM_16
2949,train,3,2.3356875,16000,1,PCM_16
2950,train,0,2.129625,16000,1,PCM_16
2951,train,4,2.7694375,16000,1,PCM_16
2952,train,4,2.535875,16000,1,PCM_16
2953,train,0,1.537125,16000,1,PCM_16
2954,train,2,1.8685,16000,1,PCM_16
2955,train,3,2.5025,16000,1,PCM_16
2956,train,4,2.67075,16000,1,PCM_16
2957,train,1,3.43675,16000,1,PCM_16
2958,train,2,2.1859375,16000,1,PCM_16
2959,train,3,2.43575,16000,1,PCM_16
2960,train,1,2.2355625,16000,1,PCM_16
2961,test,-1,2.56925,16000,1,PCM_16
2962,train,4,4.037375,16000,1,PCM_16
2963,train,3,2.06875,16000,1,PCM_16
2964,train,2,3.43675,16000,1,PCM_16
2965,train,0,2.93625,16000,1,PCM_16
2966,train,2,2.3240625,16000,1,PCM_16
2967,test,-1,4.3043125,16000,1,PCM_16
2968,train,0,1.4925,16000,1,PCM_16
2969,train,2,3.6369375,16000,1,PCM_16
2970,train,1,1.7584375,16000,1,PCM_16
2971,train,4,3.57025,16000,1,PCM_16
2972,train,2,2.261125,16000,1,PCM_16
2973,test,-1,2.93625,16000,1,PCM_16
2974,train,5,2.21625,16000,1,PCM_16
2975,train,3,2.2826875,16000,1,PCM_16
2976,train,0,2.236375,16000,1,PCM_16
2977,train,0,3.57025,16000,1,PCM_16
2978,train,0,3.7704375,16000,1,PCM_16
2979,train,5,2.1354375,16000,1,PCM_16
2980,train,2,2.547875,16000,1,PCM_16
2981,test,-1,2.3356875,16000,1,PCM_16
2982,train,1,2.2021875,16000,1,PCM_16
2983,train,1,2.469125,16000,1,PCM_16
2984,train,4,2.8695,16000,1,PCM_16
2985,test,-1,3.2699375,16000,1,PCM_16
2986,test,-1,2.7026875,16000,1,PCM_16
2987,train,1,2.43575,16000,1,PCM_16
2988,train,0,2.43575,16000,1,PCM_16
2989,train,3,3.3033125,16000,1,PCM_16
2990,train,4,2.361125,16000,1,PCM_16
2991,train,4,2.7360625,16000,1,PCM_16
2992,train,1,1.7016875,16000,1,PCM_16
2993,test,-1,3.8038125,16000,1,PCM_16
2994,train,3,1.7026875,16000,1,PCM_16
2995,train,3,1.601125,16000,1,PCM_16
2996,train,5,1.8685625,16000,1,PCM_16
2997,train,3,2.402375,16000,1,PCM_16
2998,train,3,1.8018125,16000,1,PCM_16
2999,train,5,2.469125,16000,1,PCM_16
3000,train,0,1.968625,16000,1,PCM_16
3001,test,-1,3.8038125,16000,1,PCM_16
3002,train,3,1.582625,16000,1,PCM_16
3003,train,3,1.65675,16000,1,PCM_16
3004,train,5,3.43675,16000,1,PCM_16
3005,train,0,2.06875,16000,1,PCM_16
3006,train,3,1.564375,16000,1,PCM_16
3007,train,4,2.306,16000,1,PCM_16
3008,train,2,2.250125,16000,1,PCM_16
3009,train,2,2.369,16000,1,PCM_16
3010,train,3,2.1354375,16000,1,PCM_16
3011,test,-1,2.2021875,16000,1,PCM_16
3012,train,3,1.93525,16000,1,PCM_16
3013,train,4,2.333125,16000,1,PCM_16
3014,train,2,2.969625,16000,1,PCM_16
3015,train,1,1.9395625,16000,1,PCM_16
3016,train,3,3.57025,16000,1,PCM_16
3017,test,-1,2.1688125,16000,1,PCM_16
3018,train,1,2.06875,16000,1,PCM_16
3019,test,-1,2.5025,16000,1,PCM_16
3020,train,2,2.3023125,16000,1,PCM_16
3021,test,-1,2.2689375,16000,1,PCM_16
3022,train,0,2.3356875,16000,1,PCM_16
3023,train,2,2.8028125,16000,1,PCM_16
3024,train,5,2.7026875,16000,1,PCM_16
3025,test,-1,2.3690625,16000,1,PCM_16
3026,test,-1,4.2709375,16000,1,PCM_16
3027,test,-1,2.3356875,16000,1,PCM_16
3028,train,1,2.0153125,16000,1,PCM_16
3029,train,0,1.472625,16000,1,PCM_16
3030,train,1,1.8351875,16000,1,PCM_16
3031,test,-1,2.7026875,16000,1,PCM_16
3032,train,0,2.0055,16000,1,PCM_16
3033,train,1,2.2826875,16000,1,PCM_16
3034,train,0,1.5029375,16000,1,PCM_16
3035,train,5,2.093125,16000,1,PCM_16
3036,train,1,2.1354375,16000,1,PCM_16
3037,train,1,2.144,16000,1,PCM_16
3038,train,3,1.7593125,16000,1,PCM_16
3039,train,2,2.469125,16000,1,PCM_16
3040,train,2,2.535875,16000,1,PCM_16
3041,test,-1,2.3690625,16000,1,PCM_16
3042,train,0,1.5199375,16000,1,PCM_16
3043,train,5,2.1354375,16000,1,PCM_16
3044,train,3,1.7350625,16000,1,PCM_16
3045,test,-1,2.43575,16000,1,PCM_16
3046,train,1,1.968625,16000,1,PCM_16
3047,train,5,2.102125,16000,1,PCM_16
3048,train,4,3.6369375,16000,1,PCM_16
3049,test,-1,2.1354375,16000,1,PCM_16
3050,train,2,2.035,16000,1,PCM_16
3051,test,-1,2.402375,16000,1,PCM_16
3052,train,3,1.5168125,16000,1,PCM_16
3053,train,4,3.7704375,16000,1,PCM_16
3054,test,-1,3.37,16000,1,PCM_16
3055,train,5,2.8028125,16000,1,PCM_16
3056,train,3,2.6359375,16000,1,PCM_16
3057,train,0,1.3765625,16000,1,PCM_16
3058,train,5,2.8361875,16000,1,PCM_16
3059,test,-1,3.43675,16000,1,PCM_16
3060,train,4,3.1364375,16000,1,PCM_16
3061,train,2,2.43575,16000,1,PCM_16
3062,train,1,2.0379375,16000,1,PCM_16
3063,train,1,1.8415,16000,1,PCM_16
3064,train,2,2.5025,16000,1,PCM_16
3065,train,4,3.06975,16000,1,PCM_16
3066,test,-1,3.1364375,16000,1,PCM_16
3067,train,3,2.06875,16000,1,PCM_16
3068,train,5,3.6369375,16000,1,PCM_16
3069,train,0,2.969625,16000,1,PCM_16
3070,train,3,3.603625,16000,1,PCM_16
3071,train,3,2.3690625,16000,1,PCM_16
3072,train,2,3.8705,16000,1,PCM_16
3073,train,4,2.3690625,16000,1,PCM_16
3074,train,4,2.8361875,16000,1,PCM_16
3075,train,4,2.469125,16000,1,PCM_16
3076,train,2,2.43575,16000,1,PCM_16
3077,train,4,3.903875,16000,1,PCM_16
3078,train,4,3.93725,16000,1,PCM_16
3079,train,3,2.43575,16000,1,PCM_16
3080,test,-1,2.8695,16000,1,PCM_16
3081,train,4,2.636875,16000,1,PCM_16
3082,train,3,2.1354375,16000,1,PCM_16
3083,train,1,2.2689375,16000,1,PCM_16
3084,train,3,2.102125,16000,1,PCM_16
3085,train,3,1.705125,16000,1,PCM_16
3086,train,3,2.602625,16000,1,PCM_16
3087,train,2,1.93525,16000,1,PCM_16
3088,train,3,2.3356875,16000,1,PCM_16
3089,test,-1,2.5025,16000,1,PCM_16
3090,train,3,1.93525,16000,1,PCM_16
3091,test,-1,4.8715625,16000,1,PCM_16
3092,test,-1,3.403375,16000,1,PCM_16
3093,train,5,1.948125,16000,1,PCM_16
3094,train,0,2.402375,16000,1,PCM_16
3095,train,3,3.003,16000,1,PCM_16
3096,test,-1,2.8695625,16000,1,PCM_16
3097,train,4,2.4605,16000,1,PCM_16
3098,test,-1,2.102125,16000,1,PCM_16
3099,train,5,2.166875,16000,1,PCM_16
3100,test,-1,3.7036875,16000,1,PCM_16
3101,train,1,2.6693125,16000,1,PCM_16
3102,train,4,2.7360625,16000,1,PCM_16
3103,train,4,3.637,16000,1,PCM_16
3104,train,5,2.6693125,16000,1,PCM_16
3105,train,4,1.901875,16000,1,PCM_16
3106,train,1,1.7684375,16000,1,PCM_16
3107,test,-1,4.1374375,16000,1,PCM_16
3108,train,1,1.56825,16000,1,PCM_16
3109,train,3,1.9860625,16000,1,PCM_16
3110,train,2,2.602625,16000,1,PCM_16
3111,train,0,2.035375,16000,1,PCM_16
3112,train,3,2.6693125,16000,1,PCM_16
3113,train,0,1.7350625,16000,1,PCM_16
3114,train,0,1.8603125,16000,1,PCM_16
3115,test,-1,2.56925,16000,1,PCM_16
3116,train,2,3.8371875,16000,1,PCM_16
3117,train,2,2.504,16000,1,PCM_16
3118,train,4,2.402375,16000,1,PCM_16
3119,test,-1,3.2031875,16000,1,PCM_16
3120,train,3,1.6349375,16000,1,PCM_16
3121,test,-1,2.5025,16000,1,PCM_16
3122,test,-1,2.535875,16000,1,PCM_16
3123,train,0,3.003,16000,1,PCM_16
3124,test,-1,3.1364375,16000,1,PCM_16
3125,train,5,2.2689375,16000,1,PCM_16
3126,train,2,2.002,16000,1,PCM_16
3127,train,2,4.2041875,16000,1,PCM_16
3128,train,0,2.8361875,16000,1,PCM_16
3129,train,1,2.2021875,16000,1,PCM_16
3130,train,4,2.2735,16000,1,PCM_16
3131,train,0,1.3265625,16000,1,PCM_16
3132,train,4,2.2689375,16000,1,PCM_16
3133,train,1,2.0728125,16000,1,PCM_16
3134,test,-1,2.3023125,16000,1,PCM_16
3135,train,4,2.49975,16000,1,PCM_16
3136,train,5,1.90125,16000,1,PCM_16
3137,train,4,2.602625,16000,1,PCM_16
3138,train,4,3.3033125,16000,1,PCM_16
3139,train,0,3.43675,16000,1,PCM_16
3140,train,0,2.8695625,16000,1,PCM_16
3141,train,2,3.3033125,16000,1,PCM_16
3142,train,5,2.6693125,16000,1,PCM_16
3143,train,1,2.0350625,16000,1,PCM_16
3144,train,5,2.1354375,16000,1,PCM_16
3145,train,0,3.6703125,16000,1,PCM_16
3146,test,-1,3.403375,16000,1,PCM_16
3147,train,1,1.368,16000,1,PCM_16
3148,train,3,1.901875,16000,1,PCM_16
3149,train,1,2.369,16000,1,PCM_16
3150,test,-1,2.2689375,16000,1,PCM_16
3151,test,-1,3.7704375,16000,1,PCM_16
3152,train,0,3.903875,16000,1,PCM_16
3153,train,4,3.1698125,16000,1,PCM_16
3154,train,2,2.969625,16000,1,PCM_16
3155,train,0,3.036375,16000,1,PCM_16
3156,train,0,2.56925,16000,1,PCM_16
3157,train,1,3.7704375,16000,1,PCM_16
3158,train,4,3.103125,16000,1,PCM_16
3159,test,-1,2.7026875,16000,1,PCM_16
3160,train,5,2.0258125,16000,1,PCM_16
3161,train,4,1.93525,16000,1,PCM_16
3162,train,2,2.43575,16000,1,PCM_16
3163,test,-1,2.6359375,16000,1,PCM_16
3164,train,0,2.43575,16000,1,PCM_16
3165,train,2,2.469125,16000,1,PCM_16
3166,train,5,2.7694375,16000,1,PCM_16
3167,train,5,2.469125,16000,1,PCM_16
3168,train,4,3.8371875,16000,1,PCM_16
3169,train,0,1.8169375,16000,1,PCM_16
3170,train,1,3.003,16000,1,PCM_16
3171,train,0,1.6655,16000,1,PCM_16
3172,test,-1,3.43675,16000,1,PCM_16
3173,train,2,2.142625,16000,1,PCM_16
3174,train,1,2.035375,16000,1,PCM_16
3175,train,5,2.56925,16000,1,PCM_16
3176,train,3,2.102125,16000,1,PCM_16
3177,train,5,2.158625,16000,1,PCM_16
3178,train,3,3.6703125,16000,1,PCM_16
3179,test,-1,2.469125,16000,1,PCM_16
3180,train,2,3.2365625,16000,1,PCM_16
3181,train,4,2.412875,16000,1,PCM_16
3182,train,3,2.002,16000,1,PCM_16
3183,train,3,2.6359375,16000,1,PCM_16
3184,train,4,2.2683125,16000,1,PCM_16
3185,train,2,2.469125,16000,1,PCM_16
3186,test,-1,3.8371875,16000,1,PCM_16
3187,train,0,2.047125,16000,1,PCM_16
3188,train,3,2.035375,16000,1,PCM_16
3189,test,-1,2.2689375,16000,1,PCM_16
3190,train,2,2.5025,16000,1,PCM_16
3191,train,3,1.5095625,16000,1,PCM_16
3192,train,4,2.417625,16000,1,PCM_16
3193,train,0,2.7694375,16000,1,PCM_16
3194,train,0,2.06875,16000,1,PCM_16
3195,test,-1,2.8028125,16000,1,PCM_16
3196,train,1,3.536875,16000,1,PCM_16
3197,train,0,2.6693125,16000,1,PCM_16
3198,train,3,2.469125,16000,1,PCM_16
3199,test,-1,2.6693125,16000,1,PCM_16
3200,train,1,2.2755625,16000,1,PCM_16
3201,train,5,2.069,16000,1,PCM_16
3202,train,5,2.21425,16000,1,PCM_16
3203,train,5,2.43575,16000,1,PCM_16
3204,test,-1,2.3356875,16000,1,PCM_16
3205,train,5,2.2689375,16000,1,PCM_16
3206,train,4,3.1364375,16000,1,PCM_16
3207,train,4,3.06975,16000,1,PCM_16
3208,train,4,2.535875,16000,1,PCM_16
3209,train,3,1.8649375,16000,1,PCM_16
3210,train,4,2.32825,16000,1,PCM_16
3211,train,1,3.43675,16000,1,PCM_16
3212,train,0,4.2709375,16000,1,PCM_16
3213,train,0,2.369,16000,1,PCM_16
3214,train,1,2.402375,16000,1,PCM_16
3215,train,4,2.3789375,16000,1,PCM_16
3216,train,2,2.3690625,16000,1,PCM_16
3217,train,3,4.004,16000,1,PCM_16
3218,train,2,2.4213125,16000,1,PCM_16
3219,train,1,2.8028125,16000,1,PCM_16
3220,train,1,2.7694375,16000,1,PCM_16
3221,train,3,3.3033125,16000,1,PCM_16
3222,train,0,2.17275,16000,1,PCM_16
3223,train,4,2.369,16000,1,PCM_16
3224,train,1,2.369,16000,1,PCM_16
3225,test,-1,3.1364375,16000,1,PCM_16
3226,train,1,2.469125,16000,1,PCM_16
3227,train,3,1.6279375,16000,1,PCM_16
3228,train,0,2.2689375,16000,1,PCM_16
3229,train,1,3.8371875,16000,1,PCM_16
3230,train,2,2.535875,16000,1,PCM_16
3231,train,1,2.5025,16000,1,PCM_16
3232,train,4,1.7684375,16000,1,PCM_16
3233,test,-1,2.93625,16000,1,PCM_16
3234,train,1,2.3023125,16000,1,PCM_16
3235,train,1,2.902875,16000,1,PCM_16
3236,train,2,3.8371875,16000,1,PCM_16
3237,test,-1,2.369,16000,1,PCM_16
3238,train,1,1.601625,16000,1,PCM_16
3239,train,3,4.2041875,16000,1,PCM_16
3240,train,2,2.369,16000,1,PCM_16
3241,test,-1,2.2689375,16000,1,PCM_16
3242,train,5,2.56925,16000,1,PCM_16
3243,train,5,2.1239375,16000,1,PCM_16
3244,train,2,2.2534375,16000,1,PCM_16
3245,train,1,3.93725,16000,1,PCM_16
3246,train,1,2.3023125,16000,1,PCM_16
3247,train,0,1.50925,16000,1,PCM_16
3248,train,4,3.2031875,16000,1,PCM_16
3249,train,3,1.7480625,16000,1,PCM_16
3250,train,2,1.8351875,16000,1,PCM_16
3251,train,3,2.43575,16000,1,PCM_16
3252,train,0,3.403375,16000,1,PCM_16
3253,test,-1,2.402375,16000,1,PCM_16
3254,train,0,2.0004375,16000,1,PCM_16
3255,train,0,1.6955625,16000,1,PCM_16
3256,train,4,2.3936875,16000,1,PCM_16
3257,train,5,2.535875,16000,1,PCM_16
3258,test,-1,2.3356875,16000,1,PCM_16
3259,train,0,1.5974375,16000,1,PCM_16
3260,train,4,2.469125,16000,1,PCM_16
3261,train,3,1.8685625,16000,1,PCM_16
3262,train,0,1.645875,16000,1,PCM_16
3263,train,3,2.102125,16000,1,PCM_16
3264,test,-1,2.535875,16000,1,PCM_16
3265,train,1,3.7370625,16000,1,PCM_16
3266,train,1,2.1354375,16000,1,PCM_16
3267,train,5,2.8361875,16000,1,PCM_16
3268,test,-1,2.2689375,16000,1,PCM_16
3269,test,-1,2.002,16000,1,PCM_16
3270,train,4,2.102125,16000,1,PCM_16
3271,train,2,2.5798125,16000,1,PCM_16
3272,train,2,3.036375,16000,1,PCM_16
3273,test,-1,1.8018125,16000,1,PCM_16
3274,test,-1,2.6359375,16000,1,PCM_16
3275,test,-1,3.2031875,16000,1,PCM_16
3276,train,3,3.003,16000,1,PCM_16
3277,train,0,2.6693125,16000,1,PCM_16
3278,train,3,1.3825,16000,1,PCM_16
3279,train,1,1.9501875,16000,1,PCM_16
3280,train,2,1.8685625,16000,1,PCM_16
3281,train,3,2.002,16000,1,PCM_16
3282,train,4,2.402375,16000,1,PCM_16
3283,train,5,2.43575,16000,1,PCM_16
3284,train,2,2.6359375,16000,1,PCM_16
3285,train,3,3.7036875,16000,1,PCM_16
3286,train,2,2.2296875,16000,1,PCM_16
3287,train,1,2.402375,16000,1,PCM_16
3288,test,-1,2.402375,16000,1,PCM_16
3289,train,1,1.534875,16000,1,PCM_16
3290,train,2,2.5025,16000,1,PCM_16
3291,train,5,2.045125,16000,1,PCM_16
3292,train,0,1.8018125,16000,1,PCM_16
3293,test,-1,1.6349375,16000,1,PCM_16
3294,train,1,3.8705625,16000,1,PCM_16
3295,train,4,2.469125,16000,1,PCM_16
3296,train,5,2.5025,16000,1,PCM_16
3297,train,3,2.7694375,16000,1,PCM_16
3298,train,4,2.7694375,16000,1,PCM_16
3299,test,-1,2.969625,16000,1,PCM_16
3300,train,2,2.4435,16000,1,PCM_16
3301,train,2,2.296125,16000,1,PCM_16
3302,train,0,2.3023125,16000,1,PCM_16
3303,train,2,2.9758125,16000,1,PCM_16
3304,train,2,2.7360625,16000,1,PCM_16
3305,train,2,2.5756875,16000,1,PCM_16
3306,test,-1,3.2031875,16000,1,PCM_16
3307,train,3,1.820875,16000,1,PCM_16
3308,test,-1,2.6359375,16000,1,PCM_16
3309,test,-1,1.8685,16000,1,PCM_16
3310,train,1,1.90475,16000,1,PCM_16
3311,train,3,1.540625,16000,1,PCM_16
3312,test,-1,3.2031875,16000,1,PCM_16
3313,test,-1,2.6693125,16000,1,PCM_16
3314,test,-1,2.6359375,16000,1,PCM_16
3315,train,0,2.3023125,16000,1,PCM_16
3316,test,-1,2.56925,16000,1,PCM_16
3317,train,2,2.567,16000,1,PCM_16
3318,train,4,2.3955,16000,1,PCM_16
3319,test,-1,3.2365625,16000,1,PCM_16
3320,train,4,2.2755625,16000,1,PCM_16
3321,train,3,2.969625,16000,1,PCM_16
3322,train,0,1.679875,16000,1,PCM_16
3323,train,2,2.40675,16000,1,PCM_16
3324,train,1,1.8685,16000,1,PCM_16
3325,train,3,3.637,16000,1,PCM_16
3326,test,-1,3.8371875,16000,1,PCM_16
3327,train,0,1.6135625,16000,1,PCM_16
3328,train,4,2.002,16000,1,PCM_16
3329,train,1,2.2021875,16000,1,PCM_16
3330,train,5,2.1354375,16000,1,PCM_16
3331,train,4,2.56925,16000,1,PCM_16
3332,train,3,3.903875,16000,1,PCM_16
3333,train,5,2.06875,16000,1,PCM_16
3334,train,4,2.56925,16000,1,PCM_16
3335,train,3,2.6693125,16000,1,PCM_16
3336,test,-1,2.035375,16000,1,PCM_16
3337,train,3,2.7694375,16000,1,PCM_16
3338,test,-1,2.56925,16000,1,PCM_16
3339,train,3,2.3690625,16000,1,PCM_16
3340,train,0,2.2021875,16000,1,PCM_16
3341,train,2,1.93525,16000,1,PCM_16
3342,train,3,1.727125,16000,1,PCM_16
3343,train,4,2.56925,16000,1,PCM_16
3344,train,2,2.06875,16000,1,PCM_16
3345,train,0,2.2689375,16000,1,PCM_16
3346,train,3,3.1364375,16000,1,PCM_16
3347,train,5,3.1698125,16000,1,PCM_16
3348,train,4,2.8695625,16000,1,PCM_16
3349,train,2,2.8361875,16000,1,PCM_16
3350,train,5,2.035375,16000,1,PCM_16
3351,train,0,2.035375,16000,1,PCM_16
3352,train,2,3.57025,16000,1,PCM_16
3353,train,0,2.1111875,16000,1,PCM_16
3354,train,2,2.43575,16000,1,PCM_16
3355,train,1,2.102125,16000,1,PCM_16
3356,train,2,2.428,16000,1,PCM_16
3357,train,3,3.5035,16000,1,PCM_16
3358,train,0,2.43575,16000,1,PCM_16
3359,train,2,3.43675,16000,1,PCM_16
3360,test,-1,2.7026875,16000,1,PCM_16
3361,train,5,2.56925,16000,1,PCM_16
3362,train,1,2.7694375,16000,1,PCM_16
3363,train,0,2.7360625,16000,1,PCM_16
3364,train,4,3.8371875,16000,1,PCM_16
3365,train,5,1.8685,16000,1,PCM_16
3366,train,2,1.93525,16000,1,PCM_16
3367,train,5,3.3366875,16000,1,PCM_16
3368,test,-1,2.602625,16000,1,PCM_16
3369,train,0,2.6359375,16000,1,PCM_16
3370,train,5,1.7350625,16000,1,PCM_16
3371,train,4,2.602625,16000,1,PCM_16
3372,train,3,4.1374375,16000,1,PCM_16
3373,train,3,2.7026875,16000,1,PCM_16
3374,train,0,1.6349375,16000,1,PCM_16
3375,test,-1,2.7026875,16000,1,PCM_16
3376,train,1,2.6359375,16000,1,PCM_16
3377,train,2,2.35675,16000,1,PCM_16
3378,train,3,2.43575,16000,1,PCM_16
3379,train,1,2.7360625,16000,1,PCM_16
3380,train,3,2.7694375,16000,1,PCM_16
3381,train,0,2.102125,16000,1,PCM_16
3382,train,5,2.7360625,16000,1,PCM_16
3383,train,2,2.639625,16000,1,PCM_16
3384,train,2,3.8038125,16000,1,PCM_16
3385,train,4,2.2826875,16000,1,PCM_16
3386,train,2,3.003,16000,1,PCM_16
3387,test,-1,2.369,16000,1,PCM_16
3388,test,-1,2.7026875,16000,1,PCM_16
3389,train,5,1.8018125,16000,1,PCM_16
3390,train,0,2.7694375,16000,1,PCM_16
3391,train,4,2.8695,16000,1,PCM_16
3392,train,2,2.476875,16000,1,PCM_16
3393,train,0,3.1364375,16000,1,PCM_16
3394,train,2,2.56925,16000,1,PCM_16
3395,test,-1,2.6359375,16000,1,PCM_16
3396,train,4,1.8018125,16000,1,PCM_16
3397,train,1,2.1688125,16000,1,PCM_16
3398,train,0,3.470125,16000,1,PCM_16
3399,train,0,1.5651875,16000,1,PCM_16
3400,test,-1,4.8048125,16000,1,PCM_16
3401,train,0,3.7036875,16000,1,PCM_16
3402,train,5,3.7370625,16000,1,PCM_16
3403,train,0,2.02325,16000,1,PCM_16
3404,test,-1,3.2699375,16000,1,PCM_16
3405,train,3,1.8685,16000,1,PCM_16
3406,train,2,2.06875,16000,1,PCM_16
3407,train,0,1.530125,16000,1,PCM_16
3408,train,3,2.369,16000,1,PCM_16
3409,train,2,2.7360625,16000,1,PCM_16
3410,train,3,2.43575,16000,1,PCM_16
3411,train,1,1.7684375,16000,1,PCM_16
3412,train,1,2.43575,16000,1,PCM_16
3413,train,3,1.8353125,16000,1,PCM_16
3414,test,-1,2.43575,16000,1,PCM_16
3415,train,4,3.536875,16000,1,PCM_16
3416,train,3,1.6578125,16000,1,PCM_16
3417,test,-1,3.7036875,16000,1,PCM_16
3418,train,1,2.6359375,16000,1,PCM_16
3419,train,5,2.7694375,16000,1,PCM_16
3420,train,5,2.8028125,16000,1,PCM_16
3421,train,3,1.4254375,16000,1,PCM_16
3422,train,5,2.8695,16000,1,PCM_16
3423,train,2,2.402375,16000,1,PCM_16
3424,test,-1,2.602625,16000,1,PCM_16
3425,train,1,2.102125,16000,1,PCM_16
3426,train,4,2.8361875,16000,1,PCM_16
3427,train,0,3.536875,16000,1,PCM_16
3428,train,2,3.37,16000,1,PCM_16
3429,train,1,1.882375,16000,1,PCM_16
3430,train,3,3.1364375,16000,1,PCM_16
3431,test,-1,2.8361875,16000,1,PCM_16
3432,train,1,2.535875,16000,1,PCM_16
3433,train,5,2.2826875,16000,1,PCM_16
3434,train,2,2.402375,16000,1,PCM_16
3435,train,3,2.1354375,16000,1,PCM_16
3436,train,0,2.8028125,16000,1,PCM_16
3437,train,0,2.07325,16000,1,PCM_16
3438,train,2,3.93725,16000,1,PCM_16
3439,train,2,2.2689375,16000,1,PCM_16
3440,train,0,3.103125,16000,1,PCM_16
3441,train,3,2.3356875,16000,1,PCM_16
3442,train,5,2.402375,16000,1,PCM_16
3443,test,-1,3.536875,16000,1,PCM_16
3444,test,-1,2.002,16000,1,PCM_16
3445,train,5,1.957875,16000,1,PCM_16
3446,train,5,2.7360625,16000,1,PCM_16
3447,train,4,2.93625,16000,1,PCM_16
3448,train,3,1.56825,16000,1,PCM_16
3449,train,2,2.469125,16000,1,PCM_16
3450,test,-1,2.969625,16000,1,PCM_16
3451,train,1,2.1204375,16000,1,PCM_16
3452,train,1,2.1354375,16000,1,PCM_16
3453,test,-1,4.037375,16000,1,PCM_16
3454,train,2,3.536875,16000,1,PCM_16
3455,train,2,3.57025,16000,1,PCM_16
3456,train,2,2.37425,16000,1,PCM_16
3457,train,0,2.035375,16000,1,PCM_16
3458,test,-1,2.535875,16000,1,PCM_16
3459,train,2,2.8028125,16000,1,PCM_16
3460,train,0,2.7026875,16000,1,PCM_16
3461,train,5,2.2689375,16000,1,PCM_16
3462,train,1,2.535875,16000,1,PCM_16
3463,train,5,2.5025,16000,1,PCM_16
3464,train,3,3.1698125,16000,1,PCM_16
3465,train,1,1.808875,16000,1,PCM_16
3466,train,3,2.5025,16000,1,PCM_16
3467,test,-1,2.8028125,16000,1,PCM_16
3468,train,3,3.7036875,16000,1,PCM_16
3469,test,-1,3.1698125,16000,1,PCM_16
3470,test,-1,3.970625,16000,1,PCM_16
3471,train,2,2.5025,16000,1,PCM_16
3472,train,2,2.2251875,16000,1,PCM_16
3473,train,5,1.9685625,16000,1,PCM_16
3474,train,1,2.369,16000,1,PCM_16
3475,train,4,3.06975,16000,1,PCM_16
3476,test,-1,2.535875,16000,1,PCM_16
3477,train,0,2.2689375,16000,1,PCM_16
3478,test,-1,2.035375,16000,1,PCM_16
3479,train,2,1.901875,16000,1,PCM_16
3480,train,1,2.8361875,16000,1,PCM_16
3481,train,4,1.968625,16000,1,PCM_16
3482,train,0,2.6359375,16000,1,PCM_16
3483,train,5,1.8685,16000,1,PCM_16
3484,train,1,1.79325,16000,1,PCM_16
3485,train,4,3.93725,16000,1,PCM_16
3486,train,3,2.902875,16000,1,PCM_16
3487,train,3,2.402375,16000,1,PCM_16
3488,train,0,1.5461875,16000,1,PCM_16
3489,train,4,4.3043125,16000,1,PCM_16
3490,train,5,2.7360625,16000,1,PCM_16
3491,train,1,1.9223125,16000,1,PCM_16
3492,test,-1,2.7026875,16000,1,PCM_16
3493,train,0,2.3356875,16000,1,PCM_16
3494,train,5,2.1354375,16000,1,PCM_16
3495,test,-1,2.8695,16000,1,PCM_16
3496,train,5,2.2021875,16000,1,PCM_16
3497,train,1,2.469125,16000,1,PCM_16
3498,train,3,1.47975,16000,1,PCM_16
3499,train,0,1.7590625,16000,1,PCM_16
3500,train,0,2.43575,16000,1,PCM_16
3501,train,2,2.7694375,16000,1,PCM_16
3502,train,0,2.8028125,16000,1,PCM_16
3503,test,-1,3.536875,16000,1,PCM_16
3504,train,1,1.866,16000,1,PCM_16
3505,train,2,2.4515,16000,1,PCM_16
3506,train,3,1.66075,16000,1,PCM_16
3507,train,4,2.535875,16000,1,PCM_16
3508,train,4,2.191875,16000,1,PCM_16
3509,train,1,2.93625,16000,1,PCM_16
3510,train,3,2.1354375,16000,1,PCM_16
3511,train,4,2.4925625,16000,1,PCM_16
3512,train,1,2.43575,16000,1,PCM_16
3513,train,4,2.4955625,16000,1,PCM_16
3514,train,4,3.6703125,16000,1,PCM_16
3515,train,0,2.402375,16000,1,PCM_16
3516,train,3,3.7370625,16000,1,PCM_16
3517,train,1,3.603625,16000,1,PCM_16
3518,train,1,2.535875,16000,1,PCM_16
3519,train,4,4.8048125,16000,1,PCM_16
3520,train,4,2.3865625,16000,1,PCM_16
3521,train,5,2.2755625,16000,1,PCM_16
3522,test,-1,2.7026875,16000,1,PCM_16
3523,train,5,2.1395,16000,1,PCM_16
3524,train,0,1.9633125,16000,1,PCM_16
3525,train,0,2.002,16000,1,PCM_16
3526,train,3,3.536875,16000,1,PCM_16
3527,test,-1,2.3356875,16000,1,PCM_16
3528,train,1,2.3356875,16000,1,PCM_16
3529,train,5,2.3690625,16000,1,PCM_16
3530,train,4,2.7026875,16000,1,PCM_16
3531,test,-1,3.7036875,16000,1,PCM_16
3532,train,1,1.8351875,16000,1,PCM_16
3533,train,3,2.43575,16000,1,PCM_16
3534,train,3,2.7694375,16000,1,PCM_16
3535,train,5,1.7280625,16000,1,PCM_16
3536,train,3,1.897375,16000,1,PCM_16
3537,test,-1,4.2709375,16000,1,PCM_16
3538,train,3,4.1708125,16000,1,PCM_16
3539,train,2,2.3023125,16000,1,PCM_16
3540,train,4,2.3543125,16000,1,PCM_16
3541,train,5,3.37,16000,1,PCM_16
3542,train,5,1.972375,16000,1,PCM_16
3543,train,2,2.469125,16000,1,PCM_16
3544,train,1,2.2689375,16000,1,PCM_16
3545,train,1,3.2365625,16000,1,PCM_16
3546,train,0,3.3033125,16000,1,PCM_16
3547,train,0,3.2699375,16000,1,PCM_16
3548,train,0,1.37175,16000,1,PCM_16
3549,train,1,2.2021875,16000,1,PCM_16
3550,train,4,3.036375,16000,1,PCM_16
3551,train,2,2.395375,16000,1,PCM_16
3552,test,-1,2.6693125,16000,1,PCM_16
3553,train,5,2.1764375,16000,1,PCM_16
3554,train,5,2.902875,16000,1,PCM_16
3555,train,3,1.6529375,16000,1,PCM_16
3556,test,-1,3.7370625,16000,1,PCM_16
3557,train,1,1.8685,16000,1,PCM_16
3558,train,0,2.2689375,16000,1,PCM_16
3559,test,-1,2.5025,16000,1,PCM_16
3560,train,2,2.84175,16000,1,PCM_16
3561,train,1,3.7036875,16000,1,PCM_16
3562,test,-1,4.3710625,16000,1,PCM_16
3563,train,2,2.5376875,16000,1,PCM_16
3564,train,1,2.6359375,16000,1,PCM_16
3565,train,1,1.901875,16000,1,PCM_16
3566,test,-1,3.8371875,16000,1,PCM_16
3567,test,-1,2.102125,16000,1,PCM_16
3568,train,2,2.4158125,16000,1,PCM_16
3569,train,4,3.036375,16000,1,PCM_16
3570,train,3,2.3690625,16000,1,PCM_16
3571,train,2,2.3023125,16000,1,PCM_16
3572,train,2,2.6693125,16000,1,PCM_16
3573,train,3,1.5851875,16000,1,PCM_16
3574,train,5,1.968625,16000,1,PCM_16
3575,train,4,2.2689375,16000,1,PCM_16
3576,train,3,3.2031875,16000,1,PCM_16
3577,test,-1,2.902875,16000,1,PCM_16
3578,test,-1,2.1688125,16000,1,PCM_16
3579,train,5,1.921375,16000,1,PCM_16
3580,train,2,2.7026875,16000,1,PCM_16
3581,train,2,2.2001875,16000,1,PCM_16
3582,test,-1,2.535875,16000,1,PCM_16
3583,train,1,1.5015,16000,1,PCM_16
3584,train,0,3.37,16000,1,PCM_16
3585,train,1,2.56925,16000,1,PCM_16
3586,train,4,3.603625,16000,1,PCM_16
3587,train,5,2.102125,16000,1,PCM_16
3588,train,4,2.6345,16000,1,PCM_16
3589,train,2,2.5245625,16000,1,PCM_16
3590,train,5,3.2031875,16000,1,PCM_16
3591,train,3,1.5015,16000,1,PCM_16
3592,train,4,2.3229375,16000,1,PCM_16
3593,test,-1,1.93525,16000,1,PCM_16
3594,train,3,2.8695,16000,1,PCM_16
3595,train,2,2.1354375,16000,1,PCM_16
3596,train,1,2.369,16000,1,PCM_16
3597,train,0,2.402375,16000,1,PCM_16
3598,train,5,2.7694375,16000,1,PCM_16
3599,train,4,2.523,16000,1,PCM_16
3600,train,1,3.43675,16000,1,PCM_16
3601,train,0,2.602625,16000,1,PCM_16
3602,train,3,2.2689375,16000,1,PCM_16
3603,test,-1,2.469125,16000,1,PCM_16
3604,test,-1,2.56925,16000,1,PCM_16
3605,train,3,2.469125,16000,1,PCM_16
3606,test,-1,2.2021875,16000,1,PCM_16
3607,train,1,1.8685,16000,1,PCM_16
3608,train,4,2.550875,16000,1,PCM_16
3609,test,-1,3.2031875,16000,1,PCM_16
3610,train,3,2.3023125,16000,1,PCM_16
3611,train,1,2.0024375,16000,1,PCM_16
3612,train,0,4.004,16000,1,PCM_16
3613,train,1,3.3366875,16000,1,PCM_16
3614,train,1,2.2021875,16000,1,PCM_16
3615,train,5,2.469125,16000,1,PCM_16
3616,test,-1,2.535875,16000,1,PCM_16
3617,train,0,2.2021875,16000,1,PCM_16
3618,train,4,2.469125,16000,1,PCM_16
3619,train,2,2.102125,16000,1,PCM_16
3620,train,3,2.3356875,16000,1,PCM_16
3621,test,-1,3.6369375,16000,1,PCM_16
3622,train,3,2.3023125,16000,1,PCM_16
3623,train,2,2.56925,16000,1,PCM_16
3624,train,0,2.2014375,16000,1,PCM_16
3625,train,4,2.902875,16000,1,PCM_16
3626,train,4,2.8695625,16000,1,PCM_16
3627,train,5,2.43575,16000,1,PCM_16
3628,train,3,2.6359375,16000,1,PCM_16
3629,train,3,2.6359375,16000,1,PCM_16
3630,test,-1,1.401375,16000,1,PCM_16
3631,train,2,2.402375,16000,1,PCM_16
3632,train,0,3.3033125,16000,1,PCM_16
3633,train,1,1.8018125,16000,1,PCM_16
3634,train,1,2.8695,16000,1,PCM_16
3635,train,0,3.536875,16000,1,PCM_16
3636,train,1,1.902625,16000,1,PCM_16
3637,train,4,2.5025,16000,1,PCM_16
3638,train,2,1.93525,16000,1,PCM_16
3639,train,0,2.1333125,16000,1,PCM_16
3640,train,5,2.1354375,16000,1,PCM_16
3641,train,2,3.43675,16000,1,PCM_16
3642,train,4,2.56925,16000,1,PCM_16
3643,train,4,4.537875,16000,1,PCM_16
3644,train,4,2.385625,16000,1,PCM_16
3645,train,2,1.8351875,16000,1,PCM_16
3646,train,4,3.93725,16000,1,PCM_16
3647,train,2,2.1415625,16000,1,PCM_16
3648,train,4,2.4135,16000,1,PCM_16
3649,train,4,2.655,16000,1,PCM_16
3650,train,5,2.002,16000,1,PCM_16
3651,test,-1,3.06975,16000,1,PCM_16
3652,train,0,1.508625,16000,1,PCM_16
3653,train,3,1.93525,16000,1,PCM_16
3654,train,5,2.1688125,16000,1,PCM_16
3655,train,1,2.8361875,16000,1,PCM_16
3656,test,-1,3.470125,16000,1,PCM_16
3657,train,5,2.8361875,16000,1,PCM_16
3658,train,4,2.2355625,16000,1,PCM_16
3659,train,5,2.6693125,16000,1,PCM_16
3660,train,4,2.43575,16000,1,PCM_16
3661,train,1,1.968625,16000,1,PCM_16
3662,train,0,2.7360625,16000,1,PCM_16
3663,train,2,2.43575,16000,1,PCM_16
3664,train,1,2.6693125,16000,1,PCM_16
3665,test,-1,3.036375,16000,1,PCM_16
3666,train,4,2.6166875,16000,1,PCM_16
3667,train,1,3.2031875,16000,1,PCM_16
3668,test,-1,2.035375,16000,1,PCM_16
3669,train,5,1.7684375,16000,1,PCM_16
3670,train,5,2.102125,16000,1,PCM_16
3671,test,-1,2.902875,16000,1,PCM_16
3672,train,4,2.602625,16000,1,PCM_16
3673,train,0,2.7026875,16000,1,PCM_16
3674,train,1,3.470125,16000,1,PCM_16
3675,train,4,2.256875,16000,1,PCM_16
3676,train,4,3.1364375,16000,1,PCM_16
3677,train,4,2.2759375,16000,1,PCM_16
3678,train,2,2.4241875,16000,1,PCM_16
3679,test,-1,2.469125,16000,1,PCM_16
3680,train,0,1.533125,16000,1,PCM_16
3681,train,3,2.002,16000,1,PCM_16
3682,test,-1,3.1698125,16000,1,PCM_16
3683,train,0,2.2021875,16000,1,PCM_16
3684,train,2,3.8705,16000,1,PCM_16
3685,train,4,4.07075,16000,1,PCM_16
3686,train,5,1.887,16000,1,PCM_16
3687,train,2,3.7704375,16000,1,PCM_16
3688,train,3,1.968625,16000,1,PCM_16
3689,train,5,1.8018125,16000,1,PCM_16
3690,test,-1,3.5035,16000,1,PCM_16
3691,test,-1,3.2699375,16000,1,PCM_16
3692,train,4,2.5424375,16000,1,PCM_16
3693,train,2,2.7694375,16000,1,PCM_16
3694,test,-1,1.8018125,16000,1,PCM_16
3695,train,0,2.6359375,16000,1,PCM_16
3696,test,-1,3.603625,16000,1,PCM_16
3697,train,3,3.6703125,16000,1,PCM_16
3698,train,1,1.8961875,16000,1,PCM_16
3699,train,3,2.402375,16000,1,PCM_16
3700,train,5,1.7350625,16000,1,PCM_16
3701,train,4,2.8028125,16000,1,PCM_16
3702,test,-1,3.7036875,16000,1,PCM_16
3703,test,-1,1.901875,16000,1,PCM_16
3704,train,1,2.7360625,16000,1,PCM_16
3705,train,1,3.8038125,16000,1,PCM_16
3706,train,2,2.2355625,16000,1,PCM_16
3707,train,4,2.06875,16000,1,PCM_16
3708,test,-1,2.3356875,16000,1,PCM_16
3709,train,4,2.969625,16000,1,PCM_16
3710,train,2,2.3356875,16000,1,PCM_16
3711,train,1,1.534875,16000,1,PCM_16
3712,train,4,4.104125,16000,1,PCM_16
3713,train,3,3.2365625,16000,1,PCM_16
3714,train,0,1.7016875,16000,1,PCM_16
3715,train,4,3.470125,16000,1,PCM_16
3716,train,5,2.8028125,16000,1,PCM_16
3717,train,4,2.2729375,16000,1,PCM_16
3718,train,3,3.103125,16000,1,PCM_16
3719,train,1,2.2826875,16000,1,PCM_16
3720,train,4,1.93525,16000,1,PCM_16
3721,train,2,2.2021875,16000,1,PCM_16
3722,train,1,1.788625,16000,1,PCM_16
3723,train,0,2.535875,16000,1,PCM_16
3724,train,5,2.1688125,16000,1,PCM_16
3725,train,2,1.7684375,16000,1,PCM_16
3726,train,5,2.1354375,16000,1,PCM_16
3727,train,2,2.3023125,16000,1,PCM_16
3728,train,3,3.2365625,16000,1,PCM_16
3729,train,4,2.594,16000,1,PCM_16
3730,train,0,2.5025,16000,1,PCM_16
3731,train,1,2.402375,16000,1,PCM_16
3732,train,5,2.6693125,16000,1,PCM_16
3733,train,5,1.8893125,16000,1,PCM_16
3734,train,1,1.8295,16000,1,PCM_16
3735,train,2,2.3010625,16000,1,PCM_16
3736,train,4,2.6015625,16000,1,PCM_16
3737,train,2,3.43675,16000,1,PCM_16
3738,train,3,2.6693125,16000,1,PCM_16
3739,test,-1,2.602625,16000,1,PCM_16
3740,train,1,2.035375,16000,1,PCM_16
3741,train,1,1.88925,16000,1,PCM_16
3742,train,3,2.1688125,16000,1,PCM_16
3743,train,4,3.7704375,16000,1,PCM_16
3744,train,5,1.931125,16000,1,PCM_16
3745,train,4,2.8695,16000,1,PCM_16
3746,test,-1,2.8695,16000,1,PCM_16
3747,train,3,1.968625,16000,1,PCM_16
3748,train,2,2.18725,16000,1,PCM_16
3749,test,-1,2.469125,16000,1,PCM_16
3750,train,2,2.18475,16000,1,PCM_16
3751,train,3,2.43575,16000,1,PCM_16
3752,train,5,3.06975,16000,1,PCM_16
3753,train,4,2.2021875,16000,1,PCM_16
3754,train,2,1.968625,16000,1,PCM_16
3755,train,0,1.4569375,16000,1,PCM_16
3756,train,0,2.3509375,16000,1,PCM_16
3757,train,3,2.56925,16000,1,PCM_16
3758,train,5,2.5025,16000,1,PCM_16
3759,test,-1,2.469125,16000,1,PCM_16
3760,test,-1,2.6359375,16000,1,PCM_16
3761,train,5,2.56925,16000,1,PCM_16
3762,test,-1,3.43675,16000,1,PCM_16
3763,test,-1,2.969625,16000,1,PCM_16
3764,train,3,2.43575,16000,1,PCM_16
3765,train,5,1.7684375,16000,1,PCM_16
3766,train,3,2.2021875,16000,1,PCM_16
3767,train,1,2.535875,16000,1,PCM_16
3768,train,1,1.777125,16000,1,PCM_16
3769,train,0,2.402375,16000,1,PCM_16
3770,train,0,2.969625,16000,1,PCM_16
3771,train,1,1.7350625,16000,1,PCM_16
3772,test,-1,2.8695,16000,1,PCM_16
3773,train,3,1.63775,16000,1,PCM_16
3774,test,-1,2.2755625,16000,1,PCM_16
3775,train,1,2.402375,16000,1,PCM_16
3776,test,-1,2.1354375,16000,1,PCM_16
3777,train,5,2.2826875,16000,1,PCM_16
3778,train,2,2.2689375,16000,1,PCM_16
3779,train,5,2.6693125,16000,1,PCM_16
3780,test,-1,3.57025,16000,1,PCM_16
3781,train,2,1.8018125,16000,1,PCM_16
3782,train,2,2.48525,16000,1,PCM_16
3783,train,4,2.5540625,16000,1,PCM_16
3784,train,5,2.2689375,16000,1,PCM_16
3785,train,3,3.1365,16000,1,PCM_16
3786,train,0,3.536875,16000,1,PCM_16
3787,train,1,2.56925,16000,1,PCM_16
3788,train,3,2.1688125,16000,1,PCM_16
3789,test,-1,2.8361875,16000,1,PCM_16
3790,train,1,2.0855625,16000,1,PCM_16
3791,train,2,4.7046875,16000,1,PCM_16
3792,train,5,3.2031875,16000,1,PCM_16
3793,train,2,2.5025,16000,1,PCM_16
3794,train,4,3.2699375,16000,1,PCM_16
3795,train,4,2.56925,16000,1,PCM_16
3796,train,4,2.8028125,16000,1,PCM_16
3797,train,4,2.56925,16000,1,PCM_16
3798,test,-1,3.5035,16000,1,PCM_16
3799,train,5,2.369,16000,1,PCM_16
3800,train,4,2.902875,16000,1,PCM_16
3801,train,2,2.431125,16000,1,PCM_16
3802,train,1,2.369,16000,1,PCM_16
3803,train,4,2.6359375,16000,1,PCM_16
3804,train,0,1.378,16000,1,PCM_16
3805,train,1,2.7360625,16000,1,PCM_16
3806,train,2,2.5025,16000,1,PCM_16
3807,train,3,2.2021875,16000,1,PCM_16
3808,test,-1,4.3710625,16000,1,PCM_16
3809,test,-1,2.2021875,16000,1,PCM_16
3810,train,5,1.837625,16000,1,PCM_16
3811,train,1,2.7360625,16000,1,PCM_16
3812,train,2,2.102,16000,1,PCM_16
3813,train,3,1.540625,16000,1,PCM_16
3814,train,3,3.6369375,16000,1,PCM_16
3815,train,4,2.402375,16000,1,PCM_16
3816,train,1,2.0920625,16000,1,PCM_16
3817,train,1,3.7704375,16000,1,PCM_16
3818,train,3,2.5025,16000,1,PCM_16
3819,train,3,3.8038125,16000,1,PCM_16
3820,train,2,2.32875,16000,1,PCM_16
3821,train,3,2.56925,16000,1,PCM_16
3822,train,1,1.968625,16000,1,PCM_16
3823,train,4,2.4615625,16000,1,PCM_16
3824,train,3,1.3336875,16000,1,PCM_16
3825,train,3,2.2826875,16000,1,PCM_16
3826,train,2,2.6359375,16000,1,PCM_16
3827,train,5,3.637,16000,1,PCM_16
3828,train,4,2.6693125,16000,1,PCM_16
3829,train,5,2.018,16000,1,PCM_16
3830,train,3,3.7370625,16000,1,PCM_16
3831,train,5,2.6359375,16000,1,PCM_16
3832,test,-1,2.6359375,16000,1,PCM_16
3833,train,5,2.8695,16000,1,PCM_16
3834,train,3,3.003,16000,1,PCM_16
3835,train,4,2.5816875,16000,1,PCM_16
3836,train,0,2.56925,16000,1,PCM_16
3837,train,2,2.6359375,16000,1,PCM_16
3838,test,-1,1.901875,16000,1,PCM_16
3839,train,5,1.7684375,16000,1,PCM_16
3840,train,0,1.704125,16000,1,PCM_16
3841,test,-1,3.7370625,16000,1,PCM_16
3842,test,-1,3.036375,16000,1,PCM_16
3843,train,1,2.0003125,16000,1,PCM_16
3844,test,-1,2.402375,16000,1,PCM_16
3845,train,4,3.8705625,16000,1,PCM_16
3846,train,2,2.9280625,16000,1,PCM_16
3847,train,0,1.5410625,16000,1,PCM_16
3848,train,2,2.56925,16000,1,PCM_16
3849,train,0,3.970625,16000,1,PCM_16
3850,test,-1,2.93625,16000,1,PCM_16
3851,train,3,1.6711875,16000,1,PCM_16
3852,train,2,2.535875,16000,1,PCM_16
3853,train,0,3.7370625,16000,1,PCM_16
3854,train,5,2.7026875,16000,1,PCM_16
3855,train,2,2.177875,16000,1,PCM_16
3856,train,0,2.369,16000,1,PCM_16
3857,train,0,1.6683125,16000,1,PCM_16
3858,train,3,2.2689375,16000,1,PCM_16
3859,train,3,1.7158125,16000,1,PCM_16
3860,train,1,1.6349375,16000,1,PCM_16
3861,train,2,2.2420625,16000,1,PCM_16
3862,train,2,1.93525,16000,1,PCM_16
3863,train,5,2.023,16000,1,PCM_16
3864,train,2,3.970625,16000,1,PCM_16
3865,test,-1,3.2365625,16000,1,PCM_16
3866,train,3,1.4245,16000,1,PCM_16
3867,train,4,2.469125,16000,1,PCM_16
3868,train,4,2.7026875,16000,1,PCM_16
3869,train,0,3.036375,16000,1,PCM_16
3870,test,-1,3.536875,16000,1,PCM_16
3871,train,5,2.6359375,16000,1,PCM_16
3872,train,0,1.6209375,16000,1,PCM_16
3873,train,2,1.968625,16000,1,PCM_16
3874,train,5,3.43675,16000,1,PCM_16
3875,train,2,2.56925,16000,1,PCM_16
3876,train,0,2.8028125,16000,1,PCM_16
3877,test,-1,2.7694375,16000,1,PCM_16
3878,train,1,2.035375,16000,1,PCM_16
3879,test,-1,2.402375,16000,1,PCM_16
3880,train,0,2.602625,16000,1,PCM_16
3881,train,1,1.8583125,16000,1,PCM_16
3882,train,1,2.002,16000,1,PCM_16
3883,test,-1,2.8028125,16000,1,PCM_16
3884,train,2,2.544,16000,1,PCM_16
3885,test,-1,3.7036875,16000,1,PCM_16
3886,test,-1,3.57025,16000,1,PCM_16
3887,train,2,3.57025,16000,1,PCM_16
3888,train,2,2.3356875,16000,1,PCM_16
3889,test,-1,2.56925,16000,1,PCM_16
3890,test,-1,2.1688125,16000,1,PCM_16
3891,train,1,2.43575,16000,1,PCM_16
3892,train,0,1.8351875,16000,1,PCM_16
3893,train,4,2.6693125,16000,1,PCM_16
3894,train,4,3.43675,16000,1,PCM_16
3895,train,5,2.7360625,16000,1,PCM_16
3896,test,-1,2.6693125,16000,1,PCM_16
3897,train,5,2.2285,16000,1,PCM_16
3898,train,4,2.969625,16000,1,PCM_16
3899,train,2,2.93625,16000,1,PCM_16
3900,test,-1,2.06875,16000,1,PCM_16
3901,train,5,3.6703125,16000,1,PCM_16
3902,train,3,2.43575,16000,1,PCM_16
3903,train,1,2.035375,16000,1,PCM_16
3904,train,1,2.3690625,16000,1,PCM_16
3905,train,4,3.103125,16000,1,PCM_16
3906,train,5,2.3023125,16000,1,PCM_16
3907,train,1,2.1354375,16000,1,PCM_16
3908,train,5,2.0705625,16000,1,PCM_16
3909,train,5,2.035375,16000,1,PCM_16
3910,train,1,1.8351875,16000,1,PCM_16
3911,train,2,3.2699375,16000,1,PCM_16
3912,train,2,2.6693125,16000,1,PCM_16
3913,train,0,2.4455,16000,1,PCM_16
3914,train,4,3.1364375,16000,1,PCM_16
3915,train,5,2.7694375,16000,1,PCM_16
3916,train,4,2.7360625,16000,1,PCM_16
3917,train,4,2.8695625,16000,1,PCM_16
3918,train,5,2.1454375,16000,1,PCM_16
3919,train,4,2.2703125,16000,1,PCM_16
3920,train,2,2.2569375,16000,1,PCM_16
3921,train,4,2.186125,16000,1,PCM_16
3922,train,2,1.901875,16000,1,PCM_16
3923,train,4,2.338375,16000,1,PCM_16
3924,train,2,2.1688125,16000,1,PCM_16
3925,train,2,2.7694375,16000,1,PCM_16
3926,train,0,2.5025,16000,1,PCM_16
3927,train,2,2.56925,16000,1,PCM_16
3928,train,1,2.2755625,16000,1,PCM_16
3929,train,0,2.2021875,16000,1,PCM_16
3930,train,0,5.105125,16000,1,PCM_16
3931,train,3,3.036375,16000,1,PCM_16
3932,train,1,3.3366875,16000,1,PCM_16
3933,train,3,1.7159375,16000,1,PCM_16
3934,train,2,1.968625,16000,1,PCM_16
3935,train,5,2.43575,16000,1,PCM_16
3936,train,1,2.035375,16000,1,PCM_16
3937,train,4,3.970625,16000,1,PCM_16
3938,train,5,2.1688125,16000,1,PCM_16
3939,test,-1,2.3023125,16000,1,PCM_16
3940,train,5,3.7036875,16000,1,PCM_16
3941,train,4,2.402375,16000,1,PCM_16
3942,train,2,2.1688125,16000,1,PCM_16
3943,train,3,2.102125,16000,1,PCM_16
3944,train,2,2.6155625,16000,1,PCM_16
3945,train,4,2.2689375,16000,1,PCM_16
3946,test,-1,2.3356875,16000,1,PCM_16
3947,train,5,2.0048125,16000,1,PCM_16
3948,train,5,2.3356875,16000,1,PCM_16
3949,train,1,2.035375,16000,1,PCM_16
3950,train,5,2.5025,16000,1,PCM_16
3951,test,-1,2.8695,16000,1,PCM_16
3952,train,3,2.8028125,16000,1,PCM_16
3953,train,4,2.8361875,16000,1,PCM_16
3954,train,1,1.8351875,16000,1,PCM_16
3955,train,5,2.0540625,16000,1,PCM_16
3956,train,4,3.6703125,16000,1,PCM_16
3957,train,3,3.37,16000,1,PCM_16
3958,train,2,2.8768125,16000,1,PCM_16
3959,test,-1,2.5025,16000,1,PCM_16
3960,train,4,2.602625,16000,1,PCM_16
3961,train,1,1.7016875,16000,1,PCM_16
3962,train,5,2.117375,16000,1,PCM_16
3963,train,4,2.244875,16000,1,PCM_16
3964,train,1,3.43675,16000,1,PCM_16
3965,test,-1,2.535875,16000,1,PCM_16
3966,test,-1,3.103125,16000,1,PCM_16
3967,test,-1,2.6359375,16000,1,PCM_16
3968,test,-1,2.402375,16000,1,PCM_16
3969,test,-1,2.969625,16000,1,PCM_16
3970,train,0,3.603625,16000,1,PCM_16
3971,train,3,1.6109375,16000,1,PCM_16
3972,train,3,1.836375,16000,1,PCM_16
3973,train,1,2.535875,16000,1,PCM_16
3974,train,4,2.5289375,16000,1,PCM_16
3975,train,4,3.603625,16000,1,PCM_16
3976,train,5,3.536875,16000,1,PCM_16
3977,train,3,2.8361875,16000,1,PCM_16
3978,train,2,2.2826875,16000,1,PCM_16
3979,train,0,1.4751875,16000,1,PCM_16
3980,train,4,3.6369375,16000,1,PCM_16
3981,test,-1,2.535875,16000,1,PCM_16
3982,test,-1,2.3023125,16000,1,PCM_16
3983,test,-1,2.469125,16000,1,PCM_16
3984,train,4,2.969625,16000,1,PCM_16
3985,train,4,3.403375,16000,1,PCM_16
3986,train,0,4.104125,16000,1,PCM_16
3987,test,-1,1.7684375,16000,1,PCM_16
3988,test,-1,2.7026875,16000,1,PCM_16
3989,train,1,2.969625,16000,1,PCM_16
3990,train,5,2.8695,16000,1,PCM_16
3991,train,2,2.002,16000,1,PCM_16
3992,train,2,3.7704375,16000,1,PCM_16
3993,train,5,2.1354375,16000,1,PCM_16
3994,train,2,2.6359375,16000,1,PCM_16
3995,train,4,2.6359375,16000,1,PCM_16
3996,train,3,1.6935,16000,1,PCM_16
3997,train,0,2.56925,16000,1,PCM_16
3998,test,-1,2.402375,16000,1,PCM_16
3999,test,-1,3.57025,16000,1,PCM_16
4000,train,2,2.6359375,16000,1,PCM_16
4001,train,1,2.3356875,16000,1,PCM_16
4002,test,-1,1.901875,16000,1,PCM_16
4003,train,5,2.0200625,16000,1,PCM_16
4004,train,1,1.93525,16000,1,PCM_16
4005,train,0,1.8351875,16000,1,PCM_16
4006,train,1,1.9135625,16000,1,PCM_16
4007,train,4,3.5035,16000,1,PCM_16
4008,train,2,2.7694375,16000,1,PCM_16
4009,train,5,1.909625,16000,1,PCM_16
4010,train,1,1.8180625,16000,1,PCM_16
4011,train,5,1.7684375,16000,1,PCM_16
4012,train,2,2.42875,16000,1,PCM_16
4013,test,-1,3.003,16000,1,PCM_16
4014,train,2,2.3696875,16000,1,PCM_16
4015,train,1,2.0129375,16000,1,PCM_16
4016,train,5,1.9895,16000,1,PCM_16
4017,test,-1,4.037375,16000,1,PCM_16
4018,train,0,3.003,16000,1,PCM_16
4019,train,2,2.8028125,16000,1,PCM_16
4020,train,1,1.8685,16000,1,PCM_16
4021,test,-1,2.469125,16000,1,PCM_16
4022,test,-1,2.469125,16000,1,PCM_16
4023,train,4,2.6359375,16000,1,PCM_16
4024,test,-1,2.2689375,16000,1,PCM_16
4025,train,2,1.8685,16000,1,PCM_16
4026,train,1,2.12575,16000,1,PCM_16
4027,train,2,2.917125,16000,1,PCM_16
4028,test,-1,2.535875,16000,1,PCM_16
4029,train,4,2.2355625,16000,1,PCM_16
4030,train,2,2.3023125,16000,1,PCM_16
4031,train,1,2.43575,16000,1,PCM_16
4032,test,-1,2.3356875,16000,1,PCM_16
4033,train,5,2.7026875,16000,1,PCM_16
4034,train,0,2.3356875,16000,1,PCM_16
4035,test,-1,2.3356875,16000,1,PCM_16
4036,train,4,1.601625,16000,1,PCM_16
4037,train,2,2.2021875,16000,1,PCM_16
4038,train,3,2.902875,16000,1,PCM_16
4039,train,2,3.470125,16000,1,PCM_16
4040,train,1,2.1220625,16000,1,PCM_16
4041,train,1,3.5035,16000,1,PCM_16
4042,train,1,1.9695625,16000,1,PCM_16
4043,train,5,3.57025,16000,1,PCM_16
4044,train,5,2.2386875,16000,1,PCM_16
4045,train,0,2.602625,16000,1,PCM_16
4046,train,4,2.102125,16000,1,PCM_16
4047,train,3,2.8361875,16000,1,PCM_16
4048,train,2,2.3405625,16000,1,PCM_16
4049,train,1,2.1535,16000,1,PCM_16
4050,train,0,1.5925625,16000,1,PCM_16
4051,test,-1,3.1364375,16000,1,PCM_16
4052,train,1,2.002,16000,1,PCM_16
4053,train,1,2.43575,16000,1,PCM_16
4054,train,3,1.88125,16000,1,PCM_16
4055,train,4,2.6693125,16000,1,PCM_16
4056,test,-1,2.602625,16000,1,PCM_16
4057,train,3,2.402375,16000,1,PCM_16
4058,train,0,2.002,16000,1,PCM_16
4059,train,2,3.8371875,16000,1,PCM_16
4060,train,0,1.427375,16000,1,PCM_16
4061,train,4,2.4499375,16000,1,PCM_16
4062,train,0,1.93525,16000,1,PCM_16
4063,train,3,1.6349375,16000,1,PCM_16
4064,train,1,1.9096875,16000,1,PCM_16
4065,train,1,2.06875,16000,1,PCM_16
4066,train,4,2.2355625,16000,1,PCM_16
4067,train,3,2.535875,16000,1,PCM_16
4068,train,0,2.2689375,16000,1,PCM_16
4069,test,-1,2.93625,16000,1,PCM_16
4070,train,1,2.2021875,16000,1,PCM_16
4071,train,4,2.6755,16000,1,PCM_16
4072,train,1,2.0815,16000,1,PCM_16
4073,test,-1,1.6683125,16000,1,PCM_16
4074,test,-1,2.5025,16000,1,PCM_16
4075,train,3,1.93525,16000,1,PCM_16
4076,train,1,1.9618125,16000,1,PCM_16
4077,train,0,1.93525,16000,1,PCM_16
4078,train,1,2.102125,16000,1,PCM_16
4079,train,5,2.06875,16000,1,PCM_16
4080,test,-1,2.1354375,16000,1,PCM_16
4081,train,4,2.402375,16000,1,PCM_16
4082,train,4,2.5850625,16000,1,PCM_16
4083,train,3,2.7694375,16000,1,PCM_16
4084,test,-1,3.2031875,16000,1,PCM_16
4085,train,0,1.568,16000,1,PCM_16
4086,train,0,2.8028125,16000,1,PCM_16
4087,train,5,2.0589375,16000,1,PCM_16
4088,train,1,4.037375,16000,1,PCM_16
4089,train,3,2.5025,16000,1,PCM_16
4090,train,4,3.6703125,16000,1,PCM_16
4091,train,3,2.402375,16000,1,PCM_16
4092,train,5,2.7694375,16000,1,PCM_16
4093,train,2,2.2744375,16000,1,PCM_16
4094,train,5,2.102125,16000,1,PCM_16
4095,train,2,2.5025,16000,1,PCM_16
4096,train,1,2.1354375,16000,1,PCM_16
4097,train,2,3.3366875,16000,1,PCM_16
4098,train,1,2.8361875,16000,1,PCM_16
4099,train,3,1.7350625,16000,1,PCM_16
4100,train,3,3.3033125,16000,1,PCM_16
4101,train,0,2.146125,16000,1,PCM_16
4102,train,4,2.358625,16000,1,PCM_16
4103,train,5,3.603625,16000,1,PCM_16
4104,train,2,2.535875,16000,1,PCM_16
4105,train,4,3.7370625,16000,1,PCM_16
4106,train,1,2.035375,16000,1,PCM_16
4107,train,4,1.8685,16000,1,PCM_16
4108,test,-1,2.6359375,16000,1,PCM_16
4109,train,3,2.5025,16000,1,PCM_16
4110,train,0,2.6359375,16000,1,PCM_16
4111,train,3,2.1354375,16000,1,PCM_16
4112,train,0,1.8018125,16000,1,PCM_16
4113,train,4,4.037375,16000,1,PCM_16
4114,test,-1,3.1364375,16000,1,PCM_16
4115,train,0,1.702375,16000,1,PCM_16
4116,train,5,2.1355625,16000,1,PCM_16
4117,train,3,1.968625,16000,1,PCM_16
4118,train,2,2.7694375,16000,1,PCM_16
4119,train,1,3.3366875,16000,1,PCM_16
4120,train,0,2.8361875,16000,1,PCM_16
4121,test,-1,2.5025,16000,1,PCM_16
4122,test,-1,4.3376875,16000,1,PCM_16
4123,train,3,1.824625,16000,1,PCM_16
4124,train,1,1.901875,16000,1,PCM_16
4125,train,5,2.08725,16000,1,PCM_16
4126,train,1,2.6693125,16000,1,PCM_16
4127,test,-1,2.2826875,16000,1,PCM_16
4128,train,3,2.6693125,16000,1,PCM_16
4129,test,-1,3.5035,16000,1,PCM_16
4130,train,0,2.5025,16000,1,PCM_16
4131,train,4,2.6359375,16000,1,PCM_16
4132,train,4,4.7380625,16000,1,PCM_16
4133,train,1,2.002,16000,1,PCM_16
4134,train,2,2.7026875,16000,1,PCM_16
4135,train,3,2.0465,16000,1,PCM_16
4136,train,0,2.8695625,16000,1,PCM_16
4137,train,2,2.55675,16000,1,PCM_16
4138,train,1,2.535875,16000,1,PCM_16
4139,train,5,2.602625,16000,1,PCM_16
4140,train,5,3.903875,16000,1,PCM_16
4141,train,0,2.035375,16000,1,PCM_16
4142,train,0,2.6693125,16000,1,PCM_16
4143,train,4,2.7694375,16000,1,PCM_16
4144,train,4,2.3899375,16000,1,PCM_16
4145,train,3,2.8695,16000,1,PCM_16
4146,test,-1,1.93525,16000,1,PCM_16
4147,train,0,1.6333125,16000,1,PCM_16
4148,train,3,1.6935625,16000,1,PCM_16
4149,train,4,3.903875,16000,1,PCM_16
4150,train,3,2.102125,16000,1,PCM_16
4151,train,2,2.402375,16000,1,PCM_16
4152,train,1,2.002,16000,1,PCM_16
4153,train,2,1.8685,16000,1,PCM_16
4154,train,5,2.035375,16000,1,PCM_16
4155,train,2,2.8695,16000,1,PCM_16
4156,train,2,2.43575,16000,1,PCM_16
4157,test,-1,2.535875,16000,1,PCM_16
4158,train,0,1.9883125,16000,1,PCM_16
4159,train,4,3.6703125,16000,1,PCM_16
4160,train,1,2.7026875,16000,1,PCM_16
4161,train,3,1.7684375,16000,1,PCM_16
4162,train,1,2.469125,16000,1,PCM_16
4163,train,0,3.536875,16000,1,PCM_16
4164,train,0,2.0399375,16000,1,PCM_16
4165,train,1,1.56825,16000,1,PCM_16
4166,train,3,1.8018125,16000,1,PCM_16
4167,train,3,2.2355625,16000,1,PCM_16
4168,train,0,1.4664375,16000,1,PCM_16
4169,train,5,1.93525,16000,1,PCM_16
4170,test,-1,2.402375,16000,1,PCM_16
4171,train,2,2.402375,16000,1,PCM_16
4172,train,1,3.7036875,16000,1,PCM_16
4173,train,2,2.402375,16000,1,PCM_16
4174,train,4,2.602625,16000,1,PCM_16
4175,test,-1,2.3023125,16000,1,PCM_16
4176,train,2,3.103125,16000,1,PCM_16
4177,train,2,2.4133125,16000,1,PCM_16
4178,train,5,2.102125,16000,1,PCM_16
4179,train,5,2.3356875,16000,1,PCM_16
4180,train,5,2.254375,16000,1,PCM_16
4181,train,5,2.2004375,16000,1,PCM_16
4182,train,2,2.7026875,16000,1,PCM_16
4183,train,5,2.3023125,16000,1,PCM_16
4184,train,5,2.6359375,16000,1,PCM_16
4185,train,4,4.8381875,16000,1,PCM_16
4186,train,1,2.1688125,16000,1,PCM_16
4187,train,4,3.1698125,16000,1,PCM_16
4188,train,1,2.06875,16000,1,PCM_16
4189,train,1,2.035375,16000,1,PCM_16
4190,test,-1,1.901875,16000,1,PCM_16
4191,train,2,2.6359375,16000,1,PCM_16
4192,train,5,2.602625,16000,1,PCM_16
4193,train,0,3.2699375,16000,1,PCM_16
4194,train,2,2.402375,16000,1,PCM_16
4195,train,4,2.443125,16000,1,PCM_16
4196,train,5,2.43575,16000,1,PCM_16
4197,train,0,2.402375,16000,1,PCM_16
4198,train,3,1.748125,16000,1,PCM_16
4199,train,4,2.2021875,16000,1,PCM_16
4200,train,3,2.102125,16000,1,PCM_16
4201,test,-1,3.003,16000,1,PCM_16
4202,train,0,2.7694375,16000,1,PCM_16
4203,test,-1,2.5025,16000,1,PCM_16
4204,train,5,1.912875,16000,1,PCM_16
4205,test,-1,2.535875,16000,1,PCM_16
4206,train,0,2.2755625,16000,1,PCM_16
4207,train,3,3.3366875,16000,1,PCM_16
4208,train,1,2.1354375,16000,1,PCM_16
4209,train,0,1.901875,16000,1,PCM_16
4210,train,4,2.2021875,16000,1,PCM_16
4211,test,-1,3.5035,16000,1,PCM_16
4212,train,3,3.103125,16000,1,PCM_16
4213,train,3,2.102125,16000,1,PCM_16
4214,train,4,3.7704375,16000,1,PCM_16
4215,train,1,2.469125,16000,1,PCM_16
4216,train,3,1.4740625,16000,1,PCM_16
4217,test,-1,2.7694375,16000,1,PCM_16
4218,train,2,2.102125,16000,1,PCM_16
4219,train,3,1.544625,16000,1,PCM_16
4220,train,3,2.3356875,16000,1,PCM_16
4221,train,1,1.728875,16000,1,PCM_16
4222,train,1,2.5025,16000,1,PCM_16
4223,train,5,2.0563125,16000,1,PCM_16
4224,train,5,2.6359375,16000,1,PCM_16
4225,train,2,3.6703125,16000,1,PCM_16
4226,train,1,3.603625,16000,1,PCM_16
4227,test,-1,2.469125,16000,1,PCM_16
4228,train,5,2.1354375,16000,1,PCM_16
4229,train,2,2.296875,16000,1,PCM_16
4230,test,-1,2.902875,16000,1,PCM_16
4231,train,5,2.56925,16000,1,PCM_16
4232,train,0,4.2375625,16000,1,PCM_16
4233,test,-1,3.06975,16000,1,PCM_16
4234,train,0,3.1364375,16000,1,PCM_16
4235,train,3,3.536875,16000,1,PCM_16
4236,train,1,1.838,16000,1,PCM_16
4237,train,1,3.2365625,16000,1,PCM_16
4238,test,-1,1.968625,16000,1,PCM_16
4239,train,2,3.5035,16000,1,PCM_16
4240,test,-1,3.470125,16000,1,PCM_16
4241,train,3,2.102125,16000,1,PCM_16
4242,train,3,2.7360625,16000,1,PCM_16
4243,test,-1,2.6693125,16000,1,PCM_16
4244,test,-1,2.56925,16000,1,PCM_16
4245,train,0,4.004,16000,1,PCM_16
4246,train,2,2.4306875,16000,1,PCM_16
4247,test,-1,2.902875,16000,1,PCM_16
4248,train,2,2.542,16000,1,PCM_16
4249,train,2,2.6693125,16000,1,PCM_16
4250,train,1,1.93525,16000,1,PCM_16
4251,train,1,2.0859375,16000,1,PCM_16
4252,train,2,3.3366875,16000,1,PCM_16
4253,train,0,2.902875,16000,1,PCM_16
4254,train,5,3.06975,16000,1,PCM_16
4255,train,0,3.8038125,16000,1,PCM_16
4256,train,4,3.036375,16000,1,PCM_16
4257,train,5,2.0151875,16000,1,PCM_16
4258,test,-1,1.901875,16000,1,PCM_16
4259,test,-1,1.7684375,16000,1,PCM_16
4260,train,2,3.43675,16000,1,PCM_16
4261,train,1,2.43575,16000,1,PCM_16
4262,train,4,2.535875,16000,1,PCM_16
4263,test,-1,2.06875,16000,1,PCM_16
4264,train,4,2.673625,16000,1,PCM_16
4265,train,4,2.205375,16000,1,PCM_16
4266,train,1,2.2021875,16000,1,PCM_16
4267,train,2,2.16925,16000,1,PCM_16
4268,train,5,2.469125,16000,1,PCM_16
4269,train,2,2.6359375,16000,1,PCM_16
4270,train,3,1.6644375,16000,1,PCM_16
4271,train,3,1.7104375,16000,1,PCM_16
4272,train,1,2.5025,16000,1,PCM_16
4273,train,0,2.2689375,16000,1,PCM_16
4274,train,1,2.052625,16000,1,PCM_16
4275,train,4,3.2031875,16000,1,PCM_16
4276,test,-1,2.8028125,16000,1,PCM_16
4277,train,4,4.5045,16000,1,PCM_16
4278,train,2,3.2699375,16000,1,PCM_16
4279,train,1,2.16125,16000,1,PCM_16
4280,test,-1,3.1365,16000,1,PCM_16
4281,train,4,4.3710625,16000,1,PCM_16
4282,train,4,1.93525,16000,1,PCM_16
4283,train,5,2.0058125,16000,1,PCM_16
4284,train,1,1.8413125,16000,1,PCM_16
4285,train,3,1.787625,16000,1,PCM_16
4286,test,-1,2.902875,16000,1,PCM_16
4287,train,5,2.3356875,16000,1,PCM_16
4288,train,5,2.43575,16000,1,PCM_16
4289,train,2,2.1071875,16000,1,PCM_16
4290,train,5,2.602625,16000,1,PCM_16
4291,train,2,2.3234375,16000,1,PCM_16
4292,train,3,3.1698125,16000,1,PCM_16
4293,train,0,2.535875,16000,1,PCM_16
4294,train,5,1.899,16000,1,PCM_16
4295,test,-1,2.56925,16000,1,PCM_16
4296,train,0,1.8018125,16000,1,PCM_16
4297,test,-1,2.56925,16000,1,PCM_16
4298,test,-1,3.970625,16000,1,PCM_16
4299,train,0,3.06975,16000,1,PCM_16
4300,train,5,2.0820625,16000,1,PCM_16
4301,train,2,2.298875,16000,1,PCM_16
4302,test,-1,3.8705625,16000,1,PCM_16
4303,test,-1,2.5025,16000,1,PCM_16
4304,train,3,2.8028125,16000,1,PCM_16
4305,train,0,2.56925,16000,1,PCM_16
4306,train,1,1.93525,16000,1,PCM_16
4307,train,2,3.8371875,16000,1,PCM_16
4308,train,3,2.3023125,16000,1,PCM_16
4309,train,0,4.104125,16000,1,PCM_16
4310,train,0,2.2021875,16000,1,PCM_16
4311,train,2,2.6693125,16000,1,PCM_16
4312,train,1,2.5025,16000,1,PCM_16
4313,train,5,3.603625,16000,1,PCM_16
4314,train,3,1.597,16000,1,PCM_16
4315,test,-1,2.535875,16000,1,PCM_16
4316,train,0,2.06875,16000,1,PCM_16
4317,train,1,1.87425,16000,1,PCM_16
4318,train,0,2.5025,16000,1,PCM_16
4319,train,2,2.05425,16000,1,PCM_16
4320,train,1,3.7704375,16000,1,PCM_16
4321,train,4,3.5035,16000,1,PCM_16
4322,train,1,2.6359375,16000,1,PCM_16
4323,train,5,2.1095625,16000,1,PCM_16
4324,train,3,2.002,16000,1,PCM_16
4325,test,-1,3.403375,16000,1,PCM_16
4326,train,3,2.43575,16000,1,PCM_16
4327,train,5,1.7684375,16000,1,PCM_16
4328,train,2,3.7370625,16000,1,PCM_16
4329,train,1,2.902875,16000,1,PCM_16
4330,train,0,2.5025,16000,1,PCM_16
4331,train,0,2.2021875,16000,1,PCM_16
4332,train,5,2.1498125,16000,1,PCM_16
4333,test,-1,3.003,16000,1,PCM_16
4334,test,-1,1.968625,16000,1,PCM_16
4335,train,5,2.16875,16000,1,PCM_16
4336,train,5,2.2689375,16000,1,PCM_16
4337,test,-1,2.535875,16000,1,PCM_16
4338,train,1,1.8748125,16000,1,PCM_16
4339,test,-1,2.8695625,16000,1,PCM_16
4340,train,2,2.1354375,16000,1,PCM_16
4341,train,4,2.3998125,16000,1,PCM_16
4342,train,0,3.603625,16000,1,PCM_16
4343,train,4,2.3459375,16000,1,PCM_16
4344,train,1,2.0815625,16000,1,PCM_16
4345,train,5,1.9830625,16000,1,PCM_16
4346,train,3,1.8351875,16000,1,PCM_16
4347,train,0,2.2055625,16000,1,PCM_16
4348,test,-1,1.7016875,16000,1,PCM_16
4349,train,5,2.3690625,16000,1,PCM_16
4350,train,1,2.43575,16000,1,PCM_16
4351,train,0,3.003,16000,1,PCM_16
4352,train,4,2.535625,16000,1,PCM_16
4353,train,3,1.8340625,16000,1,PCM_16
4354,train,1,2.469125,16000,1,PCM_16
4355,train,1,1.901875,16000,1,PCM_16
4356,train,4,3.06975,16000,1,PCM_16
4357,train,5,1.93575,16000,1,PCM_16
4358,train,0,2.1354375,16000,1,PCM_16
4359,train,2,3.103125,16000,1,PCM_16
4360,train,1,1.8351875,16000,1,PCM_16
4361,train,0,2.7694375,16000,1,PCM_16
4362,train,5,2.172625,16000,1,PCM_16
4363,test,-1,2.3356875,16000,1,PCM_16
4364,test,-1,3.470125,16000,1,PCM_16
4365,train,4,2.7694375,16000,1,PCM_16
4366,train,0,3.036375,16000,1,PCM_16
4367,test,-1,2.3356875,16000,1,PCM_16
4368,test,-1,2.6693125,16000,1,PCM_16
4369,test,-1,4.104125,16000,1,PCM_16
4370,train,3,3.903875,16000,1,PCM_16
4371,train,1,1.93525,16000,1,PCM_16
4372,train,1,2.004,16000,1,PCM_16
4373,train,4,2.602625,16000,1,PCM_16
4374,train,1,1.7684375,16000,1,PCM_16
4375,train,5,2.1354375,16000,1,PCM_16
4376,test,-1,2.43575,16000,1,PCM_16
4377,train,4,2.002,16000,1,PCM_16
4378,train,2,2.6359375,16000,1,PCM_16
4379,train,2,3.2365625,16000,1,PCM_16
4380,train,5,2.8028125,16000,1,PCM_16
4381,train,1,1.7561875,16000,1,PCM_16
4382,test,-1,2.6359375,16000,1,PCM_16
4383,train,4,3.1698125,16000,1,PCM_16
4384,train,5,2.0426875,16000,1,PCM_16
4385,train,0,1.56825,16000,1,PCM_16
4386,train,0,2.6359375,16000,1,PCM_16
4387,test,-1,2.602625,16000,1,PCM_16
4388,test,-1,3.06975,16000,1,PCM_16
4389,train,1,2.6693125,16000,1,PCM_16
4390,train,1,2.5025,16000,1,PCM_16
4391,train,1,2.03575,16000,1,PCM_16
4392,train,1,2.902875,16000,1,PCM_16
4393,train,2,3.8371875,16000,1,PCM_16
4394,train,1,3.37,16000,1,PCM_16
4395,test,-1,2.369,16000,1,PCM_16
4396,train,5,2.1169375,16000,1,PCM_16
4397,train,3,2.002,16000,1,PCM_16
4398,train,2,2.1688125,16000,1,PCM_16
4399,test,-1,2.6693125,16000,1,PCM_16
4400,train,4,2.5384375,16000,1,PCM_16
4401,train,2,2.602625,16000,1,PCM_16
4402,train,5,2.1453125,16000,1,PCM_16
4403,train,4,2.8361875,16000,1,PCM_16
4404,train,3,2.2021875,16000,1,PCM_16
4405,train,0,1.5270625,16000,1,PCM_16
4406,train,4,4.471125,16000,1,PCM_16
4407,train,5,2.002,16000,1,PCM_16
4408,train,2,2.1988125,16000,1,PCM_16
4409,train,4,2.1354375,16000,1,PCM_16
4410,train,1,1.742375,16000,1,PCM_16
4411,train,1,1.9965625,16000,1,PCM_16
4412,train,2,2.902875,16000,1,PCM_16
4413,train,0,2.2689375,16000,1,PCM_16
4414,train,1,2.469125,16000,1,PCM_16
4415,test,-1,2.5025,16000,1,PCM_16
4416,train,0,2.0145,16000,1,PCM_16
4417,test,-1,3.003,16000,1,PCM_16
4418,test,-1,2.7026875,16000,1,PCM_16
4419,train,4,4.1375,16000,1,PCM_16
4420,train,4,3.3033125,16000,1,PCM_16
4421,train,4,3.8038125,16000,1,PCM_16
4422,train,4,2.8028125,16000,1,PCM_16
4423,test,-1,2.902875,16000,1,PCM_16
4424,train,4,2.5396875,16000,1,PCM_16
4425,test,-1,3.57025,16000,1,PCM_16
4426,test,-1,2.2021875,16000,1,PCM_16
4427,test,-1,2.7026875,16000,1,PCM_16
4428,train,0,2.8361875,16000,1,PCM_16
4429,test,-1,2.602625,16000,1,PCM_16
4430,train,5,2.469125,16000,1,PCM_16
4431,train,0,2.035375,16000,1,PCM_16
4432,test,-1,2.43575,16000,1,PCM_16
4433,train,0,2.402375,16000,1,PCM_16
4434,train,2,1.8685625,16000,1,PCM_16
4435,test,-1,2.369,16000,1,PCM_16
4436,test,-1,2.1688125,16000,1,PCM_16
4437,train,1,2.005875,16000,1,PCM_16
4438,train,5,2.8028125,16000,1,PCM_16
4439,train,1,2.0044375,16000,1,PCM_16
4440,train,5,2.8695,16000,1,PCM_16
4441,train,2,2.303125,16000,1,PCM_16
4442,test,-1,1.7016875,16000,1,PCM_16
4443,train,0,2.43575,16000,1,PCM_16
4444,train,4,2.3023125,16000,1,PCM_16
4445,train,1,1.7949375,16000,1,PCM_16
4446,train,4,2.402375,16000,1,PCM_16
4447,train,1,3.7370625,16000,1,PCM_16
4448,train,3,1.679875,16000,1,PCM_16
4449,train,5,2.3023125,16000,1,PCM_16
4450,train,4,3.3033125,16000,1,PCM_16
4451,train,4,2.581625,16000,1,PCM_16
4452,train,4,3.8038125,16000,1,PCM_16
4453,train,3,1.58675,16000,1,PCM_16
4454,train,5,2.3023125,16000,1,PCM_16
4455,train,2,2.469125,16000,1,PCM_16
4456,train,0,2.2689375,16000,1,PCM_16
4457,train,0,3.7704375,16000,1,PCM_16
4458,test,-1,3.036375,16000,1,PCM_16
4459,test,-1,3.6703125,16000,1,PCM_16
4460,train,1,1.8968125,16000,1,PCM_16
4461,train,2,2.5203125,16000,1,PCM_16
4462,test,-1,3.8038125,16000,1,PCM_16
4463,test,-1,2.43575,16000,1,PCM_16
4464,train,5,2.1688125,16000,1,PCM_16
4465,train,3,2.7694375,16000,1,PCM_16
4466,train,1,1.9465,16000,1,PCM_16
4467,train,0,1.6010625,16000,1,PCM_16
4468,train,0,2.6693125,16000,1,PCM_16
4469,train,0,1.5955625,16000,1,PCM_16
4470,test,-1,2.93625,16000,1,PCM_16
4471,train,3,3.1698125,16000,1,PCM_16
4472,train,0,3.37,16000,1,PCM_16
4473,test,-1,3.8038125,16000,1,PCM_16
4474,train,3,1.884625,16000,1,PCM_16
4475,train,1,1.976875,16000,1,PCM_16
4476,train,3,2.402375,16000,1,PCM_16
4477,train,4,2.3876875,16000,1,PCM_16
4478,test,-1,1.8018125,16000,1,PCM_16
4479,train,5,2.035375,16000,1,PCM_16
4480,train,5,2.2230625,16000,1,PCM_16
4481,test,-1,2.56925,16000,1,PCM_16
4482,test,-1,2.7026875,16000,1,PCM_16
4483,train,0,1.6813125,16000,1,PCM_16
4484,train,0,2.212125,16000,1,PCM_16
4485,train,5,1.9795625,16000,1,PCM_16
4486,test,-1,2.2355625,16000,1,PCM_16
4487,test,-1,2.8028125,16000,1,PCM_16
4488,train,2,3.06975,16000,1,PCM_16
4489,train,2,2.1688125,16000,1,PCM_16
4490,train,2,2.2755625,16000,1,PCM_16
4491,train,2,2.06875,16000,1,PCM_16
4492,test,-1,2.602625,16000,1,PCM_16
4493,train,3,3.93725,16000,1,PCM_16
4494,train,0,1.968625,16000,1,PCM_16
4495,train,5,2.035375,16000,1,PCM_16
4496,train,2,3.43675,16000,1,PCM_16
4497,train,5,2.102125,16000,1,PCM_16
4498,test,-1,2.2755625,16000,1,PCM_16
4499,test,-1,2.1354375,16000,1,PCM_16
4500,train,2,1.901875,16000,1,PCM_16
4501,test,-1,2.93625,16000,1,PCM_16
4502,train,2,2.080375,16000,1,PCM_16
4503,train,3,1.6731875,16000,1,PCM_16
4504,train,1,2.535875,16000,1,PCM_16
4505,train,1,1.9335,16000,1,PCM_16
4506,train,5,2.3023125,16000,1,PCM_16
4507,train,3,1.3985625,16000,1,PCM_16
4508,train,0,2.93625,16000,1,PCM_16
4509,test,-1,2.1354375,16000,1,PCM_16
4510,train,2,2.002,16000,1,PCM_16
4511,test,-1,2.93625,16000,1,PCM_16
4512,test,-1,2.3023125,16000,1,PCM_16
4513,test,-1,2.2021875,16000,1,PCM_16
4514,train,3,3.5035,16000,1,PCM_16
4515,train,1,1.87075,16000,1,PCM_16
4516,train,5,3.2031875,16000,1,PCM_16
4517,train,5,2.2355625,16000,1,PCM_16
4518,train,2,2.369,16000,1,PCM_16
4519,train,5,2.8028125,16000,1,PCM_16
4520,train,2,1.8351875,16000,1,PCM_16
4521,train,0,2.002,16000,1,PCM_16
4522,train,5,2.6359375,16000,1,PCM_16
4523,train,0,2.902875,16000,1,PCM_16
4524,train,5,2.2689375,16000,1,PCM_16
4525,train,1,2.093,16000,1,PCM_16
4526,train,1,2.035375,16000,1,PCM_16
4527,train,5,1.94325,16000,1,PCM_16
4528,train,0,2.7026875,16000,1,PCM_16
4529,train,4,3.103125,16000,1,PCM_16
4530,test,-1,2.3356875,16000,1,PCM_16
4531,train,2,3.43675,16000,1,PCM_16
4532,test,-1,2.43575,16000,1,PCM_16
4533,train,1,1.966,16000,1,PCM_16
4534,test,-1,3.3033125,16000,1,PCM_16
4535,train,4,3.1698125,16000,1,PCM_16
4536,train,0,1.93525,16000,1,PCM_16
4537,train,2,2.002,16000,1,PCM_16
4538,train,1,2.369,16000,1,PCM_16
4539,test,-1,2.8028125,16000,1,PCM_16
4540,train,0,2.2826875,16000,1,PCM_16
4541,train,2,2.6115,16000,1,PCM_16
4542,train,2,2.902875,16000,1,PCM_16
4543,test,-1,4.07075,16000,1,PCM_16
4544,train,2,2.1354375,16000,1,PCM_16
4545,test,-1,2.535875,16000,1,PCM_16
4546,train,4,2.683375,16000,1,PCM_16
4547,train,0,1.356625,16000,1,PCM_16
4548,train,3,1.7016875,16000,1,PCM_16
4549,train,0,2.469125,16000,1,PCM_16
4550,train,4,2.1688125,16000,1,PCM_16
4551,train,3,3.103125,16000,1,PCM_16
4552,train,0,1.4135625,16000,1,PCM_16
4553,train,1,1.7905625,16000,1,PCM_16
4554,test,-1,2.2755625,16000,1,PCM_16
4555,train,5,2.3356875,16000,1,PCM_16
4556,test,-1,2.8361875,16000,1,PCM_16
4557,train,0,1.686625,16000,1,PCM_16
4558,train,1,3.036375,16000,1,PCM_16
4559,train,1,2.535875,16000,1,PCM_16
4560,train,2,2.43575,16000,1,PCM_16
4561,train,1,2.5025,16000,1,PCM_16
4562,train,2,2.2755625,16000,1,PCM_16
4563,train,1,2.035375,16000,1,PCM_16
4564,train,1,1.968625,16000,1,PCM_16
4565,train,3,1.7350625,16000,1,PCM_16
4566,train,0,1.57625,16000,1,PCM_16
4567,train,3,2.8361875,16000,1,PCM_16
4568,train,0,1.7350625,16000,1,PCM_16
4569,train,2,2.8361875,16000,1,PCM_16
4570,train,1,2.469125,16000,1,PCM_16
4571,train,0,1.64875,16000,1,PCM_16
4572,train,1,1.93525,16000,1,PCM_16
4573,train,2,1.901875,16000,1,PCM_16
4574,train,2,1.968625,16000,1,PCM_16
4575,train,0,2.535875,16000,1,PCM_16
4576,train,3,2.035375,16000,1,PCM_16
4577,test,-1,3.8038125,16000,1,PCM_16
4578,train,4,4.3710625,16000,1,PCM_16
4579,train,3,2.535875,16000,1,PCM_16
4580,train,0,3.3033125,16000,1,PCM_16
4581,test,-1,3.7370625,16000,1,PCM_16
4582,train,3,3.7370625,16000,1,PCM_16
4583,train,3,4.2375625,16000,1,PCM_16
4584,train,4,4.7714375,16000,1,PCM_16
4585,train,5,2.602625,16000,1,PCM_16
4586,train,1,2.2021875,16000,1,PCM_16
4587,train,2,2.0529375,16000,1,PCM_16
4588,test,-1,1.968625,16000,1,PCM_16
4589,train,2,2.3735,16000,1,PCM_16
4590,train,3,1.8018125,16000,1,PCM_16
4591,train,1,1.9751875,16000,1,PCM_16
4592,train,4,2.437375,16000,1,PCM_16
4593,test,-1,3.6369375,16000,1,PCM_16
4594,train,5,2.7360625,16000,1,PCM_16
4595,train,5,2.1355625,16000,1,PCM_16
4596,train,4,2.595625,16000,1,PCM_16
4597,train,5,2.0563125,16000,1,PCM_16
4598,train,1,1.968625,16000,1,PCM_16
4599,train,3,1.558375,16000,1,PCM_16
4600,train,1,1.873875,16000,1,PCM_16
4601,train,0,2.0786875,16000,1,PCM_16
4602,train,3,1.706375,16000,1,PCM_16
4603,train,4,2.7360625,16000,1,PCM_16
4604,test,-1,4.93825,16000,1,PCM_16
4605,train,2,2.56925,16000,1,PCM_16
4606,train,5,1.968625,16000,1,PCM_16
4607,train,3,1.93925,16000,1,PCM_16
4608,test,-1,2.969625,16000,1,PCM_16
4609,train,4,2.2021875,16000,1,PCM_16
4610,train,4,2.409125,16000,1,PCM_16
4611,train,3,2.035375,16000,1,PCM_16
4612,train,0,2.2755625,16000,1,PCM_16
4613,train,0,1.5534375,16000,1,PCM_16
4614,train,5,1.799125,16000,1,PCM_16
4615,train,0,2.7026875,16000,1,PCM_16
4616,train,0,2.535875,16000,1,PCM_16
4617,test,-1,3.003,16000,1,PCM_16
4618,train,5,2.3023125,16000,1,PCM_16
4619,test,-1,2.7360625,16000,1,PCM_16
4620,train,0,3.036375,16000,1,PCM_16
4621,train,4,2.7026875,16000,1,PCM_16
4622,train,2,2.43575,16000,1,PCM_16
4623,train,0,2.1688125,16000,1,PCM_16
4624,train,4,2.5080625,16000,1,PCM_16
4625,test,-1,3.1365,16000,1,PCM_16
4626,train,5,2.469125,16000,1,PCM_16
4627,train,5,3.403375,16000,1,PCM_16
4628,train,0,2.102125,16000,1,PCM_16
4629,train,1,2.002,16000,1,PCM_16
4630,train,3,2.1354375,16000,1,PCM_16
4631,test,-1,2.93625,16000,1,PCM_16
4632,train,2,2.4031875,16000,1,PCM_16
4633,test,-1,2.535875,16000,1,PCM_16
4634,train,2,2.8695,16000,1,PCM_16
4635,test,-1,2.43575,16000,1,PCM_16
4636,train,1,2.035375,16000,1,PCM_16
4637,train,4,2.4,16000,1,PCM_16
4638,train,1,2.6359375,16000,1,PCM_16
4639,test,-1,4.971625,16000,1,PCM_16
4640,train,4,2.6094375,16000,1,PCM_16
4641,train,0,2.469125,16000,1,PCM_16
4642,test,-1,2.1688125,16000,1,PCM_16
4643,train,4,2.7694375,16000,1,PCM_16
4644,train,5,1.8955,16000,1,PCM_16
4645,train,2,2.050125,16000,1,PCM_16
4646,test,-1,3.536875,16000,1,PCM_16
4647,train,1,2.3356875,16000,1,PCM_16
4648,train,4,3.036375,16000,1,PCM_16
4649,train,2,2.535875,16000,1,PCM_16
4650,train,5,2.102125,16000,1,PCM_16
4651,train,2,2.231375,16000,1,PCM_16
4652,train,4,2.6091875,16000,1,PCM_16
4653,train,2,2.34825,16000,1,PCM_16
4654,train,1,2.2021875,16000,1,PCM_16
4655,train,1,2.602625,16000,1,PCM_16
4656,test,-1,2.5025,16000,1,PCM_16
4657,test,-1,2.2689375,16000,1,PCM_16
4658,train,5,1.9368125,16000,1,PCM_16
4659,train,3,1.7684375,16000,1,PCM_16
4660,train,5,2.469125,16000,1,PCM_16
4661,train,2,2.3690625,16000,1,PCM_16
4662,test,-1,3.57025,16000,1,PCM_16
4663,train,1,1.8351875,16000,1,PCM_16
4664,train,2,2.8361875,16000,1,PCM_16
4665,train,2,2.6693125,16000,1,PCM_16
4666,train,1,1.9770625,16000,1,PCM_16
4667,train,0,2.6359375,16000,1,PCM_16
4668,train,2,1.8018125,16000,1,PCM_16
4669,train,5,2.8361875,16000,1,PCM_16
4670,train,5,3.2699375,16000,1,PCM_16
4671,train,1,2.8028125,16000,1,PCM_16
4672,train,0,3.57025,16000,1,PCM_16
4673,train,3,2.43575,16000,1,PCM_16
4674,train,5,2.3356875,16000,1,PCM_16
4675,train,4,2.369,16000,1,PCM_16
4676,train,5,2.2021875,16000,1,PCM_16
4677,train,2,2.469125,16000,1,PCM_16
4678,test,-1,4.104125,16000,1,PCM_16
4679,train,4,2.2355625,16000,1,PCM_16
4680,train,1,2.2689375,16000,1,PCM_16
4681,train,2,2.688875,16000,1,PCM_16
4682,train,1,2.535875,16000,1,PCM_16
4683,train,0,2.6693125,16000,1,PCM_16
4684,train,5,2.2494375,16000,1,PCM_16
4685,train,2,3.3033125,16000,1,PCM_16
4686,train,1,1.93525,16000,1,PCM_16
4687,test,-1,2.2755625,16000,1,PCM_16
4688,train,5,2.1688125,16000,1,PCM_16
4689,train,5,2.06875,16000,1,PCM_16
4690,train,5,2.1688125,16000,1,PCM_16
4691,train,3,2.1354375,16000,1,PCM_16
4692,train,0,2.145125,16000,1,PCM_16
4693,train,3,2.535875,16000,1,PCM_16
4694,train,2,2.6724375,16000,1,PCM_16
4695,test,-1,2.56925,16000,1,PCM_16
4696,test,-1,2.602625,16000,1,PCM_16
4697,test,-1,2.369,16000,1,PCM_16
4698,test,-1,2.8695,16000,1,PCM_16
4699,train,1,3.103125,16000,1,PCM_16
4700,train,0,2.2021875,16000,1,PCM_16
4701,train,3,1.68225,16000,1,PCM_16
4702,train,4,2.1688125,16000,1,PCM_16
4703,train,4,2.3023125,16000,1,PCM_16
4704,train,0,2.93625,16000,1,PCM_16
4705,test,-1,3.37,16000,1,PCM_16
4706,train,1,2.2021875,16000,1,PCM_16
4707,train,1,1.631,16000,1,PCM_16
4708,train,2,1.9420625,16000,1,PCM_16
4709,train,4,2.1354375,16000,1,PCM_16
4710,test,-1,2.2826875,16000,1,PCM_16
4711,train,5,1.8685,16000,1,PCM_16
4712,train,4,2.438375,16000,1,PCM_16
4713,train,1,2.969625,16000,1,PCM_16
4714,train,4,3.5035,16000,1,PCM_16
4715,train,3,1.8685625,16000,1,PCM_16
4716,test,-1,3.7036875,16000,1,PCM_16
4717,train,5,1.7684375,16000,1,PCM_16
4718,train,0,3.43675,16000,1,PCM_16
4719,train,3,1.7700625,16000,1,PCM_16
4720,test,-1,2.93625,16000,1,PCM_16
4721,train,1,2.1354375,16000,1,PCM_16
4722,test,-1,2.902875,16000,1,PCM_16
4723,train,5,2.2689375,16000,1,PCM_16
4724,train,1,2.469125,16000,1,PCM_16
4725,train,4,2.6359375,16000,1,PCM_16
4726,train,2,2.43575,16000,1,PCM_16
4727,test,-1,2.7026875,16000,1,PCM_16
4728,train,0,2.469125,16000,1,PCM_16
4729,train,0,1.9776875,16000,1,PCM_16
4730,train,0,2.7694375,16000,1,PCM_16
4731,train,2,3.7036875,16000,1,PCM_16
4732,train,5,3.103125,16000,1,PCM_16
4733,test,-1,2.93625,16000,1,PCM_16
4734,train,5,2.402375,16000,1,PCM_16
4735,train,5,2.7360625,16000,1,PCM_16
4736,train,3,3.2365625,16000,1,PCM_16
4737,train,5,1.7016875,16000,1,PCM_16
4738,train,5,2.535875,16000,1,PCM_16
4739,train,0,2.402375,16000,1,PCM_16
4740,train,0,1.8685,16000,1,PCM_16
4741,train,3,1.699125,16000,1,PCM_16
4742,train,3,1.9269375,16000,1,PCM_16
4743,train,2,3.7036875,16000,1,PCM_16
4744,train,2,2.8028125,16000,1,PCM_16
4745,train,0,2.6693125,16000,1,PCM_16
4746,train,0,4.004,16000,1,PCM_16
4747,train,2,2.602625,16000,1,PCM_16
4748,train,1,3.6703125,16000,1,PCM_16
4749,train,3,1.8338125,16000,1,PCM_16
4750,train,5,1.8018125,16000,1,PCM_16
4751,train,4,3.103125,16000,1,PCM_16
4752,train,0,3.536875,16000,1,PCM_16
4753,train,0,1.6835625,16000,1,PCM_16
4754,train,1,2.0879375,16000,1,PCM_16
4755,train,0,3.3033125,16000,1,PCM_16
4756,train,2,2.902875,16000,1,PCM_16
4757,train,0,2.56925,16000,1,PCM_16
4758,train,0,1.64925,16000,1,PCM_16
4759,train,3,1.7684375,16000,1,PCM_16
4760,train,3,2.535875,16000,1,PCM_16
4761,train,4,2.902875,16000,1,PCM_16
4762,train,4,2.402375,16000,1,PCM_16
4763,train,3,1.6019375,16000,1,PCM_16
4764,train,2,2.3361875,16000,1,PCM_16
4765,test,-1,1.8018125,16000,1,PCM_16
4766,train,2,2.43575,16000,1,PCM_16
4767,train,5,1.967875,16000,1,PCM_16
4768,train,4,3.7036875,16000,1,PCM_16
4769,train,0,4.07075,16000,1,PCM_16
4770,train,3,2.8361875,16000,1,PCM_16
4771,train,5,2.402375,16000,1,PCM_16
4772,train,3,3.43675,16000,1,PCM_16
4773,train,1,1.874875,16000,1,PCM_16
4774,train,4,2.646125,16000,1,PCM_16
4775,test,-1,2.7694375,16000,1,PCM_16
4776,test,-1,1.6683125,16000,1,PCM_16
4777,train,1,2.1688125,16000,1,PCM_16
4778,train,3,2.5025,16000,1,PCM_16
4779,test,-1,2.2021875,16000,1,PCM_16
4780,train,5,2.43575,16000,1,PCM_16
4781,train,0,1.9901875,16000,1,PCM_16
4782,train,3,2.102125,16000,1,PCM_16
4783,train,3,1.5783125,16000,1,PCM_16
4784,train,2,2.2775,16000,1,PCM_16
4785,train,2,2.102125,16000,1,PCM_16
4786,train,5,1.93525,16000,1,PCM_16
4787,train,0,2.902875,16000,1,PCM_16
4788,train,1,2.535875,16000,1,PCM_16
4789,train,0,2.002,16000,1,PCM_16
4790,train,3,1.7014375,16000,1,PCM_16
4791,train,4,3.103125,16000,1,PCM_16
4792,train,0,2.93625,16000,1,PCM_16
4793,train,0,1.675125,16000,1,PCM_16
4794,train,1,1.7684375,16000,1,PCM_16
4795,train,4,2.612625,16000,1,PCM_16
4796,train,1,2.7694375,16000,1,PCM_16
4797,train,1,3.57025,16000,1,PCM_16
4798,train,3,1.5765,16000,1,PCM_16
4799,test,-1,2.902875,16000,1,PCM_16
4800,train,0,2.602625,16000,1,PCM_16
4801,train,4,2.969625,16000,1,PCM_16
4802,train,0,3.036375,16000,1,PCM_16
4803,train,3,2.1688125,16000,1,PCM_16
4804,test,-1,2.1688125,16000,1,PCM_16
4805,train,5,3.2699375,16000,1,PCM_16
4806,train,5,2.102125,16000,1,PCM_16
4807,train,2,2.1908125,16000,1,PCM_16
4808,train,0,2.8028125,16000,1,PCM_16
4809,train,0,1.5923125,16000,1,PCM_16
4810,train,1,2.0920625,16000,1,PCM_16
4811,train,5,2.2755625,16000,1,PCM_16
4812,train,3,1.709125,16000,1,PCM_16
4813,train,3,1.901875,16000,1,PCM_16
4814,train,3,2.602625,16000,1,PCM_16
4815,train,5,3.003,16000,1,PCM_16
4816,train,3,1.56575,16000,1,PCM_16
4817,train,0,2.2689375,16000,1,PCM_16
4818,train,3,1.968625,16000,1,PCM_16
4819,test,-1,1.93525,16000,1,PCM_16
4820,train,0,2.8695,16000,1,PCM_16
4821,train,2,2.6359375,16000,1,PCM_16
4822,train,3,1.6241875,16000,1,PCM_16
4823,test,-1,2.902875,16000,1,PCM_16
4824,train,0,2.1354375,16000,1,PCM_16
4825,train,3,3.43675,16000,1,PCM_16
4826,train,4,3.903875,16000,1,PCM_16
4827,train,1,3.3366875,16000,1,PCM_16
4828,test,-1,2.6693125,16000,1,PCM_16
4829,train,4,2.6359375,16000,1,PCM_16
4830,train,5,1.968625,16000,1,PCM_16
4831,train,4,4.004,16000,1,PCM_16
4832,train,3,2.43575,16000,1,PCM_16
4833,test,-1,3.2031875,16000,1,PCM_16
4834,train,4,2.5179375,16000,1,PCM_16
4835,train,2,2.218875,16000,1,PCM_16
4836,train,1,2.0836875,16000,1,PCM_16
4837,train,3,2.002,16000,1,PCM_16
4838,train,1,1.7684375,16000,1,PCM_16
4839,train,5,2.6693125,16000,1,PCM_16
4840,train,2,2.3493125,16000,1,PCM_16
4841,train,1,2.1354375,16000,1,PCM_16
4842,train,1,2.3023125,16000,1,PCM_16
4843,train,1,1.82575,16000,1,PCM_16
4844,train,0,2.535875,16000,1,PCM_16
4845,train,4,2.469125,16000,1,PCM_16
4846,train,4,2.3023125,16000,1,PCM_16
4847,train,2,2.7514375,16000,1,PCM_16
4848,train,4,2.663,16000,1,PCM_16
4849,train,0,2.2514375,16000,1,PCM_16
4850,train,5,1.901875,16000,1,PCM_16
4851,train,0,3.603625,16000,1,PCM_16
4852,test,-1,2.2355625,16000,1,PCM_16
4853,train,2,2.035375,16000,1,PCM_16
4854,train,1,1.874125,16000,1,PCM_16
4855,train,2,2.5969375,16000,1,PCM_16
4856,train,1,3.036375,16000,1,PCM_16
4857,train,4,2.5879375,16000,1,PCM_16
4858,train,0,2.06875,16000,1,PCM_16
4859,test,-1,1.968625,16000,1,PCM_16
4860,train,5,3.8371875,16000,1,PCM_16
4861,train,4,3.403375,16000,1,PCM_16
4862,train,4,3.37,16000,1,PCM_16
4863,train,0,2.1688125,16000,1,PCM_16
4864,train,2,2.5025,16000,1,PCM_16
4865,train,1,2.00125,16000,1,PCM_16
4866,train,0,2.402375,16000,1,PCM_16
4867,train,2,2.002,16000,1,PCM_16
4868,train,4,4.7714375,16000,1,PCM_16
4869,train,5,2.469125,16000,1,PCM_16
4870,train,3,2.035375,16000,1,PCM_16
4871,train,5,1.8841875,16000,1,PCM_16
4872,train,1,1.921125,16000,1,PCM_16
4873,train,4,3.7704375,16000,1,PCM_16
4874,train,2,4.2375625,16000,1,PCM_16
4875,train,5,2.7360625,16000,1,PCM_16
4876,train,2,2.2021875,16000,1,PCM_16
4877,train,2,2.6359375,16000,1,PCM_16
4878,train,0,2.1354375,16000,1,PCM_16
4879,train,2,3.37,16000,1,PCM_16
4880,train,4,2.3023125,16000,1,PCM_16
4881,train,5,2.6359375,16000,1,PCM_16
4882,train,3,1.6448125,16000,1,PCM_16
4883,train,2,2.5025,16000,1,PCM_16
4884,train,1,1.9789375,16000,1,PCM_16
4885,train,2,3.1364375,16000,1,PCM_16
4886,train,5,2.369,16000,1,PCM_16
4887,train,4,2.8028125,16000,1,PCM_16
4888,train,2,3.43675,16000,1,PCM_16
4889,train,3,1.5735,16000,1,PCM_16
4890,train,3,3.3033125,16000,1,PCM_16
4891,train,3,2.6359375,16000,1,PCM_16
4892,train,2,2.364125,16000,1,PCM_16
4893,test,-1,3.5035,16000,1,PCM_16
4894,train,1,1.7684375,16000,1,PCM_16
4895,train,2,2.002,16000,1,PCM_16
4896,train,3,2.93625,16000,1,PCM_16
4897,train,0,2.6359375,16000,1,PCM_16
4898,test,-1,2.7360625,16000,1,PCM_16
4899,train,0,2.6359375,16000,1,PCM_16
4900,train,0,2.1760625,16000,1,PCM_16
4901,train,1,2.0538125,16000,1,PCM_16
4902,test,-1,2.902875,16000,1,PCM_16
4903,train,5,2.6359375,16000,1,PCM_16
4904,train,1,1.820375,16000,1,PCM_16
4905,train,3,2.56925,16000,1,PCM_16
4906,train,2,2.102125,16000,1,PCM_16
4907,train,3,1.9256875,16000,1,PCM_16
4908,train,2,2.5243125,16000,1,PCM_16
4909,train,5,3.6703125,16000,1,PCM_16
4910,train,0,2.05075,16000,1,PCM_16
4911,train,0,2.535875,16000,1,PCM_16
4912,test,-1,3.2031875,16000,1,PCM_16
4913,train,3,1.716125,16000,1,PCM_16
4914,test,-1,2.402375,16000,1,PCM_16
4915,test,-1,2.002,16000,1,PCM_16
4916,test,-1,3.2365625,16000,1,PCM_16
4917,test,-1,4.471125,16000,1,PCM_16
4918,train,5,2.3356875,16000,1,PCM_16
4919,train,3,3.470125,16000,1,PCM_16
4920,train,5,1.6349375,16000,1,PCM_16
4921,train,3,2.43575,16000,1,PCM_16
4922,train,0,2.969625,16000,1,PCM_16
4923,test,-1,2.2689375,16000,1,PCM_16
4924,train,3,3.5035,16000,1,PCM_16
4925,train,3,2.102125,16000,1,PCM_16
4926,train,3,1.84675,16000,1,PCM_16
4927,train,3,2.7026875,16000,1,PCM_16
4928,train,5,2.15925,16000,1,PCM_16
4929,train,2,2.8361875,16000,1,PCM_16
4930,train,0,2.124,16000,1,PCM_16
4931,train,1,2.08125,16000,1,PCM_16
4932,train,1,2.3690625,16000,1,PCM_16
4933,train,5,1.8018125,16000,1,PCM_16
4934,train,1,2.3356875,16000,1,PCM_16
4935,train,1,2.2021875,16000,1,PCM_16
4936,train,0,2.1456875,16000,1,PCM_16
4937,test,-1,2.035375,16000,1,PCM_16
4938,train,5,2.094625,16000,1,PCM_16
4939,test,-1,3.2031875,16000,1,PCM_16
4940,train,3,1.8018125,16000,1,PCM_16
4941,train,1,2.072125,16000,1,PCM_16
4942,train,1,1.8660625,16000,1,PCM_16
4943,train,4,2.102125,16000,1,PCM_16
4944,train,0,2.6359375,16000,1,PCM_16
4945,test,-1,2.8028125,16000,1,PCM_16
4946,train,5,3.603625,16000,1,PCM_16
4947,train,5,2.2689375,16000,1,PCM_16
4948,test,-1,3.3033125,16000,1,PCM_16
4949,train,4,2.42175,16000,1,PCM_16
4950,train,3,2.8695625,16000,1,PCM_16
4951,test,-1,1.8685,16000,1,PCM_16
4952,train,3,1.5065625,16000,1,PCM_16
4953,train,5,2.56925,16000,1,PCM_16
4954,train,0,1.6311875,16000,1,PCM_16
4955,train,3,2.7026875,16000,1,PCM_16
4956,train,3,2.2755625,16000,1,PCM_16
4957,train,1,1.9826875,16000,1,PCM_16
4958,train,2,2.535875,16000,1,PCM_16
4959,train,2,3.1698125,16000,1,PCM_16
4960,train,1,2.1688125,16000,1,PCM_16
4961,train,1,1.8351875,16000,1,PCM_16
4962,test,-1,2.56925,16000,1,PCM_16
4963,train,4,2.2755625,16000,1,PCM_16
4964,test,-1,3.903875,16000,1,PCM_16
4965,train,3,2.3356875,16000,1,PCM_16
4966,train,3,2.43575,16000,1,PCM_16
4967,train,0,2.6693125,16000,1,PCM_16
4968,train,1,1.968625,16000,1,PCM_16
4969,test,-1,2.7360625,16000,1,PCM_16
4970,train,0,2.134125,16000,1,PCM_16
4971,test,-1,2.7026875,16000,1,PCM_16
4972,train,4,2.6359375,16000,1,PCM_16
4973,test,-1,2.602625,16000,1,PCM_16
4974,train,3,3.06975,16000,1,PCM_16
4975,train,2,3.603625,16000,1,PCM_16
4976,train,5,2.102125,16000,1,PCM_16
4977,test,-1,2.369,16000,1,PCM_16
4978,train,1,2.1070625,16000,1,PCM_16
4979,train,4,2.2669375,16000,1,PCM_16
4980,train,3,2.1354375,16000,1,PCM_16
4981,train,5,2.8695,16000,1,PCM_16
4982,train,3,1.897875,16000,1,PCM_16
4983,train,1,2.06875,16000,1,PCM_16
4984,train,5,2.1915,16000,1,PCM_16
4985,train,3,2.5025,16000,1,PCM_16
4986,train,2,2.43575,16000,1,PCM_16
4987,train,3,1.5729375,16000,1,PCM_16
4988,train,3,2.7360625,16000,1,PCM_16
4989,train,2,2.43575,16000,1,PCM_16
4990,train,2,2.06875,16000,1,PCM_16
4991,train,2,2.2689375,16000,1,PCM_16
4992,test,-1,2.43575,16000,1,PCM_16
4993,train,4,2.93625,16000,1,PCM_16
4994,train,4,2.5560625,16000,1,PCM_16
4995,train,3,2.1354375,16000,1,PCM_16
4996,train,1,2.3023125,16000,1,PCM_16
4997,train,2,2.6359375,16000,1,PCM_16
4998,train,3,1.6085625,16000,1,PCM_16
4999,test,-1,1.901875,16000,1,PCM_16
5000,train,0,1.8351875,16000,1,PCM_16
5001,train,0,3.8705,16000,1,PCM_16
5002,test,-1,3.603625,16000,1,PCM_16
5003,train,1,2.8361875,16000,1,PCM_16
5004,test,-1,2.7694375,16000,1,PCM_16
5005,test,-1,2.6359375,16000,1,PCM_16
5006,train,2,2.2021875,16000,1,PCM_16
5007,train,1,1.8018125,16000,1,PCM_16
5008,test,-1,2.7360625,16000,1,PCM_16
5009,train,0,2.06875,16000,1,PCM_16
5010,test,-1,3.2365625,16000,1,PCM_16
5011,test,-1,2.102125,16000,1,PCM_16
5012,train,3,1.7034375,16000,1,PCM_16
5013,train,5,2.05275,16000,1,PCM_16
5014,train,2,2.2130625,16000,1,PCM_16
5015,train,3,1.7299375,16000,1,PCM_16
5016,train,0,3.7370625,16000,1,PCM_16
5017,test,-1,3.37,16000,1,PCM_16
5018,train,1,2.7026875,16000,1,PCM_16
5019,train,2,2.7026875,16000,1,PCM_16
5020,train,0,1.592125,16000,1,PCM_16
5021,train,3,2.3690625,16000,1,PCM_16
5022,train,3,3.2365625,16000,1,PCM_16
5023,train,0,1.968625,16000,1,PCM_16
5024,train,3,3.470125,16000,1,PCM_16
5025,train,1,3.3033125,16000,1,PCM_16
5026,train,0,1.9763125,16000,1,PCM_16
5027,train,2,3.43675,16000,1,PCM_16
5028,train,1,3.470125,16000,1,PCM_16
5029,train,1,2.0868125,16000,1,PCM_16
5030,train,2,2.602625,16000,1,PCM_16
5031,train,2,2.2633125,16000,1,PCM_16
5032,train,3,1.901875,16000,1,PCM_16
5033,train,2,3.7036875,16000,1,PCM_16
5034,train,1,1.901875,16000,1,PCM_16
5035,train,1,1.8351875,16000,1,PCM_16
5036,train,0,2.2568125,16000,1,PCM_16
5037,train,3,2.1354375,16000,1,PCM_16
5038,train,0,1.4898125,16000,1,PCM_16
5039,train,0,2.035375,16000,1,PCM_16
5040,train,5,1.8691875,16000,1,PCM_16
5041,train,2,1.8018125,16000,1,PCM_16
5042,test,-1,3.2365625,16000,1,PCM_16
5043,test,-1,3.8038125,16000,1,PCM_16
5044,train,3,2.06875,16000,1,PCM_16
5045,train,1,3.2365625,16000,1,PCM_16
5046,train,3,2.8361875,16000,1,PCM_16
5047,train,4,2.56925,16000,1,PCM_16
5048,train,0,2.3023125,16000,1,PCM_16
5049,train,3,2.3356875,16000,1,PCM_16
5050,train,2,2.1404375,16000,1,PCM_16
5051,train,3,2.7694375,16000,1,PCM_16
5052,train,5,2.2689375,16000,1,PCM_16
5053,train,0,3.103125,16000,1,PCM_16
5054,train,5,1.8790625,16000,1,PCM_16
5055,train,2,2.2120625,16000,1,PCM_16
5056,train,0,2.3356875,16000,1,PCM_16
5057,train,4,3.06975,16000,1,PCM_16
5058,test,-1,3.103125,16000,1,PCM_16
5059,train,0,2.5025,16000,1,PCM_16
5060,test,-1,3.036375,16000,1,PCM_16
5061,train,0,2.1688125,16000,1,PCM_16
5062,train,4,2.8695,16000,1,PCM_16
5063,train,2,2.402375,16000,1,PCM_16
5064,train,3,2.8028125,16000,1,PCM_16
5065,train,0,2.369,16000,1,PCM_16
5066,train,2,3.6369375,16000,1,PCM_16
5067,test,-1,3.470125,16000,1,PCM_16
5068,train,4,2.535875,16000,1,PCM_16
5069,train,2,2.535875,16000,1,PCM_16
5070,train,4,2.8695,16000,1,PCM_16
5071,train,1,2.2689375,16000,1,PCM_16
5072,train,3,1.901875,16000,1,PCM_16
5073,train,1,2.06875,16000,1,PCM_16
5074,train,4,2.3885625,16000,1,PCM_16
5075,test,-1,2.469125,16000,1,PCM_16
5076,train,1,2.602625,16000,1,PCM_16
5077,train,1,3.8371875,16000,1,PCM_16
5078,train,1,2.2826875,16000,1,PCM_16
5079,train,2,3.43675,16000,1,PCM_16
5080,train,1,2.2355625,16000,1,PCM_16
5081,train,1,2.3023125,16000,1,PCM_16
5082,train,4,2.369,16000,1,PCM_16
5083,train,5,2.969625,16000,1,PCM_16
5084,train,3,1.724,16000,1,PCM_16
5085,train,4,2.2826875,16000,1,PCM_16
5086,train,4,2.3873125,16000,1,PCM_16
5087,train,3,1.5175625,16000,1,PCM_16
5088,test,-1,2.6693125,16000,1,PCM_16
5089,train,3,3.43675,16000,1,PCM_16
5090,train,1,2.0216875,16000,1,PCM_16
5091,train,5,2.3356875,16000,1,PCM_16
5092,train,1,2.93625,16000,1,PCM_16
5093,train,3,1.668625,16000,1,PCM_16
5094,train,2,2.402375,16000,1,PCM_16
5095,train,2,1.8018125,16000,1,PCM_16
5096,train,5,2.0870625,16000,1,PCM_16
5097,train,1,1.816875,16000,1,PCM_16
5098,train,0,2.602625,16000,1,PCM_16
5099,train,4,2.509125,16000,1,PCM_16
5100,train,1,1.901875,16000,1,PCM_16
5101,train,5,2.1288125,16000,1,PCM_16
5102,train,1,1.9536875,16000,1,PCM_16
5103,train,2,2.33925,16000,1,PCM_16
5104,test,-1,2.1688125,16000,1,PCM_16
5105,train,0,2.3023125,16000,1,PCM_16
5106,train,0,4.3376875,16000,1,PCM_16
5107,train,5,2.402375,16000,1,PCM_16
5108,train,5,1.9785,16000,1,PCM_16
5109,test,-1,1.8018125,16000,1,PCM_16
5110,train,1,2.5025,16000,1,PCM_16
5111,test,-1,4.1708125,16000,1,PCM_16
5112,test,-1,2.56925,16000,1,PCM_16
5113,train,1,2.002,16000,1,PCM_16
5114,train,2,1.968625,16000,1,PCM_16
5115,train,2,2.2076875,16000,1,PCM_16
5116,train,1,2.2689375,16000,1,PCM_16
5117,train,1,2.06875,16000,1,PCM_16
5118,train,4,4.2041875,16000,1,PCM_16
5119,test,-1,2.5025,16000,1,PCM_16
5120,train,4,2.902875,16000,1,PCM_16
5121,train,1,2.2178125,16000,1,PCM_16
5122,train,1,3.06975,16000,1,PCM_16
5123,train,1,3.603625,16000,1,PCM_16
5124,train,5,1.93975,16000,1,PCM_16
5125,test,-1,2.6359375,16000,1,PCM_16
5126,train,4,2.592375,16000,1,PCM_16
5127,train,4,3.5035,16000,1,PCM_16
5128,train,2,2.2689375,16000,1,PCM_16
5129,train,4,3.93725,16000,1,PCM_16
5130,test,-1,2.969625,16000,1,PCM_16
5131,test,-1,3.1698125,16000,1,PCM_16
5132,test,-1,2.102125,16000,1,PCM_16
5133,train,0,2.402375,16000,1,PCM_16
5134,test,-1,3.6703125,16000,1,PCM_16
5135,train,4,3.2365625,16000,1,PCM_16
5136,train,5,2.402375,16000,1,PCM_16
5137,test,-1,3.536875,16000,1,PCM_16
5138,train,3,2.0614375,16000,1,PCM_16
5139,train,3,1.6280625,16000,1,PCM_16
5140,train,5,2.5025,16000,1,PCM_16
5141,train,0,2.2149375,16000,1,PCM_16
5142,train,4,2.2689375,16000,1,PCM_16
5143,train,2,2.6359375,16000,1,PCM_16
5144,train,2,5.005,16000,1,PCM_16
5145,train,4,2.317625,16000,1,PCM_16
5146,test,-1,2.2755625,16000,1,PCM_16
5147,train,5,2.7026875,16000,1,PCM_16
5148,train,0,1.968625,16000,1,PCM_16
5149,test,-1,2.2355625,16000,1,PCM_16
5150,train,2,2.402375,16000,1,PCM_16
5151,test,-1,3.470125,16000,1,PCM_16
5152,train,4,2.469125,16000,1,PCM_16
5153,train,4,2.002,16000,1,PCM_16
5154,train,5,2.602625,16000,1,PCM_16
5155,train,4,4.2375625,16000,1,PCM_16
5156,train,2,3.036375,16000,1,PCM_16
5157,train,3,2.3356875,16000,1,PCM_16
5158,test,-1,2.3023125,16000,1,PCM_16
5159,test,-1,3.06975,16000,1,PCM_16
5160,train,5,2.1568125,16000,1,PCM_16
5161,test,-1,2.535875,16000,1,PCM_16
5162,train,1,2.402375,16000,1,PCM_16
5163,test,-1,1.7684375,16000,1,PCM_16
5164,train,3,2.7360625,16000,1,PCM_16
5165,train,3,2.3356875,16000,1,PCM_16
5166,train,1,1.901875,16000,1,PCM_16
5167,train,0,2.469125,16000,1,PCM_16
5168,train,0,3.3033125,16000,1,PCM_16
5169,train,2,2.56925,16000,1,PCM_16
5170,train,0,3.6703125,16000,1,PCM_16
5171,train,5,3.3033125,16000,1,PCM_16
5172,train,4,2.49525,16000,1,PCM_16
5173,train,0,1.888625,16000,1,PCM_16
5174,train,5,2.1021875,16000,1,PCM_16
5175,train,4,3.2365625,16000,1,PCM_16
5176,train,3,3.5035,16000,1,PCM_16
5177,train,1,2.3023125,16000,1,PCM_16
5178,train,2,3.7036875,16000,1,PCM_16
5179,train,3,2.1354375,16000,1,PCM_16
5180,test,-1,2.7360625,16000,1,PCM_16
5181,train,3,2.2021875,16000,1,PCM_16
5182,train,1,2.06875,16000,1,PCM_16
5183,train,3,1.54225,16000,1,PCM_16
5184,test,-1,2.2755625,16000,1,PCM_16
5185,test,-1,4.471125,16000,1,PCM_16
5186,train,2,2.1354375,16000,1,PCM_16
5187,train,2,2.969625,16000,1,PCM_16
5188,test,-1,2.469125,16000,1,PCM_16
5189,train,4,2.2689375,16000,1,PCM_16
5190,train,5,1.8351875,16000,1,PCM_16
5191,train,0,2.369,16000,1,PCM_16
5192,train,4,2.43575,16000,1,PCM_16
5193,train,5,2.202,16000,1,PCM_16
5194,test,-1,3.536875,16000,1,PCM_16
5195,train,5,2.035375,16000,1,PCM_16
5196,train,1,2.178875,16000,1,PCM_16
5197,train,5,2.2755625,16000,1,PCM_16
5198,train,2,3.06975,16000,1,PCM_16
5199,train,3,2.2689375,16000,1,PCM_16
5200,train,1,2.969625,16000,1,PCM_16
5201,train,5,2.3356875,16000,1,PCM_16
5202,test,-1,2.102125,16000,1,PCM_16
5203,train,5,2.7694375,16000,1,PCM_16
5204,test,-1,2.2021875,16000,1,PCM_16
5205,train,5,2.602625,16000,1,PCM_16
5206,train,2,3.7704375,16000,1,PCM_16
5207,train,1,3.2031875,16000,1,PCM_16
5208,train,3,2.2689375,16000,1,PCM_16
5209,train,2,2.4616875,16000,1,PCM_16
5210,train,2,3.8371875,16000,1,PCM_16
5211,train,1,2.0115625,16000,1,PCM_16
5212,train,4,1.901875,16000,1,PCM_16
5213,train,4,2.349375,16000,1,PCM_16
5214,train,2,1.8685,16000,1,PCM_16
5215,train,5,2.902875,16000,1,PCM_16
5216,test,-1,2.5025,16000,1,PCM_16
5217,train,0,2.469125,16000,1,PCM_16
5218,train,4,2.2355625,16000,1,PCM_16
5219,train,2,2.5368125,16000,1,PCM_16
5220,test,-1,2.7026875,16000,1,PCM_16
5221,train,1,3.2699375,16000,1,PCM_16
5222,train,0,2.065,16000,1,PCM_16
5223,train,5,2.8361875,16000,1,PCM_16
5224,train,3,2.43575,16000,1,PCM_16
5225,train,0,3.603625,16000,1,PCM_16
5226,train,2,2.285875,16000,1,PCM_16
5227,train,3,2.2355625,16000,1,PCM_16
5228,train,4,3.470125,16000,1,PCM_16
5229,train,1,2.969625,16000,1,PCM_16
5230,train,2,2.3971875,16000,1,PCM_16
5231,test,-1,2.2755625,16000,1,PCM_16
5232,train,2,3.403375,16000,1,PCM_16
5233,train,3,2.6693125,16000,1,PCM_16
5234,train,2,2.3023125,16000,1,PCM_16
5235,train,3,1.631375,16000,1,PCM_16
5236,train,0,2.2689375,16000,1,PCM_16
5237,train,2,2.102125,16000,1,PCM_16
5238,train,3,3.5035,16000,1,PCM_16
5239,train,4,2.53125,16000,1,PCM_16
5240,train,5,2.8361875,16000,1,PCM_16
5241,test,-1,2.3356875,16000,1,PCM_16
5242,train,3,3.2031875,16000,1,PCM_16
5243,train,5,1.993875,16000,1,PCM_16
5244,train,3,3.536875,16000,1,PCM_16
5245,train,3,2.1354375,16000,1,PCM_16
5246,train,3,1.8018125,16000,1,PCM_16
5247,train,1,2.19575,16000,1,PCM_16
5248,train,5,2.402375,16000,1,PCM_16
5249,train,3,2.2755625,16000,1,PCM_16
5250,train,0,2.6693125,16000,1,PCM_16
5251,test,-1,2.93625,16000,1,PCM_16
5252,train,2,2.5025,16000,1,PCM_16
5253,train,4,2.2689375,16000,1,PCM_16
5254,train,1,1.7016875,16000,1,PCM_16
5255,train,5,2.1065625,16000,1,PCM_16
5256,train,5,2.7026875,16000,1,PCM_16
5257,train,0,2.2355625,16000,1,PCM_16
5258,train,2,3.57025,16000,1,PCM_16
5259,train,2,2.675625,16000,1,PCM_16
5260,train,4,3.103125,16000,1,PCM_16
5261,train,5,2.01625,16000,1,PCM_16
5262,train,1,2.3356875,16000,1,PCM_16
5263,train,5,2.18575,16000,1,PCM_16
5264,train,3,2.535875,16000,1,PCM_16
5265,train,2,2.4086875,16000,1,PCM_16
5266,train,0,2.7694375,16000,1,PCM_16
5267,train,2,2.6359375,16000,1,PCM_16
5268,test,-1,2.602625,16000,1,PCM_16
5269,train,4,2.102125,16000,1,PCM_16
5270,train,5,2.5025,16000,1,PCM_16
5271,train,5,2.035375,16000,1,PCM_16
5272,train,0,2.602625,16000,1,PCM_16
5273,train,5,2.7360625,16000,1,PCM_16
5274,train,0,1.9496875,16000,1,PCM_16
5275,train,2,3.3033125,16000,1,PCM_16
5276,train,3,3.1364375,16000,1,PCM_16
5277,train,1,2.3023125,16000,1,PCM_16
5278,train,4,2.550125,16000,1,PCM_16
5279,train,4,2.469125,16000,1,PCM_16
5280,train,4,2.1688125,16000,1,PCM_16
5281,train,0,2.2823125,16000,1,PCM_16
5282,train,5,2.1354375,16000,1,PCM_16
5283,train,2,2.002,16000,1,PCM_16
5284,train,5,1.8685625,16000,1,PCM_16
5285,train,4,2.93625,16000,1,PCM_16
5286,train,5,2.0245625,16000,1,PCM_16
5287,train,5,2.5025,16000,1,PCM_16
5288,train,3,1.8685,16000,1,PCM_16
5289,train,3,2.469125,16000,1,PCM_16
5290,train,2,2.34175,16000,1,PCM_16
5291,train,5,2.01975,16000,1,PCM_16
5292,train,1,2.7360625,16000,1,PCM_16
5293,train,1,2.2755625,16000,1,PCM_16
5294,train,4,2.2755625,16000,1,PCM_16
5295,train,2,2.2021875,16000,1,PCM_16
5296,train,3,3.7370625,16000,1,PCM_16
5297,test,-1,2.56925,16000,1,PCM_16
5298,train,2,2.322625,16000,1,PCM_16
5299,test,-1,3.1698125,16000,1,PCM_16
5300,test,-1,2.902875,16000,1,PCM_16
5301,train,4,2.002,16000,1,PCM_16
5302,test,-1,4.537875,16000,1,PCM_16
5303,train,1,2.09775,16000,1,PCM_16
5304,train,0,2.6359375,16000,1,PCM_16
5305,train,4,3.536875,16000,1,PCM_16
5306,train,4,2.7026875,16000,1,PCM_16
5307,train,0,2.1354375,16000,1,PCM_16
5308,train,0,1.6950625,16000,1,PCM_16
5309,train,2,2.2021875,16000,1,PCM_16
5310,train,1,2.102125,16000,1,PCM_16
5311,train,3,1.7718125,16000,1,PCM_16
5312,train,3,3.43675,16000,1,PCM_16
5313,test,-1,3.003,16000,1,PCM_16
5314,train,5,2.035375,16000,1,PCM_16
5315,train,2,3.7370625,16000,1,PCM_16
5316,train,4,2.402375,16000,1,PCM_16
5317,train,5,2.3690625,16000,1,PCM_16
5318,train,4,2.6359375,16000,1,PCM_16
5319,test,-1,2.8695,16000,1,PCM_16
5320,train,0,3.06975,16000,1,PCM_16
5321,test,-1,2.402375,16000,1,PCM_16
5322,train,5,2.3356875,16000,1,PCM_16
5323,train,5,1.9424375,16000,1,PCM_16
5324,train,4,3.8038125,16000,1,PCM_16
5325,test,-1,3.1364375,16000,1,PCM_16
5326,train,5,2.402375,16000,1,PCM_16
5327,train,0,2.6693125,16000,1,PCM_16
5328,test,-1,2.7694375,16000,1,PCM_16
5329,train,4,3.6703125,16000,1,PCM_16
5330,train,5,2.06875,16000,1,PCM_16
5331,test,-1,2.3356875,16000,1,PCM_16
5332,train,1,2.369,16000,1,PCM_16
5333,train,5,2.13025,16000,1,PCM_16
5334,train,3,1.87425,16000,1,PCM_16
5335,train,5,2.56925,16000,1,PCM_16
5336,test,-1,2.402375,16000,1,PCM_16
5337,train,2,2.2826875,16000,1,PCM_16
5338,test,-1,2.535875,16000,1,PCM_16
5339,train,3,2.2826875,16000,1,PCM_16
5340,train,1,2.2689375,16000,1,PCM_16
5341,train,3,2.969625,16000,1,PCM_16
5342,train,5,2.56925,16000,1,PCM_16
5343,train,1,2.3356875,16000,1,PCM_16
5344,train,2,2.93625,16000,1,PCM_16
5345,test,-1,2.969625,16000,1,PCM_16
5346,train,1,2.035375,16000,1,PCM_16
5347,train,2,2.562375,16000,1,PCM_16
5348,train,1,3.93725,16000,1,PCM_16
5349,train,3,1.5743125,16000,1,PCM_16
5350,train,2,2.902875,16000,1,PCM_16
5351,test,-1,3.8371875,16000,1,PCM_16
5352,train,3,1.7648125,16000,1,PCM_16
5353,train,5,2.2689375,16000,1,PCM_16
5354,train,5,1.9396875,16000,1,PCM_16
5355,train,0,3.57025,16000,1,PCM_16
5356,train,4,2.969625,16000,1,PCM_16
5357,train,3,1.6424375,16000,1,PCM_16
5358,test,-1,2.002,16000,1,PCM_16
5359,train,1,1.7350625,16000,1,PCM_16
5360,test,-1,3.036375,16000,1,PCM_16
5361,train,3,3.8705625,16000,1,PCM_16
5362,train,3,2.7360625,16000,1,PCM_16
5363,train,1,2.3356875,16000,1,PCM_16
5364,train,4,3.7370625,16000,1,PCM_16
5365,test,-1,2.1354375,16000,1,PCM_16
5366,train,0,3.2031875,16000,1,PCM_16
5367,train,0,2.002,16000,1,PCM_16
5368,train,2,2.902875,16000,1,PCM_16
5369,train,4,3.8371875,16000,1,PCM_16
5370,train,1,1.7016875,16000,1,PCM_16
5371,train,0,4.3710625,16000,1,PCM_16
5372,train,0,2.2021875,16000,1,PCM_16
5373,train,0,1.631375,16000,1,PCM_16
5374,test,-1,2.8361875,16000,1,PCM_16
5375,test,-1,3.470125,16000,1,PCM_16
5376,train,2,2.2826875,16000,1,PCM_16
5377,train,0,2.6693125,16000,1,PCM_16
5378,train,0,4.2709375,16000,1,PCM_16
5379,train,0,2.5025,16000,1,PCM_16
5380,test,-1,3.103125,16000,1,PCM_16
5381,train,0,2.5025,16000,1,PCM_16
5382,train,5,2.2755625,16000,1,PCM_16
5383,train,2,2.602625,16000,1,PCM_16
5384,train,1,2.2826875,16000,1,PCM_16
5385,test,-1,2.8028125,16000,1,PCM_16
5386,train,3,2.902875,16000,1,PCM_16
5387,train,3,2.8695625,16000,1,PCM_16
5388,train,2,2.6359375,16000,1,PCM_16
5389,train,3,1.583875,16000,1,PCM_16
5390,test,-1,2.7026875,16000,1,PCM_16
5391,train,1,1.8738125,16000,1,PCM_16
5392,train,5,2.2021875,16000,1,PCM_16
5393,train,0,3.2365625,16000,1,PCM_16
5394,train,1,1.882875,16000,1,PCM_16
5395,train,4,2.431125,16000,1,PCM_16
5396,train,5,3.103125,16000,1,PCM_16
5397,train,1,2.162,16000,1,PCM_16
5398,test,-1,2.535875,16000,1,PCM_16
5399,train,0,2.1640625,16000,1,PCM_16
5400,train,0,2.3023125,16000,1,PCM_16
5401,train,0,2.535875,16000,1,PCM_16
5402,train,1,2.2415625,16000,1,PCM_16
5403,train,0,2.43575,16000,1,PCM_16
5404,train,3,2.8695625,16000,1,PCM_16
5405,train,4,2.43575,16000,1,PCM_16
5406,train,2,2.658125,16000,1,PCM_16
5407,train,5,2.1570625,16000,1,PCM_16
5408,train,5,1.9835625,16000,1,PCM_16
5409,train,3,2.43575,16000,1,PCM_16
5410,train,3,2.7694375,16000,1,PCM_16
5411,train,1,2.3356875,16000,1,PCM_16
5412,train,1,3.8371875,16000,1,PCM_16
5413,train,3,3.003,16000,1,PCM_16
5414,train,1,2.3023125,16000,1,PCM_16
5415,train,3,2.1688125,16000,1,PCM_16
5416,train,3,1.72125,16000,1,PCM_16
5417,train,5,1.9798125,16000,1,PCM_16
5418,train,0,2.177375,16000,1,PCM_16
5419,train,2,2.6359375,16000,1,PCM_16
5420,train,3,2.06875,16000,1,PCM_16
5421,train,0,3.470125,16000,1,PCM_16
5422,train,1,2.3690625,16000,1,PCM_16
5423,train,4,2.5025,16000,1,PCM_16
5424,train,3,3.7370625,16000,1,PCM_16
5425,train,5,2.1350625,16000,1,PCM_16
5426,train,3,1.4984375,16000,1,PCM_16
5427,train,4,2.369,16000,1,PCM_16
5428,train,1,2.8695,16000,1,PCM_16
5429,train,3,3.43675,16000,1,PCM_16
5430,test,-1,2.2689375,16000,1,PCM_16
5431,train,4,1.968625,16000,1,PCM_16
5432,train,1,2.002,16000,1,PCM_16
5433,train,2,2.346125,16000,1,PCM_16
5434,test,-1,2.7360625,16000,1,PCM_16
5435,train,5,2.102125,16000,1,PCM_16
5436,train,5,2.102125,16000,1,PCM_16
5437,train,3,2.6359375,16000,1,PCM_16
5438,train,3,2.43575,16000,1,PCM_16
5439,train,0,2.402375,16000,1,PCM_16
5440,test,-1,2.43575,16000,1,PCM_16
5441,train,1,2.602625,16000,1,PCM_16
5442,train,4,2.369,16000,1,PCM_16
5443,test,-1,3.1030625,16000,1,PCM_16
5444,train,3,2.002,16000,1,PCM_16
5445,train,3,1.8866875,16000,1,PCM_16
5446,train,1,2.469125,16000,1,PCM_16
5447,train,3,1.8084375,16000,1,PCM_16
5448,train,5,1.8351875,16000,1,PCM_16
5449,train,5,2.06675,16000,1,PCM_16
5450,train,2,3.6703125,16000,1,PCM_16
5451,train,3,2.469125,16000,1,PCM_16
5452,test,-1,3.2365625,16000,1,PCM_16
5453,train,4,2.3305625,16000,1,PCM_16
5454,train,4,2.8695,16000,1,PCM_16
5455,test,-1,1.7684375,16000,1,PCM_16
5456,train,0,2.1354375,16000,1,PCM_16
5457,test,-1,2.43575,16000,1,PCM_16
5458,train,2,2.2616875,16000,1,PCM_16
5459,train,3,2.3690625,16000,1,PCM_16
5460,train,2,2.43575,16000,1,PCM_16
5461,train,1,1.8351875,16000,1,PCM_16
5462,train,4,3.7036875,16000,1,PCM_16
5463,train,4,2.70225,16000,1,PCM_16
5464,train,2,2.06875,16000,1,PCM_16
5465,train,3,3.003,16000,1,PCM_16
5466,train,1,1.96075,16000,1,PCM_16
5467,train,1,2.0191875,16000,1,PCM_16
5468,train,1,2.1688125,16000,1,PCM_16
5469,train,4,3.8705,16000,1,PCM_16
5470,train,1,1.93525,16000,1,PCM_16
5471,train,3,3.57025,16000,1,PCM_16
5472,train,3,2.3023125,16000,1,PCM_16
5473,train,1,3.7704375,16000,1,PCM_16
5474,test,-1,2.56925,16000,1,PCM_16
5475,test,-1,2.469125,16000,1,PCM_16
5476,train,4,2.402375,16000,1,PCM_16
5477,train,5,2.3023125,16000,1,PCM_16
5478,train,4,2.902875,16000,1,PCM_16
5479,train,2,2.3936875,16000,1,PCM_16
5480,train,1,1.968625,16000,1,PCM_16
5481,train,3,2.402375,16000,1,PCM_16
5482,train,5,3.2031875,16000,1,PCM_16
5483,train,2,2.296,16000,1,PCM_16
5484,train,0,2.7026875,16000,1,PCM_16
5485,test,-1,3.8371875,16000,1,PCM_16
5486,train,5,3.2699375,16000,1,PCM_16
5487,train,4,2.261875,16000,1,PCM_16
5488,test,-1,3.1698125,16000,1,PCM_16
5489,train,0,2.6359375,16000,1,PCM_16
5490,test,-1,3.3700625,16000,1,PCM_16
5491,train,0,2.2075,16000,1,PCM_16
5492,train,5,2.102125,16000,1,PCM_16
5493,train,1,2.002,16000,1,PCM_16
5494,train,2,3.7704375,16000,1,PCM_16
5495,train,5,2.002,16000,1,PCM_16
5496,train,3,2.6359375,16000,1,PCM_16
5497,train,2,2.8028125,16000,1,PCM_16
5498,test,-1,4.07075,16000,1,PCM_16
5499,train,1,2.5025,16000,1,PCM_16
5500,train,0,2.56925,16000,1,PCM_16
5501,train,2,2.3690625,16000,1,PCM_16
5502,train,1,1.97175,16000,1,PCM_16
5503,test,-1,3.37,16000,1,PCM_16
5504,train,5,2.43575,16000,1,PCM_16
5505,train,3,1.79125,16000,1,PCM_16
5506,train,2,4.1374375,16000,1,PCM_16
5507,test,-1,3.3700625,16000,1,PCM_16
5508,train,1,2.8695625,16000,1,PCM_16
5509,train,0,3.970625,16000,1,PCM_16
5510,train,5,1.980125,16000,1,PCM_16
5511,train,5,2.03875,16000,1,PCM_16
5512,train,3,2.7026875,16000,1,PCM_16
5513,train,2,4.07075,16000,1,PCM_16
5514,train,2,2.469125,16000,1,PCM_16
5515,train,5,2.56925,16000,1,PCM_16
5516,train,2,2.3023125,16000,1,PCM_16
5517,train,2,2.853875,16000,1,PCM_16
5518,train,1,2.2021875,16000,1,PCM_16
5519,train,3,3.5035,16000,1,PCM_16
5520,train,5,2.045375,16000,1,PCM_16
5521,train,5,2.2061875,16000,1,PCM_16
5522,test,-1,2.2021875,16000,1,PCM_16
5523,train,2,2.6693125,16000,1,PCM_16
5524,train,0,2.3356875,16000,1,PCM_16
5525,test,-1,3.637,16000,1,PCM_16
5526,train,3,3.3033125,16000,1,PCM_16
5527,train,1,3.470125,16000,1,PCM_16
5528,train,4,2.2053125,16000,1,PCM_16
5529,train,4,2.3356875,16000,1,PCM_16
5530,train,0,2.035375,16000,1,PCM_16
5531,test,-1,2.93625,16000,1,PCM_16
5532,train,5,2.469125,16000,1,PCM_16
5533,train,2,3.036375,16000,1,PCM_16
5534,train,3,2.902875,16000,1,PCM_16
5535,train,3,2.3356875,16000,1,PCM_16
5536,test,-1,2.8361875,16000,1,PCM_16
5537,train,4,3.970625,16000,1,PCM_16
5538,train,4,2.969625,16000,1,PCM_16
5539,test,-1,2.002,16000,1,PCM_16
5540,train,4,2.558125,16000,1,PCM_16
5541,train,2,1.8685,16000,1,PCM_16
5542,train,4,2.8028125,16000,1,PCM_16
5543,train,0,2.7694375,16000,1,PCM_16
5544,train,5,2.3356875,16000,1,PCM_16
5545,test,-1,2.7694375,16000,1,PCM_16
5546,train,3,3.6369375,16000,1,PCM_16
5547,train,2,2.6359375,16000,1,PCM_16
5548,train,3,2.3356875,16000,1,PCM_16
5549,train,2,2.602625,16000,1,PCM_16
5550,train,2,1.93525,16000,1,PCM_16
5551,train,4,3.603625,16000,1,PCM_16
5552,train,1,3.9039375,16000,1,PCM_16
5553,train,0,1.8018125,16000,1,PCM_16
5554,test,-1,2.402375,16000,1,PCM_16
5555,test,-1,3.1364375,16000,1,PCM_16
5556,train,5,2.5025,16000,1,PCM_16
5557,train,3,2.6693125,16000,1,PCM_16
5558,test,-1,2.1688125,16000,1,PCM_16
5559,train,3,2.7026875,16000,1,PCM_16
5560,train,2,2.56925,16000,1,PCM_16
5561,train,4,3.536875,16000,1,PCM_16
5562,train,2,4.1708125,16000,1,PCM_16
5563,test,-1,2.969625,16000,1,PCM_16
5564,train,5,2.248375,16000,1,PCM_16
5565,train,5,2.2826875,16000,1,PCM_16
5566,test,-1,2.8361875,16000,1,PCM_16
5567,train,4,2.402375,16000,1,PCM_16
5568,train,5,2.1294375,16000,1,PCM_16
5569,train,4,2.002,16000,1,PCM_16
5570,train,1,2.2689375,16000,1,PCM_16
5571,train,4,2.2755625,16000,1,PCM_16
5572,train,4,2.5420625,16000,1,PCM_16
5573,test,-1,1.901875,16000,1,PCM_16
5574,train,3,2.6693125,16000,1,PCM_16
5575,train,2,2.2689375,16000,1,PCM_16
5576,train,0,2.3356875,16000,1,PCM_16
5577,train,0,2.1751875,16000,1,PCM_16
5578,train,2,2.629625,16000,1,PCM_16
5579,train,0,3.7036875,16000,1,PCM_16
5580,train,0,2.317625,16000,1,PCM_16
5581,train,3,2.56925,16000,1,PCM_16
5582,train,3,1.7045,16000,1,PCM_16
5583,train,2,2.535875,16000,1,PCM_16
5584,train,5,2.076625,16000,1,PCM_16
5585,train,1,1.9543125,16000,1,PCM_16
5586,train,3,2.3356875,16000,1,PCM_16
5587,train,5,2.018125,16000,1,PCM_16
5588,train,1,2.3356875,16000,1,PCM_16
5589,test,-1,2.6359375,16000,1,PCM_16
5590,test,-1,3.3366875,16000,1,PCM_16
5591,train,3,3.003,16000,1,PCM_16
5592,train,5,2.102125,16000,1,PCM_16
5593,train,3,1.968625,16000,1,PCM_16
5594,train,4,3.403375,16000,1,PCM_16
5595,train,3,3.1698125,16000,1,PCM_16
5596,train,5,2.2021875,16000,1,PCM_16
5597,test,-1,2.002,16000,1,PCM_16
5598,train,2,3.603625,16000,1,PCM_16
5599,train,3,3.37,16000,1,PCM_16
5600,train,5,1.9315,16000,1,PCM_16
5601,train,0,2.56925,16000,1,PCM_16
5602,train,0,2.102125,16000,1,PCM_16
5603,train,0,3.06975,16000,1,PCM_16
5604,test,-1,3.603625,16000,1,PCM_16
5605,train,5,1.93525,16000,1,PCM_16
5606,train,2,2.3978125,16000,1,PCM_16
5607,train,5,1.733125,16000,1,PCM_16
5608,train,2,2.43575,16000,1,PCM_16
5609,test,-1,3.403375,16000,1,PCM_16
5610,train,1,1.9010625,16000,1,PCM_16
5611,train,1,1.97775,16000,1,PCM_16
5612,train,3,2.3023125,16000,1,PCM_16
5613,train,0,1.8685625,16000,1,PCM_16
5614,train,0,2.3023125,16000,1,PCM_16
5615,test,-1,2.002,16000,1,PCM_16
5616,train,5,2.2689375,16000,1,PCM_16
5617,train,4,1.93525,16000,1,PCM_16
5618,train,5,1.8685625,16000,1,PCM_16
5619,train,0,2.002,16000,1,PCM_16
5620,train,2,3.7704375,16000,1,PCM_16
5621,train,3,2.6359375,16000,1,PCM_16
5622,train,3,2.002,16000,1,PCM_16
5623,train,3,1.668625,16000,1,PCM_16
5624,train,1,2.1688125,16000,1,PCM_16
5625,train,3,1.6349375,16000,1,PCM_16
5626,train,2,2.2826875,16000,1,PCM_16
5627,train,3,1.93525,16000,1,PCM_16
5628,train,3,1.6683125,16000,1,PCM_16
5629,train,0,2.1761875,16000,1,PCM_16
5630,train,2,2.602625,16000,1,PCM_16
5631,train,1,2.43575,16000,1,PCM_16
5632,train,3,3.036375,16000,1,PCM_16
5633,train,3,3.103125,16000,1,PCM_16
5634,train,4,2.7026875,16000,1,PCM_16
5635,train,2,3.43675,16000,1,PCM_16
5636,test,-1,2.2755625,16000,1,PCM_16
5637,train,2,4.2375625,16000,1,PCM_16
5638,train,2,2.7026875,16000,1,PCM_16
5639,train,3,1.6755625,16000,1,PCM_16
5640,train,4,3.003,16000,1,PCM_16
5641,train,2,3.003,16000,1,PCM_16
5642,train,4,3.2365625,16000,1,PCM_16
5643,test,-1,1.8018125,16000,1,PCM_16
5644,train,3,3.37,16000,1,PCM_16
5645,train,0,2.6359375,16000,1,PCM_16
5646,train,4,3.8371875,16000,1,PCM_16
5647,train,4,2.7026875,16000,1,PCM_16
5648,train,5,2.402375,16000,1,PCM_16
5649,train,4,2.570625,16000,1,PCM_16
5650,test,-1,2.06875,16000,1,PCM_16
5651,test,-1,3.37,16000,1,PCM_16
5652,train,3,2.369,16000,1,PCM_16
5653,train,2,2.5025,16000,1,PCM_16
5654,train,1,3.003,16000,1,PCM_16
5655,train,1,2.089375,16000,1,PCM_16
5656,train,2,2.3356875,16000,1,PCM_16
5657,train,2,3.8705,16000,1,PCM_16
5658,train,2,2.187875,16000,1,PCM_16
5659,train,2,2.5025,16000,1,PCM_16
5660,train,1,1.983625,16000,1,PCM_16
5661,train,2,2.541625,16000,1,PCM_16
5662,train,1,2.0371875,16000,1,PCM_16
5663,train,1,2.035375,16000,1,PCM_16
5664,train,2,2.035375,16000,1,PCM_16
5665,test,-1,2.2755625,16000,1,PCM_16
5666,train,2,2.2689375,16000,1,PCM_16
5667,train,1,4.037375,16000,1,PCM_16
5668,train,5,1.884875,16000,1,PCM_16
5669,train,4,2.19775,16000,1,PCM_16
5670,train,0,2.035375,16000,1,PCM_16
5671,train,1,3.43675,16000,1,PCM_16
5672,train,2,3.003,16000,1,PCM_16
5673,train,0,1.93525,16000,1,PCM_16
5674,train,5,2.5025,16000,1,PCM_16
5675,train,1,2.56925,16000,1,PCM_16
5676,train,5,2.0824375,16000,1,PCM_16
5677,train,3,2.1354375,16000,1,PCM_16
5678,train,2,2.3023125,16000,1,PCM_16
5679,train,3,1.93525,16000,1,PCM_16
5680,train,4,2.63975,16000,1,PCM_16
5681,test,-1,2.6693125,16000,1,PCM_16
5682,test,-1,3.7036875,16000,1,PCM_16
5683,train,4,2.5024375,16000,1,PCM_16
5684,train,2,2.5038125,16000,1,PCM_16
5685,train,5,2.1354375,16000,1,PCM_16
5686,train,2,3.7370625,16000,1,PCM_16
5687,train,2,2.219,16000,1,PCM_16
5688,train,4,2.3579375,16000,1,PCM_16
5689,train,2,3.7370625,16000,1,PCM_16
5690,train,3,2.402375,16000,1,PCM_16
5691,train,0,2.2145625,16000,1,PCM_16
5692,test,-1,3.536875,16000,1,PCM_16
5693,train,2,3.8371875,16000,1,PCM_16
5694,train,0,2.3023125,16000,1,PCM_16
5695,train,0,2.2689375,16000,1,PCM_16
5696,train,3,3.37,16000,1,PCM_16
5697,train,3,2.5025,16000,1,PCM_16
5698,train,0,2.602625,16000,1,PCM_16
5699,train,3,1.5399375,16000,1,PCM_16
5700,test,-1,2.3356875,16000,1,PCM_16
5701,train,5,2.5025,16000,1,PCM_16
5702,train,5,2.56925,16000,1,PCM_16
5703,test,-1,3.7704375,16000,1,PCM_16
5704,train,3,2.6359375,16000,1,PCM_16
5705,train,3,2.102125,16000,1,PCM_16
5706,train,4,2.56925,16000,1,PCM_16
5707,train,1,1.7610625,16000,1,PCM_16
5708,train,5,2.2689375,16000,1,PCM_16
5709,train,4,2.2570625,16000,1,PCM_16
5710,train,1,1.9619375,16000,1,PCM_16
5711,train,3,2.402375,16000,1,PCM_16
5712,train,0,2.8361875,16000,1,PCM_16
5713,test,-1,2.102125,16000,1,PCM_16
5714,train,5,2.0094375,16000,1,PCM_16
5715,train,3,1.975625,16000,1,PCM_16
5716,train,1,3.6703125,16000,1,PCM_16
5717,train,0,3.6703125,16000,1,PCM_16
5718,train,1,2.16325,16000,1,PCM_16
5719,test,-1,2.6693125,16000,1,PCM_16
5720,train,2,2.4231875,16000,1,PCM_16
5721,train,0,2.7360625,16000,1,PCM_16
5722,train,4,3.536875,16000,1,PCM_16
5723,train,4,3.3700625,16000,1,PCM_16
5724,train,5,2.7694375,16000,1,PCM_16
5725,train,4,2.151125,16000,1,PCM_16
5726,train,0,2.602625,16000,1,PCM_16
5727,train,1,3.43675,16000,1,PCM_16
5728,train,2,2.323375,16000,1,PCM_16
5729,train,2,2.5153125,16000,1,PCM_16
5730,test,-1,2.002,16000,1,PCM_16
5731,train,4,2.4725625,16000,1,PCM_16
5732,train,1,2.2021875,16000,1,PCM_16
5733,train,5,2.6359375,16000,1,PCM_16
5734,train,3,1.729,16000,1,PCM_16
5735,test,-1,3.06975,16000,1,PCM_16
5736,train,3,3.403375,16000,1,PCM_16
5737,train,5,2.3690625,16000,1,PCM_16
5738,train,1,1.56825,16000,1,PCM_16
5739,train,2,2.8028125,16000,1,PCM_16
5740,train,1,1.972125,16000,1,PCM_16
5741,train,5,1.9754375,16000,1,PCM_16
5742,train,0,2.2584375,16000,1,PCM_16
5743,train,0,1.968625,16000,1,PCM_16
5744,train,4,2.8361875,16000,1,PCM_16
5745,test,-1,3.036375,16000,1,PCM_16
5746,train,0,2.602625,16000,1,PCM_16
5747,train,3,3.7370625,16000,1,PCM_16
5748,train,2,2.565,16000,1,PCM_16
5749,train,1,1.814375,16000,1,PCM_16
5750,train,4,2.4398125,16000,1,PCM_16
5751,train,0,2.06875,16000,1,PCM_16
5752,train,2,2.6693125,16000,1,PCM_16
5753,train,1,2.3023125,16000,1,PCM_16
5754,train,2,2.43575,16000,1,PCM_16
5755,test,-1,2.3023125,16000,1,PCM_16
5756,train,3,3.003,16000,1,PCM_16
5757,train,3,1.6869375,16000,1,PCM_16
5758,test,-1,3.1364375,16000,1,PCM_16
5759,train,3,2.8361875,16000,1,PCM_16
5760,train,5,2.3356875,16000,1,PCM_16
5761,train,1,2.469125,16000,1,PCM_16
5762,train,0,1.68975,16000,1,PCM_16
5763,train,5,2.8361875,16000,1,PCM_16
5764,test,-1,2.3023125,16000,1,PCM_16
5765,test,-1,3.637,16000,1,PCM_16
5766,train,5,2.602625,16000,1,PCM_16
5767,train,5,3.5035,16000,1,PCM_16
5768,train,5,1.968625,16000,1,PCM_16
5769,train,5,2.2021875,16000,1,PCM_16
5770,train,4,2.5025,16000,1,PCM_16
5771,train,1,2.535875,16000,1,PCM_16
5772,train,4,2.06875,16000,1,PCM_16
5773,train,5,1.876625,16000,1,PCM_16
5774,train,4,2.43575,16000,1,PCM_16
5775,train,5,2.5025,16000,1,PCM_16
5776,train,1,2.002,16000,1,PCM_16
5777,train,0,1.7810625,16000,1,PCM_16
5778,train,3,2.6359375,16000,1,PCM_16
5779,train,2,3.536875,16000,1,PCM_16
5780,train,4,2.56925,16000,1,PCM_16
5781,train,2,3.7370625,16000,1,PCM_16
5782,train,4,3.5035,16000,1,PCM_16
5783,train,2,1.6683125,16000,1,PCM_16
5784,train,0,2.56925,16000,1,PCM_16
5785,train,2,3.3033125,16000,1,PCM_16
5786,train,5,2.002,16000,1,PCM_16
5787,test,-1,2.3023125,16000,1,PCM_16
5788,train,1,2.369,16000,1,PCM_16
5789,test,-1,3.3033125,16000,1,PCM_16
5790,test,-1,2.035375,16000,1,PCM_16
5791,train,3,2.56925,16000,1,PCM_16
5792,train,2,2.3023125,16000,1,PCM_16
5793,train,0,1.6755,16000,1,PCM_16
5794,test,-1,3.8705625,16000,1,PCM_16
5795,train,5,2.0275625,16000,1,PCM_16
5796,train,3,3.06975,16000,1,PCM_16
5797,train,1,2.56925,16000,1,PCM_16
5798,train,0,1.5005625,16000,1,PCM_16
5799,train,1,2.5025,16000,1,PCM_16
5800,train,0,2.7026875,16000,1,PCM_16
5801,train,1,2.102125,16000,1,PCM_16
5802,train,0,1.4478125,16000,1,PCM_16
5803,train,4,2.16125,16000,1,PCM_16
5804,test,-1,2.56925,16000,1,PCM_16
5805,train,4,2.7026875,16000,1,PCM_16
5806,train,5,3.6035625,16000,1,PCM_16
5807,train,3,1.4455,16000,1,PCM_16
5808,test,-1,3.1364375,16000,1,PCM_16
5809,test,-1,2.469125,16000,1,PCM_16
5810,train,3,2.2355625,16000,1,PCM_16
5811,train,2,3.7704375,16000,1,PCM_16
5812,train,4,2.43575,16000,1,PCM_16
5813,train,3,2.369,16000,1,PCM_16
5814,train,2,3.2031875,16000,1,PCM_16
5815,train,3,3.7704375,16000,1,PCM_16
5816,train,0,3.1698125,16000,1,PCM_16
5817,test,-1,2.5025,16000,1,PCM_16
5818,test,-1,2.535875,16000,1,PCM_16
5819,test,-1,2.402375,16000,1,PCM_16
5820,train,1,1.8351875,16000,1,PCM_16
5821,train,2,2.3690625,16000,1,PCM_16
5822,train,2,3.7370625,16000,1,PCM_16
5823,train,2,2.2661875,16000,1,PCM_16
5824,test,-1,2.43575,16000,1,PCM_16
5825,test,-1,2.902875,16000,1,PCM_16
5826,train,2,2.1688125,16000,1,PCM_16
5827,train,0,2.3356875,16000,1,PCM_16
5828,test,-1,3.8038125,16000,1,PCM_16
5829,train,1,3.8371875,16000,1,PCM_16
5830,train,3,2.2021875,16000,1,PCM_16
5831,train,4,1.93525,16000,1,PCM_16
5832,train,5,2.1105,16000,1,PCM_16
5833,train,5,2.402375,16000,1,PCM_16
5834,train,2,3.403375,16000,1,PCM_16
5835,train,1,1.9203125,16000,1,PCM_16
5836,test,-1,2.8695625,16000,1,PCM_16
5837,test,-1,2.1688125,16000,1,PCM_16
5838,train,3,4.07075,16000,1,PCM_16
5839,train,2,2.5371875,16000,1,PCM_16
5840,test,-1,2.1354375,16000,1,PCM_16
5841,train,3,1.93525,16000,1,PCM_16
5842,train,5,2.7026875,16000,1,PCM_16
5843,train,3,1.6155625,16000,1,PCM_16
5844,train,3,1.93525,16000,1,PCM_16
5845,train,1,2.43575,16000,1,PCM_16
5846,train,4,1.7684375,16000,1,PCM_16
5847,train,4,2.8361875,16000,1,PCM_16
5848,train,4,2.43575,16000,1,PCM_16
5849,train,2,2.035375,16000,1,PCM_16
5850,train,4,2.36975,16000,1,PCM_16
5851,train,3,1.8351875,16000,1,PCM_16
5852,train,0,2.002,16000,1,PCM_16
5853,train,4,2.2755625,16000,1,PCM_16
5854,train,0,2.40925,16000,1,PCM_16
5855,train,3,1.548,16000,1,PCM_16
5856,train,5,2.369,16000,1,PCM_16
5857,train,1,1.7684375,16000,1,PCM_16
5858,test,-1,3.036375,16000,1,PCM_16
5859,train,4,2.392625,16000,1,PCM_16
5860,train,3,1.601625,16000,1,PCM_16
5861,train,2,2.3356875,16000,1,PCM_16
5862,test,-1,1.7350625,16000,1,PCM_16
5863,train,3,1.6749375,16000,1,PCM_16
5864,train,5,2.602625,16000,1,PCM_16
5865,train,0,1.6340625,16000,1,PCM_16
5866,train,2,2.002,16000,1,PCM_16
5867,train,2,3.036375,16000,1,PCM_16
5868,train,4,2.602625,16000,1,PCM_16
5869,train,2,4.6713125,16000,1,PCM_16
5870,train,0,2.469125,16000,1,PCM_16
5871,train,0,2.2021875,16000,1,PCM_16
5872,train,0,1.6786875,16000,1,PCM_16
5873,test,-1,2.2689375,16000,1,PCM_16
5874,train,3,3.603625,16000,1,PCM_16
5875,test,-1,3.470125,16000,1,PCM_16
5876,train,4,3.06975,16000,1,PCM_16
5877,train,5,2.3023125,16000,1,PCM_16
5878,test,-1,2.469125,16000,1,PCM_16
5879,train,1,2.3023125,16000,1,PCM_16
5880,train,4,3.1364375,16000,1,PCM_16
5881,train,3,2.002,16000,1,PCM_16
5882,train,4,3.6369375,16000,1,PCM_16
5883,test,-1,2.2689375,16000,1,PCM_16
5884,train,1,1.9709375,16000,1,PCM_16
5885,train,3,2.902875,16000,1,PCM_16
5886,train,1,1.934,16000,1,PCM_16
5887,train,5,2.0425625,16000,1,PCM_16
5888,train,2,2.1688125,16000,1,PCM_16
5889,test,-1,2.6693125,16000,1,PCM_16
5890,train,0,1.6225,16000,1,PCM_16
5891,test,-1,4.3043125,16000,1,PCM_16
5892,train,2,3.3033125,16000,1,PCM_16
5893,train,4,2.354,16000,1,PCM_16
5894,train,0,3.43675,16000,1,PCM_16
5895,train,0,1.5469375,16000,1,PCM_16
5896,train,1,3.2365625,16000,1,PCM_16
5897,test,-1,3.2699375,16000,1,PCM_16
5898,train,3,2.5025,16000,1,PCM_16
5899,train,1,2.8361875,16000,1,PCM_16
5900,train,5,3.403375,16000,1,PCM_16
5901,test,-1,2.56925,16000,1,PCM_16
5902,train,4,2.52125,16000,1,PCM_16
5903,test,-1,2.56925,16000,1,PCM_16
5904,test,-1,2.7360625,16000,1,PCM_16
5905,train,0,2.8361875,16000,1,PCM_16
5906,train,4,2.533625,16000,1,PCM_16
5907,train,0,2.602625,16000,1,PCM_16
5908,train,1,2.402375,16000,1,PCM_16
5909,train,0,3.003,16000,1,PCM_16
5910,train,3,2.3023125,16000,1,PCM_16
5911,train,1,2.3690625,16000,1,PCM_16
5912,train,3,2.6359375,16000,1,PCM_16
5913,train,3,2.1688125,16000,1,PCM_16
5914,train,5,1.7866875,16000,1,PCM_16
5915,train,3,2.102125,16000,1,PCM_16
5916,train,0,2.8695,16000,1,PCM_16
5917,train,4,3.7704375,16000,1,PCM_16
5918,test,-1,1.968625,16000,1,PCM_16
5919,train,3,2.2755625,16000,1,PCM_16
5920,train,3,3.6369375,16000,1,PCM_16
5921,train,5,2.0825625,16000,1,PCM_16
5922,train,0,2.602625,16000,1,PCM_16
5923,train,3,1.2540625,16000,1,PCM_16
5924,test,-1,1.8018125,16000,1,PCM_16
5925,train,2,2.93625,16000,1,PCM_16
5926,train,4,3.8371875,16000,1,PCM_16
5927,test,-1,2.3023125,16000,1,PCM_16
5928,train,2,3.6369375,16000,1,PCM_16
5929,train,1,1.8685,16000,1,PCM_16
5930,train,0,1.2880625,16000,1,PCM_16
5931,train,3,2.7360625,16000,1,PCM_16
5932,train,0,1.9855625,16000,1,PCM_16
5933,train,4,2.1354375,16000,1,PCM_16
5934,train,1,2.469125,16000,1,PCM_16
5935,train,0,1.901875,16000,1,PCM_16
5936,test,-1,2.8695,16000,1,PCM_16
5937,train,1,1.988625,16000,1,PCM_16
5938,train,0,3.2365625,16000,1,PCM_16
5939,train,2,2.3115625,16000,1,PCM_16
5940,train,3,2.102125,16000,1,PCM_16
5941,train,5,2.06875,16000,1,PCM_16
5942,train,1,2.035375,16000,1,PCM_16
5943,train,1,2.3690625,16000,1,PCM_16
5944,train,4,2.8028125,16000,1,PCM_16
5945,train,4,2.689375,16000,1,PCM_16
5946,train,5,2.6693125,16000,1,PCM_16
5947,test,-1,2.469125,16000,1,PCM_16
5948,test,-1,2.6693125,16000,1,PCM_16
5949,train,0,4.4044375,16000,1,PCM_16
5950,train,2,2.3976875,16000,1,PCM_16
5951,train,5,2.31125,16000,1,PCM_16
5952,train,1,1.7684375,16000,1,PCM_16
5953,train,1,1.93525,16000,1,PCM_16
5954,train,2,1.93525,16000,1,PCM_16
5955,test,-1,2.469125,16000,1,PCM_16
5956,train,1,2.402375,16000,1,PCM_16
5957,test,-1,1.7684375,16000,1,PCM_16
5958,train,1,1.95675,16000,1,PCM_16
5959,test,-1,2.6693125,16000,1,PCM_16
5960,test,-1,2.6693125,16000,1,PCM_16
5961,train,1,2.6693125,16000,1,PCM_16
5962,train,3,2.93625,16000,1,PCM_16
5963,train,5,2.0148125,16000,1,PCM_16
5964,train,2,3.470125,16000,1,PCM_16
5965,train,3,1.5183125,16000,1,PCM_16
5966,test,-1,3.2699375,16000,1,PCM_16
5967,train,1,1.823,16000,1,PCM_16
5968,test,-1,2.2355625,16000,1,PCM_16
5969,train,4,2.8361875,16000,1,PCM_16
5970,train,4,2.6116875,16000,1,PCM_16
5971,train,3,2.6693125,16000,1,PCM_16
5972,test,-1,3.536875,16000,1,PCM_16
5973,train,4,3.003,16000,1,PCM_16
5974,train,2,1.7016875,16000,1,PCM_16
5975,train,3,1.63425,16000,1,PCM_16
5976,train,3,3.7036875,16000,1,PCM_16
5977,train,2,2.2689375,16000,1,PCM_16
5978,test,-1,2.2689375,16000,1,PCM_16
5979,test,-1,1.8351875,16000,1,PCM_16
5980,train,1,2.43575,16000,1,PCM_16
5981,train,0,2.93625,16000,1,PCM_16
5982,train,2,2.6358125,16000,1,PCM_16
5983,train,1,1.7016875,16000,1,PCM_16
5984,train,5,2.0815,16000,1,PCM_16
5985,train,1,3.2365625,16000,1,PCM_16
5986,test,-1,2.43575,16000,1,PCM_16
5987,train,1,2.535875,16000,1,PCM_16
5988,train,3,2.7360625,16000,1,PCM_16
5989,train,5,3.3033125,16000,1,PCM_16
5990,train,4,2.4325625,16000,1,PCM_16
5991,train,4,2.6693125,16000,1,PCM_16
5992,test,-1,2.06875,16000,1,PCM_16
5993,test,-1,2.6693125,16000,1,PCM_16
5994,test,-1,2.8695,16000,1,PCM_16
5995,train,2,3.2031875,16000,1,PCM_16
5996,train,2,2.1688125,16000,1,PCM_16
5997,train,2,2.102125,16000,1,PCM_16
5998,train,3,2.56925,16000,1,PCM_16
5999,test,-1,1.93525,16000,1,PCM_16
6000,test,-1,4.07075,16000,1,PCM_16
6001,train,2,2.035375,16000,1,PCM_16
6002,train,2,3.103125,16000,1,PCM_16
6003,test,-1,2.6693125,16000,1,PCM_16
6004,train,4,3.103125,16000,1,PCM_16
6005,train,4,3.903875,16000,1,PCM_16
6006,train,4,2.469125,16000,1,PCM_16
6007,test,-1,2.002,16000,1,PCM_16
6008,train,1,1.8236875,16000,1,PCM_16
6009,train,0,2.56925,16000,1,PCM_16
6010,train,0,3.8371875,16000,1,PCM_16
6011,train,2,3.57025,16000,1,PCM_16
6012,train,1,2.8028125,16000,1,PCM_16
6013,train,5,1.9353125,16000,1,PCM_16
6014,train,4,3.470125,16000,1,PCM_16
6015,test,-1,2.535875,16000,1,PCM_16
6016,test,-1,2.402375,16000,1,PCM_16
6017,train,0,1.601625,16000,1,PCM_16
6018,train,1,3.1364375,16000,1,PCM_16
6019,test,-1,3.6703125,16000,1,PCM_16
6020,train,0,2.5034375,16000,1,PCM_16
6021,train,0,2.0895,16000,1,PCM_16
6022,train,2,2.469125,16000,1,PCM_16
6023,train,3,1.8035,16000,1,PCM_16
6024,train,0,2.1354375,16000,1,PCM_16
6025,train,4,4.07075,16000,1,PCM_16
6026,train,3,2.7694375,16000,1,PCM_16
6027,test,-1,2.8695,16000,1,PCM_16
6028,train,3,3.536875,16000,1,PCM_16
6029,train,4,3.536875,16000,1,PCM_16
6030,train,4,2.4335,16000,1,PCM_16
6031,train,2,2.3638125,16000,1,PCM_16
6032,train,5,3.103125,16000,1,PCM_16
6033,test,-1,2.7026875,16000,1,PCM_16
6034,train,5,1.8351875,16000,1,PCM_16
6035,train,2,2.2021875,16000,1,PCM_16
6036,train,3,1.502125,16000,1,PCM_16
6037,train,1,2.6359375,16000,1,PCM_16
6038,train,4,2.15725,16000,1,PCM_16
6039,train,0,2.002,16000,1,PCM_16
6040,train,1,2.8695,16000,1,PCM_16
6041,train,1,1.8738125,16000,1,PCM_16
6042,train,1,2.2021875,16000,1,PCM_16
6043,train,0,1.7489375,16000,1,PCM_16
6044,train,1,2.0009375,16000,1,PCM_16
6045,train,5,2.1765625,16000,1,PCM_16
6046,test,-1,2.8695,16000,1,PCM_16
6047,train,4,3.8038125,16000,1,PCM_16
6048,test,-1,3.103125,16000,1,PCM_16
6049,train,0,3.003,16000,1,PCM_16
6050,train,4,2.3589375,16000,1,PCM_16
6051,train,1,2.93625,16000,1,PCM_16
6052,train,5,2.056875,16000,1,PCM_16
6053,train,3,2.6693125,16000,1,PCM_16
6054,train,3,2.56925,16000,1,PCM_16
6055,train,2,2.002,16000,1,PCM_16
6056,train,4,2.7026875,16000,1,PCM_16
6057,test,-1,1.968625,16000,1,PCM_16
6058,train,3,2.3356875,16000,1,PCM_16
6059,train,2,2.102125,16000,1,PCM_16
6060,train,3,3.3033125,16000,1,PCM_16
6061,train,1,3.403375,16000,1,PCM_16
6062,train,5,2.402375,16000,1,PCM_16
6063,train,5,2.1688125,16000,1,PCM_16
6064,train,0,1.8018125,16000,1,PCM_16
6065,test,-1,3.970625,16000,1,PCM_16
6066,train,5,2.7360625,16000,1,PCM_16
6067,train,0,2.369,16000,1,PCM_16
6068,train,3,2.902875,16000,1,PCM_16
6069,train,4,2.8361875,16000,1,PCM_16
6070,train,3,1.48275,16000,1,PCM_16
6071,train,0,2.7694375,16000,1,PCM_16
6072,train,2,2.56925,16000,1,PCM_16
6073,train,3,2.5025,16000,1,PCM_16
6074,train,5,2.402375,16000,1,PCM_16
6075,train,3,1.816625,16000,1,PCM_16
6076,train,4,3.470125,16000,1,PCM_16
6077,train,5,2.1439375,16000,1,PCM_16
6078,test,-1,2.402375,16000,1,PCM_16
6079,train,4,2.3723125,16000,1,PCM_16
6080,train,0,2.2826875,16000,1,PCM_16
6081,train,4,2.3023125,16000,1,PCM_16
6082,train,4,2.6693125,16000,1,PCM_16
6083,train,4,2.5025,16000,1,PCM_16
6084,train,5,2.56925,16000,1,PCM_16
6085,test,-1,3.036375,16000,1,PCM_16
6086,train,3,1.8685625,16000,1,PCM_16
6087,train,1,2.102125,16000,1,PCM_16
6088,train,3,2.8028125,16000,1,PCM_16
6089,train,2,2.286125,16000,1,PCM_16
6090,train,0,4.604625,16000,1,PCM_16
6091,test,-1,3.3700625,16000,1,PCM_16
6092,train,4,2.8028125,16000,1,PCM_16
6093,test,-1,2.8028125,16000,1,PCM_16
6094,train,4,2.7360625,16000,1,PCM_16
6095,train,5,2.6359375,16000,1,PCM_16
6096,test,-1,3.1364375,16000,1,PCM_16
6097,train,1,2.002,16000,1,PCM_16
6098,train,3,2.3356875,16000,1,PCM_16
6099,train,1,2.1573125,16000,1,PCM_16
6100,test,-1,2.43575,16000,1,PCM_16
6101,train,3,2.2826875,16000,1,PCM_16
6102,test,-1,2.2755625,16000,1,PCM_16
6103,train,4,3.3033125,16000,1,PCM_16
6104,train,3,1.93525,16000,1,PCM_16
6105,train,2,2.3356875,16000,1,PCM_16
6106,test,-1,3.036375,16000,1,PCM_16
6107,test,-1,2.93625,16000,1,PCM_16
6108,train,0,2.369,16000,1,PCM_16
6109,train,4,2.5850625,16000,1,PCM_16
6110,train,5,3.1364375,16000,1,PCM_16
6111,train,3,2.902875,16000,1,PCM_16
6112,train,1,2.402375,16000,1,PCM_16
6113,train,3,2.43575,16000,1,PCM_16
6114,train,4,3.1364375,16000,1,PCM_16
6115,train,3,3.8371875,16000,1,PCM_16
6116,train,2,3.6035625,16000,1,PCM_16
6117,train,2,4.037375,16000,1,PCM_16
6118,train,3,1.68225,16000,1,PCM_16
6119,train,5,2.0065,16000,1,PCM_16
6120,train,1,1.901875,16000,1,PCM_16
6121,train,4,2.3075625,16000,1,PCM_16
6122,train,3,2.2689375,16000,1,PCM_16
6123,train,2,2.548125,16000,1,PCM_16
6124,train,2,3.103125,16000,1,PCM_16
6125,train,2,2.52875,16000,1,PCM_16
6126,test,-1,2.2689375,16000,1,PCM_16
6127,train,1,2.2021875,16000,1,PCM_16
6128,train,3,1.656125,16000,1,PCM_16
6129,train,4,3.06975,16000,1,PCM_16
6130,train,0,1.68475,16000,1,PCM_16
6131,train,2,2.56925,16000,1,PCM_16
6132,train,5,2.20675,16000,1,PCM_16
6133,train,2,1.8685,16000,1,PCM_16
6134,train,0,3.8371875,16000,1,PCM_16
6135,train,5,2.1613125,16000,1,PCM_16
6136,train,1,3.470125,16000,1,PCM_16
6137,train,1,1.8685625,16000,1,PCM_16
6138,train,4,2.4320625,16000,1,PCM_16
6139,train,3,1.7541875,16000,1,PCM_16
6140,train,4,1.56825,16000,1,PCM_16
6141,train,0,2.2755625,16000,1,PCM_16
6142,train,2,2.469125,16000,1,PCM_16
6143,train,2,2.402375,16000,1,PCM_16
6144,train,3,2.56925,16000,1,PCM_16
6145,train,1,1.769375,16000,1,PCM_16
6146,train,5,2.602625,16000,1,PCM_16
6147,test,-1,4.371,16000,1,PCM_16
6148,train,5,2.06875,16000,1,PCM_16
6149,train,3,3.1364375,16000,1,PCM_16
6150,train,3,2.7694375,16000,1,PCM_16
6151,train,2,2.06875,16000,1,PCM_16
6152,train,4,2.035375,16000,1,PCM_16
6153,train,5,2.8028125,16000,1,PCM_16
6154,train,5,2.1688125,16000,1,PCM_16
6155,test,-1,2.602625,16000,1,PCM_16
6156,train,1,2.2021875,16000,1,PCM_16
6157,test,-1,4.3376875,16000,1,PCM_16
6158,train,5,2.6693125,16000,1,PCM_16
6159,train,2,2.56925,16000,1,PCM_16
6160,train,5,2.43575,16000,1,PCM_16
6161,test,-1,2.602625,16000,1,PCM_16
6162,train,2,2.7694375,16000,1,PCM_16
6163,train,0,2.469125,16000,1,PCM_16
6164,train,4,2.56925,16000,1,PCM_16
6165,train,4,2.402375,16000,1,PCM_16
6166,train,0,2.8361875,16000,1,PCM_16
6167,train,4,2.4454375,16000,1,PCM_16
6168,train,3,2.6359375,16000,1,PCM_16
6169,train,1,2.035375,16000,1,PCM_16
6170,train,4,2.3356875,16000,1,PCM_16
6171,train,4,2.7694375,16000,1,PCM_16
6172,train,4,2.602625,16000,1,PCM_16
6173,train,4,2.8695,16000,1,PCM_16
6174,train,1,1.777625,16000,1,PCM_16
6175,train,2,2.4569375,16000,1,PCM_16
6176,train,1,2.6359375,16000,1,PCM_16
6177,train,4,1.601625,16000,1,PCM_16
6178,train,3,1.7395625,16000,1,PCM_16
6179,train,5,2.7694375,16000,1,PCM_16
6180,train,3,2.2689375,16000,1,PCM_16
6181,train,4,2.1688125,16000,1,PCM_16
6182,train,2,2.2689375,16000,1,PCM_16
6183,train,3,1.5830625,16000,1,PCM_16
6184,train,1,1.7016875,16000,1,PCM_16
6185,train,2,2.2755625,16000,1,PCM_16
6186,train,2,2.2469375,16000,1,PCM_16
6187,train,1,2.535875,16000,1,PCM_16
6188,train,1,1.7684375,16000,1,PCM_16
6189,train,0,2.93625,16000,1,PCM_16
6190,train,0,2.5025,16000,1,PCM_16
6191,train,0,3.036375,16000,1,PCM_16
6192,test,-1,2.535875,16000,1,PCM_16
6193,train,2,2.602625,16000,1,PCM_16
6194,test,-1,2.6359375,16000,1,PCM_16
6195,train,2,2.519,16000,1,PCM_16
6196,train,4,2.0176875,16000,1,PCM_16
6197,train,1,2.0653125,16000,1,PCM_16
6198,train,5,1.86325,16000,1,PCM_16
6199,train,0,2.2689375,16000,1,PCM_16
6200,train,2,2.3690625,16000,1,PCM_16
6201,train,3,2.369,16000,1,PCM_16
6202,train,2,2.3356875,16000,1,PCM_16
6203,test,-1,4.037375,16000,1,PCM_16
6204,test,-1,2.369,16000,1,PCM_16
6205,test,-1,2.2689375,16000,1,PCM_16
6206,train,0,2.2689375,16000,1,PCM_16
6207,train,0,3.3366875,16000,1,PCM_16
6208,train,0,1.9859375,16000,1,PCM_16
6209,train,3,2.469125,16000,1,PCM_16
6210,train,0,2.535875,16000,1,PCM_16
6211,train,3,2.7694375,16000,1,PCM_16
6212,train,2,2.8361875,16000,1,PCM_16
6213,train,0,2.535875,16000,1,PCM_16
6214,train,1,3.7036875,16000,1,PCM_16
6215,test,-1,1.8018125,16000,1,PCM_16
6216,test,-1,2.7360625,16000,1,PCM_16
6217,train,2,2.3356875,16000,1,PCM_16
6218,train,3,1.622625,16000,1,PCM_16
6219,test,-1,2.93625,16000,1,PCM_16
6220,train,2,2.562375,16000,1,PCM_16
6221,train,0,3.003,16000,1,PCM_16
6222,train,1,3.7704375,16000,1,PCM_16
6223,train,2,2.8361875,16000,1,PCM_16
6224,train,0,2.02275,16000,1,PCM_16
6225,train,3,1.688,16000,1,PCM_16
6226,test,-1,2.8695,16000,1,PCM_16
6227,train,2,2.8361875,16000,1,PCM_16
6228,train,2,2.6650625,16000,1,PCM_16
6229,train,3,1.8754375,16000,1,PCM_16
6230,train,3,3.37,16000,1,PCM_16
6231,train,2,2.3205,16000,1,PCM_16
6232,train,1,2.2755625,16000,1,PCM_16
6233,train,0,1.8351875,16000,1,PCM_16
6234,train,1,1.901875,16000,1,PCM_16
6235,train,2,3.7370625,16000,1,PCM_16
6236,train,2,2.382125,16000,1,PCM_16
6237,train,0,1.482625,16000,1,PCM_16
6238,train,4,3.2031875,16000,1,PCM_16
6239,train,5,2.2826875,16000,1,PCM_16
6240,test,-1,2.8695,16000,1,PCM_16
6241,train,5,3.57025,16000,1,PCM_16
6242,train,2,2.06875,16000,1,PCM_16
6243,train,5,1.8841875,16000,1,PCM_16
6244,train,3,3.8705,16000,1,PCM_16
6245,train,4,3.403375,16000,1,PCM_16
6246,train,3,1.636875,16000,1,PCM_16
6247,train,0,2.602625,16000,1,PCM_16
6248,test,-1,2.2755625,16000,1,PCM_16
6249,train,1,2.6693125,16000,1,PCM_16
6250,test,-1,2.3356875,16000,1,PCM_16
6251,train,0,3.470125,16000,1,PCM_16
6252,train,0,4.471125,16000,1,PCM_16
6253,train,1,2.035375,16000,1,PCM_16
6254,train,2,3.8705625,16000,1,PCM_16
6255,test,-1,2.002,16000,1,PCM_16
6256,train,1,2.102125,16000,1,PCM_16
6257,train,3,2.5025,16000,1,PCM_16
6258,train,0,2.43575,16000,1,PCM_16
6259,train,1,2.3023125,16000,1,PCM_16
6260,train,2,2.102125,16000,1,PCM_16
6261,train,5,2.902875,16000,1,PCM_16
6262,test,-1,3.2365625,16000,1,PCM_16
6263,train,3,3.5035,16000,1,PCM_16
6264,test,-1,3.2365625,16000,1,PCM_16
6265,train,5,2.5025,16000,1,PCM_16
6266,train,1,2.6693125,16000,1,PCM_16
6267,train,4,2.969625,16000,1,PCM_16
6268,train,1,1.7723125,16000,1,PCM_16
6269,train,2,2.1354375,16000,1,PCM_16
6270,train,2,2.1688125,16000,1,PCM_16
6271,train,4,3.3033125,16000,1,PCM_16
6272,train,2,2.6806875,16000,1,PCM_16
6273,train,5,2.1245,16000,1,PCM_16
6274,train,1,2.402375,16000,1,PCM_16
6275,train,3,2.3023125,16000,1,PCM_16
6276,train,4,2.41825,16000,1,PCM_16
6277,train,3,2.3356875,16000,1,PCM_16
6278,train,4,3.2699375,16000,1,PCM_16
6279,train,3,1.6836875,16000,1,PCM_16
6280,train,0,2.26975,16000,1,PCM_16
6281,train,0,3.6703125,16000,1,PCM_16
6282,train,1,1.844375,16000,1,PCM_16
6283,train,4,2.6693125,16000,1,PCM_16
6284,test,-1,2.7026875,16000,1,PCM_16
6285,train,1,2.602625,16000,1,PCM_16
6286,train,4,2.8695625,16000,1,PCM_16
6287,train,2,2.1688125,16000,1,PCM_16
6288,train,4,3.2031875,16000,1,PCM_16
6289,train,3,2.6693125,16000,1,PCM_16
6290,train,1,1.9985625,16000,1,PCM_16
6291,train,3,3.3700625,16000,1,PCM_16
6292,train,2,2.3356875,16000,1,PCM_16
6293,train,2,3.103125,16000,1,PCM_16
6294,train,1,2.469125,16000,1,PCM_16
6295,train,4,2.402375,16000,1,PCM_16
6296,train,5,2.7694375,16000,1,PCM_16
6297,train,4,3.970625,16000,1,PCM_16
6298,train,5,2.93625,16000,1,PCM_16
6299,train,3,2.7694375,16000,1,PCM_16
6300,train,4,2.43575,16000,1,PCM_16
6301,train,3,1.401375,16000,1,PCM_16
6302,train,2,3.403375,16000,1,PCM_16
6303,train,4,2.902875,16000,1,PCM_16
6304,train,1,1.875,16000,1,PCM_16
6305,train,0,3.06975,16000,1,PCM_16
6306,train,5,1.898125,16000,1,PCM_16
6307,train,5,2.100125,16000,1,PCM_16
6308,train,0,2.7026875,16000,1,PCM_16
6309,test,-1,2.402375,16000,1,PCM_16
6310,train,1,2.0178125,16000,1,PCM_16
6311,train,3,1.6673125,16000,1,PCM_16
6312,train,4,2.2755625,16000,1,PCM_16
6313,train,5,2.1688125,16000,1,PCM_16
6314,train,1,2.43575,16000,1,PCM_16
6315,train,1,1.9086875,16000,1,PCM_16
6316,train,2,2.402375,16000,1,PCM_16
6317,train,4,3.57025,16000,1,PCM_16
6318,train,0,2.3698125,16000,1,PCM_16
6319,train,0,2.2689375,16000,1,PCM_16
6320,train,1,1.8145625,16000,1,PCM_16
6321,train,2,2.6693125,16000,1,PCM_16
6322,train,2,2.2795,16000,1,PCM_16
6323,train,5,2.04025,16000,1,PCM_16
6324,train,0,2.7360625,16000,1,PCM_16
6325,train,4,3.8705,16000,1,PCM_16
6326,train,0,1.6956875,16000,1,PCM_16
6327,train,1,1.9248125,16000,1,PCM_16
6328,train,3,2.2755625,16000,1,PCM_16
6329,train,1,2.402375,16000,1,PCM_16
6330,train,5,2.2826875,16000,1,PCM_16
6331,train,3,1.465125,16000,1,PCM_16
6332,train,5,2.3356875,16000,1,PCM_16
6333,train,1,2.56925,16000,1,PCM_16
6334,train,2,2.1354375,16000,1,PCM_16
6335,train,4,3.2365625,16000,1,PCM_16
6336,train,1,2.8361875,16000,1,PCM_16
6337,test,-1,3.103125,16000,1,PCM_16
6338,test,-1,4.404375,16000,1,PCM_16
6339,test,-1,2.369,16000,1,PCM_16
6340,test,-1,3.7704375,16000,1,PCM_16
6341,train,0,4.3710625,16000,1,PCM_16
6342,train,1,1.8351875,16000,1,PCM_16
6343,train,2,2.56925,16000,1,PCM_16
6344,train,3,2.1354375,16000,1,PCM_16
6345,test,-1,2.3356875,16000,1,PCM_16
6346,test,-1,2.402375,16000,1,PCM_16
6347,test,-1,2.8361875,16000,1,PCM_16
6348,train,3,2.06875,16000,1,PCM_16
6349,train,5,2.7694375,16000,1,PCM_16
6350,train,3,2.2689375,16000,1,PCM_16
6351,train,5,1.89075,16000,1,PCM_16
6352,train,1,2.1354375,16000,1,PCM_16
6353,train,3,2.902875,16000,1,PCM_16
6354,train,4,2.8361875,16000,1,PCM_16
6355,train,5,3.1698125,16000,1,PCM_16
6356,train,2,2.2689375,16000,1,PCM_16
6357,train,1,2.8361875,16000,1,PCM_16
6358,train,4,3.1698125,16000,1,PCM_16
6359,train,4,2.8695,16000,1,PCM_16
6360,train,0,2.369,16000,1,PCM_16
6361,train,4,2.2689375,16000,1,PCM_16
6362,test,-1,3.2031875,16000,1,PCM_16
6363,train,0,3.603625,16000,1,PCM_16
6364,train,4,2.8028125,16000,1,PCM_16
6365,train,2,2.269125,16000,1,PCM_16
6366,train,4,2.8695,16000,1,PCM_16
6367,train,1,2.102125,16000,1,PCM_16
6368,train,3,1.740875,16000,1,PCM_16
6369,train,1,2.204625,16000,1,PCM_16
6370,train,5,2.469125,16000,1,PCM_16
6371,train,0,2.602625,16000,1,PCM_16
6372,train,0,2.3023125,16000,1,PCM_16
6373,test,-1,3.2365625,16000,1,PCM_16
6374,train,4,3.003,16000,1,PCM_16
6375,train,5,1.8351875,16000,1,PCM_16
6376,train,5,2.3023125,16000,1,PCM_16
6377,train,5,1.7350625,16000,1,PCM_16
6378,train,3,2.6693125,16000,1,PCM_16
6379,test,-1,2.8695,16000,1,PCM_16
6380,train,3,1.736,16000,1,PCM_16
6381,train,4,3.43675,16000,1,PCM_16
6382,train,2,3.036375,16000,1,PCM_16
6383,train,4,2.3256875,16000,1,PCM_16
6384,train,4,3.603625,16000,1,PCM_16
6385,train,5,1.861625,16000,1,PCM_16
6386,train,5,2.5025,16000,1,PCM_16
6387,train,3,3.43675,16000,1,PCM_16
6388,train,2,2.7360625,16000,1,PCM_16
6389,train,4,2.2689375,16000,1,PCM_16
6390,train,3,2.1354375,16000,1,PCM_16
6391,test,-1,4.2709375,16000,1,PCM_16
6392,train,5,2.6693125,16000,1,PCM_16
6393,train,0,2.1354375,16000,1,PCM_16
6394,test,-1,2.602625,16000,1,PCM_16
6395,train,1,3.7704375,16000,1,PCM_16
6396,train,2,2.002,16000,1,PCM_16
6397,train,0,2.5025,16000,1,PCM_16
6398,train,0,2.56925,16000,1,PCM_16
6399,train,1,2.002,16000,1,PCM_16
6400,train,5,2.159,16000,1,PCM_16
6401,train,1,2.7026875,16000,1,PCM_16
6402,train,3,1.423125,16000,1,PCM_16
6403,test,-1,2.93625,16000,1,PCM_16
6404,train,5,2.102125,16000,1,PCM_16
6405,train,0,3.003,16000,1,PCM_16
6406,train,3,2.3023125,16000,1,PCM_16
6407,train,5,2.035375,16000,1,PCM_16
6408,train,5,2.07175,16000,1,PCM_16
6409,train,4,2.422375,16000,1,PCM_16
6410,train,1,1.9573125,16000,1,PCM_16
6411,train,1,3.603625,16000,1,PCM_16
6412,train,4,1.8351875,16000,1,PCM_16
6413,train,3,1.644125,16000,1,PCM_16
6414,train,2,2.1688125,16000,1,PCM_16
6415,train,4,2.93625,16000,1,PCM_16
6416,train,5,2.0535625,16000,1,PCM_16
6417,train,1,2.3690625,16000,1,PCM_16
6418,train,4,2.6693125,16000,1,PCM_16
6419,train,1,1.799,16000,1,PCM_16
6420,train,5,2.3356875,16000,1,PCM_16
6421,train,3,2.535875,16000,1,PCM_16
6422,train,4,2.3675,16000,1,PCM_16
6423,train,4,2.6278125,16000,1,PCM_16
6424,train,4,3.1364375,16000,1,PCM_16
6425,train,0,2.369,16000,1,PCM_16
6426,train,3,2.035375,16000,1,PCM_16
6427,train,1,2.3023125,16000,1,PCM_16
6428,test,-1,2.8361875,16000,1,PCM_16
6429,train,4,3.536875,16000,1,PCM_16
6430,train,3,2.6359375,16000,1,PCM_16
6431,train,2,2.602625,16000,1,PCM_16
6432,train,0,3.536875,16000,1,PCM_16
6433,train,0,2.3356875,16000,1,PCM_16
6434,train,3,2.5025,16000,1,PCM_16
6435,train,3,1.5811875,16000,1,PCM_16
6436,train,2,2.1688125,16000,1,PCM_16
6437,train,4,2.06875,16000,1,PCM_16
6438,train,3,2.1354375,16000,1,PCM_16
6439,test,-1,1.93525,16000,1,PCM_16
6440,train,3,3.403375,16000,1,PCM_16
6441,train,4,2.1688125,16000,1,PCM_16
6442,train,2,2.3023125,16000,1,PCM_16
6443,train,4,2.44725,16000,1,PCM_16
6444,test,-1,2.5025,16000,1,PCM_16
6445,train,1,2.402375,16000,1,PCM_16
6446,train,0,1.99225,16000,1,PCM_16
6447,test,-1,3.5035,16000,1,PCM_16
6448,train,4,2.8695625,16000,1,PCM_16
6449,train,2,2.369,16000,1,PCM_16
6450,train,1,1.8685,16000,1,PCM_16
6451,test,-1,2.002,16000,1,PCM_16
6452,train,3,1.4055,16000,1,PCM_16
6453,test,-1,2.43575,16000,1,PCM_16
6454,train,5,2.2398125,16000,1,PCM_16
6455,train,3,2.3023125,16000,1,PCM_16
6456,train,5,1.8018125,16000,1,PCM_16
6457,train,1,2.102125,16000,1,PCM_16
6458,train,2,2.5341875,16000,1,PCM_16
6459,test,-1,2.1354375,16000,1,PCM_16
6460,train,3,2.535875,16000,1,PCM_16
6461,train,3,2.2689375,16000,1,PCM_16
6462,test,-1,2.3023125,16000,1,PCM_16
6463,train,3,1.6995,16000,1,PCM_16
6464,train,0,3.003,16000,1,PCM_16
6465,train,1,2.0881875,16000,1,PCM_16
6466,train,2,2.402375,16000,1,PCM_16
6467,train,1,2.102125,16000,1,PCM_16
6468,train,2,2.2021875,16000,1,PCM_16
6469,train,5,1.7684375,16000,1,PCM_16
6470,train,2,3.37,16000,1,PCM_16
6471,train,4,2.6693125,16000,1,PCM_16
6472,train,0,2.06525,16000,1,PCM_16
6473,train,4,3.06975,16000,1,PCM_16
6474,train,1,3.43675,16000,1,PCM_16
6475,train,3,1.7165,16000,1,PCM_16
6476,test,-1,2.402375,16000,1,PCM_16
6477,train,0,2.035375,16000,1,PCM_16
6478,train,5,2.2021875,16000,1,PCM_16
6479,train,4,2.3356875,16000,1,PCM_16
6480,train,5,2.56925,16000,1,PCM_16
6481,train,5,2.0009375,16000,1,PCM_16
6482,train,4,2.6100625,16000,1,PCM_16
6483,train,0,3.036375,16000,1,PCM_16
6484,train,1,1.968625,16000,1,PCM_16
6485,train,3,3.470125,16000,1,PCM_16
6486,test,-1,2.5025,16000,1,PCM_16
6487,train,5,3.3033125,16000,1,PCM_16
6488,train,2,2.34525,16000,1,PCM_16
6489,test,-1,2.7694375,16000,1,PCM_16
6490,train,4,2.902875,16000,1,PCM_16
6491,train,0,1.599625,16000,1,PCM_16
6492,train,1,2.1688125,16000,1,PCM_16
6493,train,0,2.8695625,16000,1,PCM_16
6494,train,1,4.3043125,16000,1,PCM_16
6495,train,4,2.535875,16000,1,PCM_16
6496,train,2,2.246,16000,1,PCM_16
6497,train,0,2.2021875,16000,1,PCM_16
6498,train,3,1.8018125,16000,1,PCM_16
6499,train,4,2.902875,16000,1,PCM_16
6500,train,1,1.601625,16000,1,PCM_16
6501,test,-1,2.2755625,16000,1,PCM_16
6502,train,5,2.035375,16000,1,PCM_16
6503,train,3,2.369,16000,1,PCM_16
6504,train,4,2.43575,16000,1,PCM_16
6505,train,2,2.8695,16000,1,PCM_16
6506,train,4,2.56925,16000,1,PCM_16
6507,train,4,3.036375,16000,1,PCM_16
6508,train,4,1.8351875,16000,1,PCM_16
6509,train,0,3.3700625,16000,1,PCM_16
6510,train,4,3.003,16000,1,PCM_16
6511,train,4,2.8361875,16000,1,PCM_16
6512,test,-1,2.6359375,16000,1,PCM_16
6513,train,4,2.7026875,16000,1,PCM_16
6514,train,0,1.8351875,16000,1,PCM_16
6515,train,4,2.06875,16000,1,PCM_16
6516,test,-1,2.7026875,16000,1,PCM_16
6517,test,-1,1.93525,16000,1,PCM_16
6518,train,5,3.2365625,16000,1,PCM_16
6519,train,3,2.1688125,16000,1,PCM_16
6520,train,4,2.93625,16000,1,PCM_16
6521,train,3,2.06875,16000,1,PCM_16
6522,test,-1,2.369,16000,1,PCM_16
6523,test,-1,2.8028125,16000,1,PCM_16
6524,train,2,2.93625,16000,1,PCM_16
6525,train,3,1.5410625,16000,1,PCM_16
6526,train,1,1.901875,16000,1,PCM_16
6527,train,0,2.2355625,16000,1,PCM_16
6528,train,2,2.06875,16000,1,PCM_16
6529,train,2,2.2221875,16000,1,PCM_16
6530,train,0,4.2041875,16000,1,PCM_16
6531,train,0,1.968625,16000,1,PCM_16
6532,train,4,4.3043125,16000,1,PCM_16
6533,train,5,2.43575,16000,1,PCM_16
6534,train,4,3.903875,16000,1,PCM_16
6535,train,0,1.398125,16000,1,PCM_16
6536,train,3,1.9260625,16000,1,PCM_16
6537,train,5,2.102125,16000,1,PCM_16
6538,test,-1,1.901875,16000,1,PCM_16
6539,train,3,2.602625,16000,1,PCM_16
6540,train,4,3.036375,16000,1,PCM_16
6541,train,2,2.3356875,16000,1,PCM_16
6542,test,-1,2.7026875,16000,1,PCM_16
6543,train,1,1.601625,16000,1,PCM_16
6544,train,4,3.9039375,16000,1,PCM_16
6545,test,-1,2.5025,16000,1,PCM_16
6546,train,3,1.75575,16000,1,PCM_16
6547,train,1,2.8695625,16000,1,PCM_16
6548,train,2,2.969625,16000,1,PCM_16
6549,train,1,3.903875,16000,1,PCM_16
6550,train,4,2.8361875,16000,1,PCM_16
6551,test,-1,2.6693125,16000,1,PCM_16
6552,train,2,3.3033125,16000,1,PCM_16
6553,train,0,2.6359375,16000,1,PCM_16
6554,train,0,1.6089375,16000,1,PCM_16
6555,train,2,3.003,16000,1,PCM_16
6556,test,-1,3.2365625,16000,1,PCM_16
6557,train,3,1.7350625,16000,1,PCM_16
6558,train,4,1.8685,16000,1,PCM_16
6559,train,5,3.7370625,16000,1,PCM_16
6560,test,-1,2.43575,16000,1,PCM_16
6561,train,1,2.602625,16000,1,PCM_16
6562,train,1,3.8038125,16000,1,PCM_16
6563,train,5,2.3023125,16000,1,PCM_16
6564,train,0,2.3008125,16000,1,PCM_16
6565,train,3,1.5606875,16000,1,PCM_16
6566,train,0,3.036375,16000,1,PCM_16
6567,train,1,1.901875,16000,1,PCM_16
6568,train,2,2.1354375,16000,1,PCM_16
6569,test,-1,3.7036875,16000,1,PCM_16
6570,train,3,1.4464375,16000,1,PCM_16
6571,train,0,1.555375,16000,1,PCM_16
6572,train,5,2.2628125,16000,1,PCM_16
6573,train,1,2.06875,16000,1,PCM_16
6574,train,4,2.1354375,16000,1,PCM_16
6575,train,3,2.1688125,16000,1,PCM_16
6576,train,1,2.065875,16000,1,PCM_16
6577,train,3,2.469125,16000,1,PCM_16
6578,test,-1,4.904875,16000,1,PCM_16
6579,train,4,4.43775,16000,1,PCM_16
6580,train,4,2.369,16000,1,PCM_16
6581,train,3,1.6335625,16000,1,PCM_16
6582,train,5,2.3356875,16000,1,PCM_16
6583,test,-1,2.102125,16000,1,PCM_16
6584,test,-1,3.2031875,16000,1,PCM_16
6585,train,4,2.469125,16000,1,PCM_16
6586,train,0,2.1725,16000,1,PCM_16
6587,train,3,1.48725,16000,1,PCM_16
6588,train,3,2.602625,16000,1,PCM_16
6589,test,-1,2.3356875,16000,1,PCM_16
6590,train,2,3.7036875,16000,1,PCM_16
6591,train,0,1.5441875,16000,1,PCM_16
6592,train,4,1.7684375,16000,1,PCM_16
6593,train,1,2.6693125,16000,1,PCM_16
6594,train,4,2.93625,16000,1,PCM_16
6595,train,5,2.2689375,16000,1,PCM_16
6596,train,3,1.531625,16000,1,PCM_16
6597,train,1,1.968625,16000,1,PCM_16
6598,train,1,1.864,16000,1,PCM_16
6599,train,3,2.2021875,16000,1,PCM_16
6600,train,4,2.526625,16000,1,PCM_16
6601,train,4,2.3621875,16000,1,PCM_16
6602,test,-1,3.06975,16000,1,PCM_16
6603,train,0,2.602625,16000,1,PCM_16
6604,train,0,2.93625,16000,1,PCM_16
6605,train,2,2.252375,16000,1,PCM_16
6606,test,-1,2.93625,16000,1,PCM_16
6607,train,1,1.8643125,16000,1,PCM_16
6608,train,5,2.3023125,16000,1,PCM_16
6609,train,4,2.3499375,16000,1,PCM_16
6610,train,0,2.6693125,16000,1,PCM_16
6611,train,5,2.028625,16000,1,PCM_16
6612,test,-1,2.3356875,16000,1,PCM_16
6613,train,0,1.5199375,16000,1,PCM_16
6614,train,1,3.036375,16000,1,PCM_16
6615,train,5,2.2355625,16000,1,PCM_16
6616,train,4,2.6359375,16000,1,PCM_16
6617,train,3,1.717125,16000,1,PCM_16
6618,train,5,1.8018125,16000,1,PCM_16
6619,train,2,2.1354375,16000,1,PCM_16
6620,train,1,2.3023125,16000,1,PCM_16
6621,train,2,2.496625,16000,1,PCM_16
6622,test,-1,2.06875,16000,1,PCM_16
6623,train,0,2.369,16000,1,PCM_16
6624,train,1,2.3023125,16000,1,PCM_16
6625,test,-1,3.1364375,16000,1,PCM_16
6626,train,1,2.043,16000,1,PCM_16
6627,test,-1,3.43675,16000,1,PCM_16
6628,train,4,2.53825,16000,1,PCM_16
6629,train,3,1.36675,16000,1,PCM_16
6630,test,-1,3.93725,16000,1,PCM_16
6631,train,2,2.3356875,16000,1,PCM_16
6632,test,-1,2.469125,16000,1,PCM_16
6633,train,1,2.002,16000,1,PCM_16
6634,train,1,2.535875,16000,1,PCM_16
6635,train,1,1.6683125,16000,1,PCM_16
6636,test,-1,2.3023125,16000,1,PCM_16
6637,train,4,2.2945625,16000,1,PCM_16
6638,train,1,2.56925,16000,1,PCM_16
6639,train,0,2.201625,16000,1,PCM_16
6640,train,4,2.4043125,16000,1,PCM_16
6641,train,5,2.3356875,16000,1,PCM_16
6642,train,3,3.2031875,16000,1,PCM_16
6643,train,4,4.2041875,16000,1,PCM_16
6644,train,2,2.1585625,16000,1,PCM_16
6645,train,2,2.4835625,16000,1,PCM_16
6646,train,1,1.7684375,16000,1,PCM_16
6647,test,-1,3.1364375,16000,1,PCM_16
6648,test,-1,3.1698125,16000,1,PCM_16
6649,train,4,3.1364375,16000,1,PCM_16
6650,train,1,2.7694375,16000,1,PCM_16
6651,train,3,2.2021875,16000,1,PCM_16
6652,train,1,1.6349375,16000,1,PCM_16
6653,train,5,2.1013125,16000,1,PCM_16
6654,train,3,2.6693125,16000,1,PCM_16
6655,test,-1,3.7036875,16000,1,PCM_16
6656,train,1,2.035375,16000,1,PCM_16
6657,train,2,3.8038125,16000,1,PCM_16
6658,train,5,2.0038125,16000,1,PCM_16
6659,test,-1,2.7694375,16000,1,PCM_16
6660,test,-1,1.968625,16000,1,PCM_16
6661,train,1,3.1365,16000,1,PCM_16
6662,train,2,2.7026875,16000,1,PCM_16
6663,train,5,2.1699375,16000,1,PCM_16
6664,train,5,2.2021875,16000,1,PCM_16
6665,train,5,2.7360625,16000,1,PCM_16
6666,train,5,1.93525,16000,1,PCM_16
6667,train,5,2.084125,16000,1,PCM_16
6668,train,5,2.1538125,16000,1,PCM_16
6669,train,3,1.901875,16000,1,PCM_16
6670,train,4,3.93725,16000,1,PCM_16
6671,train,5,2.402375,16000,1,PCM_16
6672,test,-1,2.7026875,16000,1,PCM_16
6673,train,3,2.002,16000,1,PCM_16
6674,train,0,1.7684375,16000,1,PCM_16
6675,train,0,1.5651875,16000,1,PCM_16
6676,train,4,2.402375,16000,1,PCM_16
6677,train,0,3.7036875,16000,1,PCM_16
6678,train,2,2.2355625,16000,1,PCM_16
6679,train,4,2.1688125,16000,1,PCM_16
6680,train,5,2.2826875,16000,1,PCM_16
6681,test,-1,2.2021875,16000,1,PCM_16
6682,train,3,2.102125,16000,1,PCM_16
6683,train,0,2.2021875,16000,1,PCM_16
6684,train,3,1.4915625,16000,1,PCM_16
6685,train,3,3.470125,16000,1,PCM_16
6686,train,2,2.2036875,16000,1,PCM_16
6687,test,-1,2.5025,16000,1,PCM_16
6688,train,3,2.06875,16000,1,PCM_16
6689,train,4,3.6703125,16000,1,PCM_16
6690,train,3,2.5025,16000,1,PCM_16
6691,train,4,2.62475,16000,1,PCM_16
6692,test,-1,3.1364375,16000,1,PCM_16
6693,train,0,2.7360625,16000,1,PCM_16
6694,test,-1,3.57025,16000,1,PCM_16
6695,train,0,2.0405,16000,1,PCM_16
6696,train,0,2.27175,16000,1,PCM_16
6697,train,5,1.7016875,16000,1,PCM_16
6698,train,1,2.035375,16000,1,PCM_16
6699,train,1,2.5025,16000,1,PCM_16
6700,train,5,2.0284375,16000,1,PCM_16
6701,train,5,2.43575,16000,1,PCM_16
6702,test,-1,1.93525,16000,1,PCM_16
6703,train,5,2.402375,16000,1,PCM_16
6704,train,4,2.7360625,16000,1,PCM_16
6705,test,-1,1.8018125,16000,1,PCM_16
6706,train,5,2.06875,16000,1,PCM_16
6707,train,0,2.6359375,16000,1,PCM_16
6708,test,-1,2.902875,16000,1,PCM_16
6709,test,-1,2.7360625,16000,1,PCM_16
6710,train,4,2.3023125,16000,1,PCM_16
6711,test,-1,3.003,16000,1,PCM_16
6712,train,2,3.7704375,16000,1,PCM_16
6713,train,4,2.5025,16000,1,PCM_16
6714,train,0,2.43575,16000,1,PCM_16
6715,train,2,2.368,16000,1,PCM_16
6716,train,1,2.3690625,16000,1,PCM_16
6717,train,5,1.9954375,16000,1,PCM_16
6718,train,0,2.2183125,16000,1,PCM_16
6719,test,-1,2.902875,16000,1,PCM_16
6720,train,3,2.7026875,16000,1,PCM_16
6721,train,5,1.901875,16000,1,PCM_16
6722,test,-1,2.56925,16000,1,PCM_16
6723,train,4,2.4661875,16000,1,PCM_16
6724,train,5,2.6359375,16000,1,PCM_16
6725,train,1,2.0226875,16000,1,PCM_16
6726,train,0,3.2031875,16000,1,PCM_16
6727,train,3,1.6094375,16000,1,PCM_16
6728,train,3,3.470125,16000,1,PCM_16
6729,train,3,3.003,16000,1,PCM_16
6730,train,0,1.589125,16000,1,PCM_16
6731,train,4,2.7360625,16000,1,PCM_16
6732,test,-1,1.968625,16000,1,PCM_16
6733,train,2,2.1825625,16000,1,PCM_16
6734,train,5,2.2755625,16000,1,PCM_16
6735,test,-1,3.036375,16000,1,PCM_16
6736,train,0,2.902875,16000,1,PCM_16
6737,train,3,4.371,16000,1,PCM_16
6738,train,0,2.469125,16000,1,PCM_16
6739,train,2,2.402375,16000,1,PCM_16
6740,train,2,2.402375,16000,1,PCM_16
6741,train,2,3.6703125,16000,1,PCM_16
6742,train,1,2.1354375,16000,1,PCM_16
6743,train,2,2.6359375,16000,1,PCM_16
6744,train,4,2.602625,16000,1,PCM_16
6745,test,-1,3.06975,16000,1,PCM_16
6746,train,1,1.757875,16000,1,PCM_16
6747,train,1,2.7360625,16000,1,PCM_16
6748,test,-1,3.57025,16000,1,PCM_16
6749,train,3,1.851375,16000,1,PCM_16
6750,train,3,1.46175,16000,1,PCM_16
6751,train,5,1.601625,16000,1,PCM_16
6752,train,2,2.5025,16000,1,PCM_16
6753,train,1,1.6683125,16000,1,PCM_16
6754,train,3,2.6693125,16000,1,PCM_16
6755,train,5,3.536875,16000,1,PCM_16
6756,train,0,4.404375,16000,1,PCM_16
6757,train,1,2.102125,16000,1,PCM_16
6758,train,2,2.2355625,16000,1,PCM_16
6759,train,1,2.469125,16000,1,PCM_16
6760,train,1,1.962875,16000,1,PCM_16
6761,train,4,3.003,16000,1,PCM_16
6762,train,4,2.2021875,16000,1,PCM_16
6763,train,4,1.901875,16000,1,PCM_16
6764,train,3,1.8685,16000,1,PCM_16
6765,train,5,2.1685,16000,1,PCM_16
6766,train,3,2.969625,16000,1,PCM_16
6767,test,-1,2.535875,16000,1,PCM_16
6768,test,-1,1.7350625,16000,1,PCM_16
6769,train,4,3.003,16000,1,PCM_16
6770,train,2,3.3033125,16000,1,PCM_16
6771,train,1,2.102125,16000,1,PCM_16
6772,train,3,1.6816875,16000,1,PCM_16
6773,train,2,2.7026875,16000,1,PCM_16
6774,train,0,2.2355625,16000,1,PCM_16
6775,train,0,3.536875,16000,1,PCM_16
6776,test,-1,2.1688125,16000,1,PCM_16
6777,train,0,2.7694375,16000,1,PCM_16
6778,train,1,2.7026875,16000,1,PCM_16
6779,train,2,3.103125,16000,1,PCM_16
6780,train,1,1.8885,16000,1,PCM_16
6781,train,4,3.8705625,16000,1,PCM_16
6782,train,2,2.6343125,16000,1,PCM_16
6783,train,1,1.925375,16000,1,PCM_16
6784,train,0,1.5015,16000,1,PCM_16
6785,train,1,1.56825,16000,1,PCM_16
6786,train,3,2.7694375,16000,1,PCM_16
6787,train,5,1.8018125,16000,1,PCM_16
6788,train,4,2.5025,16000,1,PCM_16
6789,train,2,1.93525,16000,1,PCM_16
6790,train,1,2.8695,16000,1,PCM_16
6791,test,-1,2.3023125,16000,1,PCM_16
6792,train,0,1.5256875,16000,1,PCM_16
6793,test,-1,2.5025,16000,1,PCM_16
6794,test,-1,4.2375625,16000,1,PCM_16
6795,train,4,2.035375,16000,1,PCM_16
6796,train,1,2.102125,16000,1,PCM_16
6797,train,2,3.8038125,16000,1,PCM_16
6798,train,3,2.06875,16000,1,PCM_16
6799,train,0,4.1374375,16000,1,PCM_16
6800,train,5,2.402375,16000,1,PCM_16
6801,train,0,2.1688125,16000,1,PCM_16
6802,train,2,2.2021875,16000,1,PCM_16
6803,train,5,2.3356875,16000,1,PCM_16
6804,train,5,2.7026875,16000,1,PCM_16
6805,train,1,2.469125,16000,1,PCM_16
6806,train,2,3.7704375,16000,1,PCM_16
6807,train,5,2.102125,16000,1,PCM_16
6808,train,2,2.56925,16000,1,PCM_16
6809,train,2,3.8705625,16000,1,PCM_16
6810,test,-1,2.602625,16000,1,PCM_16
6811,train,2,2.8361875,16000,1,PCM_16
6812,train,0,2.7026875,16000,1,PCM_16
6813,train,3,1.5390625,16000,1,PCM_16
6814,train,4,2.6095625,16000,1,PCM_16
6815,test,-1,2.2689375,16000,1,PCM_16
6816,train,0,3.2699375,16000,1,PCM_16
6817,train,3,2.5025,16000,1,PCM_16
6818,train,2,2.233375,16000,1,PCM_16
6819,train,5,2.2021875,16000,1,PCM_16
6820,train,3,1.6349375,16000,1,PCM_16
6821,train,0,2.6359375,16000,1,PCM_16
6822,train,2,2.329625,16000,1,PCM_16
6823,train,3,2.402375,16000,1,PCM_16
6824,train,3,3.036375,16000,1,PCM_16
6825,train,1,2.43575,16000,1,PCM_16
6826,train,3,2.2021875,16000,1,PCM_16
6827,train,0,4.2375625,16000,1,PCM_16
6828,train,0,2.2514375,16000,1,PCM_16
6829,train,0,2.43575,16000,1,PCM_16
6830,train,5,2.2755625,16000,1,PCM_16
6831,train,2,2.2021875,16000,1,PCM_16
6832,train,1,4.1374375,16000,1,PCM_16
6833,train,3,3.970625,16000,1,PCM_16
6834,train,1,2.1688125,16000,1,PCM_16
6835,train,0,2.2021875,16000,1,PCM_16
6836,train,0,2.5025,16000,1,PCM_16
6837,train,4,2.3356875,16000,1,PCM_16
6838,train,5,2.56925,16000,1,PCM_16
6839,train,3,2.7694375,16000,1,PCM_16
6840,train,4,4.6379375,16000,1,PCM_16
6841,train,2,3.3033125,16000,1,PCM_16
6842,train,1,1.8685625,16000,1,PCM_16
6843,test,-1,2.6693125,16000,1,PCM_16
6844,train,5,2.2161875,16000,1,PCM_16
6845,train,5,2.1688125,16000,1,PCM_16
6846,train,1,2.1204375,16000,1,PCM_16
6847,train,2,2.2689375,16000,1,PCM_16
6848,train,0,1.561625,16000,1,PCM_16
6849,train,0,1.8685,16000,1,PCM_16
6850,test,-1,2.3356875,16000,1,PCM_16
6851,train,3,1.7385,16000,1,PCM_16
6852,train,4,2.7680625,16000,1,PCM_16
6853,train,4,2.415125,16000,1,PCM_16
6854,test,-1,2.7026875,16000,1,PCM_16
6855,train,3,1.534875,16000,1,PCM_16
6856,train,3,2.43575,16000,1,PCM_16
6857,train,5,2.7360625,16000,1,PCM_16
6858,train,0,2.5025,16000,1,PCM_16
6859,train,4,3.3033125,16000,1,PCM_16
6860,train,5,1.8351875,16000,1,PCM_16
6861,train,3,3.536875,16000,1,PCM_16
6862,test,-1,2.535875,16000,1,PCM_16
6863,train,1,1.890375,16000,1,PCM_16
6864,train,4,2.035375,16000,1,PCM_16
6865,train,3,2.3356875,16000,1,PCM_16
6866,train,1,1.92075,16000,1,PCM_16
6867,train,4,2.305125,16000,1,PCM_16
6868,train,2,3.6035625,16000,1,PCM_16
6869,train,4,2.8028125,16000,1,PCM_16
6870,train,0,2.535875,16000,1,PCM_16
6871,train,1,3.6703125,16000,1,PCM_16
6872,train,3,2.902875,16000,1,PCM_16
6873,train,5,1.601625,16000,1,PCM_16
6874,train,5,2.0989375,16000,1,PCM_16
6875,train,0,4.004,16000,1,PCM_16
6876,train,0,2.602625,16000,1,PCM_16
6877,train,3,2.602625,16000,1,PCM_16
6878,train,4,2.8028125,16000,1,PCM_16
6879,train,4,2.511625,16000,1,PCM_16
6880,train,4,2.93625,16000,1,PCM_16
6881,train,5,2.535875,16000,1,PCM_16
6882,train,1,2.1439375,16000,1,PCM_16
6883,train,3,1.7016875,16000,1,PCM_16
6884,train,0,1.4338125,16000,1,PCM_16
6885,test,-1,3.1364375,16000,1,PCM_16
6886,train,0,3.1364375,16000,1,PCM_16
6887,train,5,2.402375,16000,1,PCM_16
6888,train,1,1.7684375,16000,1,PCM_16
6889,train,5,1.7350625,16000,1,PCM_16
6890,train,5,2.002,16000,1,PCM_16
6891,train,0,2.0614375,16000,1,PCM_16
6892,train,3,3.43675,16000,1,PCM_16
6893,train,5,1.7350625,16000,1,PCM_16
6894,train,1,3.8371875,16000,1,PCM_16
6895,train,2,2.6018125,16000,1,PCM_16
6896,train,2,3.1698125,16000,1,PCM_16
6897,train,3,2.2755625,16000,1,PCM_16
6898,train,4,2.43575,16000,1,PCM_16
6899,train,1,3.1364375,16000,1,PCM_16
6900,train,0,2.969625,16000,1,PCM_16
6901,train,3,3.06975,16000,1,PCM_16
6902,test,-1,3.8371875,16000,1,PCM_16
6903,train,1,2.43575,16000,1,PCM_16
6904,train,0,1.88825,16000,1,PCM_16
6905,train,1,1.968625,16000,1,PCM_16
6906,train,4,3.103125,16000,1,PCM_16
6907,train,4,2.2358125,16000,1,PCM_16
6908,train,5,2.176375,16000,1,PCM_16
6909,train,5,2.0195625,16000,1,PCM_16
6910,test,-1,2.2021875,16000,1,PCM_16
6911,train,5,1.9833125,16000,1,PCM_16
6912,train,3,2.1354375,16000,1,PCM_16
6913,train,4,2.8361875,16000,1,PCM_16
6914,test,-1,2.3023125,16000,1,PCM_16
6915,train,3,3.8038125,16000,1,PCM_16
6916,train,1,2.602625,16000,1,PCM_16
6917,train,1,2.002,16000,1,PCM_16
6918,train,3,2.6359375,16000,1,PCM_16
6919,train,4,3.003,16000,1,PCM_16
6920,train,2,3.003,16000,1,PCM_16
6921,train,1,1.901875,16000,1,PCM_16
6922,train,0,1.3901875,16000,1,PCM_16
6923,train,0,1.802375,16000,1,PCM_16
6924,train,0,2.2564375,16000,1,PCM_16
6925,train,1,1.7684375,16000,1,PCM_16
6926,train,1,3.2031875,16000,1,PCM_16
6927,test,-1,2.3356875,16000,1,PCM_16
6928,train,0,1.7128125,16000,1,PCM_16
6929,train,4,2.369,16000,1,PCM_16
6930,train,1,1.8351875,16000,1,PCM_16
6931,train,5,2.013125,16000,1,PCM_16
6932,train,0,2.902875,16000,1,PCM_16
6933,train,4,2.49225,16000,1,PCM_16
6934,train,0,4.104125,16000,1,PCM_16
6935,test,-1,2.7694375,16000,1,PCM_16
6936,train,0,1.738375,16000,1,PCM_16
6937,train,3,2.469125,16000,1,PCM_16
6938,train,5,3.637,16000,1,PCM_16
6939,train,5,2.2021875,16000,1,PCM_16
6940,train,5,3.2699375,16000,1,PCM_16
6941,train,2,1.7684375,16000,1,PCM_16
6942,train,0,1.6725,16000,1,PCM_16
6943,train,0,4.004,16000,1,PCM_16
6944,test,-1,2.1688125,16000,1,PCM_16
6945,train,4,2.1688125,16000,1,PCM_16
6946,train,2,2.147,16000,1,PCM_16
6947,test,-1,3.470125,16000,1,PCM_16
6948,train,2,2.4301875,16000,1,PCM_16
6949,test,-1,2.06875,16000,1,PCM_16
6950,train,4,2.402375,16000,1,PCM_16
6951,train,5,1.9228125,16000,1,PCM_16
6952,train,5,2.11225,16000,1,PCM_16
6953,train,4,2.469125,16000,1,PCM_16
6954,train,2,2.93625,16000,1,PCM_16
6955,test,-1,3.06975,16000,1,PCM_16
6956,train,0,1.5093125,16000,1,PCM_16
6957,train,3,2.43575,16000,1,PCM_16
6958,train,4,2.497375,16000,1,PCM_16
6959,test,-1,2.469125,16000,1,PCM_16
6960,train,2,2.035375,16000,1,PCM_16
6961,test,-1,3.970625,16000,1,PCM_16
6962,test,-1,2.6693125,16000,1,PCM_16
6963,train,2,2.102125,16000,1,PCM_16
6964,train,2,3.93725,16000,1,PCM_16
6965,train,5,2.2826875,16000,1,PCM_16
6966,train,5,2.0196875,16000,1,PCM_16
6967,train,4,3.970625,16000,1,PCM_16
6968,train,0,1.5464375,16000,1,PCM_16
6969,train,3,2.402375,16000,1,PCM_16
6970,train,5,1.93525,16000,1,PCM_16
6971,train,0,2.1354375,16000,1,PCM_16
6972,train,2,3.3033125,16000,1,PCM_16
6973,train,0,2.102125,16000,1,PCM_16
6974,train,1,1.968625,16000,1,PCM_16
6975,test,-1,3.470125,16000,1,PCM_16
6976,train,4,2.534,16000,1,PCM_16
6977,train,3,3.5035,16000,1,PCM_16
6978,test,-1,2.7026875,16000,1,PCM_16
6979,test,-1,3.5035,16000,1,PCM_16
6980,train,2,2.969625,16000,1,PCM_16
6981,train,5,2.035375,16000,1,PCM_16
6982,train,0,2.93625,16000,1,PCM_16
6983,train,3,2.1688125,16000,1,PCM_16
6984,train,5,2.8361875,16000,1,PCM_16
6985,train,2,3.1364375,16000,1,PCM_16
6986,train,4,3.7370625,16000,1,PCM_16
6987,train,0,3.06975,16000,1,PCM_16
6988,train,3,2.2826875,16000,1,PCM_16
6989,train,1,2.56925,16000,1,PCM_16
6990,train,3,2.602625,16000,1,PCM_16
6991,train,2,2.369,16000,1,PCM_16
6992,train,0,2.902875,16000,1,PCM_16
6993,train,0,2.8695,16000,1,PCM_16
6994,train,5,3.43675,16000,1,PCM_16
6995,train,1,2.902875,16000,1,PCM_16
6996,train,0,1.8351875,16000,1,PCM_16
6997,train,1,2.024,16000,1,PCM_16
6998,train,4,2.3525625,16000,1,PCM_16
6999,train,5,2.2355625,16000,1,PCM_16
7000,train,0,2.102125,16000,1,PCM_16
7001,train,4,2.3055625,16000,1,PCM_16
7002,train,3,1.59125,16000,1,PCM_16
7003,train,2,1.901875,16000,1,PCM_16
7004,train,0,1.93525,16000,1,PCM_16
7005,train,5,2.035375,16000,1,PCM_16
7006,train,0,4.371,16000,1,PCM_16
7007,train,2,2.3690625,16000,1,PCM_16
7008,test,-1,2.3690625,16000,1,PCM_16
7009,train,2,2.902875,16000,1,PCM_16
7010,train,3,3.1364375,16000,1,PCM_16
7011,train,1,1.7684375,16000,1,PCM_16
7012,train,5,2.2689375,16000,1,PCM_16
7013,train,2,2.3778125,16000,1,PCM_16
7014,train,4,2.6693125,16000,1,PCM_16
7015,train,5,1.8351875,16000,1,PCM_16
7016,train,2,2.1688125,16000,1,PCM_16
7017,train,5,2.174625,16000,1,PCM_16
7018,train,2,2.6693125,16000,1,PCM_16
7019,test,-1,2.6693125,16000,1,PCM_16
7020,train,1,1.98175,16000,1,PCM_16
7021,train,2,2.380875,16000,1,PCM_16
7022,train,1,2.7694375,16000,1,PCM_16
7023,train,3,2.035375,16000,1,PCM_16
7024,train,3,1.93525,16000,1,PCM_16
7025,train,5,2.7026875,16000,1,PCM_16
7026,train,3,1.78125,16000,1,PCM_16
7027,train,0,2.06875,16000,1,PCM_16
7028,train,3,1.6501875,16000,1,PCM_16
7029,train,0,3.43675,16000,1,PCM_16
7030,train,5,2.5025,16000,1,PCM_16
7031,train,5,2.102125,16000,1,PCM_16
7032,test,-1,2.8361875,16000,1,PCM_16
7033,train,1,3.6703125,16000,1,PCM_16
7034,train,1,1.7684375,16000,1,PCM_16
7035,train,0,2.035375,16000,1,PCM_16
7036,train,4,3.8705625,16000,1,PCM_16
7037,train,5,2.002,16000,1,PCM_16
7038,train,1,2.6359375,16000,1,PCM_16
7039,test,-1,1.7350625,16000,1,PCM_16
7040,train,0,3.003,16000,1,PCM_16
7041,train,3,1.49625,16000,1,PCM_16
7042,train,1,2.0203125,16000,1,PCM_16
7043,train,4,2.7360625,16000,1,PCM_16
7044,train,0,1.56825,16000,1,PCM_16
7045,train,5,2.1785,16000,1,PCM_16
7046,train,5,2.3023125,16000,1,PCM_16
7047,train,4,2.2355625,16000,1,PCM_16
7048,train,4,2.282625,16000,1,PCM_16
7049,test,-1,2.1354375,16000,1,PCM_16
7050,train,1,1.8890625,16000,1,PCM_16
7051,train,4,4.037375,16000,1,PCM_16
7052,train,1,2.6693125,16000,1,PCM_16
7053,train,0,3.103125,16000,1,PCM_16
7054,train,1,3.003,16000,1,PCM_16
7055,train,1,3.2365625,16000,1,PCM_16
7056,train,1,2.6359375,16000,1,PCM_16
7057,train,2,4.371,16000,1,PCM_16
7058,train,2,2.663,16000,1,PCM_16
7059,train,0,2.0579375,16000,1,PCM_16
7060,test,-1,3.93725,16000,1,PCM_16
7061,train,0,2.7360625,16000,1,PCM_16
7062,train,2,3.2699375,16000,1,PCM_16
7063,test,-1,2.7360625,16000,1,PCM_16
7064,train,5,2.1688125,16000,1,PCM_16
7065,train,0,2.602625,16000,1,PCM_16
7066,train,5,1.9995625,16000,1,PCM_16
7067,test,-1,2.7026875,16000,1,PCM_16
7068,test,-1,3.7370625,16000,1,PCM_16
7069,train,3,2.3690625,16000,1,PCM_16
7070,train,2,2.2355625,16000,1,PCM_16
7071,train,2,2.43575,16000,1,PCM_16
7072,train,3,2.8361875,16000,1,PCM_16
7073,train,4,2.035375,16000,1,PCM_16
7074,train,5,3.470125,16000,1,PCM_16
7075,train,4,2.3356875,16000,1,PCM_16
7076,train,0,1.8351875,16000,1,PCM_16
7077,train,4,3.7370625,16000,1,PCM_16
7078,train,3,2.7694375,16000,1,PCM_16
7079,train,4,4.5045,16000,1,PCM_16
7080,train,2,2.1945,16000,1,PCM_16
7081,train,4,2.56925,16000,1,PCM_16
7082,train,4,3.8705,16000,1,PCM_16
7083,train,0,1.93525,16000,1,PCM_16
7084,train,3,1.7705625,16000,1,PCM_16
7085,train,2,2.165125,16000,1,PCM_16
7086,test,-1,2.06875,16000,1,PCM_16
7087,train,1,1.8211875,16000,1,PCM_16
7088,train,1,1.9066875,16000,1,PCM_16
7089,train,3,2.535875,16000,1,PCM_16
7090,train,1,1.8323125,16000,1,PCM_16
7091,train,0,1.66775,16000,1,PCM_16
7092,train,4,2.37375,16000,1,PCM_16
7093,train,4,2.6359375,16000,1,PCM_16
7094,train,1,1.8018125,16000,1,PCM_16
7095,train,2,2.8361875,16000,1,PCM_16
7096,train,3,2.0396875,16000,1,PCM_16
7097,train,4,1.93525,16000,1,PCM_16
7098,train,3,1.504625,16000,1,PCM_16
7099,test,-1,2.902875,16000,1,PCM_16
7100,train,1,2.402375,16000,1,PCM_16
7101,train,2,2.289125,16000,1,PCM_16
7102,train,2,2.402375,16000,1,PCM_16
7103,train,4,3.036375,16000,1,PCM_16
7104,train,4,2.93625,16000,1,PCM_16
7105,train,2,3.2699375,16000,1,PCM_16
7106,train,3,1.601625,16000,1,PCM_16
7107,train,5,2.402375,16000,1,PCM_16
7108,train,2,3.37,16000,1,PCM_16
7109,train,4,2.7318125,16000,1,PCM_16
7110,train,0,2.1045625,16000,1,PCM_16
7111,test,-1,2.035375,16000,1,PCM_16
7112,train,4,2.2068125,16000,1,PCM_16
7113,train,0,2.2689375,16000,1,PCM_16
7114,train,0,3.5035,16000,1,PCM_16
7115,test,-1,4.2709375,16000,1,PCM_16
7116,train,3,1.946125,16000,1,PCM_16
7117,train,3,2.8361875,16000,1,PCM_16
7118,train,2,2.7360625,16000,1,PCM_16
7119,train,0,1.8685625,16000,1,PCM_16
7120,train,3,2.3356875,16000,1,PCM_16
7121,train,5,2.6359375,16000,1,PCM_16
7122,train,4,4.2041875,16000,1,PCM_16
7123,train,3,2.1354375,16000,1,PCM_16
7124,train,4,2.8695625,16000,1,PCM_16
7125,test,-1,2.93625,16000,1,PCM_16
7126,train,3,1.515875,16000,1,PCM_16
7127,train,5,1.8805,16000,1,PCM_16
7128,train,3,2.7694375,16000,1,PCM_16
7129,train,1,2.535875,16000,1,PCM_16
7130,train,4,3.7036875,16000,1,PCM_16
7131,test,-1,2.8695,16000,1,PCM_16
7132,train,2,3.1364375,16000,1,PCM_16
7133,train,2,2.93625,16000,1,PCM_16
7134,train,3,2.43575,16000,1,PCM_16
7135,train,5,2.469125,16000,1,PCM_16
7136,train,0,2.8695,16000,1,PCM_16
7137,train,5,1.9599375,16000,1,PCM_16
7138,test,-1,3.7704375,16000,1,PCM_16
7139,train,3,2.2755625,16000,1,PCM_16
7140,test,-1,3.7370625,16000,1,PCM_16
7141,train,2,2.7694375,16000,1,PCM_16
7142,train,5,1.7684375,16000,1,PCM_16
7143,train,4,3.403375,16000,1,PCM_16
7144,train,3,2.035375,16000,1,PCM_16
7145,train,0,2.469125,16000,1,PCM_16
7146,train,3,2.102125,16000,1,PCM_16
7147,train,3,2.43575,16000,1,PCM_16
7148,train,4,4.8715625,16000,1,PCM_16
7149,train,4,2.535875,16000,1,PCM_16
7150,train,1,2.002,16000,1,PCM_16
7151,train,1,2.1688125,16000,1,PCM_16
7152,train,4,2.4549375,16000,1,PCM_16
7153,train,0,2.036,16000,1,PCM_16
7154,test,-1,2.1688125,16000,1,PCM_16
7155,train,3,3.8705625,16000,1,PCM_16
7156,train,1,2.06875,16000,1,PCM_16
7157,test,-1,2.469125,16000,1,PCM_16
7158,train,4,2.5025,16000,1,PCM_16
7159,test,-1,4.1708125,16000,1,PCM_16
7160,test,-1,3.7370625,16000,1,PCM_16
7161,train,2,2.102125,16000,1,PCM_16
7162,train,4,2.969625,16000,1,PCM_16
7163,train,3,3.2699375,16000,1,PCM_16
7164,train,1,2.535875,16000,1,PCM_16
7165,train,1,2.3356875,16000,1,PCM_16
7166,train,2,2.469125,16000,1,PCM_16
7167,train,3,2.2826875,16000,1,PCM_16
7168,train,2,3.43675,16000,1,PCM_16
7169,train,1,1.973625,16000,1,PCM_16
7170,test,-1,2.93625,16000,1,PCM_16
7171,train,0,2.1354375,16000,1,PCM_16
7172,train,2,2.2826875,16000,1,PCM_16
7173,train,2,2.47175,16000,1,PCM_16
7174,train,3,1.70175,16000,1,PCM_16
7175,train,2,3.536875,16000,1,PCM_16
7176,train,3,1.5999375,16000,1,PCM_16
7177,train,1,3.403375,16000,1,PCM_16
7178,train,2,2.5025,16000,1,PCM_16
7179,train,2,2.1415625,16000,1,PCM_16
7180,train,1,1.56825,16000,1,PCM_16
7181,train,2,2.7694375,16000,1,PCM_16
7182,train,0,3.003,16000,1,PCM_16
7183,train,5,2.1535,16000,1,PCM_16
7184,test,-1,3.637,16000,1,PCM_16
7185,train,2,2.2826875,16000,1,PCM_16
7186,train,3,2.56925,16000,1,PCM_16
7187,train,5,2.8028125,16000,1,PCM_16
7188,train,0,2.002,16000,1,PCM_16
7189,test,-1,2.7360625,16000,1,PCM_16
7190,train,0,2.3690625,16000,1,PCM_16
7191,test,-1,3.470125,16000,1,PCM_16
7192,train,0,1.4840625,16000,1,PCM_16
7193,train,3,2.1354375,16000,1,PCM_16
7194,train,1,1.9774375,16000,1,PCM_16
7195,train,5,2.1688125,16000,1,PCM_16
7196,train,3,1.5483125,16000,1,PCM_16
7197,train,3,1.7684375,16000,1,PCM_16
7198,train,3,1.477125,16000,1,PCM_16
7199,train,4,2.7026875,16000,1,PCM_16
7200,train,1,2.5025,16000,1,PCM_16
7201,train,1,2.2021875,16000,1,PCM_16
7202,test,-1,2.43575,16000,1,PCM_16
7203,train,3,2.969625,16000,1,PCM_16
7204,test,-1,1.93525,16000,1,PCM_16
7205,train,2,3.3033125,16000,1,PCM_16
7206,test,-1,2.7026875,16000,1,PCM_16
7207,train,2,2.8028125,16000,1,PCM_16
7208,train,3,1.532625,16000,1,PCM_16
7209,train,4,1.56825,16000,1,PCM_16
7210,test,-1,3.5035,16000,1,PCM_16
7211,train,0,2.34375,16000,1,PCM_16
7212,train,2,2.447125,16000,1,PCM_16
7213,train,3,2.969625,16000,1,PCM_16
7214,train,4,2.902875,16000,1,PCM_16
7215,train,2,2.269375,16000,1,PCM_16
7216,train,3,2.7694375,16000,1,PCM_16
7217,train,4,2.3768125,16000,1,PCM_16
7218,train,4,2.4549375,16000,1,PCM_16
7219,train,0,1.6960625,16000,1,PCM_16
7220,train,3,2.469125,16000,1,PCM_16
7221,train,4,2.3356875,16000,1,PCM_16
7222,train,4,1.534875,16000,1,PCM_16
7223,test,-1,2.2689375,16000,1,PCM_16
7224,test,-1,2.2689375,16000,1,PCM_16
7225,train,0,2.93625,16000,1,PCM_16
7226,train,3,2.6693125,16000,1,PCM_16
7227,train,2,2.8695,16000,1,PCM_16
7228,train,1,2.101125,16000,1,PCM_16
7229,train,2,3.7370625,16000,1,PCM_16
7230,train,5,3.103125,16000,1,PCM_16
7231,train,3,4.1374375,16000,1,PCM_16
7232,train,2,2.535875,16000,1,PCM_16
7233,train,4,4.07075,16000,1,PCM_16
7234,train,5,3.3033125,16000,1,PCM_16
7235,train,1,2.6359375,16000,1,PCM_16
7236,train,3,2.6693125,16000,1,PCM_16
7237,train,3,1.789,16000,1,PCM_16
7238,train,3,2.2021875,16000,1,PCM_16
7239,train,5,2.7026875,16000,1,PCM_16
7240,test,-1,2.2355625,16000,1,PCM_16
7241,train,2,2.93625,16000,1,PCM_16
7242,train,0,2.2826875,16000,1,PCM_16
7243,train,0,2.1688125,16000,1,PCM_16
7244,train,2,2.2755625,16000,1,PCM_16
7245,train,4,2.519125,16000,1,PCM_16
7246,test,-1,3.1698125,16000,1,PCM_16
7247,train,0,2.1169375,16000,1,PCM_16
7248,train,4,4.404375,16000,1,PCM_16
7249,train,0,2.8361875,16000,1,PCM_16
7250,train,4,2.48725,16000,1,PCM_16
7251,train,3,1.5561875,16000,1,PCM_16
7252,train,4,1.534875,16000,1,PCM_16
7253,train,1,2.1594375,16000,1,PCM_16
7254,train,5,2.211875,16000,1,PCM_16
7255,train,5,3.7370625,16000,1,PCM_16
7256,train,1,2.102125,16000,1,PCM_16
7257,train,1,1.9925,16000,1,PCM_16
7258,train,2,2.3023125,16000,1,PCM_16
7259,test,-1,4.1040625,16000,1,PCM_16
7260,train,3,1.56825,16000,1,PCM_16
7261,train,0,3.970625,16000,1,PCM_16
7262,test,-1,2.469125,16000,1,PCM_16
7263,train,3,2.93625,16000,1,PCM_16
7264,train,1,1.977875,16000,1,PCM_16
7265,train,5,2.56925,16000,1,PCM_16
7266,train,1,1.8878125,16000,1,PCM_16
7267,test,-1,1.901875,16000,1,PCM_16
7268,train,4,2.4231875,16000,1,PCM_16
7269,train,4,2.8028125,16000,1,PCM_16
7270,train,3,1.901875,16000,1,PCM_16
7271,train,0,2.7360625,16000,1,PCM_16
7272,train,4,2.102125,16000,1,PCM_16
7273,train,3,2.6693125,16000,1,PCM_16
7274,train,4,2.2826875,16000,1,PCM_16
7275,train,2,2.43575,16000,1,PCM_16
7276,train,0,3.6703125,16000,1,PCM_16
7277,train,5,2.7360625,16000,1,PCM_16
7278,train,1,2.6693125,16000,1,PCM_16
7279,test,-1,2.43575,16000,1,PCM_16
7280,test,-1,3.2031875,16000,1,PCM_16
7281,train,1,3.2699375,16000,1,PCM_16
7282,train,1,3.536875,16000,1,PCM_16
7283,train,2,2.402375,16000,1,PCM_16
7284,train,4,2.902875,16000,1,PCM_16
7285,train,5,3.2365625,16000,1,PCM_16
7286,test,-1,2.1688125,16000,1,PCM_16
7287,train,2,2.469125,16000,1,PCM_16
7288,train,0,2.56925,16000,1,PCM_16
7289,train,0,2.2505,16000,1,PCM_16
7290,test,-1,2.8028125,16000,1,PCM_16
7291,train,3,3.2699375,16000,1,PCM_16
7292,train,4,2.710875,16000,1,PCM_16
7293,train,5,2.8695625,16000,1,PCM_16
7294,train,1,2.2755625,16000,1,PCM_16
7295,train,5,3.2365625,16000,1,PCM_16
7296,test,-1,1.7684375,16000,1,PCM_16
7297,train,3,3.603625,16000,1,PCM_16
7298,test,-1,2.469125,16000,1,PCM_16
7299,train,0,2.5025,16000,1,PCM_16
7300,train,1,2.3023125,16000,1,PCM_16
7301,train,3,2.06875,16000,1,PCM_16
7302,train,1,3.003,16000,1,PCM_16
7303,train,5,2.0670625,16000,1,PCM_16
7304,train,0,1.65775,16000,1,PCM_16
7305,test,-1,3.6369375,16000,1,PCM_16
7306,train,5,1.9549375,16000,1,PCM_16
7307,train,5,2.1688125,16000,1,PCM_16
7308,train,3,1.7684375,16000,1,PCM_16
7309,train,4,2.535875,16000,1,PCM_16
7310,train,5,1.93825,16000,1,PCM_16
7311,train,0,2.8028125,16000,1,PCM_16
7312,train,3,3.2031875,16000,1,PCM_16
7313,train,2,2.1948125,16000,1,PCM_16
7314,test,-1,1.8685,16000,1,PCM_16
7315,train,2,2.8695625,16000,1,PCM_16
7316,train,3,1.5571875,16000,1,PCM_16
7317,test,-1,3.403375,16000,1,PCM_16
7318,train,3,2.7694375,16000,1,PCM_16
7319,train,4,3.8038125,16000,1,PCM_16
7320,train,3,2.035375,16000,1,PCM_16
7321,train,3,2.2826875,16000,1,PCM_16
7322,train,2,2.7694375,16000,1,PCM_16
7323,train,5,1.9186875,16000,1,PCM_16
7324,train,0,2.535875,16000,1,PCM_16
7325,train,2,2.1940625,16000,1,PCM_16
7326,train,4,3.93725,16000,1,PCM_16
7327,test,-1,2.2689375,16000,1,PCM_16
7328,test,-1,1.8351875,16000,1,PCM_16
7329,test,-1,2.535875,16000,1,PCM_16
7330,test,-1,2.902875,16000,1,PCM_16
7331,test,-1,2.3356875,16000,1,PCM_16
7332,train,5,1.8351875,16000,1,PCM_16
7333,test,-1,4.2375625,16000,1,PCM_16
7334,train,5,2.0325,16000,1,PCM_16
7335,test,-1,2.3023125,16000,1,PCM_16
7336,train,4,2.602625,16000,1,PCM_16
7337,train,4,3.2365625,16000,1,PCM_16
7338,train,5,2.535875,16000,1,PCM_16
7339,train,0,2.56925,16000,1,PCM_16
7340,train,3,2.56925,16000,1,PCM_16
7341,train,0,2.1354375,16000,1,PCM_16
7342,train,0,2.56925,16000,1,PCM_16
7343,train,5,2.1495625,16000,1,PCM_16
7344,train,1,1.9418125,16000,1,PCM_16
7345,train,4,2.34175,16000,1,PCM_16
7346,train,2,2.218875,16000,1,PCM_16
7347,train,2,2.3023125,16000,1,PCM_16
7348,train,5,2.3356875,16000,1,PCM_16
7349,test,-1,2.002,16000,1,PCM_16
7350,train,1,2.2755625,16000,1,PCM_16
7351,train,1,1.927375,16000,1,PCM_16
7352,train,4,2.2343125,16000,1,PCM_16
7353,train,3,2.43575,16000,1,PCM_16
7354,train,2,1.901875,16000,1,PCM_16
7355,train,4,2.2826875,16000,1,PCM_16
7356,train,5,2.2540625,16000,1,PCM_16
7357,train,1,2.7694375,16000,1,PCM_16
7358,train,5,1.7350625,16000,1,PCM_16
7359,train,1,3.7704375,16000,1,PCM_16
7360,train,4,3.3033125,16000,1,PCM_16
7361,train,2,4.7380625,16000,1,PCM_16
7362,train,4,3.103125,16000,1,PCM_16
7363,train,4,2.2021875,16000,1,PCM_16
7364,train,4,2.56925,16000,1,PCM_16
7365,train,4,2.396875,16000,1,PCM_16
7366,train,3,1.807125,16000,1,PCM_16
7367,train,5,1.93525,16000,1,PCM_16
7368,train,0,2.7026875,16000,1,PCM_16
7369,train,2,2.2689375,16000,1,PCM_16
7370,test,-1,2.6359375,16000,1,PCM_16
7371,train,2,2.1354375,16000,1,PCM_16
7372,train,2,2.06875,16000,1,PCM_16
7373,train,0,1.93525,16000,1,PCM_16
7374,train,2,2.2440625,16000,1,PCM_16
7375,train,4,4.1375,16000,1,PCM_16
7376,test,-1,3.003,16000,1,PCM_16
7377,train,4,2.2729375,16000,1,PCM_16
7378,train,4,4.104125,16000,1,PCM_16
7379,train,5,3.036375,16000,1,PCM_16
7380,train,1,2.5025,16000,1,PCM_16
7381,train,0,2.7694375,16000,1,PCM_16
7382,train,2,2.602625,16000,1,PCM_16
7383,train,4,2.8361875,16000,1,PCM_16
7384,train,1,2.8028125,16000,1,PCM_16
7385,train,2,2.902875,16000,1,PCM_16
7386,train,1,2.15125,16000,1,PCM_16
7387,train,3,1.7418125,16000,1,PCM_16
7388,train,1,1.8849375,16000,1,PCM_16
7389,train,5,2.602625,16000,1,PCM_16
7390,train,2,2.002,16000,1,PCM_16
7391,train,5,2.2826875,16000,1,PCM_16
7392,train,4,2.5633125,16000,1,PCM_16
7393,test,-1,2.2355625,16000,1,PCM_16
7394,train,5,2.175125,16000,1,PCM_16
7395,test,-1,2.969625,16000,1,PCM_16
7396,train,5,2.1688125,16000,1,PCM_16
7397,train,3,1.8018125,16000,1,PCM_16
7398,train,2,2.3690625,16000,1,PCM_16
7399,train,3,1.3124375,16000,1,PCM_16
7400,train,2,3.7704375,16000,1,PCM_16
7401,train,0,2.327125,16000,1,PCM_16
7402,train,4,3.6369375,16000,1,PCM_16
7403,train,5,1.953625,16000,1,PCM_16
7404,test,-1,2.6693125,16000,1,PCM_16
7405,train,3,2.06875,16000,1,PCM_16
7406,train,1,1.8229375,16000,1,PCM_16
7407,test,-1,2.402375,16000,1,PCM_16
7408,train,1,2.035375,16000,1,PCM_16
7409,train,2,2.102125,16000,1,PCM_16
7410,train,2,2.6985,16000,1,PCM_16
7411,train,5,2.06875,16000,1,PCM_16
7412,train,4,2.4765625,16000,1,PCM_16
7413,train,3,1.7033125,16000,1,PCM_16
7414,train,1,1.81275,16000,1,PCM_16
7415,train,2,2.2355625,16000,1,PCM_16
7416,train,0,1.601625,16000,1,PCM_16
7417,train,0,2.2355625,16000,1,PCM_16
7418,test,-1,2.6693125,16000,1,PCM_16
7419,train,0,3.003,16000,1,PCM_16
7420,train,1,2.5025,16000,1,PCM_16
7421,train,2,1.968625,16000,1,PCM_16
7422,train,4,3.470125,16000,1,PCM_16
7423,train,0,3.603625,16000,1,PCM_16
7424,train,1,2.13425,16000,1,PCM_16
7425,train,0,2.1190625,16000,1,PCM_16
7426,train,0,1.613125,16000,1,PCM_16
7427,train,1,2.035375,16000,1,PCM_16
7428,train,5,2.004625,16000,1,PCM_16
7429,train,0,2.602625,16000,1,PCM_16
7430,train,3,2.002,16000,1,PCM_16
7431,train,1,1.968625,16000,1,PCM_16
7432,train,3,3.2365625,16000,1,PCM_16
7433,train,2,2.902875,16000,1,PCM_16
7434,test,-1,3.1698125,16000,1,PCM_16
7435,train,1,2.56925,16000,1,PCM_16
7436,train,5,3.2365625,16000,1,PCM_16
7437,test,-1,2.8361875,16000,1,PCM_16
7438,train,3,1.9505,16000,1,PCM_16
7439,test,-1,2.369,16000,1,PCM_16
7440,train,2,2.56925,16000,1,PCM_16
7441,train,4,2.371625,16000,1,PCM_16
7442,train,1,2.535875,16000,1,PCM_16
7443,train,0,3.970625,16000,1,PCM_16
7444,train,0,3.2365625,16000,1,PCM_16
7445,train,4,2.599375,16000,1,PCM_16
7446,train,4,2.93625,16000,1,PCM_16
7447,test,-1,2.469125,16000,1,PCM_16
7448,train,4,3.903875,16000,1,PCM_16
7449,train,2,3.8038125,16000,1,PCM_16
7450,train,0,3.57025,16000,1,PCM_16
7451,train,1,1.6349375,16000,1,PCM_16
7452,train,1,2.7360625,16000,1,PCM_16
7453,train,2,2.2689375,16000,1,PCM_16
7454,train,3,2.56925,16000,1,PCM_16
7455,train,4,2.464875,16000,1,PCM_16
7456,train,3,1.5814375,16000,1,PCM_16
7457,test,-1,3.970625,16000,1,PCM_16
7458,train,0,2.22575,16000,1,PCM_16
7459,train,4,2.6359375,16000,1,PCM_16
7460,train,4,2.56925,16000,1,PCM_16
7461,test,-1,2.43575,16000,1,PCM_16
7462,test,-1,2.469125,16000,1,PCM_16
7463,test,-1,2.56925,16000,1,PCM_16
7464,test,-1,3.403375,16000,1,PCM_16
7465,train,5,3.5035,16000,1,PCM_16
7466,train,2,2.1354375,16000,1,PCM_16
7467,test,-1,2.602625,16000,1,PCM_16
7468,test,-1,2.7026875,16000,1,PCM_16
7469,train,2,2.93625,16000,1,PCM_16
7470,train,3,2.7694375,16000,1,PCM_16
7471,train,4,3.036375,16000,1,PCM_16
7472,train,1,4.2041875,16000,1,PCM_16
7473,train,5,2.0951875,16000,1,PCM_16
7474,train,1,3.2365625,16000,1,PCM_16
7475,test,-1,3.7370625,16000,1,PCM_16
7476,train,1,1.897625,16000,1,PCM_16
7477,train,4,2.7026875,16000,1,PCM_16
7478,train,1,2.006125,16000,1,PCM_16
7479,test,-1,2.3023125,16000,1,PCM_16
7480,train,4,2.2826875,16000,1,PCM_16
7481,test,-1,3.8371875,16000,1,PCM_16
7482,train,1,2.469125,16000,1,PCM_16
7483,train,0,2.969625,16000,1,PCM_16
7484,train,3,2.535875,16000,1,PCM_16
7485,train,3,1.6618125,16000,1,PCM_16
7486,train,2,2.19425,16000,1,PCM_16
7487,test,-1,3.8038125,16000,1,PCM_16
7488,train,3,2.6693125,16000,1,PCM_16
7489,train,0,2.2355625,16000,1,PCM_16
7490,train,2,2.2021875,16000,1,PCM_16
7491,test,-1,2.3356875,16000,1,PCM_16
7492,train,5,1.7826875,16000,1,PCM_16
7493,train,0,2.1354375,16000,1,PCM_16
7494,train,3,1.6349375,16000,1,PCM_16
7495,train,2,3.5035,16000,1,PCM_16
7496,train,0,1.901875,16000,1,PCM_16
7497,train,5,1.956375,16000,1,PCM_16
7498,train,3,2.402375,16000,1,PCM_16
7499,test,-1,1.6349375,16000,1,PCM_16
7500,test,-1,3.37,16000,1,PCM_16
7501,train,1,2.43575,16000,1,PCM_16
7502,train,4,2.6359375,16000,1,PCM_16
7503,train,4,2.2755625,16000,1,PCM_16
7504,test,-1,4.1708125,16000,1,PCM_16
7505,train,4,2.1354375,16000,1,PCM_16
7506,train,4,3.1364375,16000,1,PCM_16
7507,test,-1,2.1354375,16000,1,PCM_16
7508,test,-1,2.93625,16000,1,PCM_16
7509,train,5,3.1698125,16000,1,PCM_16
7510,train,3,3.3700625,16000,1,PCM_16
7511,train,3,3.6703125,16000,1,PCM_16
7512,train,5,2.0916875,16000,1,PCM_16
7513,train,1,2.002,16000,1,PCM_16
7514,train,2,2.4755,16000,1,PCM_16
7515,train,4,2.6693125,16000,1,PCM_16
7516,train,0,3.7704375,16000,1,PCM_16
7517,train,5,2.102125,16000,1,PCM_16
7518,train,2,3.1698125,16000,1,PCM_16
7519,train,2,2.26175,16000,1,PCM_16
7520,train,1,2.3356875,16000,1,PCM_16
7521,test,-1,3.1698125,16000,1,PCM_16
7522,train,1,1.9736875,16000,1,PCM_16
7523,test,-1,4.104125,16000,1,PCM_16
7524,train,3,3.93725,16000,1,PCM_16
7525,train,3,2.8028125,16000,1,PCM_16
7526,train,0,2.7694375,16000,1,PCM_16
7527,train,0,2.7360625,16000,1,PCM_16
7528,train,4,3.103125,16000,1,PCM_16
7529,train,1,3.970625,16000,1,PCM_16
7530,train,4,2.2689375,16000,1,PCM_16
7531,train,1,3.2699375,16000,1,PCM_16
7532,train,0,2.1354375,16000,1,PCM_16
7533,test,-1,2.6359375,16000,1,PCM_16
7534,train,0,2.5025,16000,1,PCM_16
7535,train,1,1.8018125,16000,1,PCM_16
7536,train,2,2.182875,16000,1,PCM_16
7537,train,2,2.0825625,16000,1,PCM_16
7538,train,3,1.9510625,16000,1,PCM_16
7539,train,4,2.002,16000,1,PCM_16
7540,test,-1,3.6703125,16000,1,PCM_16
7541,train,5,2.43575,16000,1,PCM_16
7542,train,5,3.003,16000,1,PCM_16
7543,test,-1,2.402375,16000,1,PCM_16
7544,train,0,2.369,16000,1,PCM_16
7545,train,2,2.2755625,16000,1,PCM_16
7546,train,1,2.2249375,16000,1,PCM_16
7547,train,0,2.166,16000,1,PCM_16
7548,train,2,2.002,16000,1,PCM_16
7549,train,2,2.2689375,16000,1,PCM_16
7550,train,0,1.8018125,16000,1,PCM_16
7551,train,2,2.1688125,16000,1,PCM_16
7552,test,-1,3.603625,16000,1,PCM_16
7553,test,-1,2.535875,16000,1,PCM_16
7554,test,-1,3.2699375,16000,1,PCM_16
7555,train,0,1.8685,16000,1,PCM_16
7556,test,-1,2.6359375,16000,1,PCM_16
7557,train,4,3.2365625,16000,1,PCM_16
7558,train,5,2.06875,16000,1,PCM_16
7559,train,5,2.2021875,16000,1,PCM_16
7560,train,3,2.06875,16000,1,PCM_16
7561,test,-1,2.06875,16000,1,PCM_16
7562,train,1,3.3366875,16000,1,PCM_16
7563,train,1,2.8361875,16000,1,PCM_16
7564,train,2,2.6693125,16000,1,PCM_16
7565,test,-1,3.37,16000,1,PCM_16
7566,train,1,2.402375,16000,1,PCM_16
7567,train,0,1.535,16000,1,PCM_16
7568,test,-1,3.8038125,16000,1,PCM_16
7569,train,2,2.4999375,16000,1,PCM_16
7570,train,5,2.5025,16000,1,PCM_16
7571,train,5,1.7985,16000,1,PCM_16
7572,train,3,3.06975,16000,1,PCM_16
7573,test,-1,1.8018125,16000,1,PCM_16
7574,train,1,2.8028125,16000,1,PCM_16
7575,train,5,3.3700625,16000,1,PCM_16
7576,train,3,2.7026875,16000,1,PCM_16
7577,train,4,2.6693125,16000,1,PCM_16
7578,test,-1,2.7694375,16000,1,PCM_16
7579,train,3,2.7026875,16000,1,PCM_16
7580,train,0,2.102125,16000,1,PCM_16
7581,train,1,1.9306875,16000,1,PCM_16
7582,train,1,2.3356875,16000,1,PCM_16
7583,train,3,1.901875,16000,1,PCM_16
7584,test,-1,2.2689375,16000,1,PCM_16
7585,train,0,3.9039375,16000,1,PCM_16
7586,train,2,2.2689375,16000,1,PCM_16
7587,train,4,3.2699375,16000,1,PCM_16
7588,train,5,2.1354375,16000,1,PCM_16
7589,train,4,3.103125,16000,1,PCM_16
7590,train,4,2.2826875,16000,1,PCM_16
7591,train,1,1.9593125,16000,1,PCM_16
7592,train,5,2.2418125,16000,1,PCM_16
7593,train,1,3.93725,16000,1,PCM_16
7594,train,2,3.2365625,16000,1,PCM_16
7595,train,5,3.43675,16000,1,PCM_16
7596,train,5,2.2559375,16000,1,PCM_16
7597,train,4,2.8361875,16000,1,PCM_16
7598,train,3,2.3023125,16000,1,PCM_16
7599,train,4,2.2355625,16000,1,PCM_16
7600,train,3,2.402375,16000,1,PCM_16
7601,train,3,1.55625,16000,1,PCM_16
7602,train,1,2.3356875,16000,1,PCM_16
7603,train,5,2.1169375,16000,1,PCM_16
7604,train,1,1.8018125,16000,1,PCM_16
7605,train,3,2.1354375,16000,1,PCM_16
7606,train,1,2.1688125,16000,1,PCM_16
7607,test,-1,2.6693125,16000,1,PCM_16
7608,train,2,2.621,16000,1,PCM_16
7609,train,1,2.155625,16000,1,PCM_16
7610,train,3,1.3869375,16000,1,PCM_16
7611,train,4,2.2559375,16000,1,PCM_16
7612,train,5,3.6369375,16000,1,PCM_16
7613,test,-1,4.037375,16000,1,PCM_16
7614,train,4,3.06975,16000,1,PCM_16
7615,train,3,2.002,16000,1,PCM_16
7616,train,2,2.93625,16000,1,PCM_16
7617,train,2,3.93725,16000,1,PCM_16
7618,train,4,2.2721875,16000,1,PCM_16
7619,train,0,2.8028125,16000,1,PCM_16
7620,train,2,2.6693125,16000,1,PCM_16
7621,train,5,2.56925,16000,1,PCM_16
7622,train,5,1.8351875,16000,1,PCM_16
7623,train,1,2.2021875,16000,1,PCM_16
7624,train,2,3.903875,16000,1,PCM_16
7625,train,2,2.1354375,16000,1,PCM_16
7626,train,4,2.902875,16000,1,PCM_16
7627,train,4,2.2689375,16000,1,PCM_16
7628,test,-1,3.1698125,16000,1,PCM_16
7629,train,1,2.7026875,16000,1,PCM_16
7630,train,5,1.901875,16000,1,PCM_16
7631,train,4,3.903875,16000,1,PCM_16
7632,train,2,2.50625,16000,1,PCM_16
7633,train,3,2.8028125,16000,1,PCM_16
7634,test,-1,2.6359375,16000,1,PCM_16
7635,train,3,2.402375,16000,1,PCM_16
7636,train,2,2.8695,16000,1,PCM_16
7637,train,4,2.602625,16000,1,PCM_16
7638,train,2,2.43575,16000,1,PCM_16
7639,train,5,2.2689375,16000,1,PCM_16
7640,train,2,3.536875,16000,1,PCM_16
7641,test,-1,3.7036875,16000,1,PCM_16
7642,train,1,1.69225,16000,1,PCM_16
7643,train,5,1.83725,16000,1,PCM_16
7644,train,5,2.535875,16000,1,PCM_16
7645,train,1,3.7704375,16000,1,PCM_16
7646,test,-1,2.469125,16000,1,PCM_16
7647,train,0,2.102125,16000,1,PCM_16
7648,test,-1,2.2826875,16000,1,PCM_16
7649,test,-1,3.6369375,16000,1,PCM_16
7650,test,-1,3.06975,16000,1,PCM_16
7651,train,0,2.469125,16000,1,PCM_16
7652,train,3,1.446125,16000,1,PCM_16
7653,train,1,3.103125,16000,1,PCM_16
7654,train,2,2.369,16000,1,PCM_16
7655,test,-1,2.902875,16000,1,PCM_16
7656,train,0,2.035375,16000,1,PCM_16
7657,train,3,3.2365625,16000,1,PCM_16
7658,train,3,1.6655625,16000,1,PCM_16
7659,train,4,3.06975,16000,1,PCM_16
7660,test,-1,3.3033125,16000,1,PCM_16
7661,test,-1,3.1698125,16000,1,PCM_16
7662,train,2,3.3700625,16000,1,PCM_16
7663,train,4,2.1688125,16000,1,PCM_16
7664,train,4,2.0774375,16000,1,PCM_16
7665,train,5,2.20025,16000,1,PCM_16
7666,test,-1,2.2021875,16000,1,PCM_16
7667,train,4,2.282625,16000,1,PCM_16
7668,train,3,1.8061875,16000,1,PCM_16
7669,train,3,2.93625,16000,1,PCM_16
7670,train,4,3.1364375,16000,1,PCM_16
7671,train,2,2.208,16000,1,PCM_16
7672,train,0,2.602625,16000,1,PCM_16
7673,train,0,2.5025,16000,1,PCM_16
7674,train,1,2.1688125,16000,1,PCM_16
7675,train,3,2.2689375,16000,1,PCM_16
7676,train,4,2.1688125,16000,1,PCM_16
7677,train,0,1.841625,16000,1,PCM_16
7678,test,-1,2.6693125,16000,1,PCM_16
7679,test,-1,2.3023125,16000,1,PCM_16
7680,train,4,2.1354375,16000,1,PCM_16
7681,train,5,2.2021875,16000,1,PCM_16
7682,test,-1,2.93625,16000,1,PCM_16
7683,train,3,1.6608125,16000,1,PCM_16
7684,train,5,2.2755625,16000,1,PCM_16
7685,train,1,3.57025,16000,1,PCM_16
7686,train,0,3.036375,16000,1,PCM_16
7687,train,0,2.1010625,16000,1,PCM_16
7688,train,0,2.535875,16000,1,PCM_16
7689,test,-1,2.2755625,16000,1,PCM_16
7690,train,2,3.637,16000,1,PCM_16
7691,train,2,3.003,16000,1,PCM_16
7692,test,-1,2.902875,16000,1,PCM_16
7693,train,4,3.2699375,16000,1,PCM_16
7694,train,0,3.8038125,16000,1,PCM_16
7695,train,5,2.56925,16000,1,PCM_16
7696,test,-1,3.6703125,16000,1,PCM_16
7697,train,2,3.06975,16000,1,PCM_16
7698,train,0,2.6359375,16000,1,PCM_16
7699,train,5,2.2021875,16000,1,PCM_16
7700,test,-1,1.8018125,16000,1,PCM_16
7701,train,4,3.003,16000,1,PCM_16
7702,train,3,1.7269375,16000,1,PCM_16
7703,train,1,3.7704375,16000,1,PCM_16
7704,train,4,3.2365625,16000,1,PCM_16
7705,train,0,2.602625,16000,1,PCM_16
7706,train,0,2.2755,16000,1,PCM_16
7707,train,4,2.6359375,16000,1,PCM_16
7708,train,3,2.1688125,16000,1,PCM_16
7709,train,1,3.57025,16000,1,PCM_16
7710,train,4,2.369,16000,1,PCM_16
7711,train,4,3.7704375,16000,1,PCM_16
7712,train,5,2.035375,16000,1,PCM_16
7713,train,0,3.003,16000,1,PCM_16
7714,train,4,2.309375,16000,1,PCM_16
7715,train,2,2.4961875,16000,1,PCM_16
7716,train,3,1.93525,16000,1,PCM_16
7717,train,0,3.103125,16000,1,PCM_16
7718,train,2,2.3023125,16000,1,PCM_16
7719,train,2,3.103125,16000,1,PCM_16
7720,train,0,3.1698125,16000,1,PCM_16
7721,train,3,3.1698125,16000,1,PCM_16
7722,train,2,2.8361875,16000,1,PCM_16
7723,train,5,1.901875,16000,1,PCM_16
7724,train,2,3.2031875,16000,1,PCM_16
7725,train,0,3.603625,16000,1,PCM_16
7726,train,3,2.002,16000,1,PCM_16
7727,train,3,2.56925,16000,1,PCM_16
7728,train,3,2.1688125,16000,1,PCM_16
7729,train,3,2.7694375,16000,1,PCM_16
7730,test,-1,2.5025,16000,1,PCM_16
7731,train,1,1.786875,16000,1,PCM_16
7732,train,1,2.469125,16000,1,PCM_16
7733,train,1,2.2021875,16000,1,PCM_16
7734,test,-1,4.004,16000,1,PCM_16
7735,train,3,1.4928125,16000,1,PCM_16
7736,train,0,3.43675,16000,1,PCM_16
7737,train,2,2.3584375,16000,1,PCM_16
7738,train,0,1.93525,16000,1,PCM_16
7739,train,1,2.06875,16000,1,PCM_16
7740,test,-1,2.969625,16000,1,PCM_16
7741,train,0,3.7370625,16000,1,PCM_16
7742,train,0,2.1354375,16000,1,PCM_16
7743,train,3,1.619875,16000,1,PCM_16
7744,test,-1,2.602625,16000,1,PCM_16
7745,train,4,3.036375,16000,1,PCM_16
7746,train,1,2.2755625,16000,1,PCM_16
7747,train,5,2.6359375,16000,1,PCM_16
7748,train,1,2.7694375,16000,1,PCM_16
7749,train,1,2.2021875,16000,1,PCM_16
7750,train,1,3.5035,16000,1,PCM_16
7751,train,2,2.396875,16000,1,PCM_16
7752,train,1,1.975875,16000,1,PCM_16
7753,train,1,1.7663125,16000,1,PCM_16
7754,train,5,3.2699375,16000,1,PCM_16
7755,train,2,2.6863125,16000,1,PCM_16
7756,train,0,2.93625,16000,1,PCM_16
7757,train,2,2.6359375,16000,1,PCM_16
7758,train,5,2.024375,16000,1,PCM_16
7759,train,5,2.1560625,16000,1,PCM_16
7760,train,1,3.403375,16000,1,PCM_16
7761,train,0,2.002,16000,1,PCM_16
7762,train,1,2.3023125,16000,1,PCM_16
7763,train,4,2.1688125,16000,1,PCM_16
7764,train,4,2.43575,16000,1,PCM_16
7765,train,3,2.06875,16000,1,PCM_16
7766,train,5,2.535875,16000,1,PCM_16
7767,train,0,2.2755625,16000,1,PCM_16
7768,train,3,1.4539375,16000,1,PCM_16
7769,train,5,2.2021875,16000,1,PCM_16
7770,train,4,3.8371875,16000,1,PCM_16
7771,train,5,2.109875,16000,1,PCM_16
7772,train,0,1.6958125,16000,1,PCM_16
7773,train,3,3.37,16000,1,PCM_16
7774,test,-1,2.3356875,16000,1,PCM_16
7775,train,2,2.1354375,16000,1,PCM_16
7776,train,2,2.469125,16000,1,PCM_16
7777,test,-1,3.7036875,16000,1,PCM_16
7778,test,-1,2.3023125,16000,1,PCM_16
7779,train,3,1.709125,16000,1,PCM_16
7780,train,2,2.6693125,16000,1,PCM_16
7781,train,5,2.322125,16000,1,PCM_16
7782,train,1,2.369,16000,1,PCM_16
7783,train,5,2.0259375,16000,1,PCM_16
7784,test,-1,2.2755625,16000,1,PCM_16
7785,train,3,1.7815,16000,1,PCM_16
7786,train,3,3.5035,16000,1,PCM_16
7787,train,4,2.3090625,16000,1,PCM_16
7788,train,0,2.902875,16000,1,PCM_16
7789,test,-1,2.602625,16000,1,PCM_16
7790,train,3,2.3356875,16000,1,PCM_16
7791,test,-1,2.5025,16000,1,PCM_16
7792,train,4,4.1040625,16000,1,PCM_16
7793,train,5,2.8361875,16000,1,PCM_16
7794,train,4,2.035375,16000,1,PCM_16
7795,train,2,3.603625,16000,1,PCM_16
7796,train,2,2.3690625,16000,1,PCM_16
7797,train,4,3.93725,16000,1,PCM_16
7798,train,2,2.3471875,16000,1,PCM_16
7799,train,0,2.3356875,16000,1,PCM_16
7800,train,5,2.2755625,16000,1,PCM_16
7801,train,3,2.8028125,16000,1,PCM_16
7802,train,0,4.2709375,16000,1,PCM_16
7803,train,1,2.063625,16000,1,PCM_16
7804,train,5,1.93525,16000,1,PCM_16
7805,train,0,2.3690625,16000,1,PCM_16
7806,train,3,1.6563125,16000,1,PCM_16
7807,train,3,2.002,16000,1,PCM_16
7808,train,0,1.534875,16000,1,PCM_16
7809,test,-1,3.06975,16000,1,PCM_16
7810,train,1,2.2826875,16000,1,PCM_16
7811,train,0,3.536875,16000,1,PCM_16
7812,train,2,2.8361875,16000,1,PCM_16
7813,train,0,2.102125,16000,1,PCM_16
7814,test,-1,3.1364375,16000,1,PCM_16
7815,train,1,2.7026875,16000,1,PCM_16
7816,train,2,2.06875,16000,1,PCM_16
7817,train,5,2.1354375,16000,1,PCM_16
7818,train,5,2.6693125,16000,1,PCM_16
7819,train,2,3.003,16000,1,PCM_16
7820,train,2,2.102125,16000,1,PCM_16
7821,train,2,2.3873125,16000,1,PCM_16
7822,train,5,2.2021875,16000,1,PCM_16
7823,train,4,4.1374375,16000,1,PCM_16
7824,train,3,2.3356875,16000,1,PCM_16
7825,train,2,2.1688125,16000,1,PCM_16
7826,train,4,2.5866875,16000,1,PCM_16
7827,train,0,1.5274375,16000,1,PCM_16
7828,train,1,2.6359375,16000,1,PCM_16
7829,test,-1,3.1364375,16000,1,PCM_16
7830,train,3,3.93725,16000,1,PCM_16
7831,train,2,3.6703125,16000,1,PCM_16
7832,test,-1,2.5025,16000,1,PCM_16
7833,train,0,1.4274375,16000,1,PCM_16
7834,train,3,2.535875,16000,1,PCM_16
7835,train,4,2.56925,16000,1,PCM_16
7836,train,1,1.93525,16000,1,PCM_16
7837,train,4,2.93625,16000,1,PCM_16
7838,train,4,2.6909375,16000,1,PCM_16
7839,train,2,3.536875,16000,1,PCM_16
7840,train,1,1.7684375,16000,1,PCM_16
7841,train,5,1.8748125,16000,1,PCM_16
7842,train,0,2.7694375,16000,1,PCM_16
7843,train,4,2.035375,16000,1,PCM_16
7844,train,1,2.3023125,16000,1,PCM_16
7845,train,5,2.2021875,16000,1,PCM_16
7846,train,1,2.93625,16000,1,PCM_16
7847,train,4,2.5900625,16000,1,PCM_16
7848,train,2,2.06875,16000,1,PCM_16
7849,train,5,2.93625,16000,1,PCM_16
7850,train,1,1.8351875,16000,1,PCM_16
7851,train,2,3.103125,16000,1,PCM_16
7852,train,1,2.1688125,16000,1,PCM_16
7853,train,0,1.5390625,16000,1,PCM_16
7854,train,3,3.1364375,16000,1,PCM_16
7855,train,1,3.1698125,16000,1,PCM_16
7856,train,1,2.002,16000,1,PCM_16
7857,test,-1,2.6693125,16000,1,PCM_16
7858,train,3,2.369,16000,1,PCM_16
7859,train,4,1.7350625,16000,1,PCM_16
7860,train,5,2.402375,16000,1,PCM_16
7861,train,4,3.403375,16000,1,PCM_16
7862,train,1,4.3043125,16000,1,PCM_16
7863,train,5,2.602625,16000,1,PCM_16
7864,train,4,3.637,16000,1,PCM_16
7865,train,2,2.7360625,16000,1,PCM_16
7866,train,3,2.7360625,16000,1,PCM_16
7867,train,2,1.7684375,16000,1,PCM_16
7868,train,4,2.93625,16000,1,PCM_16
7869,train,1,2.035375,16000,1,PCM_16
7870,train,4,2.402375,16000,1,PCM_16
7871,train,5,2.00825,16000,1,PCM_16
7872,train,0,2.2755625,16000,1,PCM_16
7873,train,3,2.035375,16000,1,PCM_16
7874,train,4,2.6359375,16000,1,PCM_16
7875,train,0,2.7026875,16000,1,PCM_16
7876,train,3,1.8685,16000,1,PCM_16
7877,test,-1,3.5035,16000,1,PCM_16
7878,train,4,2.8361875,16000,1,PCM_16
7879,train,0,2.7026875,16000,1,PCM_16
7880,train,4,3.57025,16000,1,PCM_16
7881,train,0,3.2031875,16000,1,PCM_16
7882,train,1,3.470125,16000,1,PCM_16
7883,train,5,2.56925,16000,1,PCM_16
7884,train,3,2.2021875,16000,1,PCM_16
7885,train,0,2.6359375,16000,1,PCM_16
7886,test,-1,1.968625,16000,1,PCM_16
7887,train,5,2.1688125,16000,1,PCM_16
7888,train,4,3.6369375,16000,1,PCM_16
7889,train,0,3.103125,16000,1,PCM_16
7890,train,2,2.469125,16000,1,PCM_16
7891,train,4,2.2355625,16000,1,PCM_16
7892,test,-1,2.3023125,16000,1,PCM_16
7893,train,0,2.8361875,16000,1,PCM_16
7894,train,1,1.56825,16000,1,PCM_16
7895,train,0,2.7360625,16000,1,PCM_16
7896,train,5,2.1688125,16000,1,PCM_16
7897,test,-1,2.8695625,16000,1,PCM_16
7898,train,1,2.2689375,16000,1,PCM_16
7899,train,4,3.6369375,16000,1,PCM_16
7900,train,1,1.968625,16000,1,PCM_16
7901,train,5,2.3356875,16000,1,PCM_16
7902,train,5,3.036375,16000,1,PCM_16
7903,train,1,1.979875,16000,1,PCM_16
7904,train,2,2.1859375,16000,1,PCM_16
7905,train,3,2.3023125,16000,1,PCM_16
7906,train,2,4.104125,16000,1,PCM_16
7907,train,0,3.06975,16000,1,PCM_16
7908,train,3,1.6288125,16000,1,PCM_16
7909,train,1,2.3356875,16000,1,PCM_16
7910,test,-1,3.103125,16000,1,PCM_16
7911,test,-1,2.3023125,16000,1,PCM_16
7912,train,5,2.43575,16000,1,PCM_16
7913,train,5,2.0825625,16000,1,PCM_16
7914,test,-1,2.6693125,16000,1,PCM_16
7915,test,-1,3.7370625,16000,1,PCM_16
7916,train,5,2.56925,16000,1,PCM_16
7917,train,3,2.102125,16000,1,PCM_16
7918,train,4,3.903875,16000,1,PCM_16
7919,train,4,4.037375,16000,1,PCM_16
7920,train,5,2.2528125,16000,1,PCM_16
7921,train,4,2.06875,16000,1,PCM_16
7922,train,3,2.6359375,16000,1,PCM_16
7923,train,0,1.56825,16000,1,PCM_16
7924,train,0,1.6683125,16000,1,PCM_16
7925,train,4,2.3555,16000,1,PCM_16
7926,train,3,2.2021875,16000,1,PCM_16
7927,train,2,1.7684375,16000,1,PCM_16
7928,train,2,3.603625,16000,1,PCM_16
7929,train,4,2.7026875,16000,1,PCM_16
7930,test,-1,2.6693125,16000,1,PCM_16
7931,train,1,2.8028125,16000,1,PCM_16
7932,test,-1,2.969625,16000,1,PCM_16
7933,train,0,2.7360625,16000,1,PCM_16
7934,train,2,1.93525,16000,1,PCM_16
7935,train,2,2.7360625,16000,1,PCM_16
7936,test,-1,2.035375,16000,1,PCM_16
7937,train,3,2.2689375,16000,1,PCM_16
7938,train,0,1.5671875,16000,1,PCM_16
7939,train,2,2.4919375,16000,1,PCM_16
7940,train,2,2.035375,16000,1,PCM_16
7941,train,3,1.677875,16000,1,PCM_16
7942,train,3,2.2755625,16000,1,PCM_16
7943,train,2,2.446125,16000,1,PCM_16
7944,train,5,1.9854375,16000,1,PCM_16
7945,train,3,2.7026875,16000,1,PCM_16
7946,train,2,2.2689375,16000,1,PCM_16
7947,train,5,3.003,16000,1,PCM_16
7948,train,2,2.5025,16000,1,PCM_16
7949,train,2,3.003,16000,1,PCM_16
7950,train,4,2.3356875,16000,1,PCM_16
7951,test,-1,2.535875,16000,1,PCM_16
7952,train,0,2.6359375,16000,1,PCM_16
7953,train,0,2.8695625,16000,1,PCM_16
7954,train,0,2.3023125,16000,1,PCM_16
7955,train,2,2.369,16000,1,PCM_16
7956,train,1,1.6683125,16000,1,PCM_16
7957,train,4,2.8361875,16000,1,PCM_16
7958,train,4,4.537875,16000,1,PCM_16
7959,train,2,2.369,16000,1,PCM_16
7960,train,0,3.1698125,16000,1,PCM_16
7961,train,2,2.602625,16000,1,PCM_16
7962,test,-1,3.603625,16000,1,PCM_16
7963,train,1,1.968625,16000,1,PCM_16
7964,train,5,2.002,16000,1,PCM_16
7965,train,0,2.1354375,16000,1,PCM_16
7966,test,-1,2.6693125,16000,1,PCM_16
7967,train,2,1.968625,16000,1,PCM_16
7968,train,3,2.969625,16000,1,PCM_16
7969,train,3,2.1688125,16000,1,PCM_16
7970,train,2,1.8685625,16000,1,PCM_16
7971,train,2,3.2699375,16000,1,PCM_16
7972,test,-1,1.8351875,16000,1,PCM_16
7973,train,2,2.1688125,16000,1,PCM_16
7974,train,0,1.4598125,16000,1,PCM_16
7975,train,3,3.103125,16000,1,PCM_16
7976,train,0,2.369,16000,1,PCM_16
7977,test,-1,1.968625,16000,1,PCM_16
7978,train,0,2.2755625,16000,1,PCM_16
7979,train,2,2.443625,16000,1,PCM_16
7980,train,0,3.7370625,16000,1,PCM_16
7981,train,1,1.7350625,16000,1,PCM_16
7982,train,1,3.7370625,16000,1,PCM_16
7983,train,1,1.7521875,16000,1,PCM_16
7984,train,4,2.347625,16000,1,PCM_16
7985,train,4,2.4175,16000,1,PCM_16
7986,train,3,1.593375,16000,1,PCM_16
7987,train,0,1.430625,16000,1,PCM_16
7988,train,3,3.57025,16000,1,PCM_16
7989,train,3,2.3356875,16000,1,PCM_16
7990,train,1,2.7026875,16000,1,PCM_16
7991,train,1,1.7016875,16000,1,PCM_16
7992,train,1,1.8018125,16000,1,PCM_16
7993,train,3,1.5610625,16000,1,PCM_16
7994,train,3,2.1688125,16000,1,PCM_16
7995,train,3,2.535875,16000,1,PCM_16
7996,train,4,4.2041875,16000,1,PCM_16
7997,train,0,2.1688125,16000,1,PCM_16
7998,train,3,3.2031875,16000,1,PCM_16
7999,train,4,3.103125,16000,1,PCM_16
8000,train,1,2.0569375,16000,1,PCM_16
8001,train,2,2.6314375,16000,1,PCM_16
8002,train,5,3.470125,16000,1,PCM_16
8003,train,4,2.8028125,16000,1,PCM_16
8004,test,-1,2.5025,16000,1,PCM_16
8005,train,3,3.536875,16000,1,PCM_16
8006,train,2,2.434875,16000,1,PCM_16
8007,test,-1,3.1698125,16000,1,PCM_16
8008,train,3,2.2021875,16000,1,PCM_16
8009,train,4,2.6359375,16000,1,PCM_16
8010,train,1,1.8385625,16000,1,PCM_16
8011,test,-1,2.369,16000,1,PCM_16
8012,train,2,2.102125,16000,1,PCM_16
8013,train,1,2.3356875,16000,1,PCM_16
8014,train,1,1.968625,16000,1,PCM_16
8015,train,0,2.0739375,16000,1,PCM_16
8016,train,1,2.035375,16000,1,PCM_16
8017,train,5,2.2590625,16000,1,PCM_16
8018,train,3,2.7694375,16000,1,PCM_16
8019,train,3,2.3690625,16000,1,PCM_16
8020,train,4,2.969625,16000,1,PCM_16
8021,train,2,3.403375,16000,1,PCM_16
8022,train,0,2.7360625,16000,1,PCM_16
8023,test,-1,3.8038125,16000,1,PCM_16
8024,train,1,2.1354375,16000,1,PCM_16
8025,train,2,1.601625,16000,1,PCM_16
8026,train,5,2.56925,16000,1,PCM_16
8027,train,4,2.4764375,16000,1,PCM_16
8028,train,0,2.035375,16000,1,PCM_16
8029,train,2,3.1698125,16000,1,PCM_16
8030,train,0,1.8018125,16000,1,PCM_16
8031,train,2,2.035375,16000,1,PCM_16
8032,train,4,3.7370625,16000,1,PCM_16
8033,train,2,2.002,16000,1,PCM_16
8034,test,-1,3.6703125,16000,1,PCM_16
8035,train,0,2.0069375,16000,1,PCM_16
8036,train,0,2.469125,16000,1,PCM_16
8037,train,3,2.469125,16000,1,PCM_16
8038,train,2,2.93625,16000,1,PCM_16
8039,train,5,3.3700625,16000,1,PCM_16
8040,train,3,2.102125,16000,1,PCM_16
8041,train,3,1.8156875,16000,1,PCM_16
8042,train,4,3.5035,16000,1,PCM_16
8043,train,4,2.469125,16000,1,PCM_16
8044,train,1,2.002,16000,1,PCM_16
8045,train,0,2.8695625,16000,1,PCM_16
8046,train,4,3.403375,16000,1,PCM_16
8047,train,1,2.1508125,16000,1,PCM_16
8048,test,-1,2.6359375,16000,1,PCM_16
8049,test,-1,2.3356875,16000,1,PCM_16
8050,train,5,2.1974375,16000,1,PCM_16
8051,train,3,2.8028125,16000,1,PCM_16
8052,train,0,1.8018125,16000,1,PCM_16
8053,test,-1,2.06875,16000,1,PCM_16
8054,train,4,2.93625,16000,1,PCM_16
8055,train,2,3.970625,16000,1,PCM_16
8056,train,3,2.7694375,16000,1,PCM_16
8057,test,-1,3.7036875,16000,1,PCM_16
8058,train,4,2.2705625,16000,1,PCM_16
8059,train,4,2.796125,16000,1,PCM_16
8060,train,4,4.57125,16000,1,PCM_16
8061,train,4,2.2755625,16000,1,PCM_16
8062,train,4,2.39575,16000,1,PCM_16
8063,test,-1,2.56925,16000,1,PCM_16
8064,train,5,2.43575,16000,1,PCM_16
8065,train,2,3.7704375,16000,1,PCM_16
8066,train,1,2.6693125,16000,1,PCM_16
8067,test,-1,3.470125,16000,1,PCM_16
8068,train,3,2.402375,16000,1,PCM_16
8069,train,1,2.6359375,16000,1,PCM_16
8070,train,0,2.93625,16000,1,PCM_16
8071,train,3,1.448125,16000,1,PCM_16
8072,test,-1,2.969625,16000,1,PCM_16
8073,train,3,3.637,16000,1,PCM_16
8074,test,-1,2.535875,16000,1,PCM_16
8075,train,1,2.1688125,16000,1,PCM_16
8076,train,5,3.06975,16000,1,PCM_16
8077,train,0,2.56925,16000,1,PCM_16
8078,test,-1,2.93625,16000,1,PCM_16
8079,train,4,2.3356875,16000,1,PCM_16
8080,train,5,2.602625,16000,1,PCM_16
8081,train,1,2.8361875,16000,1,PCM_16
8082,train,5,1.980875,16000,1,PCM_16
8083,train,3,2.2689375,16000,1,PCM_16
8084,train,4,2.4938125,16000,1,PCM_16
8085,train,0,3.2365625,16000,1,PCM_16
8086,train,1,2.081125,16000,1,PCM_16
8087,train,5,2.139375,16000,1,PCM_16
8088,train,0,2.902875,16000,1,PCM_16
8089,train,3,2.6693125,16000,1,PCM_16
8090,train,4,2.93625,16000,1,PCM_16
8091,train,2,2.2021875,16000,1,PCM_16
8092,train,4,2.56925,16000,1,PCM_16
8093,test,-1,2.43575,16000,1,PCM_16
8094,test,-1,3.2699375,16000,1,PCM_16
8095,train,3,2.8028125,16000,1,PCM_16
8096,train,1,3.7370625,16000,1,PCM_16
8097,train,4,1.8018125,16000,1,PCM_16
8098,train,0,2.8695625,16000,1,PCM_16
8099,train,2,2.402375,16000,1,PCM_16
8100,train,4,2.175125,16000,1,PCM_16
8101,train,2,3.103125,16000,1,PCM_16
8102,train,2,2.902875,16000,1,PCM_16
8103,test,-1,2.2689375,16000,1,PCM_16
8104,train,4,3.2031875,16000,1,PCM_16
8105,train,2,2.1241875,16000,1,PCM_16
8106,train,4,2.49625,16000,1,PCM_16
8107,train,0,1.6236875,16000,1,PCM_16
8108,train,5,2.3023125,16000,1,PCM_16
8109,train,5,2.6693125,16000,1,PCM_16
8110,train,5,1.9013125,16000,1,PCM_16
8111,train,0,2.3339375,16000,1,PCM_16
8112,train,0,1.8969375,16000,1,PCM_16
8113,train,1,2.102125,16000,1,PCM_16
8114,train,3,1.6421875,16000,1,PCM_16
8115,train,2,2.7360625,16000,1,PCM_16
8116,train,3,2.7694375,16000,1,PCM_16
8117,train,4,2.4488125,16000,1,PCM_16
8118,train,3,1.5606875,16000,1,PCM_16
8119,train,0,2.1723125,16000,1,PCM_16
8120,train,2,2.4911875,16000,1,PCM_16
8121,test,-1,3.903875,16000,1,PCM_16
8122,train,0,2.06875,16000,1,PCM_16
8123,train,0,2.5025,16000,1,PCM_16
8124,train,5,2.7694375,16000,1,PCM_16
8125,test,-1,5.2719375,16000,1,PCM_16
8126,train,3,1.93525,16000,1,PCM_16
8127,train,2,3.6703125,16000,1,PCM_16
8128,train,2,3.536875,16000,1,PCM_16
8129,test,-1,2.535875,16000,1,PCM_16
8130,train,4,2.3690625,16000,1,PCM_16
8131,train,1,2.6693125,16000,1,PCM_16
8132,train,2,2.604,16000,1,PCM_16
8133,train,5,1.9325625,16000,1,PCM_16
8134,test,-1,2.5025,16000,1,PCM_16
8135,train,5,2.8361875,16000,1,PCM_16
8136,train,1,2.3356875,16000,1,PCM_16
8137,train,3,1.5594375,16000,1,PCM_16
8138,train,4,3.33275,16000,1,PCM_16
8139,train,5,2.3269375,16000,1,PCM_16
8140,train,4,1.2679375,16000,1,PCM_16
8141,train,0,1.6904375,16000,1,PCM_16
8142,train,5,2.002,16000,1,PCM_16
8143,train,0,1.8351875,16000,1,PCM_16
8144,train,4,4.3043125,16000,1,PCM_16
8145,train,2,3.5035,16000,1,PCM_16
8146,train,3,1.7,16000,1,PCM_16
8147,train,1,2.7360625,16000,1,PCM_16
8148,train,0,2.3356875,16000,1,PCM_16
8149,train,0,2.602625,16000,1,PCM_16
8150,train,3,2.2689375,16000,1,PCM_16
8151,train,4,3.57025,16000,1,PCM_16
8152,train,1,2.8695625,16000,1,PCM_16
8153,train,2,2.52675,16000,1,PCM_16
8154,train,2,2.569625,16000,1,PCM_16
8155,train,5,2.2021875,16000,1,PCM_16
8156,train,2,2.3356875,16000,1,PCM_16
8157,train,5,2.195125,16000,1,PCM_16
8158,train,0,2.147875,16000,1,PCM_16
8159,train,4,2.7694375,16000,1,PCM_16
8160,train,4,3.2031875,16000,1,PCM_16
8161,train,4,2.5805,16000,1,PCM_16
8162,test,-1,3.1698125,16000,1,PCM_16
8163,train,3,2.969625,16000,1,PCM_16
8164,train,0,3.2699375,16000,1,PCM_16
8165,train,1,3.7036875,16000,1,PCM_16
8166,train,2,2.43575,16000,1,PCM_16
8167,train,1,3.5035,16000,1,PCM_16
8168,train,3,2.469125,16000,1,PCM_16
8169,train,5,2.00025,16000,1,PCM_16
8170,test,-1,2.3023125,16000,1,PCM_16
8171,train,3,1.842,16000,1,PCM_16
8172,train,0,2.027375,16000,1,PCM_16
8173,test,-1,2.3023125,16000,1,PCM_16
8174,train,2,2.7360625,16000,1,PCM_16
8175,train,5,2.3356875,16000,1,PCM_16
8176,train,1,1.8263125,16000,1,PCM_16
8177,train,4,4.07075,16000,1,PCM_16
8178,train,5,2.108,16000,1,PCM_16
8179,test,-1,2.969625,16000,1,PCM_16
8180,train,5,2.2755625,16000,1,PCM_16
8181,train,5,2.24825,16000,1,PCM_16
8182,test,-1,1.8351875,16000,1,PCM_16
8183,train,4,3.2699375,16000,1,PCM_16
8184,train,1,1.93525,16000,1,PCM_16
8185,test,-1,2.969625,16000,1,PCM_16
8186,train,1,1.601625,16000,1,PCM_16
8187,test,-1,2.8361875,16000,1,PCM_16
8188,test,-1,2.2755625,16000,1,PCM_16
8189,train,4,4.3043125,16000,1,PCM_16
8190,train,5,2.097875,16000,1,PCM_16
8191,train,3,3.003,16000,1,PCM_16
8192,test,-1,2.06875,16000,1,PCM_16
8193,train,2,4.004,16000,1,PCM_16
8194,train,2,2.56925,16000,1,PCM_16
8195,train,0,3.1364375,16000,1,PCM_16
8196,train,2,1.8351875,16000,1,PCM_16
8197,train,3,2.3023125,16000,1,PCM_16
8198,train,1,3.7036875,16000,1,PCM_16
8199,train,3,1.6349375,16000,1,PCM_16
8200,test,-1,3.036375,16000,1,PCM_16
8201,train,3,1.901875,16000,1,PCM_16
8202,test,-1,3.57025,16000,1,PCM_16
8203,train,3,3.103125,16000,1,PCM_16
8204,train,1,1.6683125,16000,1,PCM_16
8205,train,0,1.97075,16000,1,PCM_16
8206,train,4,2.5445,16000,1,PCM_16
8207,train,3,1.735375,16000,1,PCM_16
8208,train,5,1.8685625,16000,1,PCM_16
8209,train,2,2.93625,16000,1,PCM_16
8210,train,0,2.469125,16000,1,PCM_16
8211,train,4,2.21175,16000,1,PCM_16
8212,train,1,1.998875,16000,1,PCM_16
8213,train,2,2.035375,16000,1,PCM_16
8214,train,1,1.8888125,16000,1,PCM_16
8215,test,-1,3.3700625,16000,1,PCM_16
8216,train,5,2.1354375,16000,1,PCM_16
8217,train,2,2.3690625,16000,1,PCM_16
8218,train,1,1.9690625,16000,1,PCM_16
8219,train,5,2.076125,16000,1,PCM_16
8220,train,4,2.36425,16000,1,PCM_16
8221,train,2,2.535875,16000,1,PCM_16
8222,train,2,2.2689375,16000,1,PCM_16
8223,train,3,4.537875,16000,1,PCM_16
8224,test,-1,3.57025,16000,1,PCM_16
8225,train,4,2.43575,16000,1,PCM_16
8226,train,4,2.902875,16000,1,PCM_16
8227,train,5,2.5025,16000,1,PCM_16
8228,train,5,2.035375,16000,1,PCM_16
8229,train,0,3.970625,16000,1,PCM_16
8230,train,2,2.3356875,16000,1,PCM_16
8231,train,1,2.469125,16000,1,PCM_16
8232,train,5,2.2689375,16000,1,PCM_16
8233,train,4,2.4008125,16000,1,PCM_16
8234,train,1,1.7016875,16000,1,PCM_16
8235,train,1,2.06875,16000,1,PCM_16
8236,test,-1,2.3356875,16000,1,PCM_16
8237,train,4,2.469125,16000,1,PCM_16
8238,train,3,2.469125,16000,1,PCM_16
8239,train,0,3.2031875,16000,1,PCM_16
8240,train,1,1.9775,16000,1,PCM_16
8241,test,-1,3.5035,16000,1,PCM_16
8242,train,4,1.968625,16000,1,PCM_16
8243,train,0,2.0921875,16000,1,PCM_16
8244,train,5,1.9779375,16000,1,PCM_16
8245,test,-1,3.1364375,16000,1,PCM_16
8246,train,0,3.3033125,16000,1,PCM_16
8247,train,4,4.3043125,16000,1,PCM_16
8248,train,3,2.602625,16000,1,PCM_16
8249,test,-1,4.2041875,16000,1,PCM_16
8250,test,-1,2.5025,16000,1,PCM_16
8251,train,3,3.103125,16000,1,PCM_16
8252,train,0,2.602625,16000,1,PCM_16
8253,train,5,2.1354375,16000,1,PCM_16
8254,train,0,2.602625,16000,1,PCM_16
8255,train,0,2.8695625,16000,1,PCM_16
8256,train,5,3.103125,16000,1,PCM_16
8257,train,4,3.5035,16000,1,PCM_16
8258,train,0,1.5063125,16000,1,PCM_16
8259,train,3,3.970625,16000,1,PCM_16
8260,train,4,2.53575,16000,1,PCM_16
8261,train,4,3.8705625,16000,1,PCM_16
8262,train,4,3.8038125,16000,1,PCM_16
8263,train,4,2.318375,16000,1,PCM_16
8264,train,1,2.0801875,16000,1,PCM_16
8265,train,2,3.603625,16000,1,PCM_16
8266,train,4,1.901875,16000,1,PCM_16
8267,train,3,3.003,16000,1,PCM_16
8268,train,1,2.2355625,16000,1,PCM_16
8269,test,-1,2.2755625,16000,1,PCM_16
8270,train,0,2.6693125,16000,1,PCM_16
8271,train,3,2.535875,16000,1,PCM_16
8272,train,2,2.8028125,16000,1,PCM_16
8273,train,3,2.56925,16000,1,PCM_16
8274,train,3,3.8038125,16000,1,PCM_16
8275,train,3,2.602625,16000,1,PCM_16
8276,train,0,2.2021875,16000,1,PCM_16
8277,train,4,2.2826875,16000,1,PCM_16
8278,train,5,2.004875,16000,1,PCM_16
8279,train,1,2.13075,16000,1,PCM_16
8280,train,2,2.102125,16000,1,PCM_16
8281,train,2,2.3795625,16000,1,PCM_16
8282,train,0,1.4823125,16000,1,PCM_16
8283,train,5,2.56925,16000,1,PCM_16
8284,train,2,4.2041875,16000,1,PCM_16
8285,train,0,2.2755625,16000,1,PCM_16
8286,train,1,1.84075,16000,1,PCM_16
8287,train,2,2.7360625,16000,1,PCM_16
8288,train,2,2.8361875,16000,1,PCM_16
8289,train,2,3.536875,16000,1,PCM_16
8290,train,4,4.8715625,16000,1,PCM_16
8291,train,5,2.0588125,16000,1,PCM_16
8292,test,-1,3.103125,16000,1,PCM_16
8293,train,2,3.8705625,16000,1,PCM_16
8294,train,1,2.8361875,16000,1,PCM_16
8295,train,0,2.43575,16000,1,PCM_16
8296,train,0,1.5765,16000,1,PCM_16
8297,test,-1,3.93725,16000,1,PCM_16
8298,train,2,3.1364375,16000,1,PCM_16
8299,train,2,2.6693125,16000,1,PCM_16
8300,train,2,2.1913125,16000,1,PCM_16
8301,train,2,2.6359375,16000,1,PCM_16
8302,train,0,2.969625,16000,1,PCM_16
8303,test,-1,2.469125,16000,1,PCM_16
8304,train,2,2.595375,16000,1,PCM_16
8305,train,3,1.8351875,16000,1,PCM_16
8306,train,2,2.345875,16000,1,PCM_16
8307,test,-1,2.3690625,16000,1,PCM_16
8308,test,-1,3.7036875,16000,1,PCM_16
8309,train,3,3.2031875,16000,1,PCM_16
8310,train,1,2.602625,16000,1,PCM_16
8311,train,1,1.901875,16000,1,PCM_16
8312,train,4,2.56075,16000,1,PCM_16
8313,train,0,2.8028125,16000,1,PCM_16
8314,test,-1,3.1698125,16000,1,PCM_16
8315,train,5,2.3356875,16000,1,PCM_16
8316,train,5,1.901875,16000,1,PCM_16
8317,train,3,2.602625,16000,1,PCM_16
8318,train,1,3.2031875,16000,1,PCM_16
8319,train,3,3.2031875,16000,1,PCM_16
8320,train,2,2.5025,16000,1,PCM_16
8321,test,-1,2.2021875,16000,1,PCM_16
8322,train,5,2.3356875,16000,1,PCM_16
8323,train,2,1.93525,16000,1,PCM_16
8324,train,5,3.536875,16000,1,PCM_16
8325,train,1,2.8028125,16000,1,PCM_16
8326,train,0,2.06875,16000,1,PCM_16
8327,train,2,2.469125,16000,1,PCM_16
8328,train,2,2.2001875,16000,1,PCM_16
8329,train,2,2.2021875,16000,1,PCM_16
8330,train,5,2.6359375,16000,1,PCM_16
8331,train,2,2.1354375,16000,1,PCM_16
8332,train,3,3.3033125,16000,1,PCM_16
8333,test,-1,2.2355625,16000,1,PCM_16
8334,train,3,2.969625,16000,1,PCM_16
8335,train,3,1.901875,16000,1,PCM_16
8336,train,2,1.8685,16000,1,PCM_16
8337,train,3,3.470125,16000,1,PCM_16
8338,train,4,3.1364375,16000,1,PCM_16
8339,train,0,3.103125,16000,1,PCM_16
8340,train,1,2.2689375,16000,1,PCM_16
8341,train,5,2.19975,16000,1,PCM_16
8342,train,1,1.8351875,16000,1,PCM_16
8343,train,1,1.9430625,16000,1,PCM_16
8344,train,3,1.702625,16000,1,PCM_16
8345,train,0,2.2084375,16000,1,PCM_16
8346,train,3,3.2031875,16000,1,PCM_16
8347,train,4,2.2689375,16000,1,PCM_16
8348,train,0,1.8685625,16000,1,PCM_16
8349,train,3,1.8796875,16000,1,PCM_16
8350,test,-1,2.43575,16000,1,PCM_16
8351,train,2,2.365875,16000,1,PCM_16
8352,train,0,2.014,16000,1,PCM_16
8353,train,0,2.3690625,16000,1,PCM_16
8354,train,2,2.34825,16000,1,PCM_16
8355,train,0,2.7026875,16000,1,PCM_16
8356,train,1,1.96775,16000,1,PCM_16
8357,train,2,2.608125,16000,1,PCM_16
8358,train,4,2.469125,16000,1,PCM_16
8359,train,2,3.6703125,16000,1,PCM_16
8360,train,0,2.1688125,16000,1,PCM_16
8361,train,5,2.076,16000,1,PCM_16
8362,train,2,2.6693125,16000,1,PCM_16
8363,train,0,1.968625,16000,1,PCM_16
8364,test,-1,2.602625,16000,1,PCM_16
8365,train,4,4.2709375,16000,1,PCM_16
8366,train,1,3.8038125,16000,1,PCM_16
8367,test,-1,2.43575,16000,1,PCM_16
8368,train,3,2.43575,16000,1,PCM_16
8369,train,3,1.7060625,16000,1,PCM_16
8370,train,1,2.8695,16000,1,PCM_16
8371,train,5,2.002,16000,1,PCM_16
8372,train,1,2.1280625,16000,1,PCM_16
8373,train,0,2.369,16000,1,PCM_16
8374,train,3,2.102125,16000,1,PCM_16
8375,train,1,2.43575,16000,1,PCM_16
8376,train,2,2.5266875,16000,1,PCM_16
8377,test,-1,2.3356875,16000,1,PCM_16
8378,train,4,3.1364375,16000,1,PCM_16
8379,train,2,2.7360625,16000,1,PCM_16
8380,test,-1,1.8685,16000,1,PCM_16
8381,train,1,2.035375,16000,1,PCM_16
8382,train,5,2.3690625,16000,1,PCM_16
8383,train,4,2.469125,16000,1,PCM_16
8384,test,-1,2.402375,16000,1,PCM_16
8385,train,0,4.004,16000,1,PCM_16
8386,train,5,2.6359375,16000,1,PCM_16
8387,train,0,2.035375,16000,1,PCM_16
8388,train,0,3.8371875,16000,1,PCM_16
8389,test,-1,3.7704375,16000,1,PCM_16
8390,train,5,2.535875,16000,1,PCM_16
8391,train,1,3.5035,16000,1,PCM_16
8392,train,5,2.2755625,16000,1,PCM_16
8393,train,4,2.2985,16000,1,PCM_16
8394,train,2,2.002,16000,1,PCM_16
8395,train,5,2.969625,16000,1,PCM_16
8396,train,4,3.37,16000,1,PCM_16
8397,train,4,3.103125,16000,1,PCM_16
8398,train,5,1.93525,16000,1,PCM_16
8399,train,0,2.035,16000,1,PCM_16
8400,train,5,3.470125,16000,1,PCM_16
8401,train,3,2.402375,16000,1,PCM_16
8402,test,-1,2.902875,16000,1,PCM_16
8403,test,-1,3.7036875,16000,1,PCM_16
8404,train,0,1.4403125,16000,1,PCM_16
8405,train,4,2.3485,16000,1,PCM_16
8406,test,-1,2.002,16000,1,PCM_16
8407,train,0,1.8685,16000,1,PCM_16
8408,train,0,2.1688125,16000,1,PCM_16
8409,train,2,2.422375,16000,1,PCM_16
8410,train,3,2.969625,16000,1,PCM_16
8411,train,0,3.93725,16000,1,PCM_16
8412,train,5,2.0918125,16000,1,PCM_16
8413,train,5,2.535875,16000,1,PCM_16
8414,train,4,2.7026875,16000,1,PCM_16
8415,train,2,2.5025,16000,1,PCM_16
8416,train,5,2.8361875,16000,1,PCM_16
8417,test,-1,2.535875,16000,1,PCM_16
8418,train,5,2.602625,16000,1,PCM_16
8419,train,5,1.968625,16000,1,PCM_16
8420,train,0,2.6693125,16000,1,PCM_16
8421,train,0,2.2689375,16000,1,PCM_16
8422,test,-1,3.2031875,16000,1,PCM_16
8423,train,3,1.79125,16000,1,PCM_16
8424,test,-1,4.404375,16000,1,PCM_16
8425,train,0,2.8028125,16000,1,PCM_16
8426,train,5,1.968625,16000,1,PCM_16
8427,train,5,2.035375,16000,1,PCM_16
8428,train,5,2.2605625,16000,1,PCM_16
8429,train,4,2.434,16000,1,PCM_16
8430,train,4,3.403375,16000,1,PCM_16
8431,train,2,2.487,16000,1,PCM_16
8432,train,4,2.3356875,16000,1,PCM_16
8433,train,5,2.402375,16000,1,PCM_16
8434,train,4,2.035375,16000,1,PCM_16
8435,train,0,1.8351875,16000,1,PCM_16
8436,train,0,2.035375,16000,1,PCM_16
8437,train,2,2.469125,16000,1,PCM_16
8438,train,0,4.037375,16000,1,PCM_16
8439,train,1,2.469125,16000,1,PCM_16
8440,test,-1,4.004,16000,1,PCM_16
8441,train,0,1.622875,16000,1,PCM_16
8442,train,1,2.002,16000,1,PCM_16
8443,train,2,3.7370625,16000,1,PCM_16
8444,train,0,2.035375,16000,1,PCM_16
8445,train,0,4.004,16000,1,PCM_16
8446,test,-1,2.602625,16000,1,PCM_16
8447,train,3,1.8351875,16000,1,PCM_16
8448,train,1,2.0533125,16000,1,PCM_16
8449,train,0,2.11925,16000,1,PCM_16
8450,train,1,1.987125,16000,1,PCM_16
8451,train,0,4.07075,16000,1,PCM_16
8452,train,4,2.469125,16000,1,PCM_16
8453,train,2,1.7684375,16000,1,PCM_16
8454,test,-1,2.3023125,16000,1,PCM_16
8455,train,2,2.1688125,16000,1,PCM_16
8456,test,-1,3.003,16000,1,PCM_16
8457,train,2,4.1375,16000,1,PCM_16
8458,train,3,2.3356875,16000,1,PCM_16
8459,test,-1,3.5035,16000,1,PCM_16
8460,train,1,2.6359375,16000,1,PCM_16
8461,train,5,2.149875,16000,1,PCM_16
8462,train,1,2.033125,16000,1,PCM_16
8463,train,4,3.7370625,16000,1,PCM_16
8464,train,3,1.8351875,16000,1,PCM_16
8465,test,-1,2.1688125,16000,1,PCM_16
8466,train,4,2.7360625,16000,1,PCM_16
8467,train,0,2.6359375,16000,1,PCM_16
8468,train,1,1.468125,16000,1,PCM_16
8469,train,2,2.477,16000,1,PCM_16
8470,train,4,2.7694375,16000,1,PCM_16
8471,train,4,2.002,16000,1,PCM_16
8472,train,5,2.0434375,16000,1,PCM_16
8473,train,0,2.0508125,16000,1,PCM_16
8474,train,3,1.93525,16000,1,PCM_16
8475,train,2,2.5025,16000,1,PCM_16
8476,train,3,2.5025,16000,1,PCM_16
8477,test,-1,2.035375,16000,1,PCM_16
8478,train,0,2.2755625,16000,1,PCM_16
8479,train,5,2.535875,16000,1,PCM_16
8480,train,1,2.2689375,16000,1,PCM_16
8481,test,-1,2.7360625,16000,1,PCM_16
8482,train,4,2.7360625,16000,1,PCM_16
8483,train,2,2.2444375,16000,1,PCM_16
8484,train,5,2.2445625,16000,1,PCM_16
8485,train,2,2.5025,16000,1,PCM_16
8486,train,3,1.8258125,16000,1,PCM_16
8487,train,4,3.2031875,16000,1,PCM_16
8488,train,2,2.0561875,16000,1,PCM_16
8489,train,1,1.9759375,16000,1,PCM_16
8490,train,0,1.9623125,16000,1,PCM_16
8491,train,3,2.93625,16000,1,PCM_16
8492,test,-1,3.7036875,16000,1,PCM_16
8493,train,4,2.781875,16000,1,PCM_16
8494,train,0,2.1688125,16000,1,PCM_16
8495,train,4,2.6741875,16000,1,PCM_16
8496,train,1,2.3690625,16000,1,PCM_16
8497,train,0,1.6238125,16000,1,PCM_16
8498,train,2,2.3834375,16000,1,PCM_16
8499,train,2,2.5025,16000,1,PCM_16
8500,train,5,1.9495625,16000,1,PCM_16
8501,test,-1,2.2689375,16000,1,PCM_16
8502,test,-1,2.969625,16000,1,PCM_16
8503,train,4,1.7350625,16000,1,PCM_16
8504,train,2,2.402375,16000,1,PCM_16
8505,train,0,2.026875,16000,1,PCM_16
8506,train,4,2.402375,16000,1,PCM_16
8507,train,2,2.2021875,16000,1,PCM_16
8508,train,3,1.779,16000,1,PCM_16
8509,train,3,3.4034375,16000,1,PCM_16
8510,train,4,4.2375625,16000,1,PCM_16
8511,test,-1,1.601625,16000,1,PCM_16
8512,train,3,2.93625,16000,1,PCM_16
8513,train,4,2.257125,16000,1,PCM_16
8514,train,1,2.6359375,16000,1,PCM_16
8515,train,5,2.56925,16000,1,PCM_16
8516,train,1,3.2365625,16000,1,PCM_16
8517,train,4,2.5539375,16000,1,PCM_16
8518,train,1,2.108,16000,1,PCM_16
8519,train,0,4.3710625,16000,1,PCM_16
8520,train,3,2.2826875,16000,1,PCM_16
8521,train,3,1.728625,16000,1,PCM_16
8522,train,1,1.7684375,16000,1,PCM_16
8523,train,5,2.535875,16000,1,PCM_16
8524,train,1,3.06975,16000,1,PCM_16
8525,train,5,2.085125,16000,1,PCM_16
8526,train,3,1.677375,16000,1,PCM_16
8527,train,1,2.7026875,16000,1,PCM_16
8528,train,5,2.102125,16000,1,PCM_16
8529,train,4,2.43575,16000,1,PCM_16
8530,train,3,1.5135625,16000,1,PCM_16
8531,train,0,2.7360625,16000,1,PCM_16
8532,train,3,2.3690625,16000,1,PCM_16
8533,train,5,2.369,16000,1,PCM_16
8534,train,2,2.402375,16000,1,PCM_16
8535,train,4,2.44875,16000,1,PCM_16
8536,train,3,2.2826875,16000,1,PCM_16
8537,train,3,2.369,16000,1,PCM_16
8538,train,4,3.003,16000,1,PCM_16
8539,train,2,3.036375,16000,1,PCM_16
8540,train,2,2.43575,16000,1,PCM_16
8541,train,5,2.1048125,16000,1,PCM_16
8542,train,0,2.002,16000,1,PCM_16
8543,train,3,3.1698125,16000,1,PCM_16
8544,train,2,2.509875,16000,1,PCM_16
8545,train,0,2.7694375,16000,1,PCM_16
8546,train,3,1.3119375,16000,1,PCM_16
8547,test,-1,2.56925,16000,1,PCM_16
8548,train,1,2.06875,16000,1,PCM_16
8549,train,3,2.035375,16000,1,PCM_16
8550,train,1,2.43575,16000,1,PCM_16
8551,test,-1,3.2031875,16000,1,PCM_16
8552,test,-1,2.2021875,16000,1,PCM_16
8553,train,0,3.1698125,16000,1,PCM_16
8554,train,1,2.8695,16000,1,PCM_16
8555,train,3,2.469125,16000,1,PCM_16
8556,train,1,2.2755625,16000,1,PCM_16
8557,train,2,2.969625,16000,1,PCM_16
8558,test,-1,1.968625,16000,1,PCM_16
8559,train,1,1.9063125,16000,1,PCM_16
8560,train,2,3.470125,16000,1,PCM_16
8561,train,3,1.6201875,16000,1,PCM_16
8562,train,4,2.969625,16000,1,PCM_16
8563,train,4,2.47875,16000,1,PCM_16
8564,test,-1,2.602625,16000,1,PCM_16
8565,train,2,2.2689375,16000,1,PCM_16
8566,test,-1,2.6693125,16000,1,PCM_16
8567,train,1,2.020125,16000,1,PCM_16
8568,train,0,2.7360625,16000,1,PCM_16
8569,test,-1,2.1688125,16000,1,PCM_16
8570,train,3,2.7026875,16000,1,PCM_16
8571,train,0,2.93625,16000,1,PCM_16
8572,test,-1,2.402375,16000,1,PCM_16
8573,train,4,3.1364375,16000,1,PCM_16
8574,train,3,2.535875,16000,1,PCM_16
8575,train,2,2.102125,16000,1,PCM_16
8576,test,-1,2.2755625,16000,1,PCM_16
8577,test,-1,3.2365625,16000,1,PCM_16
8578,test,-1,3.06975,16000,1,PCM_16
8579,train,3,1.6644375,16000,1,PCM_16
8580,train,0,4.3710625,16000,1,PCM_16
8581,train,1,3.103125,16000,1,PCM_16
8582,test,-1,2.6693125,16000,1,PCM_16
8583,train,5,3.536875,16000,1,PCM_16
8584,train,5,2.1523125,16000,1,PCM_16
8585,train,4,1.93525,16000,1,PCM_16
8586,train,2,3.3366875,16000,1,PCM_16
8587,test,-1,1.6683125,16000,1,PCM_16
8588,train,1,1.8685,16000,1,PCM_16
8589,train,4,2.3356875,16000,1,PCM_16
8590,train,0,2.6359375,16000,1,PCM_16
8591,train,4,2.1688125,16000,1,PCM_16
8592,train,4,2.714,16000,1,PCM_16
8593,train,2,2.8361875,16000,1,PCM_16
8594,train,3,1.5408125,16000,1,PCM_16
8595,test,-1,2.969625,16000,1,PCM_16
8596,train,4,1.7684375,16000,1,PCM_16
8597,train,1,1.776625,16000,1,PCM_16
8598,test,-1,2.93625,16000,1,PCM_16
8599,test,-1,2.2021875,16000,1,PCM_16
8600,train,1,1.997,16000,1,PCM_16
8601,train,2,2.0265625,16000,1,PCM_16
8602,train,2,2.6536875,16000,1,PCM_16
8603,train,0,1.968625,16000,1,PCM_16
8604,test,-1,2.3356875,16000,1,PCM_16
8605,train,5,2.5025,16000,1,PCM_16
8606,test,-1,2.8028125,16000,1,PCM_16
8607,train,0,2.161625,16000,1,PCM_16
8608,train,1,3.536875,16000,1,PCM_16
8609,train,5,2.2021875,16000,1,PCM_16
8610,train,3,1.497125,16000,1,PCM_16
8611,train,2,2.2231875,16000,1,PCM_16
8612,train,0,2.902875,16000,1,PCM_16
8613,train,0,3.103125,16000,1,PCM_16
8614,train,3,2.7694375,16000,1,PCM_16
8615,train,5,2.035375,16000,1,PCM_16
8616,train,3,2.602625,16000,1,PCM_16
8617,train,0,2.7360625,16000,1,PCM_16
8618,train,1,2.1688125,16000,1,PCM_16
8619,train,1,1.9779375,16000,1,PCM_16
8620,train,2,2.412,16000,1,PCM_16
8621,train,2,2.369,16000,1,PCM_16
8622,train,2,2.7360625,16000,1,PCM_16
8623,train,0,3.2031875,16000,1,PCM_16
8624,train,2,2.602625,16000,1,PCM_16
8625,train,5,1.9381875,16000,1,PCM_16
8626,train,1,1.9064375,16000,1,PCM_16
8627,train,1,2.1688125,16000,1,PCM_16
8628,train,5,1.968625,16000,1,PCM_16
8629,train,0,3.536875,16000,1,PCM_16
8630,train,1,2.469125,16000,1,PCM_16
8631,test,-1,3.603625,16000,1,PCM_16
8632,test,-1,3.4034375,16000,1,PCM_16
8633,test,-1,3.2365625,16000,1,PCM_16
8634,train,4,3.003,16000,1,PCM_16
8635,train,1,2.2021875,16000,1,PCM_16
8636,train,1,2.1354375,16000,1,PCM_16
8637,train,3,3.8038125,16000,1,PCM_16
8638,train,5,1.940875,16000,1,PCM_16
8639,train,2,2.8695,16000,1,PCM_16
8640,train,2,3.8705625,16000,1,PCM_16
8641,train,0,2.969625,16000,1,PCM_16
8642,train,2,2.7360625,16000,1,PCM_16
8643,train,5,2.43575,16000,1,PCM_16
8644,train,0,2.2031875,16000,1,PCM_16
8645,train,0,1.6578125,16000,1,PCM_16
8646,train,0,3.8038125,16000,1,PCM_16
8647,train,1,2.3356875,16000,1,PCM_16
8648,train,3,1.8351875,16000,1,PCM_16
8649,train,3,1.6785625,16000,1,PCM_16
8650,test,-1,2.7026875,16000,1,PCM_16
8651,train,3,1.7350625,16000,1,PCM_16
8652,train,3,1.4033125,16000,1,PCM_16
8653,train,4,2.7491875,16000,1,PCM_16
8654,train,2,3.6703125,16000,1,PCM_16
8655,train,5,3.1364375,16000,1,PCM_16
8656,train,4,2.5105625,16000,1,PCM_16
8657,train,5,1.968625,16000,1,PCM_16
8658,train,0,2.2021875,16000,1,PCM_16
8659,train,1,2.3356875,16000,1,PCM_16
8660,train,5,2.43575,16000,1,PCM_16
8661,train,4,2.507625,16000,1,PCM_16
8662,train,0,2.8361875,16000,1,PCM_16
8663,train,4,2.1688125,16000,1,PCM_16
8664,test,-1,4.037375,16000,1,PCM_16
8665,train,5,2.1425625,16000,1,PCM_16
8666,train,1,2.8028125,16000,1,PCM_16
8667,train,5,2.2689375,16000,1,PCM_16
8668,train,0,2.1354375,16000,1,PCM_16
8669,test,-1,2.535875,16000,1,PCM_16
8670,train,5,2.93625,16000,1,PCM_16
8671,train,0,2.2689375,16000,1,PCM_16
8672,train,3,2.2755625,16000,1,PCM_16
8673,train,1,1.968625,16000,1,PCM_16
8674,train,3,1.901875,16000,1,PCM_16
8675,test,-1,4.404375,16000,1,PCM_16
8676,train,5,2.93625,16000,1,PCM_16
8677,train,1,2.6359375,16000,1,PCM_16
8678,train,4,2.499,16000,1,PCM_16
8679,test,-1,2.3356875,16000,1,PCM_16
8680,train,0,1.8685,16000,1,PCM_16
8681,train,1,2.06875,16000,1,PCM_16
8682,train,0,4.4044375,16000,1,PCM_16
8683,train,1,4.1374375,16000,1,PCM_16
8684,train,3,2.969625,16000,1,PCM_16
8685,train,4,3.1698125,16000,1,PCM_16
8686,train,5,2.902875,16000,1,PCM_16
8687,train,5,2.602625,16000,1,PCM_16
8688,train,3,2.2689375,16000,1,PCM_16
8689,test,-1,2.6359375,16000,1,PCM_16
8690,train,1,2.8028125,16000,1,PCM_16
8691,train,5,1.9180625,16000,1,PCM_16
8692,train,3,2.369,16000,1,PCM_16
8693,train,4,2.06875,16000,1,PCM_16
8694,train,3,2.5025,16000,1,PCM_16
8695,train,5,2.6359375,16000,1,PCM_16
8696,train,1,1.9343125,16000,1,PCM_16
8697,train,2,2.8695,16000,1,PCM_16
8698,train,5,2.5025,16000,1,PCM_16
8699,train,0,2.56925,16000,1,PCM_16
8700,test,-1,1.8018125,16000,1,PCM_16
8701,train,3,3.1698125,16000,1,PCM_16
8702,train,2,2.2525,16000,1,PCM_16
8703,train,4,2.8695625,16000,1,PCM_16
8704,test,-1,2.3690625,16000,1,PCM_16
8705,train,0,3.6369375,16000,1,PCM_16
8706,train,4,2.18,16000,1,PCM_16
8707,test,-1,3.103125,16000,1,PCM_16
8708,train,2,1.987375,16000,1,PCM_16
8709,train,2,2.4865625,16000,1,PCM_16
8710,train,2,2.035375,16000,1,PCM_16
8711,train,1,1.996,16000,1,PCM_16
8712,train,5,2.102125,16000,1,PCM_16
8713,train,5,2.5025,16000,1,PCM_16
8714,train,4,2.2689375,16000,1,PCM_16
8715,test,-1,2.43575,16000,1,PCM_16
8716,train,4,1.901875,16000,1,PCM_16
8717,train,3,2.8028125,16000,1,PCM_16
8718,test,-1,3.7036875,16000,1,PCM_16
8719,train,4,2.535875,16000,1,PCM_16
8720,test,-1,4.3376875,16000,1,PCM_16
8721,test,-1,2.602625,16000,1,PCM_16
8722,test,-1,3.37,16000,1,PCM_16
8723,train,1,1.8018125,16000,1,PCM_16
8724,train,4,2.402375,16000,1,PCM_16
8725,train,4,2.3876875,16000,1,PCM_16
8726,train,0,3.470125,16000,1,PCM_16
8727,train,3,1.869125,16000,1,PCM_16
8728,test,-1,2.535875,16000,1,PCM_16
8729,train,1,2.0354375,16000,1,PCM_16
8730,train,2,2.4180625,16000,1,PCM_16
8731,test,-1,2.7026875,16000,1,PCM_16
8732,train,4,3.2699375,16000,1,PCM_16
8733,train,5,1.968625,16000,1,PCM_16
8734,train,4,2.06875,16000,1,PCM_16
8735,train,3,2.8361875,16000,1,PCM_16
8736,train,0,2.035375,16000,1,PCM_16
8737,train,5,2.1688125,16000,1,PCM_16
8738,test,-1,3.06975,16000,1,PCM_16
8739,train,4,2.34575,16000,1,PCM_16
8740,train,4,4.1708125,16000,1,PCM_16
8741,test,-1,3.403375,16000,1,PCM_16
8742,train,2,2.1354375,16000,1,PCM_16
8743,train,0,3.637,16000,1,PCM_16
8744,train,3,1.556375,16000,1,PCM_16
8745,train,3,2.6693125,16000,1,PCM_16
8746,train,3,2.06875,16000,1,PCM_16
8747,train,1,1.7350625,16000,1,PCM_16
8748,test,-1,4.8381875,16000,1,PCM_16
8749,test,-1,3.1364375,16000,1,PCM_16
8750,train,5,2.102125,16000,1,PCM_16
8751,test,-1,3.103125,16000,1,PCM_16
8752,train,0,1.901875,16000,1,PCM_16
8753,train,4,2.002,16000,1,PCM_16
8754,train,3,1.583625,16000,1,PCM_16
8755,train,3,2.969625,16000,1,PCM_16
8756,train,3,3.470125,16000,1,PCM_16
8757,train,5,2.021,16000,1,PCM_16
8758,test,-1,3.5035,16000,1,PCM_16
8759,train,5,2.187375,16000,1,PCM_16
8760,train,2,3.06975,16000,1,PCM_16
8761,train,4,2.6693125,16000,1,PCM_16
8762,test,-1,2.7694375,16000,1,PCM_16
8763,train,1,2.1688125,16000,1,PCM_16
8764,train,1,1.8928125,16000,1,PCM_16
8765,train,5,2.3356875,16000,1,PCM_16
8766,test,-1,2.1688125,16000,1,PCM_16
8767,test,-1,2.8695625,16000,1,PCM_16
8768,test,-1,2.1354375,16000,1,PCM_16
8769,train,0,3.003,16000,1,PCM_16
8770,train,4,2.693875,16000,1,PCM_16
8771,train,4,2.3023125,16000,1,PCM_16
8772,train,0,3.8038125,16000,1,PCM_16
8773,train,0,1.738625,16000,1,PCM_16
8774,train,1,1.968625,16000,1,PCM_16
8775,train,5,3.06975,16000,1,PCM_16
8776,train,4,2.8695,16000,1,PCM_16
8777,train,3,2.43575,16000,1,PCM_16
8778,train,4,4.5045,16000,1,PCM_16
8779,train,5,2.2079375,16000,1,PCM_16
8780,test,-1,3.7704375,16000,1,PCM_16
8781,train,5,2.11225,16000,1,PCM_16
8782,test,-1,1.968625,16000,1,PCM_16
8783,train,2,3.43675,16000,1,PCM_16
8784,train,3,1.35975,16000,1,PCM_16
8785,train,4,3.003,16000,1,PCM_16
8786,train,2,2.6693125,16000,1,PCM_16
8787,train,5,2.1354375,16000,1,PCM_16
8788,train,5,2.0483125,16000,1,PCM_16
8789,train,3,3.5035,16000,1,PCM_16
8790,train,5,2.535875,16000,1,PCM_16
8791,train,5,2.7026875,16000,1,PCM_16
8792,train,3,1.968625,16000,1,PCM_16
8793,train,4,2.102125,16000,1,PCM_16
8794,train,4,3.43675,16000,1,PCM_16
8795,test,-1,2.06875,16000,1,PCM_16
8796,train,0,3.43675,16000,1,PCM_16
8797,train,4,2.469125,16000,1,PCM_16
8798,train,3,2.602625,16000,1,PCM_16
8799,train,2,2.1354375,16000,1,PCM_16
8800,train,5,2.535875,16000,1,PCM_16
8801,test,-1,2.102125,16000,1,PCM_16
8802,train,4,2.6795,16000,1,PCM_16
8803,train,4,2.102125,16000,1,PCM_16
8804,train,2,3.036375,16000,1,PCM_16
8805,train,4,3.8705625,16000,1,PCM_16
8806,train,3,1.673375,16000,1,PCM_16
8807,train,0,2.902875,16000,1,PCM_16
8808,train,2,2.4746875,16000,1,PCM_16
8809,train,5,2.1688125,16000,1,PCM_16
8810,train,3,2.535875,16000,1,PCM_16
8811,test,-1,2.1688125,16000,1,PCM_16
8812,train,4,2.189625,16000,1,PCM_16
8813,train,4,2.580875,16000,1,PCM_16
8814,train,1,1.6349375,16000,1,PCM_16
8815,test,-1,2.06875,16000,1,PCM_16
8816,train,1,2.369,16000,1,PCM_16
8817,train,1,1.8580625,16000,1,PCM_16
8818,train,0,2.3356875,16000,1,PCM_16
8819,train,2,3.403375,16000,1,PCM_16
8820,train,2,2.535875,16000,1,PCM_16
8821,train,4,2.93625,16000,1,PCM_16
8822,train,3,2.2689375,16000,1,PCM_16
8823,train,2,1.7350625,16000,1,PCM_16
8824,train,4,1.8685625,16000,1,PCM_16
8825,train,3,2.2021875,16000,1,PCM_16
8826,test,-1,2.7026875,16000,1,PCM_16
8827,train,1,2.43575,16000,1,PCM_16
8828,train,0,3.003,16000,1,PCM_16
8829,train,2,2.002,16000,1,PCM_16
8830,test,-1,3.06975,16000,1,PCM_16
8831,train,0,2.3023125,16000,1,PCM_16
8832,test,-1,1.93525,16000,1,PCM_16
8833,train,3,2.8361875,16000,1,PCM_16
8834,test,-1,2.8695625,16000,1,PCM_16
8835,test,-1,2.8695,16000,1,PCM_16
8836,train,4,2.29925,16000,1,PCM_16
8837,test,-1,2.56925,16000,1,PCM_16
8838,test,-1,1.901875,16000,1,PCM_16
8839,train,5,2.902875,16000,1,PCM_16
8840,train,4,3.7704375,16000,1,PCM_16
8841,test,-1,2.969625,16000,1,PCM_16
8842,test,-1,3.7704375,16000,1,PCM_16
8843,train,2,3.003,16000,1,PCM_16
8844,train,2,2.102125,16000,1,PCM_16
8845,test,-1,2.535875,16000,1,PCM_16
8846,train,0,1.6120625,16000,1,PCM_16
8847,train,5,2.002,16000,1,PCM_16
8848,train,3,1.59575,16000,1,PCM_16
8849,train,0,1.518125,16000,1,PCM_16
8850,train,1,1.901875,16000,1,PCM_16
8851,train,4,3.470125,16000,1,PCM_16
8852,train,2,2.8028125,16000,1,PCM_16
8853,train,3,2.3023125,16000,1,PCM_16
8854,train,3,3.637,16000,1,PCM_16
8855,train,3,2.3356875,16000,1,PCM_16
8856,test,-1,2.93625,16000,1,PCM_16
8857,train,1,1.8984375,16000,1,PCM_16
8858,train,3,2.43575,16000,1,PCM_16
8859,train,2,2.3356875,16000,1,PCM_16
8860,train,2,2.402375,16000,1,PCM_16
8861,train,2,2.8361875,16000,1,PCM_16
8862,train,2,2.3428125,16000,1,PCM_16
8863,train,3,2.002,16000,1,PCM_16
8864,train,5,3.036375,16000,1,PCM_16
8865,train,5,3.470125,16000,1,PCM_16
8866,train,3,1.731625,16000,1,PCM_16
8867,train,1,3.2031875,16000,1,PCM_16
8868,train,5,2.3356875,16000,1,PCM_16
8869,train,2,2.8361875,16000,1,PCM_16
8870,train,4,2.93625,16000,1,PCM_16
8871,train,2,2.3356875,16000,1,PCM_16
8872,train,0,2.002,16000,1,PCM_16
8873,train,1,3.103125,16000,1,PCM_16
8874,test,-1,3.06975,16000,1,PCM_16
8875,train,2,3.603625,16000,1,PCM_16
8876,train,4,2.969625,16000,1,PCM_16
8877,train,0,2.3023125,16000,1,PCM_16
8878,train,4,2.602625,16000,1,PCM_16
8879,train,0,1.847375,16000,1,PCM_16
8880,train,3,3.43675,16000,1,PCM_16
8881,train,5,3.536875,16000,1,PCM_16
8882,train,5,2.2021875,16000,1,PCM_16
8883,train,5,2.6359375,16000,1,PCM_16
8884,test,-1,2.2755625,16000,1,PCM_16
8885,train,3,1.3913125,16000,1,PCM_16
8886,train,0,1.6818125,16000,1,PCM_16
8887,train,3,1.605,16000,1,PCM_16
8888,train,3,2.8695625,16000,1,PCM_16
8889,train,4,2.6931875,16000,1,PCM_16
8890,test,-1,2.969625,16000,1,PCM_16
8891,train,2,2.589375,16000,1,PCM_16
8892,train,3,1.7591875,16000,1,PCM_16
8893,train,4,2.6359375,16000,1,PCM_16
8894,train,3,2.43575,16000,1,PCM_16
8895,train,1,2.7360625,16000,1,PCM_16
8896,train,4,2.93625,16000,1,PCM_16
8897,test,-1,2.8695,16000,1,PCM_16
8898,test,-1,2.7360625,16000,1,PCM_16
8899,test,-1,3.103125,16000,1,PCM_16
8900,train,5,2.2021875,16000,1,PCM_16
8901,train,1,1.9391875,16000,1,PCM_16
8902,train,2,2.3356875,16000,1,PCM_16
8903,train,0,2.3356875,16000,1,PCM_16
8904,train,3,3.7370625,16000,1,PCM_16
8905,train,1,2.06875,16000,1,PCM_16
8906,train,2,2.035375,16000,1,PCM_16
8907,test,-1,3.2365625,16000,1,PCM_16
8908,train,0,2.207375,16000,1,PCM_16
8909,train,2,2.31425,16000,1,PCM_16
8910,train,4,2.6681875,16000,1,PCM_16
8911,train,4,2.5025,16000,1,PCM_16
8912,train,3,1.7953125,16000,1,PCM_16
8913,train,5,2.3690625,16000,1,PCM_16
8914,train,3,1.557,16000,1,PCM_16
8915,train,2,3.3700625,16000,1,PCM_16
8916,train,3,2.56925,16000,1,PCM_16
8917,train,5,1.8018125,16000,1,PCM_16
8918,train,3,2.6693125,16000,1,PCM_16
8919,train,2,3.1364375,16000,1,PCM_16
8920,train,1,1.8959375,16000,1,PCM_16
8921,train,5,2.102125,16000,1,PCM_16
8922,train,0,3.9039375,16000,1,PCM_16
8923,train,3,3.5035,16000,1,PCM_16
8924,train,3,2.1354375,16000,1,PCM_16
8925,train,5,1.6349375,16000,1,PCM_16
8926,train,1,3.7036875,16000,1,PCM_16
8927,train,1,1.5015,16000,1,PCM_16
8928,test,-1,2.43575,16000,1,PCM_16
8929,test,-1,2.535875,16000,1,PCM_16
8930,test,-1,2.5025,16000,1,PCM_16
8931,train,2,3.5035,16000,1,PCM_16
8932,train,4,2.4348125,16000,1,PCM_16
8933,train,4,2.7694375,16000,1,PCM_16
8934,train,0,2.8028125,16000,1,PCM_16
8935,train,5,2.2021875,16000,1,PCM_16
8936,train,0,1.6704375,16000,1,PCM_16
8937,test,-1,2.56925,16000,1,PCM_16
8938,train,0,3.1364375,16000,1,PCM_16
8939,train,2,2.8695,16000,1,PCM_16
8940,train,5,1.7350625,16000,1,PCM_16
8941,train,0,3.37,16000,1,PCM_16
8942,train,2,2.73725,16000,1,PCM_16
8943,train,2,2.5368125,16000,1,PCM_16
8944,test,-1,3.536875,16000,1,PCM_16
8945,train,1,1.966,16000,1,PCM_16
8946,train,3,2.7026875,16000,1,PCM_16
8947,train,4,2.93625,16000,1,PCM_16
8948,train,5,2.155625,16000,1,PCM_16
8949,train,3,2.035375,16000,1,PCM_16
8950,test,-1,2.2826875,16000,1,PCM_16
8951,train,2,4.57125,16000,1,PCM_16
8952,train,3,2.2689375,16000,1,PCM_16
8953,train,3,3.036375,16000,1,PCM_16
8954,train,0,3.036375,16000,1,PCM_16
8955,train,2,1.901875,16000,1,PCM_16
8956,test,-1,2.6359375,16000,1,PCM_16
8957,train,4,2.8361875,16000,1,PCM_16
8958,train,0,1.515875,16000,1,PCM_16
8959,train,5,2.7360625,16000,1,PCM_16
8960,train,2,2.102125,16000,1,PCM_16
8961,train,2,3.5035,16000,1,PCM_16
8962,train,1,2.2021875,16000,1,PCM_16
8963,train,0,1.432625,16000,1,PCM_16
8964,train,0,2.469125,16000,1,PCM_16
8965,train,4,2.43625,16000,1,PCM_16
8966,test,-1,2.2755625,16000,1,PCM_16
8967,train,5,1.8685,16000,1,PCM_16
8968,train,2,2.06875,16000,1,PCM_16
8969,train,0,3.036375,16000,1,PCM_16
8970,train,2,2.720875,16000,1,PCM_16
8971,train,5,2.1354375,16000,1,PCM_16
8972,train,2,2.1354375,16000,1,PCM_16
8973,train,0,2.002,16000,1,PCM_16
8974,train,1,3.036375,16000,1,PCM_16
8975,test,-1,2.2021875,16000,1,PCM_16
8976,train,0,2.6359375,16000,1,PCM_16
8977,train,1,2.7360625,16000,1,PCM_16
8978,train,2,2.3901875,16000,1,PCM_16
8979,train,0,2.6359375,16000,1,PCM_16
8980,train,0,2.0703125,16000,1,PCM_16
8981,train,2,2.8695625,16000,1,PCM_16
8982,train,5,1.601625,16000,1,PCM_16
8983,train,3,2.06875,16000,1,PCM_16
8984,train,5,3.2365625,16000,1,PCM_16
8985,train,1,2.1115625,16000,1,PCM_16
8986,train,5,1.7350625,16000,1,PCM_16
8987,train,3,1.5565625,16000,1,PCM_16
8988,train,0,1.48625,16000,1,PCM_16
8989,test,-1,3.43675,16000,1,PCM_16
8990,train,2,2.102125,16000,1,PCM_16
8991,train,1,2.002,16000,1,PCM_16
8992,train,1,2.7026875,16000,1,PCM_16
8993,train,5,2.24,16000,1,PCM_16
8994,train,4,2.2689375,16000,1,PCM_16
8995,train,0,2.56925,16000,1,PCM_16
8996,train,5,2.6693125,16000,1,PCM_16
8997,train,1,2.06875,16000,1,PCM_16
8998,test,-1,2.8028125,16000,1,PCM_16
8999,train,0,2.602625,16000,1,PCM_16
9000,train,5,1.9756875,16000,1,PCM_16
9001,train,1,3.93725,16000,1,PCM_16
9002,train,5,1.7995625,16000,1,PCM_16
9003,test,-1,3.003,16000,1,PCM_16
9004,train,5,3.003,16000,1,PCM_16
9005,train,5,2.308625,16000,1,PCM_16
9006,train,4,2.35125,16000,1,PCM_16
9007,train,4,1.93525,16000,1,PCM_16
9008,train,2,2.43575,16000,1,PCM_16
9009,train,2,3.103125,16000,1,PCM_16
9010,train,3,3.93725,16000,1,PCM_16
9011,train,1,1.791875,16000,1,PCM_16
9012,train,4,2.902875,16000,1,PCM_16
9013,train,3,2.8361875,16000,1,PCM_16
9014,test,-1,2.06875,16000,1,PCM_16
9015,train,0,1.50675,16000,1,PCM_16
9016,train,0,2.5025,16000,1,PCM_16
9017,train,3,2.1688125,16000,1,PCM_16
9018,train,3,2.7026875,16000,1,PCM_16
9019,train,5,2.1354375,16000,1,PCM_16
9020,train,1,1.9648125,16000,1,PCM_16
9021,test,-1,2.369,16000,1,PCM_16
9022,train,1,2.036,16000,1,PCM_16
9023,train,1,2.102125,16000,1,PCM_16
9024,train,5,1.8018125,16000,1,PCM_16
9025,train,1,2.43575,16000,1,PCM_16
9026,train,5,2.535875,16000,1,PCM_16
9027,train,2,2.5111875,16000,1,PCM_16
9028,train,4,3.3033125,16000,1,PCM_16
9029,test,-1,2.402375,16000,1,PCM_16
9030,train,4,2.2755625,16000,1,PCM_16
9031,train,3,1.540375,16000,1,PCM_16
9032,train,4,2.4496875,16000,1,PCM_16
9033,train,4,2.42675,16000,1,PCM_16
9034,train,4,2.4678125,16000,1,PCM_16
9035,train,1,3.5035,16000,1,PCM_16
9036,train,3,2.0385,16000,1,PCM_16
9037,train,3,2.06875,16000,1,PCM_16
9038,test,-1,3.3033125,16000,1,PCM_16
9039,test,-1,2.002,16000,1,PCM_16
9040,train,2,3.8371875,16000,1,PCM_16
9041,train,4,4.1708125,16000,1,PCM_16
9042,train,0,1.4945625,16000,1,PCM_16
9043,train,0,2.17775,16000,1,PCM_16
9044,train,2,2.969625,16000,1,PCM_16
9045,train,0,4.1374375,16000,1,PCM_16
9046,train,1,2.2021875,16000,1,PCM_16
9047,train,1,1.7684375,16000,1,PCM_16
9048,train,1,3.403375,16000,1,PCM_16
9049,train,3,2.469125,16000,1,PCM_16
9050,train,0,2.2021875,16000,1,PCM_16
9051,train,1,2.0395,16000,1,PCM_16
9052,train,2,2.93625,16000,1,PCM_16
9053,train,2,3.3033125,16000,1,PCM_16
9054,train,1,1.7016875,16000,1,PCM_16
9055,train,2,2.2903125,16000,1,PCM_16
9056,train,1,1.8685625,16000,1,PCM_16
9057,train,3,3.2031875,16000,1,PCM_16
9058,test,-1,2.1688125,16000,1,PCM_16
9059,train,2,2.547625,16000,1,PCM_16
9060,train,0,2.8361875,16000,1,PCM_16
9061,train,3,2.7694375,16000,1,PCM_16
9062,test,-1,2.469125,16000,1,PCM_16
9063,train,4,2.7694375,16000,1,PCM_16
9064,train,3,1.6979375,16000,1,PCM_16
9065,train,0,2.602625,16000,1,PCM_16
9066,train,4,2.4831875,16000,1,PCM_16
9067,train,3,2.3356875,16000,1,PCM_16
9068,train,0,2.8361875,16000,1,PCM_16
9069,train,2,3.2699375,16000,1,PCM_16
9070,train,3,2.602625,16000,1,PCM_16
9071,train,0,3.036375,16000,1,PCM_16
9072,train,0,1.8351875,16000,1,PCM_16
9073,train,0,2.3356875,16000,1,PCM_16
9074,train,4,2.8028125,16000,1,PCM_16
9075,train,4,1.7350625,16000,1,PCM_16
9076,train,0,1.93525,16000,1,PCM_16
9077,train,2,3.9039375,16000,1,PCM_16
9078,train,3,3.2699375,16000,1,PCM_16
9079,train,0,2.0926875,16000,1,PCM_16
9080,train,1,2.7026875,16000,1,PCM_16
9081,train,3,1.8431875,16000,1,PCM_16
9082,train,5,1.9803125,16000,1,PCM_16
9083,train,0,2.6693125,16000,1,PCM_16
9084,train,3,2.3023125,16000,1,PCM_16
9085,train,0,1.5420625,16000,1,PCM_16
9086,train,0,2.369,16000,1,PCM_16
9087,train,3,2.3356875,16000,1,PCM_16
9088,test,-1,2.43575,16000,1,PCM_16
9089,train,4,2.8028125,16000,1,PCM_16
9090,train,3,2.902875,16000,1,PCM_16
9091,train,4,1.8685,16000,1,PCM_16
9092,train,0,2.1688125,16000,1,PCM_16
9093,test,-1,2.06875,16000,1,PCM_16
9094,train,1,1.8018125,16000,1,PCM_16
9095,train,5,3.7370625,16000,1,PCM_16
9096,train,4,3.970625,16000,1,PCM_16
9097,train,3,1.395,16000,1,PCM_16
9098,train,3,2.8361875,16000,1,PCM_16
9099,train,3,2.469125,16000,1,PCM_16
9100,train,1,2.469125,16000,1,PCM_16
9101,train,0,3.7036875,16000,1,PCM_16
9102,train,0,3.003,16000,1,PCM_16
9103,train,2,1.468125,16000,1,PCM_16
9104,test,-1,2.2755625,16000,1,PCM_16
9105,train,5,1.8018125,16000,1,PCM_16
9106,train,1,2.3356875,16000,1,PCM_16
9107,test,-1,3.8371875,16000,1,PCM_16
9108,test,-1,3.6703125,16000,1,PCM_16
9109,train,1,2.43575,16000,1,PCM_16
9110,train,0,1.613,16000,1,PCM_16
9111,train,3,2.2355625,16000,1,PCM_16
9112,train,2,3.2365625,16000,1,PCM_16
9113,train,4,2.687375,16000,1,PCM_16
9114,train,0,3.003,16000,1,PCM_16
9115,train,0,2.3356875,16000,1,PCM_16
9116,train,1,2.035375,16000,1,PCM_16
9117,train,2,2.2215,16000,1,PCM_16
9118,train,2,2.2828125,16000,1,PCM_16
9119,train,1,2.0176875,16000,1,PCM_16
9120,test,-1,2.602625,16000,1,PCM_16
9121,train,4,2.969625,16000,1,PCM_16
9122,train,1,3.3700625,16000,1,PCM_16
9123,train,2,2.535875,16000,1,PCM_16
9124,test,-1,3.103125,16000,1,PCM_16
9125,test,-1,2.1354375,16000,1,PCM_16
9126,train,3,2.6693125,16000,1,PCM_16
9127,train,0,4.07075,16000,1,PCM_16
9128,train,4,2.535875,16000,1,PCM_16
9129,train,2,2.06875,16000,1,PCM_16
9130,train,4,4.004,16000,1,PCM_16
9131,test,-1,2.3356875,16000,1,PCM_16
9132,test,-1,2.3356875,16000,1,PCM_16
9133,test,-1,2.602625,16000,1,PCM_16
9134,train,1,2.3023125,16000,1,PCM_16
9135,train,0,1.4570625,16000,1,PCM_16
9136,train,3,2.402375,16000,1,PCM_16
9137,train,3,2.469125,16000,1,PCM_16
9138,train,5,3.06975,16000,1,PCM_16
9139,train,0,1.5771875,16000,1,PCM_16
9140,train,0,2.602625,16000,1,PCM_16
9141,test,-1,3.036375,16000,1,PCM_16
9142,test,-1,3.470125,16000,1,PCM_16
9143,train,0,1.613,16000,1,PCM_16
9144,train,0,2.6693125,16000,1,PCM_16
9145,train,4,3.103125,16000,1,PCM_16
9146,test,-1,2.1354375,16000,1,PCM_16
9147,train,3,2.1354375,16000,1,PCM_16
9148,train,3,2.369,16000,1,PCM_16
9149,train,5,2.535875,16000,1,PCM_16
9150,train,4,2.3356875,16000,1,PCM_16
9151,test,-1,2.93625,16000,1,PCM_16
9152,train,5,2.5025,16000,1,PCM_16
9153,train,4,3.1698125,16000,1,PCM_16
9154,train,2,2.3100625,16000,1,PCM_16
9155,test,-1,2.1688125,16000,1,PCM_16
9156,test,-1,3.903875,16000,1,PCM_16
9157,train,1,1.841625,16000,1,PCM_16
9158,train,2,3.8038125,16000,1,PCM_16
9159,train,5,2.6359375,16000,1,PCM_16
9160,train,5,2.5025,16000,1,PCM_16
9161,train,2,2.1688125,16000,1,PCM_16
9162,test,-1,2.7026875,16000,1,PCM_16
9163,train,2,1.93525,16000,1,PCM_16
9164,train,4,2.55925,16000,1,PCM_16
9165,train,0,2.535875,16000,1,PCM_16
9166,train,2,1.93525,16000,1,PCM_16
9167,train,5,2.2021875,16000,1,PCM_16
9168,train,4,2.369,16000,1,PCM_16
9169,train,1,2.8695,16000,1,PCM_16
9170,test,-1,2.602625,16000,1,PCM_16
9171,train,5,2.7026875,16000,1,PCM_16
9172,test,-1,3.8371875,16000,1,PCM_16
9173,train,0,1.4146875,16000,1,PCM_16
9174,test,-1,2.2755625,16000,1,PCM_16
9175,train,3,2.06875,16000,1,PCM_16
9176,train,5,3.1698125,16000,1,PCM_16
9177,train,4,2.731125,16000,1,PCM_16
9178,train,5,2.1405625,16000,1,PCM_16
9179,train,2,2.8695,16000,1,PCM_16
9180,train,2,2.8695,16000,1,PCM_16
9181,train,1,2.5025,16000,1,PCM_16
9182,train,4,2.3255,16000,1,PCM_16
9183,train,3,1.7684375,16000,1,PCM_16
9184,train,3,3.103125,16000,1,PCM_16
9185,train,3,2.56925,16000,1,PCM_16
9186,train,4,1.8018125,16000,1,PCM_16
9187,train,1,1.95775,16000,1,PCM_16
9188,train,1,3.637,16000,1,PCM_16
9189,train,5,3.470125,16000,1,PCM_16
9190,train,3,2.6693125,16000,1,PCM_16
9191,test,-1,2.93625,16000,1,PCM_16
9192,train,3,2.7026875,16000,1,PCM_16
9193,train,0,3.37,16000,1,PCM_16
9194,train,0,2.06875,16000,1,PCM_16
9195,test,-1,2.2021875,16000,1,PCM_16
9196,train,3,2.1688125,16000,1,PCM_16
9197,test,-1,3.6703125,16000,1,PCM_16
9198,train,5,1.8243125,16000,1,PCM_16
9199,train,0,2.43575,16000,1,PCM_16
9200,train,2,2.3023125,16000,1,PCM_16
9201,train,0,2.2215,16000,1,PCM_16
9202,train,4,3.6035625,16000,1,PCM_16
9203,train,4,1.8351875,16000,1,PCM_16
9204,test,-1,2.56925,16000,1,PCM_16
9205,test,-1,2.8028125,16000,1,PCM_16
9206,train,0,3.8038125,16000,1,PCM_16
9207,train,1,2.969625,16000,1,PCM_16
9208,train,0,1.5773125,16000,1,PCM_16
9209,train,2,2.378125,16000,1,PCM_16
9210,train,4,3.7370625,16000,1,PCM_16
9211,test,-1,2.3690625,16000,1,PCM_16
9212,train,4,3.8371875,16000,1,PCM_16
9213,train,5,2.7694375,16000,1,PCM_16
9214,train,0,3.93725,16000,1,PCM_16
9215,train,5,2.1354375,16000,1,PCM_16
9216,train,2,1.968625,16000,1,PCM_16
9217,test,-1,2.469125,16000,1,PCM_16
9218,train,2,2.2689375,16000,1,PCM_16
9219,train,5,1.6683125,16000,1,PCM_16
9220,train,3,2.93625,16000,1,PCM_16
9221,test,-1,2.93625,16000,1,PCM_16
9222,train,4,2.035375,16000,1,PCM_16
9223,train,4,3.6369375,16000,1,PCM_16
9224,train,1,2.8028125,16000,1,PCM_16
9225,test,-1,2.535875,16000,1,PCM_16
9226,test,-1,1.93525,16000,1,PCM_16
9227,train,1,2.8695,16000,1,PCM_16
9228,test,-1,2.6693125,16000,1,PCM_16
9229,train,5,1.93525,16000,1,PCM_16
9230,train,4,3.1364375,16000,1,PCM_16
9231,test,-1,4.604625,16000,1,PCM_16
9232,train,0,1.6309375,16000,1,PCM_16
9233,train,3,3.2365625,16000,1,PCM_16
9234,train,0,2.6359375,16000,1,PCM_16
9235,train,3,1.5371875,16000,1,PCM_16
9236,train,5,1.921625,16000,1,PCM_16
9237,train,2,2.3918125,16000,1,PCM_16
9238,test,-1,2.002,16000,1,PCM_16
9239,train,1,1.98425,16000,1,PCM_16
9240,train,0,2.469125,16000,1,PCM_16
9241,train,3,3.1364375,16000,1,PCM_16
9242,train,0,3.970625,16000,1,PCM_16
9243,test,-1,4.8381875,16000,1,PCM_16
9244,train,0,2.402375,16000,1,PCM_16
9245,train,3,2.469125,16000,1,PCM_16
9246,train,0,2.2689375,16000,1,PCM_16
9247,train,5,2.0895,16000,1,PCM_16
9248,train,5,2.2021875,16000,1,PCM_16
9249,train,1,2.2689375,16000,1,PCM_16
9250,train,5,1.92875,16000,1,PCM_16
9251,train,0,2.002,16000,1,PCM_16
9252,train,1,1.8351875,16000,1,PCM_16
9253,test,-1,3.603625,16000,1,PCM_16
9254,test,-1,2.402375,16000,1,PCM_16
9255,train,2,2.7026875,16000,1,PCM_16
9256,test,-1,2.2355625,16000,1,PCM_16
9257,test,-1,3.470125,16000,1,PCM_16
9258,test,-1,4.07075,16000,1,PCM_16
9259,train,4,2.602625,16000,1,PCM_16
9260,train,2,2.8361875,16000,1,PCM_16
9261,test,-1,3.970625,16000,1,PCM_16
9262,test,-1,2.43575,16000,1,PCM_16
9263,train,0,2.102125,16000,1,PCM_16
9264,train,3,1.6475,16000,1,PCM_16
9265,train,4,2.902875,16000,1,PCM_16
9266,train,1,1.755375,16000,1,PCM_16
9267,train,3,1.6896875,16000,1,PCM_16
9268,train,2,2.1688125,16000,1,PCM_16
9269,train,5,2.3356875,16000,1,PCM_16
9270,train,0,2.3734375,16000,1,PCM_16
9271,train,4,2.3720625,16000,1,PCM_16
9272,train,2,3.603625,16000,1,PCM_16
9273,test,-1,2.3356875,16000,1,PCM_16
9274,train,3,1.8018125,16000,1,PCM_16
9275,train,4,3.003,16000,1,PCM_16
9276,train,1,2.6693125,16000,1,PCM_16
9277,train,4,2.6693125,16000,1,PCM_16
9278,train,4,2.4811875,16000,1,PCM_16
9279,train,2,2.93625,16000,1,PCM_16
9280,train,5,2.7360625,16000,1,PCM_16
9281,train,1,2.369,16000,1,PCM_16
9282,train,1,2.3356875,16000,1,PCM_16
9283,train,0,2.002,16000,1,PCM_16
9284,train,3,2.6359375,16000,1,PCM_16
9285,train,1,2.1813125,16000,1,PCM_16
9286,train,5,3.536875,16000,1,PCM_16
9287,train,5,3.003,16000,1,PCM_16
9288,train,0,2.0095,16000,1,PCM_16
9289,train,5,1.8685625,16000,1,PCM_16
9290,train,1,1.93525,16000,1,PCM_16
9291,test,-1,2.2689375,16000,1,PCM_16
9292,test,-1,3.637,16000,1,PCM_16
9293,train,0,1.7350625,16000,1,PCM_16
9294,test,-1,2.56925,16000,1,PCM_16
9295,train,5,2.3690625,16000,1,PCM_16
9296,train,5,2.102125,16000,1,PCM_16
9297,train,3,2.3023125,16000,1,PCM_16
9298,train,2,2.5025,16000,1,PCM_16
9299,train,1,2.102125,16000,1,PCM_16
9300,train,0,2.035375,16000,1,PCM_16
9301,train,0,3.403375,16000,1,PCM_16
9302,train,0,2.2755625,16000,1,PCM_16
9303,train,2,2.1360625,16000,1,PCM_16
9304,train,0,3.2031875,16000,1,PCM_16
9305,train,5,1.7238125,16000,1,PCM_16
9306,train,5,1.8018125,16000,1,PCM_16
9307,train,4,2.2689375,16000,1,PCM_16
9308,test,-1,2.6359375,16000,1,PCM_16
9309,train,2,2.93625,16000,1,PCM_16
9310,test,-1,2.2689375,16000,1,PCM_16
9311,test,-1,3.37,16000,1,PCM_16
9312,train,2,2.30125,16000,1,PCM_16
9313,train,3,1.826875,16000,1,PCM_16
9314,train,4,2.48425,16000,1,PCM_16
9315,train,0,3.970625,16000,1,PCM_16
9316,train,4,1.8018125,16000,1,PCM_16
9317,train,1,2.1688125,16000,1,PCM_16
9318,train,0,2.1688125,16000,1,PCM_16
9319,train,4,3.6369375,16000,1,PCM_16
9320,train,1,2.035375,16000,1,PCM_16
9321,train,2,3.003,16000,1,PCM_16
9322,train,4,3.536875,16000,1,PCM_16
9323,train,4,2.840875,16000,1,PCM_16
9324,train,4,2.8695625,16000,1,PCM_16
9325,train,4,3.003,16000,1,PCM_16
9326,train,0,2.3128125,16000,1,PCM_16
9327,train,4,2.2689375,16000,1,PCM_16
9328,train,3,3.970625,16000,1,PCM_16
9329,train,3,1.9071875,16000,1,PCM_16
9330,train,0,3.470125,16000,1,PCM_16
9331,train,3,2.7026875,16000,1,PCM_16
9332,train,2,2.035375,16000,1,PCM_16
9333,train,0,2.5025,16000,1,PCM_16
9334,train,1,2.1688125,16000,1,PCM_16
9335,train,0,2.2238125,16000,1,PCM_16
9336,train,2,1.8351875,16000,1,PCM_16
9337,train,4,2.2689375,16000,1,PCM_16
9338,train,4,2.5241875,16000,1,PCM_16
9339,test,-1,2.2689375,16000,1,PCM_16
9340,train,2,3.103125,16000,1,PCM_16
9341,test,-1,3.603625,16000,1,PCM_16
9342,train,4,2.602625,16000,1,PCM_16
9343,train,3,1.6069375,16000,1,PCM_16
9344,test,-1,2.002,16000,1,PCM_16
9345,train,1,2.7694375,16000,1,PCM_16
9346,train,3,1.876625,16000,1,PCM_16
9347,train,2,2.3023125,16000,1,PCM_16
9348,train,5,1.979125,16000,1,PCM_16
9349,test,-1,1.968625,16000,1,PCM_16
9350,train,2,3.536875,16000,1,PCM_16
9351,train,3,2.002,16000,1,PCM_16
9352,test,-1,2.602625,16000,1,PCM_16
9353,train,3,1.4985,16000,1,PCM_16
9354,train,0,3.43675,16000,1,PCM_16
9355,train,4,1.901875,16000,1,PCM_16
9356,train,4,2.369,16000,1,PCM_16
9357,train,5,2.6693125,16000,1,PCM_16
9358,train,5,2.102125,16000,1,PCM_16
9359,train,3,3.9039375,16000,1,PCM_16
9360,train,1,1.9394375,16000,1,PCM_16
9361,train,2,1.968625,16000,1,PCM_16
9362,test,-1,2.6693125,16000,1,PCM_16
9363,test,-1,2.1688125,16000,1,PCM_16
9364,train,0,2.7360625,16000,1,PCM_16
9365,train,3,2.3023125,16000,1,PCM_16
9366,train,0,2.002,16000,1,PCM_16
9367,train,1,1.9451875,16000,1,PCM_16
9368,train,4,2.3023125,16000,1,PCM_16
9369,train,3,2.402375,16000,1,PCM_16
9370,train,5,3.1364375,16000,1,PCM_16
9371,train,5,3.6369375,16000,1,PCM_16
9372,train,1,2.102125,16000,1,PCM_16
9373,train,4,3.7704375,16000,1,PCM_16
9374,test,-1,2.602625,16000,1,PCM_16
9375,train,1,2.5025,16000,1,PCM_16
9376,train,1,3.5035,16000,1,PCM_16
9377,train,5,1.93525,16000,1,PCM_16
9378,train,3,1.6341875,16000,1,PCM_16
9379,train,1,2.049375,16000,1,PCM_16
9380,train,4,2.6693125,16000,1,PCM_16
9381,train,5,3.2031875,16000,1,PCM_16
9382,test,-1,2.2021875,16000,1,PCM_16
9383,train,2,2.102125,16000,1,PCM_16
9384,train,4,1.3346875,16000,1,PCM_16
9385,train,3,1.5433125,16000,1,PCM_16
9386,train,4,2.2305,16000,1,PCM_16
9387,train,4,2.5709375,16000,1,PCM_16
9388,train,4,2.41725,16000,1,PCM_16
9389,train,4,3.103125,16000,1,PCM_16
9390,train,0,2.6693125,16000,1,PCM_16
9391,train,1,2.2755625,16000,1,PCM_16
9392,train,4,2.902875,16000,1,PCM_16
9393,train,1,2.06925,16000,1,PCM_16
9394,train,1,2.088375,16000,1,PCM_16
9395,train,2,2.1688125,16000,1,PCM_16
9396,test,-1,3.6703125,16000,1,PCM_16
9397,train,1,2.8695,16000,1,PCM_16
9398,train,1,1.8685625,16000,1,PCM_16
9399,train,1,2.5025,16000,1,PCM_16
9400,train,5,2.602625,16000,1,PCM_16
9401,train,1,1.8351875,16000,1,PCM_16
9402,train,0,2.3023125,16000,1,PCM_16
9403,train,4,2.5096875,16000,1,PCM_16
9404,train,2,2.5841875,16000,1,PCM_16
9405,train,5,3.6035625,16000,1,PCM_16
9406,train,0,2.06875,16000,1,PCM_16
9407,train,1,2.535875,16000,1,PCM_16
9408,train,1,2.2755625,16000,1,PCM_16
9409,train,0,2.136,16000,1,PCM_16
9410,test,-1,2.2355625,16000,1,PCM_16
9411,train,1,3.036375,16000,1,PCM_16
9412,train,2,2.1354375,16000,1,PCM_16
9413,test,-1,2.8361875,16000,1,PCM_16
9414,test,-1,2.1354375,16000,1,PCM_16
9415,train,1,2.05225,16000,1,PCM_16
9416,train,4,2.969625,16000,1,PCM_16
9417,train,2,2.469125,16000,1,PCM_16
9418,train,2,2.2689375,16000,1,PCM_16
9419,train,5,2.002,16000,1,PCM_16
9420,train,3,3.7036875,16000,1,PCM_16
9421,test,-1,2.8028125,16000,1,PCM_16
9422,test,-1,2.602625,16000,1,PCM_16
9423,train,3,3.06975,16000,1,PCM_16
9424,train,0,3.7704375,16000,1,PCM_16
9425,test,-1,2.369,16000,1,PCM_16
9426,train,2,4.004,16000,1,PCM_16
9427,train,2,2.6693125,16000,1,PCM_16
9428,train,4,3.8371875,16000,1,PCM_16
9429,train,2,2.11475,16000,1,PCM_16
9430,train,3,3.103125,16000,1,PCM_16
9431,test,-1,3.1698125,16000,1,PCM_16
9432,train,3,2.7360625,16000,1,PCM_16
9433,test,-1,2.535875,16000,1,PCM_16
9434,train,0,2.3023125,16000,1,PCM_16
9435,train,0,1.5129375,16000,1,PCM_16
9436,train,2,2.469125,16000,1,PCM_16
9437,train,2,3.8038125,16000,1,PCM_16
9438,train,4,1.8351875,16000,1,PCM_16
9439,train,0,1.6019375,16000,1,PCM_16
9440,train,4,3.103125,16000,1,PCM_16
9441,train,4,2.93625,16000,1,PCM_16
9442,train,1,2.6359375,16000,1,PCM_16
9443,train,4,2.1354375,16000,1,PCM_16
9444,train,2,2.1354375,16000,1,PCM_16
9445,train,1,2.3023125,16000,1,PCM_16
9446,train,5,2.3356875,16000,1,PCM_16
9447,train,0,2.173375,16000,1,PCM_16
9448,train,3,3.1698125,16000,1,PCM_16
9449,train,1,2.2689375,16000,1,PCM_16
9450,test,-1,3.1698125,16000,1,PCM_16
9451,train,1,2.3023125,16000,1,PCM_16
9452,test,-1,2.6693125,16000,1,PCM_16
9453,train,2,2.4415625,16000,1,PCM_16
9454,train,4,2.602625,16000,1,PCM_16
9455,test,-1,3.06975,16000,1,PCM_16
9456,train,2,2.6275,16000,1,PCM_16
9457,train,3,1.8310625,16000,1,PCM_16
9458,train,3,1.6916875,16000,1,PCM_16
9459,train,3,3.7370625,16000,1,PCM_16
9460,train,5,2.0123125,16000,1,PCM_16
9461,train,4,3.6703125,16000,1,PCM_16
9462,train,5,2.7026875,16000,1,PCM_16
9463,train,1,1.98275,16000,1,PCM_16
9464,train,0,2.11275,16000,1,PCM_16
9465,test,-1,2.8695,16000,1,PCM_16
9466,train,1,2.8695625,16000,1,PCM_16
9467,train,0,3.7370625,16000,1,PCM_16
9468,test,-1,2.002,16000,1,PCM_16
9469,train,2,3.036375,16000,1,PCM_16
9470,train,2,3.970625,16000,1,PCM_16
9471,train,3,1.609125,16000,1,PCM_16
9472,test,-1,2.1354375,16000,1,PCM_16
9473,train,5,1.852,16000,1,PCM_16
9474,train,4,2.035375,16000,1,PCM_16
9475,train,2,2.1688125,16000,1,PCM_16
9476,train,3,2.7026875,16000,1,PCM_16
9477,test,-1,2.6359375,16000,1,PCM_16
9478,train,4,3.37,16000,1,PCM_16
9479,train,0,2.0955625,16000,1,PCM_16
9480,train,4,3.6703125,16000,1,PCM_16
9481,train,2,2.8028125,16000,1,PCM_16
9482,train,5,3.470125,16000,1,PCM_16
9483,train,0,3.8371875,16000,1,PCM_16
9484,test,-1,2.3356875,16000,1,PCM_16
9485,train,3,2.7360625,16000,1,PCM_16
9486,train,1,2.5025,16000,1,PCM_16
9487,train,5,2.0080625,16000,1,PCM_16
9488,train,4,3.970625,16000,1,PCM_16
9489,train,1,2.7026875,16000,1,PCM_16
9490,train,4,3.2365625,16000,1,PCM_16
9491,train,4,2.6693125,16000,1,PCM_16
9492,train,0,2.5025,16000,1,PCM_16
9493,train,0,4.3710625,16000,1,PCM_16
9494,test,-1,3.2365625,16000,1,PCM_16
9495,train,0,2.402375,16000,1,PCM_16
9496,train,0,4.2375625,16000,1,PCM_16
9497,test,-1,2.402375,16000,1,PCM_16
9498,train,2,3.57025,16000,1,PCM_16
9499,train,2,2.469125,16000,1,PCM_16
9500,train,3,2.7360625,16000,1,PCM_16
9501,train,1,2.0560625,16000,1,PCM_16
9502,train,0,2.2021875,16000,1,PCM_16
9503,train,3,3.403375,16000,1,PCM_16
9504,train,0,2.2155625,16000,1,PCM_16
9505,train,1,3.2031875,16000,1,PCM_16
9506,train,1,1.8351875,16000,1,PCM_16
9507,train,2,2.535875,16000,1,PCM_16
9508,train,4,3.536875,16000,1,PCM_16
9509,train,0,3.3366875,16000,1,PCM_16
9510,train,1,1.97775,16000,1,PCM_16
9511,train,2,2.7360625,16000,1,PCM_16
9512,train,0,2.0538125,16000,1,PCM_16
9513,test,-1,2.1354375,16000,1,PCM_16
9514,train,0,2.006625,16000,1,PCM_16
9515,train,5,1.917,16000,1,PCM_16
9516,train,5,2.43575,16000,1,PCM_16
9517,train,5,2.43575,16000,1,PCM_16
9518,train,2,2.4445,16000,1,PCM_16
9519,train,3,1.8351875,16000,1,PCM_16
9520,train,3,2.035375,16000,1,PCM_16
9521,train,3,2.535875,16000,1,PCM_16
9522,train,4,3.103125,16000,1,PCM_16
9523,train,0,2.8695,16000,1,PCM_16
9524,train,0,2.23775,16000,1,PCM_16
9525,test,-1,2.2689375,16000,1,PCM_16
9526,test,-1,2.402375,16000,1,PCM_16
9527,train,0,3.3700625,16000,1,PCM_16
9528,train,0,3.7370625,16000,1,PCM_16
9529,train,0,2.5025,16000,1,PCM_16
9530,test,-1,2.469125,16000,1,PCM_16
9531,test,-1,2.602625,16000,1,PCM_16
9532,train,0,1.6796875,16000,1,PCM_16
9533,train,4,3.003,16000,1,PCM_16
9534,train,4,2.6693125,16000,1,PCM_16
9535,train,5,2.2689375,16000,1,PCM_16
9536,train,5,2.469125,16000,1,PCM_16
9537,train,5,3.103125,16000,1,PCM_16
9538,train,0,1.4820625,16000,1,PCM_16
9539,train,2,3.6369375,16000,1,PCM_16
9540,train,2,2.3023125,16000,1,PCM_16
9541,train,1,3.8705625,16000,1,PCM_16
9542,train,0,2.7694375,16000,1,PCM_16
9543,train,3,1.529375,16000,1,PCM_16
9544,train,0,2.969625,16000,1,PCM_16
9545,train,1,3.2699375,16000,1,PCM_16
9546,train,2,3.8705625,16000,1,PCM_16
9547,train,4,2.06875,16000,1,PCM_16
9548,test,-1,2.6359375,16000,1,PCM_16
9549,train,4,2.2021875,16000,1,PCM_16
9550,train,2,2.39525,16000,1,PCM_16
9551,train,4,2.506,16000,1,PCM_16
9552,train,5,2.067375,16000,1,PCM_16
9553,train,1,2.0951875,16000,1,PCM_16
9554,test,-1,2.3690625,16000,1,PCM_16
9555,test,-1,2.7026875,16000,1,PCM_16
9556,train,1,1.9539375,16000,1,PCM_16
9557,test,-1,2.035375,16000,1,PCM_16
9558,train,0,2.10125,16000,1,PCM_16
9559,train,5,2.469125,16000,1,PCM_16
9560,train,3,2.602625,16000,1,PCM_16
9561,test,-1,4.1708125,16000,1,PCM_16
9562,train,4,2.402375,16000,1,PCM_16
9563,train,0,2.1111875,16000,1,PCM_16
9564,train,3,1.6513125,16000,1,PCM_16
9565,test,-1,2.102125,16000,1,PCM_16
9566,train,0,1.7350625,16000,1,PCM_16
9567,train,4,2.3690625,16000,1,PCM_16
9568,train,3,2.6359375,16000,1,PCM_16
9569,train,5,2.7360625,16000,1,PCM_16
9570,train,4,2.43575,16000,1,PCM_16
9571,train,1,2.8361875,16000,1,PCM_16
9572,train,0,2.035375,16000,1,PCM_16
9573,train,4,2.93625,16000,1,PCM_16
9574,train,2,2.16675,16000,1,PCM_16
9575,train,4,2.5545625,16000,1,PCM_16
9576,train,5,1.93525,16000,1,PCM_16
9577,test,-1,2.93625,16000,1,PCM_16
9578,train,1,1.534875,16000,1,PCM_16
9579,train,5,2.311,16000,1,PCM_16
9580,test,-1,3.003,16000,1,PCM_16
9581,train,4,2.369,16000,1,PCM_16
9582,test,-1,3.8371875,16000,1,PCM_16
9583,train,1,2.469125,16000,1,PCM_16
9584,train,2,2.30475,16000,1,PCM_16
9585,train,1,3.6703125,16000,1,PCM_16
9586,train,2,2.102125,16000,1,PCM_16
9587,train,4,2.437875,16000,1,PCM_16
9588,train,2,2.7026875,16000,1,PCM_16
9589,train,2,2.8361875,16000,1,PCM_16
9590,train,1,2.902875,16000,1,PCM_16
9591,train,1,3.1698125,16000,1,PCM_16
9592,train,0,2.8695,16000,1,PCM_16
9593,train,2,2.7026875,16000,1,PCM_16
9594,train,0,2.469125,16000,1,PCM_16
9595,train,1,2.1354375,16000,1,PCM_16
9596,train,2,2.297375,16000,1,PCM_16
9597,train,3,2.002,16000,1,PCM_16
9598,test,-1,2.002,16000,1,PCM_16
9599,train,4,2.369,16000,1,PCM_16
9600,train,3,1.5943125,16000,1,PCM_16
9601,train,3,1.6590625,16000,1,PCM_16
9602,train,5,3.403375,16000,1,PCM_16
9603,train,0,2.969625,16000,1,PCM_16
9604,train,4,2.7360625,16000,1,PCM_16
9605,train,3,2.43575,16000,1,PCM_16
9606,train,5,1.901875,16000,1,PCM_16
9607,train,2,3.7036875,16000,1,PCM_16
9608,train,3,3.2031875,16000,1,PCM_16
9609,train,0,2.1009375,16000,1,PCM_16
9610,train,1,2.06875,16000,1,PCM_16
9611,train,2,2.7026875,16000,1,PCM_16
9612,train,5,3.1698125,16000,1,PCM_16
9613,train,4,4.3043125,16000,1,PCM_16
9614,test,-1,2.7360625,16000,1,PCM_16
9615,train,5,2.3356875,16000,1,PCM_16
9616,train,2,1.93525,16000,1,PCM_16
9617,train,2,3.37,16000,1,PCM_16
9618,train,2,2.2021875,16000,1,PCM_16
9619,train,1,1.9574375,16000,1,PCM_16
9620,train,2,2.5655625,16000,1,PCM_16
9621,train,5,2.1688125,16000,1,PCM_16
9622,train,5,2.2689375,16000,1,PCM_16
9623,train,4,2.2095625,16000,1,PCM_16
9624,test,-1,2.035375,16000,1,PCM_16
9625,train,0,2.602625,16000,1,PCM_16
9626,train,0,2.102125,16000,1,PCM_16
9627,train,2,3.1698125,16000,1,PCM_16
9628,train,5,3.003,16000,1,PCM_16
9629,train,2,2.4055625,16000,1,PCM_16
9630,test,-1,2.2826875,16000,1,PCM_16
9631,train,0,2.3690625,16000,1,PCM_16
9632,train,1,2.0995,16000,1,PCM_16
9633,train,0,4.43775,16000,1,PCM_16
9634,train,4,3.43675,16000,1,PCM_16
9635,train,3,2.7026875,16000,1,PCM_16
9636,train,4,2.43925,16000,1,PCM_16
9637,train,3,2.2021875,16000,1,PCM_16
9638,train,4,2.403875,16000,1,PCM_16
9639,train,3,2.5025,16000,1,PCM_16
9640,test,-1,2.902875,16000,1,PCM_16
9641,train,1,1.93525,16000,1,PCM_16
9642,train,4,2.2689375,16000,1,PCM_16
9643,test,-1,2.8361875,16000,1,PCM_16
9644,train,4,2.3613125,16000,1,PCM_16
9645,train,2,2.06875,16000,1,PCM_16
9646,test,-1,1.8018125,16000,1,PCM_16
9647,train,0,2.56925,16000,1,PCM_16
9648,train,4,3.7370625,16000,1,PCM_16
9649,test,-1,2.8028125,16000,1,PCM_16
9650,train,0,3.2699375,16000,1,PCM_16
9651,train,1,1.901875,16000,1,PCM_16
9652,train,1,2.078625,16000,1,PCM_16
9653,train,1,1.9664375,16000,1,PCM_16
9654,train,0,3.470125,16000,1,PCM_16
9655,train,4,3.6703125,16000,1,PCM_16
9656,test,-1,1.8351875,16000,1,PCM_16
9657,test,-1,2.56925,16000,1,PCM_16
9658,train,1,2.369,16000,1,PCM_16
9659,test,-1,2.002,16000,1,PCM_16
9660,train,1,2.7026875,16000,1,PCM_16
9661,train,4,2.592,16000,1,PCM_16
9662,test,-1,3.37,16000,1,PCM_16
9663,test,-1,3.8038125,16000,1,PCM_16
9664,train,5,2.3356875,16000,1,PCM_16
9665,train,0,2.2826875,16000,1,PCM_16
9666,train,0,3.3033125,16000,1,PCM_16
9667,train,0,3.06975,16000,1,PCM_16
9668,test,-1,1.968625,16000,1,PCM_16
9669,train,0,1.93525,16000,1,PCM_16
9670,train,5,2.2689375,16000,1,PCM_16
9671,train,3,3.8038125,16000,1,PCM_16
9672,test,-1,1.7350625,16000,1,PCM_16
9673,train,2,2.736,16000,1,PCM_16
9674,train,1,1.898,16000,1,PCM_16
9675,train,3,1.968625,16000,1,PCM_16
9676,train,3,1.4556875,16000,1,PCM_16
9677,train,4,2.4148125,16000,1,PCM_16
9678,train,5,2.170125,16000,1,PCM_16
9679,train,2,2.5025,16000,1,PCM_16
9680,train,4,2.6359375,16000,1,PCM_16
9681,train,2,3.3033125,16000,1,PCM_16
9682,train,5,1.98675,16000,1,PCM_16
9683,test,-1,2.7026875,16000,1,PCM_16
9684,test,-1,2.3023125,16000,1,PCM_16
9685,train,5,2.01125,16000,1,PCM_16
9686,train,1,2.535875,16000,1,PCM_16
9687,test,-1,2.7360625,16000,1,PCM_16
9688,train,2,2.469125,16000,1,PCM_16
9689,train,2,3.06975,16000,1,PCM_16
9690,train,1,2.2021875,16000,1,PCM_16
9691,train,1,2.1688125,16000,1,PCM_16
9692,train,1,2.3690625,16000,1,PCM_16
9693,test,-1,1.968625,16000,1,PCM_16
9694,train,0,1.4909375,16000,1,PCM_16
9695,test,-1,2.43575,16000,1,PCM_16
9696,train,3,2.6693125,16000,1,PCM_16
9697,train,2,4.471125,16000,1,PCM_16
9698,test,-1,2.56925,16000,1,PCM_16
9699,train,3,2.102125,16000,1,PCM_16
9700,train,1,2.1688125,16000,1,PCM_16
9701,train,4,3.57025,16000,1,PCM_16
9702,train,3,2.6693125,16000,1,PCM_16
9703,train,1,1.86,16000,1,PCM_16
9704,test,-1,2.6693125,16000,1,PCM_16
9705,train,4,3.1698125,16000,1,PCM_16
9706,train,3,1.8351875,16000,1,PCM_16
9707,train,2,1.968625,16000,1,PCM_16
9708,train,4,2.5485625,16000,1,PCM_16
9709,train,4,3.003,16000,1,PCM_16
9710,test,-1,2.5025,16000,1,PCM_16
9711,train,0,2.084375,16000,1,PCM_16
9712,train,2,2.5046875,16000,1,PCM_16
9713,train,3,1.93525,16000,1,PCM_16
9714,train,2,2.3023125,16000,1,PCM_16
9715,train,5,1.9374375,16000,1,PCM_16
9716,train,2,2.3356875,16000,1,PCM_16
9717,train,1,2.8695625,16000,1,PCM_16
9718,train,5,2.3356875,16000,1,PCM_16
9719,train,3,1.8351875,16000,1,PCM_16
9720,train,3,1.6573125,16000,1,PCM_16
9721,train,2,2.369,16000,1,PCM_16
9722,train,1,2.535875,16000,1,PCM_16
9723,train,2,2.1914375,16000,1,PCM_16
9724,train,3,2.469125,16000,1,PCM_16
9725,train,4,2.4879375,16000,1,PCM_16
9726,train,1,4.404375,16000,1,PCM_16
9727,train,3,2.469125,16000,1,PCM_16
9728,train,0,1.948875,16000,1,PCM_16
9729,train,1,1.901875,16000,1,PCM_16
9730,test,-1,2.2021875,16000,1,PCM_16
9731,train,2,3.536875,16000,1,PCM_16
9732,train,2,2.8028125,16000,1,PCM_16
9733,train,4,2.4855625,16000,1,PCM_16
9734,train,5,2.402375,16000,1,PCM_16
9735,train,3,1.93525,16000,1,PCM_16
9736,test,-1,2.8695625,16000,1,PCM_16
9737,train,0,2.8361875,16000,1,PCM_16
9738,train,4,2.969625,16000,1,PCM_16
9739,train,5,2.1811875,16000,1,PCM_16
9740,train,1,2.2689375,16000,1,PCM_16
9741,train,0,2.7360625,16000,1,PCM_16
9742,train,1,1.5015,16000,1,PCM_16
9743,train,0,3.003,16000,1,PCM_16
9744,train,3,3.2699375,16000,1,PCM_16
9745,train,2,2.4114375,16000,1,PCM_16
9746,train,2,2.375375,16000,1,PCM_16
9747,train,3,3.5035,16000,1,PCM_16
9748,train,3,3.06975,16000,1,PCM_16
9749,train,4,2.3165625,16000,1,PCM_16
9750,train,2,2.56925,16000,1,PCM_16
9751,train,4,2.35225,16000,1,PCM_16
9752,train,3,1.6046875,16000,1,PCM_16
9753,train,1,2.03775,16000,1,PCM_16
9754,train,5,2.7694375,16000,1,PCM_16
9755,train,4,3.57025,16000,1,PCM_16
9756,train,5,2.172875,16000,1,PCM_16
9757,test,-1,3.8371875,16000,1,PCM_16
9758,train,2,2.2355625,16000,1,PCM_16
9759,test,-1,3.2365625,16000,1,PCM_16
9760,train,1,1.8635625,16000,1,PCM_16
9761,train,3,2.93625,16000,1,PCM_16
9762,train,0,3.6703125,16000,1,PCM_16
9763,test,-1,1.901875,16000,1,PCM_16
9764,train,1,2.3023125,16000,1,PCM_16
9765,train,1,1.97775,16000,1,PCM_16
9766,train,1,2.6693125,16000,1,PCM_16
9767,train,3,3.3033125,16000,1,PCM_16
9768,train,2,2.93625,16000,1,PCM_16
9769,train,4,2.1688125,16000,1,PCM_16
9770,train,3,2.3356875,16000,1,PCM_16
9771,train,3,1.6051875,16000,1,PCM_16
9772,train,4,2.1688125,16000,1,PCM_16
9773,train,0,1.5473125,16000,1,PCM_16
9774,train,1,2.6359375,16000,1,PCM_16
9775,train,1,1.911875,16000,1,PCM_16
9776,train,0,1.7684375,16000,1,PCM_16
9777,train,0,1.901875,16000,1,PCM_16
9778,train,1,1.902125,16000,1,PCM_16
9779,train,3,1.8386875,16000,1,PCM_16
9780,train,5,2.0486875,16000,1,PCM_16
9781,test,-1,2.93625,16000,1,PCM_16
9782,train,4,2.7694375,16000,1,PCM_16
9783,train,4,2.7360625,16000,1,PCM_16
9784,train,3,3.2365625,16000,1,PCM_16
9785,train,2,2.469125,16000,1,PCM_16
9786,train,5,2.2689375,16000,1,PCM_16
9787,train,0,1.54275,16000,1,PCM_16
9788,train,4,2.902875,16000,1,PCM_16
9789,test,-1,2.1688125,16000,1,PCM_16
9790,train,3,1.968625,16000,1,PCM_16
9791,train,0,2.6359375,16000,1,PCM_16
9792,train,0,2.1135625,16000,1,PCM_16
9793,train,0,2.93625,16000,1,PCM_16
9794,train,0,2.3356875,16000,1,PCM_16
9795,train,2,2.6603125,16000,1,PCM_16
9796,train,1,1.7016875,16000,1,PCM_16
9797,train,1,2.06875,16000,1,PCM_16
9798,train,0,1.616625,16000,1,PCM_16
9799,train,5,2.6359375,16000,1,PCM_16
9800,test,-1,2.7360625,16000,1,PCM_16
9801,train,3,2.43575,16000,1,PCM_16
9802,test,-1,2.2021875,16000,1,PCM_16
9803,train,1,2.43575,16000,1,PCM_16
9804,test,-1,1.8351875,16000,1,PCM_16
9805,train,5,2.469125,16000,1,PCM_16
9806,train,3,2.902875,16000,1,PCM_16
9807,test,-1,2.402375,16000,1,PCM_16
9808,train,0,2.402375,16000,1,PCM_16
9809,train,2,2.198625,16000,1,PCM_16
9810,train,3,2.402375,16000,1,PCM_16
9811,train,3,2.469125,16000,1,PCM_16
9812,train,4,3.7370625,16000,1,PCM_16
9813,train,4,2.69625,16000,1,PCM_16
9814,train,0,4.037375,16000,1,PCM_16
9815,train,5,1.9885625,16000,1,PCM_16
9816,train,2,2.2689375,16000,1,PCM_16
9817,train,5,2.273875,16000,1,PCM_16
9818,train,0,2.7360625,16000,1,PCM_16
9819,train,4,4.7380625,16000,1,PCM_16
9820,train,5,2.2021875,16000,1,PCM_16
9821,train,3,1.6349375,16000,1,PCM_16
9822,train,4,2.4839375,16000,1,PCM_16
9823,train,4,3.8371875,16000,1,PCM_16
9824,train,2,3.7704375,16000,1,PCM_16
9825,train,3,1.588625,16000,1,PCM_16
9826,train,0,4.1708125,16000,1,PCM_16
9827,train,1,2.2755625,16000,1,PCM_16
9828,train,4,3.5035,16000,1,PCM_16
9829,train,5,2.6359375,16000,1,PCM_16
9830,train,2,2.902875,16000,1,PCM_16
9831,train,3,2.402375,16000,1,PCM_16
9832,train,1,2.1354375,16000,1,PCM_16
9833,train,3,2.7694375,16000,1,PCM_16
9834,train,0,2.469125,16000,1,PCM_16
9835,train,3,1.5993125,16000,1,PCM_16
9836,test,-1,2.93625,16000,1,PCM_16
9837,train,1,1.8351875,16000,1,PCM_16
9838,train,1,2.402375,16000,1,PCM_16
9839,train,0,1.5305625,16000,1,PCM_16
9840,train,5,2.2030625,16000,1,PCM_16
9841,train,4,2.7360625,16000,1,PCM_16
9842,train,0,2.402375,16000,1,PCM_16
9843,test,-1,2.43575,16000,1,PCM_16
9844,train,4,2.8361875,16000,1,PCM_16
9845,train,5,3.7370625,16000,1,PCM_16
9846,test,-1,4.2041875,16000,1,PCM_16
9847,train,5,2.6693125,16000,1,PCM_16
9848,train,4,3.7370625,16000,1,PCM_16
9849,train,0,3.43675,16000,1,PCM_16
9850,test,-1,3.06975,16000,1,PCM_16
9851,train,1,1.827875,16000,1,PCM_16
9852,train,5,2.002,16000,1,PCM_16
9853,train,0,3.003,16000,1,PCM_16
9854,train,2,2.3023125,16000,1,PCM_16
9855,test,-1,2.3023125,16000,1,PCM_16
9856,train,5,3.3366875,16000,1,PCM_16
9857,train,1,3.43675,16000,1,PCM_16
9858,test,-1,2.8361875,16000,1,PCM_16
9859,train,5,3.637,16000,1,PCM_16
9860,train,0,2.1354375,16000,1,PCM_16
9861,train,0,1.5469375,16000,1,PCM_16
9862,train,2,2.402375,16000,1,PCM_16
9863,train,3,1.7955625,16000,1,PCM_16
9864,train,4,3.103125,16000,1,PCM_16
9865,train,5,2.1354375,16000,1,PCM_16
9866,test,-1,2.3023125,16000,1,PCM_16
9867,train,5,3.637,16000,1,PCM_16
9868,train,5,2.3356875,16000,1,PCM_16
9869,train,1,1.8360625,16000,1,PCM_16
9870,train,4,2.06875,16000,1,PCM_16
9871,train,2,2.2021875,16000,1,PCM_16
9872,train,5,2.0115625,16000,1,PCM_16
9873,train,1,1.8555625,16000,1,PCM_16
9874,train,1,1.901875,16000,1,PCM_16
9875,train,4,2.5025,16000,1,PCM_16
9876,train,0,2.7026875,16000,1,PCM_16
9877,train,2,3.6703125,16000,1,PCM_16
9878,train,2,2.6693125,16000,1,PCM_16
9879,train,4,2.1413125,16000,1,PCM_16
9880,train,0,2.06875,16000,1,PCM_16
9881,train,4,3.7370625,16000,1,PCM_16
9882,train,3,1.6834375,16000,1,PCM_16
9883,test,-1,2.2689375,16000,1,PCM_16
9884,train,2,3.6369375,16000,1,PCM_16
9885,train,2,2.43575,16000,1,PCM_16
9886,train,3,2.7694375,16000,1,PCM_16
9887,train,2,3.57025,16000,1,PCM_16
9888,train,2,3.2365625,16000,1,PCM_16
9889,train,1,1.9250625,16000,1,PCM_16
9890,test,-1,2.3356875,16000,1,PCM_16
9891,train,3,2.535875,16000,1,PCM_16
9892,train,3,2.0179375,16000,1,PCM_16
9893,test,-1,2.6693125,16000,1,PCM_16
9894,train,3,3.1364375,16000,1,PCM_16
9895,train,0,3.7036875,16000,1,PCM_16
9896,train,5,3.5035,16000,1,PCM_16
9897,train,1,2.3023125,16000,1,PCM_16
9898,test,-1,2.8028125,16000,1,PCM_16
9899,train,1,2.029125,16000,1,PCM_16
9900,test,-1,2.2021875,16000,1,PCM_16
9901,train,2,2.1688125,16000,1,PCM_16
9902,train,1,1.8018125,16000,1,PCM_16
9903,train,3,2.2689375,16000,1,PCM_16
9904,train,5,2.3356875,16000,1,PCM_16
9905,train,5,2.43575,16000,1,PCM_16
9906,test,-1,2.7026875,16000,1,PCM_16
9907,test,-1,2.7360625,16000,1,PCM_16
9908,train,1,1.935125,16000,1,PCM_16
9909,train,4,3.6703125,16000,1,PCM_16
9910,test,-1,1.8351875,16000,1,PCM_16
9911,train,3,1.5940625,16000,1,PCM_16
9912,train,1,3.2365625,16000,1,PCM_16
9913,train,5,2.06875,16000,1,PCM_16
9914,train,1,2.3356875,16000,1,PCM_16
9915,train,2,2.7026875,16000,1,PCM_16
9916,train,5,2.469125,16000,1,PCM_16
9917,test,-1,2.43575,16000,1,PCM_16
9918,train,5,2.8361875,16000,1,PCM_16
9919,train,5,1.6683125,16000,1,PCM_16
9920,train,3,1.77975,16000,1,PCM_16
9921,train,2,2.102125,16000,1,PCM_16
9922,train,4,2.1354375,16000,1,PCM_16
9923,train,2,2.8028125,16000,1,PCM_16
9924,train,1,1.9928125,16000,1,PCM_16
9925,train,4,2.4644375,16000,1,PCM_16
9926,train,2,2.402375,16000,1,PCM_16
9927,train,5,2.1113125,16000,1,PCM_16
9928,train,4,2.466625,16000,1,PCM_16
9929,train,4,2.5025,16000,1,PCM_16
9930,train,2,2.5025,16000,1,PCM_16
9931,train,1,2.402375,16000,1,PCM_16
9932,train,4,3.036375,16000,1,PCM_16
9933,test,-1,2.2355625,16000,1,PCM_16
9934,train,2,2.281875,16000,1,PCM_16
9935,train,0,2.43575,16000,1,PCM_16
9936,train,4,2.535875,16000,1,PCM_16
9937,train,2,1.901875,16000,1,PCM_16
9938,test,-1,3.8705625,16000,1,PCM_16
9939,train,5,1.8351875,16000,1,PCM_16
9940,train,5,2.1911875,16000,1,PCM_16
9941,test,-1,2.3356875,16000,1,PCM_16
9942,train,1,1.93975,16000,1,PCM_16
9943,train,4,2.623875,16000,1,PCM_16
9944,train,5,1.999,16000,1,PCM_16
9945,train,0,3.3700625,16000,1,PCM_16
9946,train,5,1.968625,16000,1,PCM_16
9947,test,-1,2.8361875,16000,1,PCM_16
9948,train,1,2.7026875,16000,1,PCM_16
9949,test,-1,2.369,16000,1,PCM_16
9950,train,3,1.745125,16000,1,PCM_16
9951,train,5,1.950625,16000,1,PCM_16
9952,train,2,2.709125,16000,1,PCM_16
9953,train,1,1.901875,16000,1,PCM_16
9954,train,2,3.003,16000,1,PCM_16
9955,train,2,2.1926875,16000,1,PCM_16
9956,train,3,2.602625,16000,1,PCM_16
9957,train,5,3.2699375,16000,1,PCM_16
9958,train,5,1.968625,16000,1,PCM_16
9959,train,1,1.56825,16000,1,PCM_16
9960,train,3,2.3356875,16000,1,PCM_16
9961,train,3,2.8028125,16000,1,PCM_16
9962,train,4,2.4231875,16000,1,PCM_16
9963,train,5,2.2585625,16000,1,PCM_16
9964,train,4,2.902875,16000,1,PCM_16
9965,test,-1,3.403375,16000,1,PCM_16
9966,train,1,1.9344375,16000,1,PCM_16
9967,test,-1,2.535875,16000,1,PCM_16
9968,train,1,2.7026875,16000,1,PCM_16
9969,train,4,2.2021875,16000,1,PCM_16
9970,train,1,2.03175,16000,1,PCM_16
9971,train,5,1.994125,16000,1,PCM_16
9972,train,0,2.43575,16000,1,PCM_16
9973,train,0,3.2031875,16000,1,PCM_16
9974,train,3,2.8695,16000,1,PCM_16
9975,train,0,4.1374375,16000,1,PCM_16
9976,test,-1,2.1688125,16000,1,PCM_16
9977,train,4,2.6359375,16000,1,PCM_16
9978,train,2,2.289,16000,1,PCM_16
9979,test,-1,3.8038125,16000,1,PCM_16
9980,train,2,2.2689375,16000,1,PCM_16
9981,train,0,1.5000625,16000,1,PCM_16
9982,train,3,1.77475,16000,1,PCM_16
9983,train,3,1.901875,16000,1,PCM_16
9984,train,4,2.06875,16000,1,PCM_16
9985,train,1,2.006625,16000,1,PCM_16
9986,test,-1,4.1708125,16000,1,PCM_16
9987,train,0,2.8361875,16000,1,PCM_16
9988,train,0,2.3690625,16000,1,PCM_16
9989,test,-1,2.2755625,16000,1,PCM_16
9990,test,-1,2.7360625,16000,1,PCM_16
9991,train,5,1.56825,16000,1,PCM_16
9992,train,2,3.6703125,16000,1,PCM_16
9993,test,-1,2.8361875,16000,1,PCM_16
9994,train,4,2.3391875,16000,1,PCM_16
9995,train,4,2.4375625,16000,1,PCM_16
9996,train,1,2.8361875,16000,1,PCM_16
9997,train,2,2.3356875,16000,1,PCM_16
9998,train,2,2.6359375,16000,1,PCM_16
9999,train,0,2.969625,16000,1,PCM_16
10000,train,2,3.57025,16000,1,PCM_16
10001,test,-1,2.969625,16000,1,PCM_16
10002,train,0,2.535875,16000,1,PCM_16
10003,train,2,2.2689375,16000,1,PCM_16
10004,train,4,2.2305,16000,1,PCM_16
10005,train,2,2.5025,16000,1,PCM_16
10006,train,5,3.9039375,16000,1,PCM_16
10007,train,0,1.89475,16000,1,PCM_16
10008,train,1,2.469125,16000,1,PCM_16
10009,train,0,2.6693125,16000,1,PCM_16
10010,train,4,2.2121875,16000,1,PCM_16
10011,train,5,2.2689375,16000,1,PCM_16
10012,test,-1,2.535875,16000,1,PCM_16
10013,test,-1,2.93625,16000,1,PCM_16
10014,train,3,3.57025,16000,1,PCM_16
10015,train,1,3.903875,16000,1,PCM_16
10016,train,1,2.402375,16000,1,PCM_16
10017,train,0,2.3356875,16000,1,PCM_16
10018,train,3,2.2826875,16000,1,PCM_16
10019,train,5,2.56925,16000,1,PCM_16
10020,train,3,1.77175,16000,1,PCM_16
10021,train,1,2.5025,16000,1,PCM_16
10022,test,-1,2.6359375,16000,1,PCM_16
10023,train,2,2.076625,16000,1,PCM_16
10024,train,0,1.83275,16000,1,PCM_16
10025,train,2,2.7421875,16000,1,PCM_16
10026,train,1,2.06875,16000,1,PCM_16
10027,test,-1,3.1698125,16000,1,PCM_16
10028,test,-1,3.536875,16000,1,PCM_16
10029,train,4,2.2021875,16000,1,PCM_16
10030,train,4,2.402375,16000,1,PCM_16
10031,train,2,2.876125,16000,1,PCM_16
10032,test,-1,2.6693125,16000,1,PCM_16
10033,train,2,2.3356875,16000,1,PCM_16
10034,train,2,2.6359375,16000,1,PCM_16
10035,test,-1,2.369,16000,1,PCM_16
10036,test,-1,3.06975,16000,1,PCM_16
10037,train,3,2.402375,16000,1,PCM_16
10038,train,4,4.7714375,16000,1,PCM_16
10039,test,-1,2.402375,16000,1,PCM_16
10040,train,2,2.1354375,16000,1,PCM_16
10041,train,0,2.43575,16000,1,PCM_16
10042,train,4,3.1698125,16000,1,PCM_16
10043,train,2,2.71275,16000,1,PCM_16
10044,train,0,1.7350625,16000,1,PCM_16
10045,train,3,1.659,16000,1,PCM_16
10046,train,1,3.5035,16000,1,PCM_16
10047,train,5,2.0270625,16000,1,PCM_16
10048,train,5,3.5035,16000,1,PCM_16
10049,train,1,2.1494375,16000,1,PCM_16
10050,train,1,2.068875,16000,1,PCM_16
10051,train,4,2.8695625,16000,1,PCM_16
10052,train,4,2.6345,16000,1,PCM_16
10053,train,3,2.7026875,16000,1,PCM_16
10054,train,3,1.458,16000,1,PCM_16
10055,train,1,2.2689375,16000,1,PCM_16
10056,train,4,3.470125,16000,1,PCM_16
10057,train,1,2.2355625,16000,1,PCM_16
10058,train,0,3.3700625,16000,1,PCM_16
10059,train,3,2.56925,16000,1,PCM_16
10060,test,-1,4.07075,16000,1,PCM_16
10061,train,1,2.602625,16000,1,PCM_16
10062,train,4,2.3556875,16000,1,PCM_16
10063,train,4,2.93625,16000,1,PCM_16
10064,train,2,1.56825,16000,1,PCM_16
10065,train,2,3.6703125,16000,1,PCM_16
10066,train,5,2.08175,16000,1,PCM_16
10067,train,3,2.5025,16000,1,PCM_16
10068,train,3,2.1688125,16000,1,PCM_16
10069,train,4,2.93625,16000,1,PCM_16
10070,test,-1,2.902875,16000,1,PCM_16
10071,train,1,2.1688125,16000,1,PCM_16
10072,train,5,2.43575,16000,1,PCM_16
10073,train,0,2.3356875,16000,1,PCM_16
10074,train,2,2.3140625,16000,1,PCM_16
10075,train,4,2.6359375,16000,1,PCM_16
10076,train,1,2.2021875,16000,1,PCM_16
10077,train,4,2.7694375,16000,1,PCM_16
10078,test,-1,2.369,16000,1,PCM_16
10079,train,2,3.6703125,16000,1,PCM_16
10080,train,2,2.969625,16000,1,PCM_16
10081,train,5,1.9523125,16000,1,PCM_16
10082,train,0,3.7370625,16000,1,PCM_16
10083,train,1,1.9975625,16000,1,PCM_16
10084,train,4,3.8038125,16000,1,PCM_16
10085,train,1,1.984125,16000,1,PCM_16
10086,train,0,3.8038125,16000,1,PCM_16
10087,test,-1,2.1688125,16000,1,PCM_16
10088,train,4,3.5035,16000,1,PCM_16
10089,train,3,1.6635625,16000,1,PCM_16
10090,train,1,2.09875,16000,1,PCM_16
10091,train,1,2.1111875,16000,1,PCM_16
10092,train,0,2.332375,16000,1,PCM_16
10093,test,-1,2.602625,16000,1,PCM_16
10094,train,1,2.43575,16000,1,PCM_16
10095,train,0,2.102125,16000,1,PCM_16
10096,train,3,1.734125,16000,1,PCM_16
10097,train,3,2.369,16000,1,PCM_16
10098,train,4,2.002,16000,1,PCM_16
10099,train,2,2.1354375,16000,1,PCM_16
10100,train,0,2.7360625,16000,1,PCM_16
10101,test,-1,2.7360625,16000,1,PCM_16
10102,test,-1,2.8695,16000,1,PCM_16
10103,train,1,3.6703125,16000,1,PCM_16
10104,test,-1,2.8695625,16000,1,PCM_16
10105,train,1,3.403375,16000,1,PCM_16
10106,train,2,2.7694375,16000,1,PCM_16
10107,train,0,1.968625,16000,1,PCM_16
10108,test,-1,2.402375,16000,1,PCM_16
10109,train,0,1.7684375,16000,1,PCM_16
10110,test,-1,2.43575,16000,1,PCM_16
10111,train,1,2.1396875,16000,1,PCM_16
10112,train,4,2.469125,16000,1,PCM_16
10113,train,2,2.535875,16000,1,PCM_16
10114,train,4,2.5005625,16000,1,PCM_16
10115,train,2,2.7360625,16000,1,PCM_16
10116,train,5,2.1158125,16000,1,PCM_16
10117,train,0,2.06875,16000,1,PCM_16
10118,train,5,1.8351875,16000,1,PCM_16
10119,train,4,2.535875,16000,1,PCM_16
10120,train,2,2.194375,16000,1,PCM_16
10121,train,1,2.43575,16000,1,PCM_16
10122,train,4,2.263,16000,1,PCM_16
10123,train,4,2.40275,16000,1,PCM_16
10124,test,-1,2.902875,16000,1,PCM_16
10125,test,-1,2.002,16000,1,PCM_16
10126,train,3,1.8018125,16000,1,PCM_16
10127,train,1,2.102125,16000,1,PCM_16
10128,test,-1,2.8361875,16000,1,PCM_16
10129,train,5,2.1688125,16000,1,PCM_16
10130,train,1,3.06975,16000,1,PCM_16
10131,train,0,1.63475,16000,1,PCM_16
10132,train,2,2.3023125,16000,1,PCM_16
10133,test,-1,3.536875,16000,1,PCM_16
10134,train,4,3.5035,16000,1,PCM_16
10135,train,3,3.06975,16000,1,PCM_16
10136,train,5,2.008375,16000,1,PCM_16
10137,test,-1,2.535875,16000,1,PCM_16
10138,train,2,2.7360625,16000,1,PCM_16
10139,train,4,2.7508125,16000,1,PCM_16
10140,train,4,2.7694375,16000,1,PCM_16
10141,train,2,3.3700625,16000,1,PCM_16
10142,train,3,1.4809375,16000,1,PCM_16
10143,train,0,1.651375,16000,1,PCM_16
10144,test,-1,2.535875,16000,1,PCM_16
10145,train,0,1.548125,16000,1,PCM_16
10146,test,-1,4.2041875,16000,1,PCM_16
10147,train,1,2.1926875,16000,1,PCM_16
10148,train,2,2.402375,16000,1,PCM_16
10149,train,5,1.951875,16000,1,PCM_16
10150,train,0,1.93525,16000,1,PCM_16
10151,train,0,3.903875,16000,1,PCM_16
10152,test,-1,3.93725,16000,1,PCM_16
10153,test,-1,3.2365625,16000,1,PCM_16
10154,train,2,2.2021875,16000,1,PCM_16
10155,train,3,1.5971875,16000,1,PCM_16
10156,train,5,2.3023125,16000,1,PCM_16
10157,train,1,2.002,16000,1,PCM_16
10158,test,-1,3.1364375,16000,1,PCM_16
10159,train,1,3.3033125,16000,1,PCM_16
10160,train,0,2.56925,16000,1,PCM_16
10161,train,1,1.6683125,16000,1,PCM_16
10162,train,0,1.968625,16000,1,PCM_16
10163,train,3,2.369,16000,1,PCM_16
10164,train,0,2.8695625,16000,1,PCM_16
10165,train,2,2.602625,16000,1,PCM_16
10166,train,0,2.7360625,16000,1,PCM_16
10167,train,4,2.4273125,16000,1,PCM_16
10168,train,1,2.7360625,16000,1,PCM_16
10169,train,0,4.004,16000,1,PCM_16
10170,train,4,2.642,16000,1,PCM_16
10171,train,4,2.8361875,16000,1,PCM_16
10172,train,1,2.3356875,16000,1,PCM_16
10173,train,3,2.8028125,16000,1,PCM_16
10174,train,3,2.93625,16000,1,PCM_16
10175,train,1,2.469125,16000,1,PCM_16
10176,train,1,3.003,16000,1,PCM_16
10177,test,-1,2.3893125,16000,1,PCM_16
10178,train,1,2.1688125,16000,1,PCM_16
10179,train,2,2.969625,16000,1,PCM_16
10180,train,3,2.6693125,16000,1,PCM_16
10181,train,1,1.968625,16000,1,PCM_16
10182,train,2,3.603625,16000,1,PCM_16
10183,train,3,3.5035,16000,1,PCM_16
10184,test,-1,3.003,16000,1,PCM_16
10185,train,0,3.1698125,16000,1,PCM_16
10186,test,-1,2.43575,16000,1,PCM_16
10187,train,1,2.002,16000,1,PCM_16
10188,test,-1,2.602625,16000,1,PCM_16
10189,test,-1,2.969625,16000,1,PCM_16
10190,train,3,1.3083125,16000,1,PCM_16
10191,train,4,2.402375,16000,1,PCM_16
10192,train,5,2.2021875,16000,1,PCM_16
10193,test,-1,3.7370625,16000,1,PCM_16
10194,train,5,1.91975,16000,1,PCM_16
10195,train,0,3.603625,16000,1,PCM_16
10196,train,0,2.06875,16000,1,PCM_16
10197,train,5,1.80925,16000,1,PCM_16
10198,train,3,2.6693125,16000,1,PCM_16
10199,test,-1,3.103125,16000,1,PCM_16
10200,train,2,3.1364375,16000,1,PCM_16
10201,train,3,3.003,16000,1,PCM_16
10202,train,2,2.4805,16000,1,PCM_16
10203,train,0,1.534875,16000,1,PCM_16
10204,test,-1,3.536875,16000,1,PCM_16
10205,test,-1,2.56925,16000,1,PCM_16
10206,train,5,2.2021875,16000,1,PCM_16
10207,train,5,2.535875,16000,1,PCM_16
10208,train,5,2.6693125,16000,1,PCM_16
10209,train,0,1.601125,16000,1,PCM_16
10210,train,3,3.43675,16000,1,PCM_16
10211,train,0,2.1354375,16000,1,PCM_16
10212,train,5,1.881125,16000,1,PCM_16
10213,train,4,2.602625,16000,1,PCM_16
10214,train,4,1.7684375,16000,1,PCM_16
10215,train,3,2.5025,16000,1,PCM_16
10216,train,4,2.3139375,16000,1,PCM_16
10217,train,0,2.1354375,16000,1,PCM_16
10218,train,3,2.7694375,16000,1,PCM_16
10219,train,0,1.53625,16000,1,PCM_16
10220,train,4,2.3356875,16000,1,PCM_16
10221,train,5,2.535875,16000,1,PCM_16
10222,test,-1,2.969625,16000,1,PCM_16
10223,train,3,2.535875,16000,1,PCM_16
10224,train,5,2.0049375,16000,1,PCM_16
10225,train,4,3.8038125,16000,1,PCM_16
10226,train,2,2.2528125,16000,1,PCM_16
10227,train,5,2.205125,16000,1,PCM_16
10228,train,4,3.470125,16000,1,PCM_16
10229,train,5,3.603625,16000,1,PCM_16
10230,train,4,3.06975,16000,1,PCM_16
10231,train,0,1.901875,16000,1,PCM_16
10232,train,3,2.7026875,16000,1,PCM_16
10233,train,0,2.6359375,16000,1,PCM_16
10234,test,-1,2.002,16000,1,PCM_16
10235,train,3,2.3356875,16000,1,PCM_16
10236,train,2,2.4804375,16000,1,PCM_16
10237,train,2,2.1354375,16000,1,PCM_16
10238,test,-1,3.2365625,16000,1,PCM_16
10239,train,4,2.6446875,16000,1,PCM_16
10240,train,2,2.2021875,16000,1,PCM_16
10241,train,1,2.469125,16000,1,PCM_16
10242,train,0,2.7694375,16000,1,PCM_16
10243,test,-1,2.5025,16000,1,PCM_16
10244,train,5,2.43575,16000,1,PCM_16
10245,train,4,2.4815625,16000,1,PCM_16
10246,train,0,2.104625,16000,1,PCM_16
10247,test,-1,2.7360625,16000,1,PCM_16
10248,train,1,3.5035,16000,1,PCM_16
10249,train,1,2.035375,16000,1,PCM_16
10250,train,1,2.535875,16000,1,PCM_16
10251,train,1,2.7026875,16000,1,PCM_16
10252,test,-1,3.036375,16000,1,PCM_16
10253,train,1,2.7694375,16000,1,PCM_16
10254,test,-1,2.035375,16000,1,PCM_16
10255,test,-1,1.8685,16000,1,PCM_16
10256,train,5,2.28725,16000,1,PCM_16
10257,train,5,2.0896875,16000,1,PCM_16
10258,train,3,1.5823125,16000,1,PCM_16
10259,train,1,3.43675,16000,1,PCM_16
10260,train,1,1.897625,16000,1,PCM_16
10261,test,-1,3.003,16000,1,PCM_16
10262,train,0,2.2689375,16000,1,PCM_16
10263,train,4,1.93525,16000,1,PCM_16
10264,train,4,3.37,16000,1,PCM_16
10265,train,1,1.5015,16000,1,PCM_16
10266,train,0,1.654,16000,1,PCM_16
10267,train,4,2.902875,16000,1,PCM_16
10268,train,2,2.0361875,16000,1,PCM_16
10269,train,1,2.035375,16000,1,PCM_16
10270,train,1,3.2699375,16000,1,PCM_16
10271,train,5,2.2021875,16000,1,PCM_16
10272,train,5,2.06875,16000,1,PCM_16
10273,train,4,2.56925,16000,1,PCM_16
10274,train,2,2.2689375,16000,1,PCM_16
10275,train,5,2.2689375,16000,1,PCM_16
10276,test,-1,3.003,16000,1,PCM_16
10277,train,2,2.46525,16000,1,PCM_16
10278,test,-1,4.2709375,16000,1,PCM_16
10279,train,3,2.3023125,16000,1,PCM_16
10280,train,1,1.7016875,16000,1,PCM_16
10281,train,5,3.7036875,16000,1,PCM_16
10282,train,5,2.43575,16000,1,PCM_16
10283,test,-1,2.369,16000,1,PCM_16
10284,train,2,2.428125,16000,1,PCM_16
10285,train,5,2.142625,16000,1,PCM_16
10286,train,4,2.260375,16000,1,PCM_16
10287,train,4,2.8695,16000,1,PCM_16
10288,train,1,2.0800625,16000,1,PCM_16
10289,train,2,1.6683125,16000,1,PCM_16
10290,train,3,2.43575,16000,1,PCM_16
10291,test,-1,4.3710625,16000,1,PCM_16
10292,train,5,3.470125,16000,1,PCM_16
10293,train,3,2.6693125,16000,1,PCM_16
10294,train,2,2.56925,16000,1,PCM_16
10295,train,2,2.59225,16000,1,PCM_16
10296,train,4,2.3719375,16000,1,PCM_16
10297,train,3,3.403375,16000,1,PCM_16
10298,train,2,2.402375,16000,1,PCM_16
10299,train,4,2.402375,16000,1,PCM_16
10300,train,5,2.1983125,16000,1,PCM_16
10301,train,5,1.7016875,16000,1,PCM_16
10302,test,-1,2.6693125,16000,1,PCM_16
10303,train,4,2.93625,16000,1,PCM_16
10304,train,1,2.5025,16000,1,PCM_16
10305,train,4,2.1354375,16000,1,PCM_16
10306,train,2,2.1688125,16000,1,PCM_16
10307,train,3,3.2031875,16000,1,PCM_16
10308,train,2,2.6355625,16000,1,PCM_16
10309,train,0,3.970625,16000,1,PCM_16
10310,test,-1,3.3033125,16000,1,PCM_16
10311,train,1,2.5025,16000,1,PCM_16
10312,train,3,2.969625,16000,1,PCM_16
10313,train,3,2.035375,16000,1,PCM_16
10314,train,0,2.902875,16000,1,PCM_16
10315,train,2,2.2689375,16000,1,PCM_16
10316,train,4,4.1374375,16000,1,PCM_16
10317,train,0,2.93625,16000,1,PCM_16
10318,train,0,1.5070625,16000,1,PCM_16
10319,train,2,2.06875,16000,1,PCM_16
10320,train,1,2.902875,16000,1,PCM_16
10321,train,4,2.414375,16000,1,PCM_16
10322,test,-1,2.5025,16000,1,PCM_16
10323,train,1,2.6359375,16000,1,PCM_16
10324,train,1,2.602625,16000,1,PCM_16
10325,train,5,2.5025,16000,1,PCM_16
10326,train,3,2.3356875,16000,1,PCM_16
10327,train,0,2.06875,16000,1,PCM_16
10328,train,2,2.56925,16000,1,PCM_16
10329,train,0,2.2021875,16000,1,PCM_16
10330,train,1,2.06875,16000,1,PCM_16
10331,train,5,2.3690625,16000,1,PCM_16
10332,train,0,2.192125,16000,1,PCM_16
10333,train,0,2.5025,16000,1,PCM_16
10334,train,2,2.1354375,16000,1,PCM_16
10335,train,4,2.43575,16000,1,PCM_16
10336,train,3,1.428375,16000,1,PCM_16
10337,train,4,2.221375,16000,1,PCM_16
10338,train,3,2.6693125,16000,1,PCM_16
10339,test,-1,2.2689375,16000,1,PCM_16
10340,train,2,4.404375,16000,1,PCM_16
10341,train,0,2.7694375,16000,1,PCM_16
10342,train,2,3.4034375,16000,1,PCM_16
10343,train,5,2.602625,16000,1,PCM_16
10344,train,0,2.6359375,16000,1,PCM_16
10345,test,-1,3.7370625,16000,1,PCM_16
10346,train,5,1.901875,16000,1,PCM_16
10347,train,5,3.470125,16000,1,PCM_16
10348,train,1,2.2689375,16000,1,PCM_16
10349,test,-1,2.3356875,16000,1,PCM_16
10350,train,4,3.470125,16000,1,PCM_16
10351,train,3,2.5025,16000,1,PCM_16
10352,train,2,3.8371875,16000,1,PCM_16
10353,train,1,2.602625,16000,1,PCM_16
10354,train,5,2.2689375,16000,1,PCM_16
10355,train,4,4.2709375,16000,1,PCM_16
10356,train,4,2.8028125,16000,1,PCM_16
10357,train,2,3.003,16000,1,PCM_16
10358,train,0,2.0119375,16000,1,PCM_16
10359,train,5,2.969625,16000,1,PCM_16
10360,train,2,1.8685625,16000,1,PCM_16
10361,train,1,2.002,16000,1,PCM_16
10362,train,1,1.8081875,16000,1,PCM_16
10363,train,0,2.5025,16000,1,PCM_16
10364,train,3,1.975375,16000,1,PCM_16
10365,train,4,3.603625,16000,1,PCM_16
10366,train,0,2.381,16000,1,PCM_16
10367,train,3,3.1364375,16000,1,PCM_16
10368,train,4,2.486625,16000,1,PCM_16
10369,train,3,1.6906875,16000,1,PCM_16
10370,train,4,2.93625,16000,1,PCM_16
10371,train,5,2.0364375,16000,1,PCM_16
10372,test,-1,3.2699375,16000,1,PCM_16
10373,train,5,2.369,16000,1,PCM_16
10374,train,0,2.5025,16000,1,PCM_16
10375,train,5,2.7026875,16000,1,PCM_16
10376,train,2,3.470125,16000,1,PCM_16
10377,test,-1,2.402375,16000,1,PCM_16
10378,train,1,3.5035,16000,1,PCM_16
10379,train,1,4.037375,16000,1,PCM_16
10380,train,4,2.501375,16000,1,PCM_16
10381,train,0,2.6693125,16000,1,PCM_16
10382,train,1,1.3346875,16000,1,PCM_16
10383,train,0,3.8705,16000,1,PCM_16
10384,train,3,2.1354375,16000,1,PCM_16
10385,train,2,3.8705,16000,1,PCM_16
10386,test,-1,2.56925,16000,1,PCM_16
10387,train,3,2.6693125,16000,1,PCM_16
10388,train,3,1.5375,16000,1,PCM_16
10389,train,3,3.1698125,16000,1,PCM_16
10390,test,-1,2.5025,16000,1,PCM_16
10391,train,0,2.127375,16000,1,PCM_16
10392,train,4,2.902875,16000,1,PCM_16
10393,train,1,2.7694375,16000,1,PCM_16
10394,train,1,2.102125,16000,1,PCM_16
10395,train,2,2.1354375,16000,1,PCM_16
10396,test,-1,3.470125,16000,1,PCM_16
10397,train,2,2.3023125,16000,1,PCM_16
10398,train,0,2.01875,16000,1,PCM_16
10399,train,4,3.036375,16000,1,PCM_16
10400,train,1,2.8695,16000,1,PCM_16
10401,train,5,2.3356875,16000,1,PCM_16
10402,train,1,2.102125,16000,1,PCM_16
10403,train,2,2.93625,16000,1,PCM_16
10404,train,1,3.8371875,16000,1,PCM_16
10405,train,1,2.7360625,16000,1,PCM_16
10406,train,1,3.6035625,16000,1,PCM_16
10407,train,0,2.066625,16000,1,PCM_16
10408,train,1,2.602625,16000,1,PCM_16
10409,train,3,2.7026875,16000,1,PCM_16
10410,test,-1,3.37,16000,1,PCM_16
10411,train,2,2.002,16000,1,PCM_16
10412,train,1,1.534875,16000,1,PCM_16
10413,test,-1,2.102125,16000,1,PCM_16
10414,train,5,1.3346875,16000,1,PCM_16
10415,train,5,2.6693125,16000,1,PCM_16
10416,train,0,2.8028125,16000,1,PCM_16
10417,test,-1,3.470125,16000,1,PCM_16
10418,train,4,3.003,16000,1,PCM_16
10419,test,-1,2.535875,16000,1,PCM_16
10420,train,3,3.93725,16000,1,PCM_16
10421,train,1,2.8361875,16000,1,PCM_16
10422,train,1,2.43575,16000,1,PCM_16
10423,train,0,1.6525625,16000,1,PCM_16
10424,train,3,2.5025,16000,1,PCM_16
10425,train,3,2.5025,16000,1,PCM_16
10426,train,3,1.48675,16000,1,PCM_16
10427,train,2,2.402375,16000,1,PCM_16
10428,train,0,1.8018125,16000,1,PCM_16
10429,train,4,2.7015,16000,1,PCM_16
10430,train,4,3.003,16000,1,PCM_16
10431,test,-1,2.602625,16000,1,PCM_16
10432,test,-1,1.93525,16000,1,PCM_16
10433,train,3,2.3356875,16000,1,PCM_16
10434,train,4,2.43575,16000,1,PCM_16
10435,test,-1,2.969625,16000,1,PCM_16
10436,test,-1,1.93525,16000,1,PCM_16
10437,train,5,1.9749375,16000,1,PCM_16
10438,train,2,2.902875,16000,1,PCM_16
10439,train,1,2.102125,16000,1,PCM_16
10440,train,4,2.2355625,16000,1,PCM_16
10441,train,2,2.5025,16000,1,PCM_16
10442,train,2,2.8361875,16000,1,PCM_16
10443,train,4,2.2021875,16000,1,PCM_16
10444,train,5,2.469125,16000,1,PCM_16
10445,train,5,2.0006875,16000,1,PCM_16
10446,train,1,1.93525,16000,1,PCM_16
10447,train,1,4.1708125,16000,1,PCM_16
10448,train,0,2.35625,16000,1,PCM_16
10449,train,3,2.7360625,16000,1,PCM_16
10450,train,2,3.003,16000,1,PCM_16
10451,train,2,2.3059375,16000,1,PCM_16
10452,train,1,3.5035,16000,1,PCM_16
10453,train,1,3.003,16000,1,PCM_16
10454,train,4,2.2579375,16000,1,PCM_16
10455,test,-1,3.3033125,16000,1,PCM_16
10456,train,2,2.8361875,16000,1,PCM_16
10457,train,0,2.93625,16000,1,PCM_16
10458,train,5,2.16325,16000,1,PCM_16
10459,train,0,2.190875,16000,1,PCM_16
10460,train,0,3.536875,16000,1,PCM_16
10461,test,-1,2.402375,16000,1,PCM_16
10462,train,1,2.5025,16000,1,PCM_16
10463,train,4,2.2284375,16000,1,PCM_16
10464,train,0,2.1391875,16000,1,PCM_16
10465,test,-1,2.3690625,16000,1,PCM_16
10466,train,2,2.102125,16000,1,PCM_16
10467,train,3,1.797375,16000,1,PCM_16
10468,train,3,3.6703125,16000,1,PCM_16
10469,train,4,2.29875,16000,1,PCM_16
10470,train,2,2.43575,16000,1,PCM_16
10471,train,5,2.06875,16000,1,PCM_16
10472,train,3,3.37,16000,1,PCM_16
10473,test,-1,3.103125,16000,1,PCM_16
10474,train,5,1.97625,16000,1,PCM_16
10475,train,5,2.2689375,16000,1,PCM_16
10476,train,2,2.2641875,16000,1,PCM_16
10477,train,1,3.7036875,16000,1,PCM_16
10478,train,0,2.902875,16000,1,PCM_16
10479,train,5,3.103125,16000,1,PCM_16
10480,train,4,3.7704375,16000,1,PCM_16
10481,train,3,3.57025,16000,1,PCM_16
10482,test,-1,3.7370625,16000,1,PCM_16
10483,train,5,2.102125,16000,1,PCM_16
10484,train,4,2.462375,16000,1,PCM_16
10485,train,0,1.93525,16000,1,PCM_16
10486,train,5,2.56925,16000,1,PCM_16
10487,train,2,2.205125,16000,1,PCM_16
10488,train,5,2.7360625,16000,1,PCM_16
10489,test,-1,2.8028125,16000,1,PCM_16
10490,train,3,1.6349375,16000,1,PCM_16
10491,train,1,1.968625,16000,1,PCM_16
10492,test,-1,3.103125,16000,1,PCM_16
10493,train,5,2.469125,16000,1,PCM_16
10494,train,2,2.7360625,16000,1,PCM_16
10495,train,2,2.4546875,16000,1,PCM_16
10496,train,1,2.7360625,16000,1,PCM_16
10497,train,0,3.3033125,16000,1,PCM_16
10498,train,1,2.969625,16000,1,PCM_16
10499,test,-1,2.93625,16000,1,PCM_16
10500,train,4,2.8556875,16000,1,PCM_16
10501,test,-1,2.402375,16000,1,PCM_16
10502,train,4,2.3940625,16000,1,PCM_16
10503,train,1,3.470125,16000,1,PCM_16
10504,train,3,2.3690625,16000,1,PCM_16
10505,train,0,3.036375,16000,1,PCM_16
10506,train,1,3.8705,16000,1,PCM_16
10507,train,4,2.56925,16000,1,PCM_16
10508,train,1,3.06975,16000,1,PCM_16
10509,train,4,3.7036875,16000,1,PCM_16
10510,train,2,2.6359375,16000,1,PCM_16
10511,train,1,1.8253125,16000,1,PCM_16
10512,train,1,2.402375,16000,1,PCM_16
10513,train,0,1.93525,16000,1,PCM_16
10514,test,-1,2.5025,16000,1,PCM_16
10515,train,5,2.2021875,16000,1,PCM_16
10516,train,4,1.901875,16000,1,PCM_16
10517,test,-1,2.2355625,16000,1,PCM_16
10518,test,-1,2.6359375,16000,1,PCM_16
10519,train,5,2.102125,16000,1,PCM_16
10520,train,3,1.7075625,16000,1,PCM_16
10521,train,4,2.2755,16000,1,PCM_16
10522,train,3,2.369,16000,1,PCM_16
10523,train,4,3.1698125,16000,1,PCM_16
10524,train,0,3.1698125,16000,1,PCM_16
10525,train,2,2.46875,16000,1,PCM_16
10526,train,2,2.8695,16000,1,PCM_16
10527,train,0,2.119625,16000,1,PCM_16
10528,train,3,1.5799375,16000,1,PCM_16
10529,train,1,2.0109375,16000,1,PCM_16
10530,train,1,3.57025,16000,1,PCM_16
10531,train,2,3.3436875,16000,1,PCM_16
10532,train,2,2.102125,16000,1,PCM_16
10533,train,5,3.3033125,16000,1,PCM_16
10534,train,1,2.102125,16000,1,PCM_16
10535,train,0,2.3356875,16000,1,PCM_16
10536,train,3,2.8361875,16000,1,PCM_16
10537,train,4,4.1374375,16000,1,PCM_16
10538,train,3,2.0036875,16000,1,PCM_16
10539,train,0,2.0654375,16000,1,PCM_16
10540,train,2,2.56925,16000,1,PCM_16
10541,test,-1,2.902875,16000,1,PCM_16
10542,train,2,2.110125,16000,1,PCM_16
10543,test,-1,2.002,16000,1,PCM_16
10544,train,5,1.93525,16000,1,PCM_16
10545,train,2,2.3023125,16000,1,PCM_16
10546,train,2,2.2065,16000,1,PCM_16
10547,train,2,2.613625,16000,1,PCM_16
10548,train,0,2.1200625,16000,1,PCM_16
10549,train,1,2.2021875,16000,1,PCM_16
10550,train,0,3.2365625,16000,1,PCM_16
10551,train,3,1.8453125,16000,1,PCM_16
10552,test,-1,3.2699375,16000,1,PCM_16
10553,train,0,1.505375,16000,1,PCM_16
10554,train,2,3.2699375,16000,1,PCM_16
10555,train,3,1.564,16000,1,PCM_16
10556,train,1,2.035375,16000,1,PCM_16
10557,train,2,3.036375,16000,1,PCM_16
10558,test,-1,3.6369375,16000,1,PCM_16
10559,train,0,2.469125,16000,1,PCM_16
10560,train,0,1.5205625,16000,1,PCM_16
10561,train,4,3.003,16000,1,PCM_16
10562,train,5,1.907,16000,1,PCM_16
10563,train,2,2.2755625,16000,1,PCM_16
10564,test,-1,2.2021875,16000,1,PCM_16
10565,test,-1,2.5025,16000,1,PCM_16
10566,train,0,2.2021875,16000,1,PCM_16
10567,train,4,3.43675,16000,1,PCM_16
10568,train,3,2.469125,16000,1,PCM_16
10569,train,3,3.43675,16000,1,PCM_16
10570,train,4,3.93725,16000,1,PCM_16
10571,train,0,2.469125,16000,1,PCM_16
10572,train,4,2.42625,16000,1,PCM_16
10573,test,-1,2.369,16000,1,PCM_16
10574,train,1,3.57025,16000,1,PCM_16
10575,train,4,3.93725,16000,1,PCM_16
10576,train,0,2.035375,16000,1,PCM_16
10577,train,2,2.602625,16000,1,PCM_16
10578,test,-1,2.035375,16000,1,PCM_16
10579,train,5,2.43575,16000,1,PCM_16
10580,train,1,2.102125,16000,1,PCM_16
10581,test,-1,3.036375,16000,1,PCM_16
10582,train,5,2.102125,16000,1,PCM_16
10583,train,4,2.7106875,16000,1,PCM_16
10584,train,5,2.602625,16000,1,PCM_16
10585,train,3,1.901875,16000,1,PCM_16
10586,train,4,2.65425,16000,1,PCM_16
10587,train,0,1.69,16000,1,PCM_16
10588,test,-1,2.1354375,16000,1,PCM_16
10589,train,4,3.103125,16000,1,PCM_16
10590,test,-1,2.3690625,16000,1,PCM_16
10591,train,4,2.2021875,16000,1,PCM_16
10592,train,0,3.003,16000,1,PCM_16
10593,test,-1,2.43575,16000,1,PCM_16
10594,test,-1,2.43575,16000,1,PCM_16
10595,train,4,2.7026875,16000,1,PCM_16
10596,train,0,4.1375,16000,1,PCM_16
10597,train,1,1.968625,16000,1,PCM_16
10598,test,-1,2.1688125,16000,1,PCM_16
10599,train,2,2.5550625,16000,1,PCM_16
10600,test,-1,2.06875,16000,1,PCM_16
10601,test,-1,2.43575,16000,1,PCM_16
10602,train,0,2.8695,16000,1,PCM_16
10603,train,5,1.9506875,16000,1,PCM_16
10604,train,3,1.57775,16000,1,PCM_16
10605,train,0,1.725875,16000,1,PCM_16
10606,train,5,1.9273125,16000,1,PCM_16
10607,train,4,2.8361875,16000,1,PCM_16
10608,train,3,3.637,16000,1,PCM_16
10609,test,-1,2.602625,16000,1,PCM_16
10610,train,0,3.003,16000,1,PCM_16
10611,train,0,3.3033125,16000,1,PCM_16
10612,train,4,2.93625,16000,1,PCM_16
10613,train,2,2.56925,16000,1,PCM_16
10614,train,3,3.6703125,16000,1,PCM_16
10615,train,0,2.3721875,16000,1,PCM_16
10616,train,2,3.903875,16000,1,PCM_16
10617,train,0,3.036375,16000,1,PCM_16
10618,train,3,3.43675,16000,1,PCM_16
10619,train,2,2.592,16000,1,PCM_16
10620,train,3,3.1698125,16000,1,PCM_16
10621,train,5,2.6693125,16000,1,PCM_16
10622,test,-1,3.036375,16000,1,PCM_16
10623,train,3,1.5951875,16000,1,PCM_16
10624,test,-1,2.535875,16000,1,PCM_16
10625,train,1,1.9684375,16000,1,PCM_16
10626,train,1,1.8351875,16000,1,PCM_16
10627,train,2,3.536875,16000,1,PCM_16
10628,train,0,2.402375,16000,1,PCM_16
10629,train,2,2.402375,16000,1,PCM_16
10630,train,1,2.002,16000,1,PCM_16
10631,train,2,2.2924375,16000,1,PCM_16
10632,train,5,1.93525,16000,1,PCM_16
10633,train,0,3.8705625,16000,1,PCM_16
10634,train,1,1.8018125,16000,1,PCM_16
10635,train,4,2.1356875,16000,1,PCM_16
10636,test,-1,3.7704375,16000,1,PCM_16
10637,train,2,3.103125,16000,1,PCM_16
10638,test,-1,2.5025,16000,1,PCM_16
10639,train,1,1.901875,16000,1,PCM_16
10640,test,-1,2.7026875,16000,1,PCM_16
10641,train,1,2.247625,16000,1,PCM_16
10642,test,-1,2.035375,16000,1,PCM_16
10643,train,3,1.587125,16000,1,PCM_16
10644,train,0,2.2689375,16000,1,PCM_16
10645,train,3,4.07075,16000,1,PCM_16
10646,train,3,2.56925,16000,1,PCM_16
10647,train,5,1.6683125,16000,1,PCM_16
10648,train,3,3.903875,16000,1,PCM_16
10649,test,-1,2.002,16000,1,PCM_16
10650,train,2,2.660625,16000,1,PCM_16
10651,train,4,2.51625,16000,1,PCM_16
10652,train,0,2.0331875,16000,1,PCM_16
10653,train,5,2.602625,16000,1,PCM_16
10654,train,3,1.8715,16000,1,PCM_16
10655,train,0,3.2031875,16000,1,PCM_16
10656,test,-1,2.5025,16000,1,PCM_16
10657,train,5,1.968625,16000,1,PCM_16
10658,train,5,2.56925,16000,1,PCM_16
10659,test,-1,2.2755625,16000,1,PCM_16
10660,train,2,2.602625,16000,1,PCM_16
10661,train,0,3.470125,16000,1,PCM_16
10662,train,5,2.2021875,16000,1,PCM_16
10663,train,4,3.470125,16000,1,PCM_16
10664,train,1,3.003,16000,1,PCM_16
10665,test,-1,3.6369375,16000,1,PCM_16
10666,train,0,2.402375,16000,1,PCM_16
10667,train,0,2.93625,16000,1,PCM_16
10668,train,3,2.3356875,16000,1,PCM_16
10669,train,0,2.7694375,16000,1,PCM_16
10670,train,5,2.06875,16000,1,PCM_16
10671,train,0,1.8351875,16000,1,PCM_16
10672,test,-1,3.470125,16000,1,PCM_16
10673,test,-1,3.2699375,16000,1,PCM_16
10674,train,2,2.4595,16000,1,PCM_16
10675,train,5,2.1354375,16000,1,PCM_16
10676,train,2,1.8685625,16000,1,PCM_16
10677,train,2,1.901875,16000,1,PCM_16
10678,train,4,3.2365625,16000,1,PCM_16
10679,test,-1,3.1698125,16000,1,PCM_16
10680,train,0,2.43575,16000,1,PCM_16
10681,train,4,2.402375,16000,1,PCM_16
10682,train,2,2.2795,16000,1,PCM_16
10683,train,3,2.6693125,16000,1,PCM_16
10684,train,0,2.2021875,16000,1,PCM_16
10685,train,3,3.8038125,16000,1,PCM_16
10686,train,2,2.06875,16000,1,PCM_16
10687,train,0,2.2510625,16000,1,PCM_16
10688,train,1,3.6703125,16000,1,PCM_16
10689,train,1,2.535875,16000,1,PCM_16
10690,test,-1,3.1364375,16000,1,PCM_16
10691,train,1,3.3033125,16000,1,PCM_16
10692,train,4,2.381875,16000,1,PCM_16
10693,train,0,3.8371875,16000,1,PCM_16
10694,train,0,3.637,16000,1,PCM_16
10695,train,3,2.8028125,16000,1,PCM_16
10696,train,4,2.8028125,16000,1,PCM_16
10697,train,4,2.103375,16000,1,PCM_16
10698,train,4,4.371,16000,1,PCM_16
10699,train,2,2.2826875,16000,1,PCM_16
10700,train,2,3.8371875,16000,1,PCM_16
10701,train,2,2.535875,16000,1,PCM_16
10702,train,3,2.1688125,16000,1,PCM_16
10703,train,2,2.7026875,16000,1,PCM_16
10704,train,5,2.469125,16000,1,PCM_16
10705,test,-1,2.969625,16000,1,PCM_16
10706,train,3,1.9278125,16000,1,PCM_16
10707,train,1,1.601625,16000,1,PCM_16
10708,test,-1,4.07075,16000,1,PCM_16
10709,train,5,2.1454375,16000,1,PCM_16
10710,train,0,3.3033125,16000,1,PCM_16
10711,train,2,1.968625,16000,1,PCM_16
10712,train,2,2.1688125,16000,1,PCM_16
10713,train,2,2.2645,16000,1,PCM_16
10714,train,0,3.003,16000,1,PCM_16
10715,train,2,2.5025,16000,1,PCM_16
10716,train,4,2.59725,16000,1,PCM_16
10717,train,4,2.1688125,16000,1,PCM_16
10718,train,1,1.901875,16000,1,PCM_16
10719,train,0,2.1688125,16000,1,PCM_16
10720,train,4,2.93625,16000,1,PCM_16
10721,train,2,2.5733125,16000,1,PCM_16
10722,train,5,2.602625,16000,1,PCM_16
10723,train,0,3.8705,16000,1,PCM_16
10724,train,2,2.7694375,16000,1,PCM_16
10725,train,1,1.9381875,16000,1,PCM_16
10726,train,1,2.369,16000,1,PCM_16
10727,train,0,2.43575,16000,1,PCM_16
10728,train,3,1.7684375,16000,1,PCM_16
10729,train,1,2.902875,16000,1,PCM_16
10730,test,-1,2.06875,16000,1,PCM_16
10731,train,2,1.93525,16000,1,PCM_16
10732,train,2,1.93525,16000,1,PCM_16
10733,train,3,1.4690625,16000,1,PCM_16
10734,train,2,2.902875,16000,1,PCM_16
10735,train,1,2.3356875,16000,1,PCM_16
10736,test,-1,3.57025,16000,1,PCM_16
10737,test,-1,3.6703125,16000,1,PCM_16
10738,train,5,2.402375,16000,1,PCM_16
10739,test,-1,2.2021875,16000,1,PCM_16
10740,train,3,1.8351875,16000,1,PCM_16
10741,train,3,2.8695,16000,1,PCM_16
10742,train,4,2.602625,16000,1,PCM_16
10743,test,-1,2.969625,16000,1,PCM_16
10744,test,-1,2.469125,16000,1,PCM_16
10745,test,-1,2.7360625,16000,1,PCM_16
10746,train,5,2.002,16000,1,PCM_16
10747,train,4,2.3699375,16000,1,PCM_16
10748,test,-1,2.3023125,16000,1,PCM_16
10749,test,-1,3.003,16000,1,PCM_16
10750,train,3,2.469125,16000,1,PCM_16
10751,test,-1,2.8695625,16000,1,PCM_16
10752,train,4,2.399625,16000,1,PCM_16
10753,test,-1,2.1354375,16000,1,PCM_16
10754,train,0,2.8695625,16000,1,PCM_16
10755,train,3,1.6366875,16000,1,PCM_16
10756,train,1,3.8705,16000,1,PCM_16
10757,train,0,1.8351875,16000,1,PCM_16
10758,train,2,3.403375,16000,1,PCM_16
10759,train,1,1.8685,16000,1,PCM_16
10760,train,0,1.7016875,16000,1,PCM_16
10761,train,3,1.8351875,16000,1,PCM_16
10762,train,1,3.5035,16000,1,PCM_16
10763,train,3,2.1688125,16000,1,PCM_16
10764,train,3,1.76575,16000,1,PCM_16
10765,train,5,3.003,16000,1,PCM_16
10766,train,4,2.603625,16000,1,PCM_16
10767,train,2,2.3486875,16000,1,PCM_16
10768,train,0,1.72425,16000,1,PCM_16
10769,test,-1,2.8361875,16000,1,PCM_16
10770,train,1,2.0650625,16000,1,PCM_16
10771,train,5,1.7684375,16000,1,PCM_16
10772,train,0,3.903875,16000,1,PCM_16
10773,test,-1,3.5035,16000,1,PCM_16
10774,train,3,1.674375,16000,1,PCM_16
10775,train,3,1.45125,16000,1,PCM_16
10776,train,0,2.035375,16000,1,PCM_16
10777,train,5,2.1688125,16000,1,PCM_16
10778,train,4,2.56925,16000,1,PCM_16
10779,train,4,2.37325,16000,1,PCM_16
10780,train,0,4.2041875,16000,1,PCM_16
10781,train,0,1.576,16000,1,PCM_16
10782,train,1,3.6369375,16000,1,PCM_16
10783,train,4,3.06975,16000,1,PCM_16
10784,train,5,2.3356875,16000,1,PCM_16
10785,train,5,1.916625,16000,1,PCM_16
10786,train,3,1.42375,16000,1,PCM_16
10787,train,4,3.7370625,16000,1,PCM_16
10788,test,-1,2.8028125,16000,1,PCM_16
10789,test,-1,3.1698125,16000,1,PCM_16
10790,test,-1,2.8361875,16000,1,PCM_16
10791,test,-1,4.3376875,16000,1,PCM_16
10792,test,-1,2.93625,16000,1,PCM_16
10793,train,1,2.195125,16000,1,PCM_16
10794,train,3,1.5149375,16000,1,PCM_16
10795,test,-1,1.968625,16000,1,PCM_16
10796,train,3,1.968625,16000,1,PCM_16
10797,train,1,1.534875,16000,1,PCM_16
10798,test,-1,2.369,16000,1,PCM_16
10799,train,4,2.8361875,16000,1,PCM_16
10800,test,-1,2.7026875,16000,1,PCM_16
10801,train,3,2.2826875,16000,1,PCM_16
10802,train,3,2.8695,16000,1,PCM_16
10803,train,4,3.1364375,16000,1,PCM_16
10804,train,2,2.102125,16000,1,PCM_16
10805,train,3,1.748375,16000,1,PCM_16
10806,train,0,3.6035625,16000,1,PCM_16
10807,train,2,3.57025,16000,1,PCM_16
10808,train,0,3.7704375,16000,1,PCM_16
10809,train,3,3.637,16000,1,PCM_16
10810,train,5,1.9454375,16000,1,PCM_16
10811,test,-1,2.7694375,16000,1,PCM_16
10812,test,-1,1.8018125,16000,1,PCM_16
10813,train,5,2.43575,16000,1,PCM_16
10814,train,4,1.968625,16000,1,PCM_16
10815,train,3,2.469125,16000,1,PCM_16
10816,train,2,3.8038125,16000,1,PCM_16
10817,train,5,2.7360625,16000,1,PCM_16
10818,test,-1,2.535875,16000,1,PCM_16
10819,train,4,2.7026875,16000,1,PCM_16
10820,train,3,2.3023125,16000,1,PCM_16
10821,train,3,2.002,16000,1,PCM_16
10822,train,0,2.369,16000,1,PCM_16
10823,train,1,2.2021875,16000,1,PCM_16
10824,train,2,4.2375625,16000,1,PCM_16
10825,train,1,2.1885,16000,1,PCM_16
10826,train,0,1.7684375,16000,1,PCM_16
10827,train,0,2.369,16000,1,PCM_16
10828,train,0,4.1374375,16000,1,PCM_16
10829,train,4,2.6158125,16000,1,PCM_16
10830,test,-1,2.6359375,16000,1,PCM_16
10831,train,2,1.901875,16000,1,PCM_16
10832,train,0,2.3690625,16000,1,PCM_16
10833,train,5,3.2365625,16000,1,PCM_16
10834,train,1,1.93525,16000,1,PCM_16
10835,train,1,2.535875,16000,1,PCM_16
10836,train,0,1.64625,16000,1,PCM_16
10837,train,0,2.7026875,16000,1,PCM_16
10838,train,4,2.3023125,16000,1,PCM_16
10839,train,2,3.036375,16000,1,PCM_16
10840,test,-1,3.903875,16000,1,PCM_16
10841,train,0,1.606875,16000,1,PCM_16
10842,train,2,2.402375,16000,1,PCM_16
10843,train,0,3.37,16000,1,PCM_16
10844,train,0,2.8361875,16000,1,PCM_16
10845,test,-1,3.3033125,16000,1,PCM_16
10846,test,-1,3.2365625,16000,1,PCM_16
10847,train,4,3.403375,16000,1,PCM_16
10848,train,2,2.402375,16000,1,PCM_16
10849,train,5,2.1354375,16000,1,PCM_16
10850,train,2,2.469125,16000,1,PCM_16
10851,train,3,2.902875,16000,1,PCM_16
10852,train,2,2.8695,16000,1,PCM_16
10853,train,0,2.8361875,16000,1,PCM_16
10854,train,5,2.2389375,16000,1,PCM_16
10855,train,0,2.3356875,16000,1,PCM_16
10856,test,-1,4.004,16000,1,PCM_16
10857,train,4,2.5025,16000,1,PCM_16
10858,train,0,2.102125,16000,1,PCM_16
10859,train,0,2.6359375,16000,1,PCM_16
10860,train,4,2.56925,16000,1,PCM_16
10861,train,2,2.6216875,16000,1,PCM_16
10862,train,3,2.969625,16000,1,PCM_16
10863,train,3,1.901875,16000,1,PCM_16
10864,train,3,1.8685625,16000,1,PCM_16
10865,test,-1,2.535875,16000,1,PCM_16
10866,train,0,1.612625,16000,1,PCM_16
10867,train,0,1.6461875,16000,1,PCM_16
10868,train,4,2.072625,16000,1,PCM_16
10869,train,1,1.9525625,16000,1,PCM_16
10870,train,3,2.535875,16000,1,PCM_16
10871,train,3,2.2021875,16000,1,PCM_16
10872,train,3,1.5119375,16000,1,PCM_16
10873,train,4,2.2021875,16000,1,PCM_16
10874,train,1,3.43675,16000,1,PCM_16
10875,train,1,1.876,16000,1,PCM_16
10876,train,2,2.535875,16000,1,PCM_16
10877,train,3,2.1354375,16000,1,PCM_16
10878,train,4,2.540625,16000,1,PCM_16
10879,train,2,2.8045625,16000,1,PCM_16
10880,train,2,2.8361875,16000,1,PCM_16
10881,train,2,2.60275,16000,1,PCM_16
10882,train,2,2.8361875,16000,1,PCM_16
10883,train,4,2.428,16000,1,PCM_16
10884,train,1,2.535875,16000,1,PCM_16
10885,train,3,2.469125,16000,1,PCM_16
10886,test,-1,2.56925,16000,1,PCM_16
10887,test,-1,3.6369375,16000,1,PCM_16
10888,train,2,1.468125,16000,1,PCM_16
10889,train,0,3.7704375,16000,1,PCM_16
10890,train,4,3.1364375,16000,1,PCM_16
10891,train,5,2.369,16000,1,PCM_16
10892,train,4,2.8028125,16000,1,PCM_16
10893,train,1,2.06875,16000,1,PCM_16
10894,test,-1,3.003,16000,1,PCM_16
10895,train,4,4.07075,16000,1,PCM_16
10896,train,4,2.7694375,16000,1,PCM_16
